월(Monthly),구  분,부문명,시도별,사용검사실적
2023-01,총계,총계,전국,27,271
2023-01,총계,총계,서울,3,319
2023-01,총계,총계,인천,2,506
2023-01,총계,총계,경기,8,038
2023-01,총계,총계,부산,3,320
2023-01,총계,총계,대구,883
2023-01,총계,총계,광주,136
2023-01,총계,총계,대전,162
2023-01,총계,총계,울산,27
2023-01,총계,총계,세종,22
2023-01,총계,총계,강원,350
2023-01,총계,총계,충북,319
2023-01,총계,총계,충남,1,757
2023-01,총계,총계,전북,1,192
2023-01,총계,총계,전남,2,452
2023-01,총계,총계,경북,585
2023-01,총계,총계,경남,1,713
2023-01,총계,총계,제주,490
2023-01,공공부문,소계,전국,256
2023-01,공공부문,소계,서울,85
2023-01,공공부문,소계,인천,40
2023-01,공공부문,소계,경기,0
2023-01,공공부문,소계,부산,0
2023-01,공공부문,소계,대구,0
2023-01,공공부문,소계,광주,0
2023-01,공공부문,소계,대전,0
2023-01,공공부문,소계,울산,0
2023-01,공공부문,소계,세종,0
2023-01,공공부문,소계,강원,0
2023-01,공공부문,소계,충북,31
2023-01,공공부문,소계,충남,0
2023-01,공공부문,소계,전북,0
2023-01,공공부문,소계,전남,100
2023-01,공공부문,소계,경북,0
2023-01,공공부문,소계,경남,0
2023-01,공공부문,소계,제주,0
2023-01,합,국민임대,전국,31
2023-01,합,국민임대,서울,1
2023-01,합,국민임대,인천,0
2023-01,합,국민임대,경기,0
2023-01,합,국민임대,부산,0
2023-01,합,국민임대,대구,0
2023-01,합,국민임대,광주,0
2023-01,합,국민임대,대전,0
2023-01,합,국민임대,울산,0
2023-01,합,국민임대,세종,0
2023-01,합,국민임대,강원,0
2023-01,합,국민임대,충북,30
2023-01,합,국민임대,충남,0
2023-01,합,국민임대,전북,0
2023-01,합,국민임대,전남,0
2023-01,합,국민임대,경북,0
2023-01,합,국민임대,경남,0
2023-01,합,국민임대,제주,0
2023-01,합,공공임대,전국,225
2023-01,합,공공임대,서울,84
2023-01,합,공공임대,인천,40
2023-01,합,공공임대,경기,0
2023-01,합,공공임대,부산,0
2023-01,합,공공임대,대구,0
2023-01,합,공공임대,광주,0
2023-01,합,공공임대,대전,0
2023-01,합,공공임대,울산,0
2023-01,합,공공임대,세종,0
2023-01,합,공공임대,강원,0
2023-01,합,공공임대,충북,1
2023-01,합,공공임대,충남,0
2023-01,합,공공임대,전북,0
2023-01,합,공공임대,전남,100
2023-01,합,공공임대,경북,0
2023-01,합,공공임대,경남,0
2023-01,합,공공임대,제주,0
2023-01,합,공공분양,전국,0
2023-01,합,공공분양,서울,0
2023-01,합,공공분양,인천,0
2023-01,합,공공분양,경기,0
2023-01,합,공공분양,부산,0
2023-01,합,공공분양,대구,0
2023-01,합,공공분양,광주,0
2023-01,합,공공분양,대전,0
2023-01,합,공공분양,울산,0
2023-01,합,공공분양,세종,0
2023-01,합,공공분양,강원,0
2023-01,합,공공분양,충북,0
2023-01,합,공공분양,충남,0
2023-01,합,공공분양,전북,0
2023-01,합,공공분양,전남,0
2023-01,합,공공분양,경북,0
2023-01,합,공공분양,경남,0
2023-01,합,공공분양,제주,0
2023-01,지자체,소계,전국,0
2023-01,지자체,소계,서울,0
2023-01,지자체,소계,인천,0
2023-01,지자체,소계,경기,0
2023-01,지자체,소계,부산,0
2023-01,지자체,소계,대구,0
2023-01,지자체,소계,광주,0
2023-01,지자체,소계,대전,0
2023-01,지자체,소계,울산,0
2023-01,지자체,소계,세종,0
2023-01,지자체,소계,강원,0
2023-01,지자체,소계,충북,0
2023-01,지자체,소계,충남,0
2023-01,지자체,소계,전북,0
2023-01,지자체,소계,전남,0
2023-01,지자체,소계,경북,0
2023-01,지자체,소계,경남,0
2023-01,지자체,소계,제주,0
2023-01,지자체,국민임대,전국,0
2023-01,지자체,국민임대,서울,0
2023-01,지자체,국민임대,인천,0
2023-01,지자체,국민임대,경기,0
2023-01,지자체,국민임대,부산,0
2023-01,지자체,국민임대,대구,0
2023-01,지자체,국민임대,광주,0
2023-01,지자체,국민임대,대전,0
2023-01,지자체,국민임대,울산,0
2023-01,지자체,국민임대,세종,0
2023-01,지자체,국민임대,강원,0
2023-01,지자체,국민임대,충북,0
2023-01,지자체,국민임대,충남,0
2023-01,지자체,국민임대,전북,0
2023-01,지자체,국민임대,전남,0
2023-01,지자체,국민임대,경북,0
2023-01,지자체,국민임대,경남,0
2023-01,지자체,국민임대,제주,0
2023-01,지자체,공공임대,전국,0
2023-01,지자체,공공임대,서울,0
2023-01,지자체,공공임대,인천,0
2023-01,지자체,공공임대,경기,0
2023-01,지자체,공공임대,부산,0
2023-01,지자체,공공임대,대구,0
2023-01,지자체,공공임대,광주,0
2023-01,지자체,공공임대,대전,0
2023-01,지자체,공공임대,울산,0
2023-01,지자체,공공임대,세종,0
2023-01,지자체,공공임대,강원,0
2023-01,지자체,공공임대,충북,0
2023-01,지자체,공공임대,충남,0
2023-01,지자체,공공임대,전북,0
2023-01,지자체,공공임대,전남,0
2023-01,지자체,공공임대,경북,0
2023-01,지자체,공공임대,경남,0
2023-01,지자체,공공임대,제주,0
2023-01,지자체,공공분양,전국,0
2023-01,지자체,공공분양,서울,0
2023-01,지자체,공공분양,인천,0
2023-01,지자체,공공분양,경기,0
2023-01,지자체,공공분양,부산,0
2023-01,지자체,공공분양,대구,0
2023-01,지자체,공공분양,광주,0
2023-01,지자체,공공분양,대전,0
2023-01,지자체,공공분양,울산,0
2023-01,지자체,공공분양,세종,0
2023-01,지자체,공공분양,강원,0
2023-01,지자체,공공분양,충북,0
2023-01,지자체,공공분양,충남,0
2023-01,지자체,공공분양,전북,0
2023-01,지자체,공공분양,전남,0
2023-01,지자체,공공분양,경북,0
2023-01,지자체,공공분양,경남,0
2023-01,지자체,공공분양,제주,0
2023-01,LH,소계,전국,141
2023-01,LH,소계,서울,0
2023-01,LH,소계,인천,40
2023-01,LH,소계,경기,0
2023-01,LH,소계,부산,0
2023-01,LH,소계,대구,0
2023-01,LH,소계,광주,0
2023-01,LH,소계,대전,0
2023-01,LH,소계,울산,0
2023-01,LH,소계,세종,0
2023-01,LH,소계,강원,0
2023-01,LH,소계,충북,1
2023-01,LH,소계,충남,0
2023-01,LH,소계,전북,0
2023-01,LH,소계,전남,100
2023-01,LH,소계,경북,0
2023-01,LH,소계,경남,0
2023-01,LH,소계,제주,0
2023-01,LH,국민임대,전국,0
2023-01,LH,국민임대,서울,0
2023-01,LH,국민임대,인천,0
2023-01,LH,국민임대,경기,0
2023-01,LH,국민임대,부산,0
2023-01,LH,국민임대,대구,0
2023-01,LH,국민임대,광주,0
2023-01,LH,국민임대,대전,0
2023-01,LH,국민임대,울산,0
2023-01,LH,국민임대,세종,0
2023-01,LH,국민임대,강원,0
2023-01,LH,국민임대,충북,0
2023-01,LH,국민임대,충남,0
2023-01,LH,국민임대,전북,0
2023-01,LH,국민임대,전남,0
2023-01,LH,국민임대,경북,0
2023-01,LH,국민임대,경남,0
2023-01,LH,국민임대,제주,0
2023-01,LH,공공임대,전국,141
2023-01,LH,공공임대,서울,0
2023-01,LH,공공임대,인천,40
2023-01,LH,공공임대,경기,0
2023-01,LH,공공임대,부산,0
2023-01,LH,공공임대,대구,0
2023-01,LH,공공임대,광주,0
2023-01,LH,공공임대,대전,0
2023-01,LH,공공임대,울산,0
2023-01,LH,공공임대,세종,0
2023-01,LH,공공임대,강원,0
2023-01,LH,공공임대,충북,1
2023-01,LH,공공임대,충남,0
2023-01,LH,공공임대,전북,0
2023-01,LH,공공임대,전남,100
2023-01,LH,공공임대,경북,0
2023-01,LH,공공임대,경남,0
2023-01,LH,공공임대,제주,0
2023-01,LH,공공분양,전국,0
2023-01,LH,공공분양,서울,0
2023-01,LH,공공분양,인천,0
2023-01,LH,공공분양,경기,0
2023-01,LH,공공분양,부산,0
2023-01,LH,공공분양,대구,0
2023-01,LH,공공분양,광주,0
2023-01,LH,공공분양,대전,0
2023-01,LH,공공분양,울산,0
2023-01,LH,공공분양,세종,0
2023-01,LH,공공분양,강원,0
2023-01,LH,공공분양,충북,0
2023-01,LH,공공분양,충남,0
2023-01,LH,공공분양,전북,0
2023-01,LH,공공분양,전남,0
2023-01,LH,공공분양,경북,0
2023-01,LH,공공분양,경남,0
2023-01,LH,공공분양,제주,0
2023-01,주택업체,소계,전국,115
2023-01,주택업체,소계,서울,85
2023-01,주택업체,소계,인천,0
2023-01,주택업체,소계,경기,0
2023-01,주택업체,소계,부산,0
2023-01,주택업체,소계,대구,0
2023-01,주택업체,소계,광주,0
2023-01,주택업체,소계,대전,0
2023-01,주택업체,소계,울산,0
2023-01,주택업체,소계,세종,0
2023-01,주택업체,소계,강원,0
2023-01,주택업체,소계,충북,30
2023-01,주택업체,소계,충남,0
2023-01,주택업체,소계,전북,0
2023-01,주택업체,소계,전남,0
2023-01,주택업체,소계,경북,0
2023-01,주택업체,소계,경남,0
2023-01,주택업체,소계,제주,0
2023-01,주택업체,국민임대,전국,31
2023-01,주택업체,국민임대,서울,1
2023-01,주택업체,국민임대,인천,0
2023-01,주택업체,국민임대,경기,0
2023-01,주택업체,국민임대,부산,0
2023-01,주택업체,국민임대,대구,0
2023-01,주택업체,국민임대,광주,0
2023-01,주택업체,국민임대,대전,0
2023-01,주택업체,국민임대,울산,0
2023-01,주택업체,국민임대,세종,0
2023-01,주택업체,국민임대,강원,0
2023-01,주택업체,국민임대,충북,30
2023-01,주택업체,국민임대,충남,0
2023-01,주택업체,국민임대,전북,0
2023-01,주택업체,국민임대,전남,0
2023-01,주택업체,국민임대,경북,0
2023-01,주택업체,국민임대,경남,0
2023-01,주택업체,국민임대,제주,0
2023-01,주택업체,공공임대,전국,84
2023-01,주택업체,공공임대,서울,84
2023-01,주택업체,공공임대,인천,0
2023-01,주택업체,공공임대,경기,0
2023-01,주택업체,공공임대,부산,0
2023-01,주택업체,공공임대,대구,0
2023-01,주택업체,공공임대,광주,0
2023-01,주택업체,공공임대,대전,0
2023-01,주택업체,공공임대,울산,0
2023-01,주택업체,공공임대,세종,0
2023-01,주택업체,공공임대,강원,0
2023-01,주택업체,공공임대,충북,0
2023-01,주택업체,공공임대,충남,0
2023-01,주택업체,공공임대,전북,0
2023-01,주택업체,공공임대,전남,0
2023-01,주택업체,공공임대,경북,0
2023-01,주택업체,공공임대,경남,0
2023-01,주택업체,공공임대,제주,0
2023-01,주택업체,공공분양,전국,0
2023-01,주택업체,공공분양,서울,0
2023-01,주택업체,공공분양,인천,0
2023-01,주택업체,공공분양,경기,0
2023-01,주택업체,공공분양,부산,0
2023-01,주택업체,공공분양,대구,0
2023-01,주택업체,공공분양,광주,0
2023-01,주택업체,공공분양,대전,0
2023-01,주택업체,공공분양,울산,0
2023-01,주택업체,공공분양,세종,0
2023-01,주택업체,공공분양,강원,0
2023-01,주택업체,공공분양,충북,0
2023-01,주택업체,공공분양,충남,0
2023-01,주택업체,공공분양,전북,0
2023-01,주택업체,공공분양,전남,0
2023-01,주택업체,공공분양,경북,0
2023-01,주택업체,공공분양,경남,0
2023-01,주택업체,공공분양,제주,0
2023-01,민간부문,소계,전국,27,015
2023-01,민간부문,소계,서울,3,234
2023-01,민간부문,소계,인천,2,466
2023-01,민간부문,소계,경기,8,038
2023-01,민간부문,소계,부산,3,320
2023-01,민간부문,소계,대구,883
2023-01,민간부문,소계,광주,136
2023-01,민간부문,소계,대전,162
2023-01,민간부문,소계,울산,27
2023-01,민간부문,소계,세종,22
2023-01,민간부문,소계,강원,350
2023-01,민간부문,소계,충북,288
2023-01,민간부문,소계,충남,1,757
2023-01,민간부문,소계,전북,1,192
2023-01,민간부문,소계,전남,2,352
2023-01,민간부문,소계,경북,585
2023-01,민간부문,소계,경남,1,713
2023-01,민간부문,소계,제주,490
2023-01,민간,민간임대,전국,1,837
2023-01,민간,민간임대,서울,631
2023-01,민간,민간임대,인천,0
2023-01,민간,민간임대,경기,522
2023-01,민간,민간임대,부산,0
2023-01,민간,민간임대,대구,0
2023-01,민간,민간임대,광주,0
2023-01,민간,민간임대,대전,0
2023-01,민간,민간임대,울산,0
2023-01,민간,민간임대,세종,0
2023-01,민간,민간임대,강원,0
2023-01,민간,민간임대,충북,0
2023-01,민간,민간임대,충남,0
2023-01,민간,민간임대,전북,390
2023-01,민간,민간임대,전남,294
2023-01,민간,민간임대,경북,0
2023-01,민간,민간임대,경남,0
2023-01,민간,민간임대,제주,0
2023-01,민간,민간분양,전국,25,178
2023-01,민간,민간분양,서울,2,603
2023-01,민간,민간분양,인천,2,466
2023-01,민간,민간분양,경기,7,516
2023-01,민간,민간분양,부산,3,320
2023-01,민간,민간분양,대구,883
2023-01,민간,민간분양,광주,136
2023-01,민간,민간분양,대전,162
2023-01,민간,민간분양,울산,27
2023-01,민간,민간분양,세종,22
2023-01,민간,민간분양,강원,350
2023-01,민간,민간분양,충북,288
2023-01,민간,민간분양,충남,1,757
2023-01,민간,민간분양,전북,802
2023-01,민간,민간분양,전남,2,058
2023-01,민간,민간분양,경북,585
2023-01,민간,민간분양,경남,1,713
2023-01,민간,민간분양,제주,490
2023-02,총계,총계,전국,35,158
2023-02,총계,총계,서울,3,885
2023-02,총계,총계,인천,4,927
2023-02,총계,총계,경기,13,728
2023-02,총계,총계,부산,202
2023-02,총계,총계,대구,1,460
2023-02,총계,총계,광주,878
2023-02,총계,총계,대전,526
2023-02,총계,총계,울산,40
2023-02,총계,총계,세종,48
2023-02,총계,총계,강원,2,445
2023-02,총계,총계,충북,1,110
2023-02,총계,총계,충남,1,865
2023-02,총계,총계,전북,1,557
2023-02,총계,총계,전남,901
2023-02,총계,총계,경북,841
2023-02,총계,총계,경남,483
2023-02,총계,총계,제주,262
2023-02,공공부문,소계,전국,1,561
2023-02,공공부문,소계,서울,96
2023-02,공공부문,소계,인천,1,109
2023-02,공공부문,소계,경기,236
2023-02,공공부문,소계,부산,0
2023-02,공공부문,소계,대구,0
2023-02,공공부문,소계,광주,0
2023-02,공공부문,소계,대전,0
2023-02,공공부문,소계,울산,0
2023-02,공공부문,소계,세종,0
2023-02,공공부문,소계,강원,0
2023-02,공공부문,소계,충북,0
2023-02,공공부문,소계,충남,0
2023-02,공공부문,소계,전북,120
2023-02,공공부문,소계,전남,0
2023-02,공공부문,소계,경북,0
2023-02,공공부문,소계,경남,0
2023-02,공공부문,소계,제주,0
2023-02,합,국민임대,전국,0
2023-02,합,국민임대,서울,0
2023-02,합,국민임대,인천,0
2023-02,합,국민임대,경기,0
2023-02,합,국민임대,부산,0
2023-02,합,국민임대,대구,0
2023-02,합,국민임대,광주,0
2023-02,합,국민임대,대전,0
2023-02,합,국민임대,울산,0
2023-02,합,국민임대,세종,0
2023-02,합,국민임대,강원,0
2023-02,합,국민임대,충북,0
2023-02,합,국민임대,충남,0
2023-02,합,국민임대,전북,0
2023-02,합,국민임대,전남,0
2023-02,합,국민임대,경북,0
2023-02,합,국민임대,경남,0
2023-02,합,국민임대,제주,0
2023-02,합,공공임대,전국,1,561
2023-02,합,공공임대,서울,96
2023-02,합,공공임대,인천,1,109
2023-02,합,공공임대,경기,236
2023-02,합,공공임대,부산,0
2023-02,합,공공임대,대구,0
2023-02,합,공공임대,광주,0
2023-02,합,공공임대,대전,0
2023-02,합,공공임대,울산,0
2023-02,합,공공임대,세종,0
2023-02,합,공공임대,강원,0
2023-02,합,공공임대,충북,0
2023-02,합,공공임대,충남,0
2023-02,합,공공임대,전북,120
2023-02,합,공공임대,전남,0
2023-02,합,공공임대,경북,0
2023-02,합,공공임대,경남,0
2023-02,합,공공임대,제주,0
2023-02,합,공공분양,전국,0
2023-02,합,공공분양,서울,0
2023-02,합,공공분양,인천,0
2023-02,합,공공분양,경기,0
2023-02,합,공공분양,부산,0
2023-02,합,공공분양,대구,0
2023-02,합,공공분양,광주,0
2023-02,합,공공분양,대전,0
2023-02,합,공공분양,울산,0
2023-02,합,공공분양,세종,0
2023-02,합,공공분양,강원,0
2023-02,합,공공분양,충북,0
2023-02,합,공공분양,충남,0
2023-02,합,공공분양,전북,0
2023-02,합,공공분양,전남,0
2023-02,합,공공분양,경북,0
2023-02,합,공공분양,경남,0
2023-02,합,공공분양,제주,0
2023-02,지자체,소계,전국,0
2023-02,지자체,소계,서울,0
2023-02,지자체,소계,인천,0
2023-02,지자체,소계,경기,0
2023-02,지자체,소계,부산,0
2023-02,지자체,소계,대구,0
2023-02,지자체,소계,광주,0
2023-02,지자체,소계,대전,0
2023-02,지자체,소계,울산,0
2023-02,지자체,소계,세종,0
2023-02,지자체,소계,강원,0
2023-02,지자체,소계,충북,0
2023-02,지자체,소계,충남,0
2023-02,지자체,소계,전북,0
2023-02,지자체,소계,전남,0
2023-02,지자체,소계,경북,0
2023-02,지자체,소계,경남,0
2023-02,지자체,소계,제주,0
2023-02,지자체,국민임대,전국,0
2023-02,지자체,국민임대,서울,0
2023-02,지자체,국민임대,인천,0
2023-02,지자체,국민임대,경기,0
2023-02,지자체,국민임대,부산,0
2023-02,지자체,국민임대,대구,0
2023-02,지자체,국민임대,광주,0
2023-02,지자체,국민임대,대전,0
2023-02,지자체,국민임대,울산,0
2023-02,지자체,국민임대,세종,0
2023-02,지자체,국민임대,강원,0
2023-02,지자체,국민임대,충북,0
2023-02,지자체,국민임대,충남,0
2023-02,지자체,국민임대,전북,0
2023-02,지자체,국민임대,전남,0
2023-02,지자체,국민임대,경북,0
2023-02,지자체,국민임대,경남,0
2023-02,지자체,국민임대,제주,0
2023-02,지자체,공공임대,전국,0
2023-02,지자체,공공임대,서울,0
2023-02,지자체,공공임대,인천,0
2023-02,지자체,공공임대,경기,0
2023-02,지자체,공공임대,부산,0
2023-02,지자체,공공임대,대구,0
2023-02,지자체,공공임대,광주,0
2023-02,지자체,공공임대,대전,0
2023-02,지자체,공공임대,울산,0
2023-02,지자체,공공임대,세종,0
2023-02,지자체,공공임대,강원,0
2023-02,지자체,공공임대,충북,0
2023-02,지자체,공공임대,충남,0
2023-02,지자체,공공임대,전북,0
2023-02,지자체,공공임대,전남,0
2023-02,지자체,공공임대,경북,0
2023-02,지자체,공공임대,경남,0
2023-02,지자체,공공임대,제주,0
2023-02,지자체,공공분양,전국,0
2023-02,지자체,공공분양,서울,0
2023-02,지자체,공공분양,인천,0
2023-02,지자체,공공분양,경기,0
2023-02,지자체,공공분양,부산,0
2023-02,지자체,공공분양,대구,0
2023-02,지자체,공공분양,광주,0
2023-02,지자체,공공분양,대전,0
2023-02,지자체,공공분양,울산,0
2023-02,지자체,공공분양,세종,0
2023-02,지자체,공공분양,강원,0
2023-02,지자체,공공분양,충북,0
2023-02,지자체,공공분양,충남,0
2023-02,지자체,공공분양,전북,0
2023-02,지자체,공공분양,전남,0
2023-02,지자체,공공분양,경북,0
2023-02,지자체,공공분양,경남,0
2023-02,지자체,공공분양,제주,0
2023-02,LH,소계,전국,120
2023-02,LH,소계,서울,0
2023-02,LH,소계,인천,0
2023-02,LH,소계,경기,0
2023-02,LH,소계,부산,0
2023-02,LH,소계,대구,0
2023-02,LH,소계,광주,0
2023-02,LH,소계,대전,0
2023-02,LH,소계,울산,0
2023-02,LH,소계,세종,0
2023-02,LH,소계,강원,0
2023-02,LH,소계,충북,0
2023-02,LH,소계,충남,0
2023-02,LH,소계,전북,120
2023-02,LH,소계,전남,0
2023-02,LH,소계,경북,0
2023-02,LH,소계,경남,0
2023-02,LH,소계,제주,0
2023-02,LH,국민임대,전국,0
2023-02,LH,국민임대,서울,0
2023-02,LH,국민임대,인천,0
2023-02,LH,국민임대,경기,0
2023-02,LH,국민임대,부산,0
2023-02,LH,국민임대,대구,0
2023-02,LH,국민임대,광주,0
2023-02,LH,국민임대,대전,0
2023-02,LH,국민임대,울산,0
2023-02,LH,국민임대,세종,0
2023-02,LH,국민임대,강원,0
2023-02,LH,국민임대,충북,0
2023-02,LH,국민임대,충남,0
2023-02,LH,국민임대,전북,0
2023-02,LH,국민임대,전남,0
2023-02,LH,국민임대,경북,0
2023-02,LH,국민임대,경남,0
2023-02,LH,국민임대,제주,0
2023-02,LH,공공임대,전국,120
2023-02,LH,공공임대,서울,0
2023-02,LH,공공임대,인천,0
2023-02,LH,공공임대,경기,0
2023-02,LH,공공임대,부산,0
2023-02,LH,공공임대,대구,0
2023-02,LH,공공임대,광주,0
2023-02,LH,공공임대,대전,0
2023-02,LH,공공임대,울산,0
2023-02,LH,공공임대,세종,0
2023-02,LH,공공임대,강원,0
2023-02,LH,공공임대,충북,0
2023-02,LH,공공임대,충남,0
2023-02,LH,공공임대,전북,120
2023-02,LH,공공임대,전남,0
2023-02,LH,공공임대,경북,0
2023-02,LH,공공임대,경남,0
2023-02,LH,공공임대,제주,0
2023-02,LH,공공분양,전국,0
2023-02,LH,공공분양,서울,0
2023-02,LH,공공분양,인천,0
2023-02,LH,공공분양,경기,0
2023-02,LH,공공분양,부산,0
2023-02,LH,공공분양,대구,0
2023-02,LH,공공분양,광주,0
2023-02,LH,공공분양,대전,0
2023-02,LH,공공분양,울산,0
2023-02,LH,공공분양,세종,0
2023-02,LH,공공분양,강원,0
2023-02,LH,공공분양,충북,0
2023-02,LH,공공분양,충남,0
2023-02,LH,공공분양,전북,0
2023-02,LH,공공분양,전남,0
2023-02,LH,공공분양,경북,0
2023-02,LH,공공분양,경남,0
2023-02,LH,공공분양,제주,0
2023-02,주택업체,소계,전국,1,441
2023-02,주택업체,소계,서울,96
2023-02,주택업체,소계,인천,1,109
2023-02,주택업체,소계,경기,236
2023-02,주택업체,소계,부산,0
2023-02,주택업체,소계,대구,0
2023-02,주택업체,소계,광주,0
2023-02,주택업체,소계,대전,0
2023-02,주택업체,소계,울산,0
2023-02,주택업체,소계,세종,0
2023-02,주택업체,소계,강원,0
2023-02,주택업체,소계,충북,0
2023-02,주택업체,소계,충남,0
2023-02,주택업체,소계,전북,0
2023-02,주택업체,소계,전남,0
2023-02,주택업체,소계,경북,0
2023-02,주택업체,소계,경남,0
2023-02,주택업체,소계,제주,0
2023-02,주택업체,국민임대,전국,0
2023-02,주택업체,국민임대,서울,0
2023-02,주택업체,국민임대,인천,0
2023-02,주택업체,국민임대,경기,0
2023-02,주택업체,국민임대,부산,0
2023-02,주택업체,국민임대,대구,0
2023-02,주택업체,국민임대,광주,0
2023-02,주택업체,국민임대,대전,0
2023-02,주택업체,국민임대,울산,0
2023-02,주택업체,국민임대,세종,0
2023-02,주택업체,국민임대,강원,0
2023-02,주택업체,국민임대,충북,0
2023-02,주택업체,국민임대,충남,0
2023-02,주택업체,국민임대,전북,0
2023-02,주택업체,국민임대,전남,0
2023-02,주택업체,국민임대,경북,0
2023-02,주택업체,국민임대,경남,0
2023-02,주택업체,국민임대,제주,0
2023-02,주택업체,공공임대,전국,1,441
2023-02,주택업체,공공임대,서울,96
2023-02,주택업체,공공임대,인천,1,109
2023-02,주택업체,공공임대,경기,236
2023-02,주택업체,공공임대,부산,0
2023-02,주택업체,공공임대,대구,0
2023-02,주택업체,공공임대,광주,0
2023-02,주택업체,공공임대,대전,0
2023-02,주택업체,공공임대,울산,0
2023-02,주택업체,공공임대,세종,0
2023-02,주택업체,공공임대,강원,0
2023-02,주택업체,공공임대,충북,0
2023-02,주택업체,공공임대,충남,0
2023-02,주택업체,공공임대,전북,0
2023-02,주택업체,공공임대,전남,0
2023-02,주택업체,공공임대,경북,0
2023-02,주택업체,공공임대,경남,0
2023-02,주택업체,공공임대,제주,0
2023-02,주택업체,공공분양,전국,0
2023-02,주택업체,공공분양,서울,0
2023-02,주택업체,공공분양,인천,0
2023-02,주택업체,공공분양,경기,0
2023-02,주택업체,공공분양,부산,0
2023-02,주택업체,공공분양,대구,0
2023-02,주택업체,공공분양,광주,0
2023-02,주택업체,공공분양,대전,0
2023-02,주택업체,공공분양,울산,0
2023-02,주택업체,공공분양,세종,0
2023-02,주택업체,공공분양,강원,0
2023-02,주택업체,공공분양,충북,0
2023-02,주택업체,공공분양,충남,0
2023-02,주택업체,공공분양,전북,0
2023-02,주택업체,공공분양,전남,0
2023-02,주택업체,공공분양,경북,0
2023-02,주택업체,공공분양,경남,0
2023-02,주택업체,공공분양,제주,0
2023-02,민간부문,소계,전국,33,597
2023-02,민간부문,소계,서울,3,789
2023-02,민간부문,소계,인천,3,818
2023-02,민간부문,소계,경기,13,492
2023-02,민간부문,소계,부산,202
2023-02,민간부문,소계,대구,1,460
2023-02,민간부문,소계,광주,878
2023-02,민간부문,소계,대전,526
2023-02,민간부문,소계,울산,40
2023-02,민간부문,소계,세종,48
2023-02,민간부문,소계,강원,2,445
2023-02,민간부문,소계,충북,1,110
2023-02,민간부문,소계,충남,1,865
2023-02,민간부문,소계,전북,1,437
2023-02,민간부문,소계,전남,901
2023-02,민간부문,소계,경북,841
2023-02,민간부문,소계,경남,483
2023-02,민간부문,소계,제주,262
2023-02,민간,민간임대,전국,3,143
2023-02,민간,민간임대,서울,0
2023-02,민간,민간임대,인천,910
2023-02,민간,민간임대,경기,528
2023-02,민간,민간임대,부산,0
2023-02,민간,민간임대,대구,0
2023-02,민간,민간임대,광주,490
2023-02,민간,민간임대,대전,0
2023-02,민간,민간임대,울산,0
2023-02,민간,민간임대,세종,0
2023-02,민간,민간임대,강원,1,215
2023-02,민간,민간임대,충북,0
2023-02,민간,민간임대,충남,0
2023-02,민간,민간임대,전북,0
2023-02,민간,민간임대,전남,0
2023-02,민간,민간임대,경북,0
2023-02,민간,민간임대,경남,0
2023-02,민간,민간임대,제주,0
2023-02,민간,민간분양,전국,30,454
2023-02,민간,민간분양,서울,3,789
2023-02,민간,민간분양,인천,2,908
2023-02,민간,민간분양,경기,12,964
2023-02,민간,민간분양,부산,202
2023-02,민간,민간분양,대구,1,460
2023-02,민간,민간분양,광주,388
2023-02,민간,민간분양,대전,526
2023-02,민간,민간분양,울산,40
2023-02,민간,민간분양,세종,48
2023-02,민간,민간분양,강원,1,230
2023-02,민간,민간분양,충북,1,110
2023-02,민간,민간분양,충남,1,865
2023-02,민간,민간분양,전북,1,437
2023-02,민간,민간분양,전남,901
2023-02,민간,민간분양,경북,841
2023-02,민간,민간분양,경남,483
2023-02,민간,민간분양,제주,262
2023-03,총계,총계,전국,26,355
2023-03,총계,총계,서울,2,874
2023-03,총계,총계,인천,551
2023-03,총계,총계,경기,9,509
2023-03,총계,총계,부산,1,629
2023-03,총계,총계,대구,3,676
2023-03,총계,총계,광주,210
2023-03,총계,총계,대전,1,869
2023-03,총계,총계,울산,442
2023-03,총계,총계,세종,20
2023-03,총계,총계,강원,199
2023-03,총계,총계,충북,233
2023-03,총계,총계,충남,1,280
2023-03,총계,총계,전북,645
2023-03,총계,총계,전남,2,330
2023-03,총계,총계,경북,290
2023-03,총계,총계,경남,259
2023-03,총계,총계,제주,339
2023-03,공공부문,소계,전국,2,727
2023-03,공공부문,소계,서울,60
2023-03,공공부문,소계,인천,0
2023-03,공공부문,소계,경기,2,667
2023-03,공공부문,소계,부산,0
2023-03,공공부문,소계,대구,0
2023-03,공공부문,소계,광주,0
2023-03,공공부문,소계,대전,0
2023-03,공공부문,소계,울산,0
2023-03,공공부문,소계,세종,0
2023-03,공공부문,소계,강원,0
2023-03,공공부문,소계,충북,0
2023-03,공공부문,소계,충남,0
2023-03,공공부문,소계,전북,0
2023-03,공공부문,소계,전남,0
2023-03,공공부문,소계,경북,0
2023-03,공공부문,소계,경남,0
2023-03,공공부문,소계,제주,0
2023-03,합,국민임대,전국,0
2023-03,합,국민임대,서울,0
2023-03,합,국민임대,인천,0
2023-03,합,국민임대,경기,0
2023-03,합,국민임대,부산,0
2023-03,합,국민임대,대구,0
2023-03,합,국민임대,광주,0
2023-03,합,국민임대,대전,0
2023-03,합,국민임대,울산,0
2023-03,합,국민임대,세종,0
2023-03,합,국민임대,강원,0
2023-03,합,국민임대,충북,0
2023-03,합,국민임대,충남,0
2023-03,합,국민임대,전북,0
2023-03,합,국민임대,전남,0
2023-03,합,국민임대,경북,0
2023-03,합,국민임대,경남,0
2023-03,합,국민임대,제주,0
2023-03,합,공공임대,전국,2,727
2023-03,합,공공임대,서울,60
2023-03,합,공공임대,인천,0
2023-03,합,공공임대,경기,2,667
2023-03,합,공공임대,부산,0
2023-03,합,공공임대,대구,0
2023-03,합,공공임대,광주,0
2023-03,합,공공임대,대전,0
2023-03,합,공공임대,울산,0
2023-03,합,공공임대,세종,0
2023-03,합,공공임대,강원,0
2023-03,합,공공임대,충북,0
2023-03,합,공공임대,충남,0
2023-03,합,공공임대,전북,0
2023-03,합,공공임대,전남,0
2023-03,합,공공임대,경북,0
2023-03,합,공공임대,경남,0
2023-03,합,공공임대,제주,0
2023-03,합,공공분양,전국,0
2023-03,합,공공분양,서울,0
2023-03,합,공공분양,인천,0
2023-03,합,공공분양,경기,0
2023-03,합,공공분양,부산,0
2023-03,합,공공분양,대구,0
2023-03,합,공공분양,광주,0
2023-03,합,공공분양,대전,0
2023-03,합,공공분양,울산,0
2023-03,합,공공분양,세종,0
2023-03,합,공공분양,강원,0
2023-03,합,공공분양,충북,0
2023-03,합,공공분양,충남,0
2023-03,합,공공분양,전북,0
2023-03,합,공공분양,전남,0
2023-03,합,공공분양,경북,0
2023-03,합,공공분양,경남,0
2023-03,합,공공분양,제주,0
2023-03,지자체,소계,전국,0
2023-03,지자체,소계,서울,0
2023-03,지자체,소계,인천,0
2023-03,지자체,소계,경기,0
2023-03,지자체,소계,부산,0
2023-03,지자체,소계,대구,0
2023-03,지자체,소계,광주,0
2023-03,지자체,소계,대전,0
2023-03,지자체,소계,울산,0
2023-03,지자체,소계,세종,0
2023-03,지자체,소계,강원,0
2023-03,지자체,소계,충북,0
2023-03,지자체,소계,충남,0
2023-03,지자체,소계,전북,0
2023-03,지자체,소계,전남,0
2023-03,지자체,소계,경북,0
2023-03,지자체,소계,경남,0
2023-03,지자체,소계,제주,0
2023-03,지자체,국민임대,전국,0
2023-03,지자체,국민임대,서울,0
2023-03,지자체,국민임대,인천,0
2023-03,지자체,국민임대,경기,0
2023-03,지자체,국민임대,부산,0
2023-03,지자체,국민임대,대구,0
2023-03,지자체,국민임대,광주,0
2023-03,지자체,국민임대,대전,0
2023-03,지자체,국민임대,울산,0
2023-03,지자체,국민임대,세종,0
2023-03,지자체,국민임대,강원,0
2023-03,지자체,국민임대,충북,0
2023-03,지자체,국민임대,충남,0
2023-03,지자체,국민임대,전북,0
2023-03,지자체,국민임대,전남,0
2023-03,지자체,국민임대,경북,0
2023-03,지자체,국민임대,경남,0
2023-03,지자체,국민임대,제주,0
2023-03,지자체,공공임대,전국,0
2023-03,지자체,공공임대,서울,0
2023-03,지자체,공공임대,인천,0
2023-03,지자체,공공임대,경기,0
2023-03,지자체,공공임대,부산,0
2023-03,지자체,공공임대,대구,0
2023-03,지자체,공공임대,광주,0
2023-03,지자체,공공임대,대전,0
2023-03,지자체,공공임대,울산,0
2023-03,지자체,공공임대,세종,0
2023-03,지자체,공공임대,강원,0
2023-03,지자체,공공임대,충북,0
2023-03,지자체,공공임대,충남,0
2023-03,지자체,공공임대,전북,0
2023-03,지자체,공공임대,전남,0
2023-03,지자체,공공임대,경북,0
2023-03,지자체,공공임대,경남,0
2023-03,지자체,공공임대,제주,0
2023-03,지자체,공공분양,전국,0
2023-03,지자체,공공분양,서울,0
2023-03,지자체,공공분양,인천,0
2023-03,지자체,공공분양,경기,0
2023-03,지자체,공공분양,부산,0
2023-03,지자체,공공분양,대구,0
2023-03,지자체,공공분양,광주,0
2023-03,지자체,공공분양,대전,0
2023-03,지자체,공공분양,울산,0
2023-03,지자체,공공분양,세종,0
2023-03,지자체,공공분양,강원,0
2023-03,지자체,공공분양,충북,0
2023-03,지자체,공공분양,충남,0
2023-03,지자체,공공분양,전북,0
2023-03,지자체,공공분양,전남,0
2023-03,지자체,공공분양,경북,0
2023-03,지자체,공공분양,경남,0
2023-03,지자체,공공분양,제주,0
2023-03,LH,소계,전국,2,667
2023-03,LH,소계,서울,0
2023-03,LH,소계,인천,0
2023-03,LH,소계,경기,2,667
2023-03,LH,소계,부산,0
2023-03,LH,소계,대구,0
2023-03,LH,소계,광주,0
2023-03,LH,소계,대전,0
2023-03,LH,소계,울산,0
2023-03,LH,소계,세종,0
2023-03,LH,소계,강원,0
2023-03,LH,소계,충북,0
2023-03,LH,소계,충남,0
2023-03,LH,소계,전북,0
2023-03,LH,소계,전남,0
2023-03,LH,소계,경북,0
2023-03,LH,소계,경남,0
2023-03,LH,소계,제주,0
2023-03,LH,국민임대,전국,0
2023-03,LH,국민임대,서울,0
2023-03,LH,국민임대,인천,0
2023-03,LH,국민임대,경기,0
2023-03,LH,국민임대,부산,0
2023-03,LH,국민임대,대구,0
2023-03,LH,국민임대,광주,0
2023-03,LH,국민임대,대전,0
2023-03,LH,국민임대,울산,0
2023-03,LH,국민임대,세종,0
2023-03,LH,국민임대,강원,0
2023-03,LH,국민임대,충북,0
2023-03,LH,국민임대,충남,0
2023-03,LH,국민임대,전북,0
2023-03,LH,국민임대,전남,0
2023-03,LH,국민임대,경북,0
2023-03,LH,국민임대,경남,0
2023-03,LH,국민임대,제주,0
2023-03,LH,공공임대,전국,2,667
2023-03,LH,공공임대,서울,0
2023-03,LH,공공임대,인천,0
2023-03,LH,공공임대,경기,2,667
2023-03,LH,공공임대,부산,0
2023-03,LH,공공임대,대구,0
2023-03,LH,공공임대,광주,0
2023-03,LH,공공임대,대전,0
2023-03,LH,공공임대,울산,0
2023-03,LH,공공임대,세종,0
2023-03,LH,공공임대,강원,0
2023-03,LH,공공임대,충북,0
2023-03,LH,공공임대,충남,0
2023-03,LH,공공임대,전북,0
2023-03,LH,공공임대,전남,0
2023-03,LH,공공임대,경북,0
2023-03,LH,공공임대,경남,0
2023-03,LH,공공임대,제주,0
2023-03,LH,공공분양,전국,0
2023-03,LH,공공분양,서울,0
2023-03,LH,공공분양,인천,0
2023-03,LH,공공분양,경기,0
2023-03,LH,공공분양,부산,0
2023-03,LH,공공분양,대구,0
2023-03,LH,공공분양,광주,0
2023-03,LH,공공분양,대전,0
2023-03,LH,공공분양,울산,0
2023-03,LH,공공분양,세종,0
2023-03,LH,공공분양,강원,0
2023-03,LH,공공분양,충북,0
2023-03,LH,공공분양,충남,0
2023-03,LH,공공분양,전북,0
2023-03,LH,공공분양,전남,0
2023-03,LH,공공분양,경북,0
2023-03,LH,공공분양,경남,0
2023-03,LH,공공분양,제주,0
2023-03,주택업체,소계,전국,60
2023-03,주택업체,소계,서울,60
2023-03,주택업체,소계,인천,0
2023-03,주택업체,소계,경기,0
2023-03,주택업체,소계,부산,0
2023-03,주택업체,소계,대구,0
2023-03,주택업체,소계,광주,0
2023-03,주택업체,소계,대전,0
2023-03,주택업체,소계,울산,0
2023-03,주택업체,소계,세종,0
2023-03,주택업체,소계,강원,0
2023-03,주택업체,소계,충북,0
2023-03,주택업체,소계,충남,0
2023-03,주택업체,소계,전북,0
2023-03,주택업체,소계,전남,0
2023-03,주택업체,소계,경북,0
2023-03,주택업체,소계,경남,0
2023-03,주택업체,소계,제주,0
2023-03,주택업체,국민임대,전국,0
2023-03,주택업체,국민임대,서울,0
2023-03,주택업체,국민임대,인천,0
2023-03,주택업체,국민임대,경기,0
2023-03,주택업체,국민임대,부산,0
2023-03,주택업체,국민임대,대구,0
2023-03,주택업체,국민임대,광주,0
2023-03,주택업체,국민임대,대전,0
2023-03,주택업체,국민임대,울산,0
2023-03,주택업체,국민임대,세종,0
2023-03,주택업체,국민임대,강원,0
2023-03,주택업체,국민임대,충북,0
2023-03,주택업체,국민임대,충남,0
2023-03,주택업체,국민임대,전북,0
2023-03,주택업체,국민임대,전남,0
2023-03,주택업체,국민임대,경북,0
2023-03,주택업체,국민임대,경남,0
2023-03,주택업체,국민임대,제주,0
2023-03,주택업체,공공임대,전국,60
2023-03,주택업체,공공임대,서울,60
2023-03,주택업체,공공임대,인천,0
2023-03,주택업체,공공임대,경기,0
2023-03,주택업체,공공임대,부산,0
2023-03,주택업체,공공임대,대구,0
2023-03,주택업체,공공임대,광주,0
2023-03,주택업체,공공임대,대전,0
2023-03,주택업체,공공임대,울산,0
2023-03,주택업체,공공임대,세종,0
2023-03,주택업체,공공임대,강원,0
2023-03,주택업체,공공임대,충북,0
2023-03,주택업체,공공임대,충남,0
2023-03,주택업체,공공임대,전북,0
2023-03,주택업체,공공임대,전남,0
2023-03,주택업체,공공임대,경북,0
2023-03,주택업체,공공임대,경남,0
2023-03,주택업체,공공임대,제주,0
2023-03,주택업체,공공분양,전국,0
2023-03,주택업체,공공분양,서울,0
2023-03,주택업체,공공분양,인천,0
2023-03,주택업체,공공분양,경기,0
2023-03,주택업체,공공분양,부산,0
2023-03,주택업체,공공분양,대구,0
2023-03,주택업체,공공분양,광주,0
2023-03,주택업체,공공분양,대전,0
2023-03,주택업체,공공분양,울산,0
2023-03,주택업체,공공분양,세종,0
2023-03,주택업체,공공분양,강원,0
2023-03,주택업체,공공분양,충북,0
2023-03,주택업체,공공분양,충남,0
2023-03,주택업체,공공분양,전북,0
2023-03,주택업체,공공분양,전남,0
2023-03,주택업체,공공분양,경북,0
2023-03,주택업체,공공분양,경남,0
2023-03,주택업체,공공분양,제주,0
2023-03,민간부문,소계,전국,23,628
2023-03,민간부문,소계,서울,2,814
2023-03,민간부문,소계,인천,551
2023-03,민간부문,소계,경기,6,842
2023-03,민간부문,소계,부산,1,629
2023-03,민간부문,소계,대구,3,676
2023-03,민간부문,소계,광주,210
2023-03,민간부문,소계,대전,1,869
2023-03,민간부문,소계,울산,442
2023-03,민간부문,소계,세종,20
2023-03,민간부문,소계,강원,199
2023-03,민간부문,소계,충북,233
2023-03,민간부문,소계,충남,1,280
2023-03,민간부문,소계,전북,645
2023-03,민간부문,소계,전남,2,330
2023-03,민간부문,소계,경북,290
2023-03,민간부문,소계,경남,259
2023-03,민간부문,소계,제주,339
2023-03,민간,민간임대,전국,937
2023-03,민간,민간임대,서울,0
2023-03,민간,민간임대,인천,0
2023-03,민간,민간임대,경기,866
2023-03,민간,민간임대,부산,0
2023-03,민간,민간임대,대구,0
2023-03,민간,민간임대,광주,0
2023-03,민간,민간임대,대전,0
2023-03,민간,민간임대,울산,0
2023-03,민간,민간임대,세종,0
2023-03,민간,민간임대,강원,0
2023-03,민간,민간임대,충북,0
2023-03,민간,민간임대,충남,0
2023-03,민간,민간임대,전북,0
2023-03,민간,민간임대,전남,71
2023-03,민간,민간임대,경북,0
2023-03,민간,민간임대,경남,0
2023-03,민간,민간임대,제주,0
2023-03,민간,민간분양,전국,22,691
2023-03,민간,민간분양,서울,2,814
2023-03,민간,민간분양,인천,551
2023-03,민간,민간분양,경기,5,976
2023-03,민간,민간분양,부산,1,629
2023-03,민간,민간분양,대구,3,676
2023-03,민간,민간분양,광주,210
2023-03,민간,민간분양,대전,1,869
2023-03,민간,민간분양,울산,442
2023-03,민간,민간분양,세종,20
2023-03,민간,민간분양,강원,199
2023-03,민간,민간분양,충북,233
2023-03,민간,민간분양,충남,1,280
2023-03,민간,민간분양,전북,645
2023-03,민간,민간분양,전남,2,259
2023-03,민간,민간분양,경북,290
2023-03,민간,민간분양,경남,259
2023-03,민간,민간분양,제주,339
2023-04,총계,총계,전국,34,835
2023-04,총계,총계,서울,2,851
2023-04,총계,총계,인천,4,043
2023-04,총계,총계,경기,14,213
2023-04,총계,총계,부산,514
2023-04,총계,총계,대구,3,728
2023-04,총계,총계,광주,190
2023-04,총계,총계,대전,76
2023-04,총계,총계,울산,26
2023-04,총계,총계,세종,19
2023-04,총계,총계,강원,903
2023-04,총계,총계,충북,559
2023-04,총계,총계,충남,2,084
2023-04,총계,총계,전북,1,135
2023-04,총계,총계,전남,924
2023-04,총계,총계,경북,2,056
2023-04,총계,총계,경남,1,186
2023-04,총계,총계,제주,328
2023-04,공공부문,소계,전국,8,304
2023-04,공공부문,소계,서울,597
2023-04,공공부문,소계,인천,2,805
2023-04,공공부문,소계,경기,4,292
2023-04,공공부문,소계,부산,0
2023-04,공공부문,소계,대구,13
2023-04,공공부문,소계,광주,0
2023-04,공공부문,소계,대전,0
2023-04,공공부문,소계,울산,0
2023-04,공공부문,소계,세종,0
2023-04,공공부문,소계,강원,0
2023-04,공공부문,소계,충북,1
2023-04,공공부문,소계,충남,100
2023-04,공공부문,소계,전북,496
2023-04,공공부문,소계,전남,0
2023-04,공공부문,소계,경북,0
2023-04,공공부문,소계,경남,0
2023-04,공공부문,소계,제주,0
2023-04,합,국민임대,전국,2,226
2023-04,합,국민임대,서울,0
2023-04,합,국민임대,인천,1,746
2023-04,합,국민임대,경기,479
2023-04,합,국민임대,부산,0
2023-04,합,국민임대,대구,1
2023-04,합,국민임대,광주,0
2023-04,합,국민임대,대전,0
2023-04,합,국민임대,울산,0
2023-04,합,국민임대,세종,0
2023-04,합,국민임대,강원,0
2023-04,합,국민임대,충북,0
2023-04,합,국민임대,충남,0
2023-04,합,국민임대,전북,0
2023-04,합,국민임대,전남,0
2023-04,합,국민임대,경북,0
2023-04,합,국민임대,경남,0
2023-04,합,국민임대,제주,0
2023-04,합,공공임대,전국,3,832
2023-04,합,공공임대,서울,199
2023-04,합,공공임대,인천,1,059
2023-04,합,공공임대,경기,1,965
2023-04,합,공공임대,부산,0
2023-04,합,공공임대,대구,12
2023-04,합,공공임대,광주,0
2023-04,합,공공임대,대전,0
2023-04,합,공공임대,울산,0
2023-04,합,공공임대,세종,0
2023-04,합,공공임대,강원,0
2023-04,합,공공임대,충북,1
2023-04,합,공공임대,충남,100
2023-04,합,공공임대,전북,496
2023-04,합,공공임대,전남,0
2023-04,합,공공임대,경북,0
2023-04,합,공공임대,경남,0
2023-04,합,공공임대,제주,0
2023-04,합,공공분양,전국,2,246
2023-04,합,공공분양,서울,398
2023-04,합,공공분양,인천,0
2023-04,합,공공분양,경기,1,848
2023-04,합,공공분양,부산,0
2023-04,합,공공분양,대구,0
2023-04,합,공공분양,광주,0
2023-04,합,공공분양,대전,0
2023-04,합,공공분양,울산,0
2023-04,합,공공분양,세종,0
2023-04,합,공공분양,강원,0
2023-04,합,공공분양,충북,0
2023-04,합,공공분양,충남,0
2023-04,합,공공분양,전북,0
2023-04,합,공공분양,전남,0
2023-04,합,공공분양,경북,0
2023-04,합,공공분양,경남,0
2023-04,합,공공분양,제주,0
2023-04,지자체,소계,전국,0
2023-04,지자체,소계,서울,0
2023-04,지자체,소계,인천,0
2023-04,지자체,소계,경기,0
2023-04,지자체,소계,부산,0
2023-04,지자체,소계,대구,0
2023-04,지자체,소계,광주,0
2023-04,지자체,소계,대전,0
2023-04,지자체,소계,울산,0
2023-04,지자체,소계,세종,0
2023-04,지자체,소계,강원,0
2023-04,지자체,소계,충북,0
2023-04,지자체,소계,충남,0
2023-04,지자체,소계,전북,0
2023-04,지자체,소계,전남,0
2023-04,지자체,소계,경북,0
2023-04,지자체,소계,경남,0
2023-04,지자체,소계,제주,0
2023-04,지자체,국민임대,전국,0
2023-04,지자체,국민임대,서울,0
2023-04,지자체,국민임대,인천,0
2023-04,지자체,국민임대,경기,0
2023-04,지자체,국민임대,부산,0
2023-04,지자체,국민임대,대구,0
2023-04,지자체,국민임대,광주,0
2023-04,지자체,국민임대,대전,0
2023-04,지자체,국민임대,울산,0
2023-04,지자체,국민임대,세종,0
2023-04,지자체,국민임대,강원,0
2023-04,지자체,국민임대,충북,0
2023-04,지자체,국민임대,충남,0
2023-04,지자체,국민임대,전북,0
2023-04,지자체,국민임대,전남,0
2023-04,지자체,국민임대,경북,0
2023-04,지자체,국민임대,경남,0
2023-04,지자체,국민임대,제주,0
2023-04,지자체,공공임대,전국,0
2023-04,지자체,공공임대,서울,0
2023-04,지자체,공공임대,인천,0
2023-04,지자체,공공임대,경기,0
2023-04,지자체,공공임대,부산,0
2023-04,지자체,공공임대,대구,0
2023-04,지자체,공공임대,광주,0
2023-04,지자체,공공임대,대전,0
2023-04,지자체,공공임대,울산,0
2023-04,지자체,공공임대,세종,0
2023-04,지자체,공공임대,강원,0
2023-04,지자체,공공임대,충북,0
2023-04,지자체,공공임대,충남,0
2023-04,지자체,공공임대,전북,0
2023-04,지자체,공공임대,전남,0
2023-04,지자체,공공임대,경북,0
2023-04,지자체,공공임대,경남,0
2023-04,지자체,공공임대,제주,0
2023-04,지자체,공공분양,전국,0
2023-04,지자체,공공분양,서울,0
2023-04,지자체,공공분양,인천,0
2023-04,지자체,공공분양,경기,0
2023-04,지자체,공공분양,부산,0
2023-04,지자체,공공분양,대구,0
2023-04,지자체,공공분양,광주,0
2023-04,지자체,공공분양,대전,0
2023-04,지자체,공공분양,울산,0
2023-04,지자체,공공분양,세종,0
2023-04,지자체,공공분양,강원,0
2023-04,지자체,공공분양,충북,0
2023-04,지자체,공공분양,충남,0
2023-04,지자체,공공분양,전북,0
2023-04,지자체,공공분양,전남,0
2023-04,지자체,공공분양,경북,0
2023-04,지자체,공공분양,경남,0
2023-04,지자체,공공분양,제주,0
2023-04,LH,소계,전국,6,636
2023-04,LH,소계,서울,597
2023-04,LH,소계,인천,1,746
2023-04,LH,소계,경기,4,292
2023-04,LH,소계,부산,0
2023-04,LH,소계,대구,0
2023-04,LH,소계,광주,0
2023-04,LH,소계,대전,0
2023-04,LH,소계,울산,0
2023-04,LH,소계,세종,0
2023-04,LH,소계,강원,0
2023-04,LH,소계,충북,1
2023-04,LH,소계,충남,0
2023-04,LH,소계,전북,0
2023-04,LH,소계,전남,0
2023-04,LH,소계,경북,0
2023-04,LH,소계,경남,0
2023-04,LH,소계,제주,0
2023-04,LH,국민임대,전국,2,225
2023-04,LH,국민임대,서울,0
2023-04,LH,국민임대,인천,1,746
2023-04,LH,국민임대,경기,479
2023-04,LH,국민임대,부산,0
2023-04,LH,국민임대,대구,0
2023-04,LH,국민임대,광주,0
2023-04,LH,국민임대,대전,0
2023-04,LH,국민임대,울산,0
2023-04,LH,국민임대,세종,0
2023-04,LH,국민임대,강원,0
2023-04,LH,국민임대,충북,0
2023-04,LH,국민임대,충남,0
2023-04,LH,국민임대,전북,0
2023-04,LH,국민임대,전남,0
2023-04,LH,국민임대,경북,0
2023-04,LH,국민임대,경남,0
2023-04,LH,국민임대,제주,0
2023-04,LH,공공임대,전국,2,165
2023-04,LH,공공임대,서울,199
2023-04,LH,공공임대,인천,0
2023-04,LH,공공임대,경기,1,965
2023-04,LH,공공임대,부산,0
2023-04,LH,공공임대,대구,0
2023-04,LH,공공임대,광주,0
2023-04,LH,공공임대,대전,0
2023-04,LH,공공임대,울산,0
2023-04,LH,공공임대,세종,0
2023-04,LH,공공임대,강원,0
2023-04,LH,공공임대,충북,1
2023-04,LH,공공임대,충남,0
2023-04,LH,공공임대,전북,0
2023-04,LH,공공임대,전남,0
2023-04,LH,공공임대,경북,0
2023-04,LH,공공임대,경남,0
2023-04,LH,공공임대,제주,0
2023-04,LH,공공분양,전국,2,246
2023-04,LH,공공분양,서울,398
2023-04,LH,공공분양,인천,0
2023-04,LH,공공분양,경기,1,848
2023-04,LH,공공분양,부산,0
2023-04,LH,공공분양,대구,0
2023-04,LH,공공분양,광주,0
2023-04,LH,공공분양,대전,0
2023-04,LH,공공분양,울산,0
2023-04,LH,공공분양,세종,0
2023-04,LH,공공분양,강원,0
2023-04,LH,공공분양,충북,0
2023-04,LH,공공분양,충남,0
2023-04,LH,공공분양,전북,0
2023-04,LH,공공분양,전남,0
2023-04,LH,공공분양,경북,0
2023-04,LH,공공분양,경남,0
2023-04,LH,공공분양,제주,0
2023-04,주택업체,소계,전국,1,668
2023-04,주택업체,소계,서울,0
2023-04,주택업체,소계,인천,1,059
2023-04,주택업체,소계,경기,0
2023-04,주택업체,소계,부산,0
2023-04,주택업체,소계,대구,13
2023-04,주택업체,소계,광주,0
2023-04,주택업체,소계,대전,0
2023-04,주택업체,소계,울산,0
2023-04,주택업체,소계,세종,0
2023-04,주택업체,소계,강원,0
2023-04,주택업체,소계,충북,0
2023-04,주택업체,소계,충남,100
2023-04,주택업체,소계,전북,496
2023-04,주택업체,소계,전남,0
2023-04,주택업체,소계,경북,0
2023-04,주택업체,소계,경남,0
2023-04,주택업체,소계,제주,0
2023-04,주택업체,국민임대,전국,1
2023-04,주택업체,국민임대,서울,0
2023-04,주택업체,국민임대,인천,0
2023-04,주택업체,국민임대,경기,0
2023-04,주택업체,국민임대,부산,0
2023-04,주택업체,국민임대,대구,1
2023-04,주택업체,국민임대,광주,0
2023-04,주택업체,국민임대,대전,0
2023-04,주택업체,국민임대,울산,0
2023-04,주택업체,국민임대,세종,0
2023-04,주택업체,국민임대,강원,0
2023-04,주택업체,국민임대,충북,0
2023-04,주택업체,국민임대,충남,0
2023-04,주택업체,국민임대,전북,0
2023-04,주택업체,국민임대,전남,0
2023-04,주택업체,국민임대,경북,0
2023-04,주택업체,국민임대,경남,0
2023-04,주택업체,국민임대,제주,0
2023-04,주택업체,공공임대,전국,1,667
2023-04,주택업체,공공임대,서울,0
2023-04,주택업체,공공임대,인천,1,059
2023-04,주택업체,공공임대,경기,0
2023-04,주택업체,공공임대,부산,0
2023-04,주택업체,공공임대,대구,12
2023-04,주택업체,공공임대,광주,0
2023-04,주택업체,공공임대,대전,0
2023-04,주택업체,공공임대,울산,0
2023-04,주택업체,공공임대,세종,0
2023-04,주택업체,공공임대,강원,0
2023-04,주택업체,공공임대,충북,0
2023-04,주택업체,공공임대,충남,100
2023-04,주택업체,공공임대,전북,496
2023-04,주택업체,공공임대,전남,0
2023-04,주택업체,공공임대,경북,0
2023-04,주택업체,공공임대,경남,0
2023-04,주택업체,공공임대,제주,0
2023-04,주택업체,공공분양,전국,0
2023-04,주택업체,공공분양,서울,0
2023-04,주택업체,공공분양,인천,0
2023-04,주택업체,공공분양,경기,0
2023-04,주택업체,공공분양,부산,0
2023-04,주택업체,공공분양,대구,0
2023-04,주택업체,공공분양,광주,0
2023-04,주택업체,공공분양,대전,0
2023-04,주택업체,공공분양,울산,0
2023-04,주택업체,공공분양,세종,0
2023-04,주택업체,공공분양,강원,0
2023-04,주택업체,공공분양,충북,0
2023-04,주택업체,공공분양,충남,0
2023-04,주택업체,공공분양,전북,0
2023-04,주택업체,공공분양,전남,0
2023-04,주택업체,공공분양,경북,0
2023-04,주택업체,공공분양,경남,0
2023-04,주택업체,공공분양,제주,0
2023-04,민간부문,소계,전국,26,531
2023-04,민간부문,소계,서울,2,254
2023-04,민간부문,소계,인천,1,238
2023-04,민간부문,소계,경기,9,921
2023-04,민간부문,소계,부산,514
2023-04,민간부문,소계,대구,3,715
2023-04,민간부문,소계,광주,190
2023-04,민간부문,소계,대전,76
2023-04,민간부문,소계,울산,26
2023-04,민간부문,소계,세종,19
2023-04,민간부문,소계,강원,903
2023-04,민간부문,소계,충북,558
2023-04,민간부문,소계,충남,1,984
2023-04,민간부문,소계,전북,639
2023-04,민간부문,소계,전남,924
2023-04,민간부문,소계,경북,2,056
2023-04,민간부문,소계,경남,1,186
2023-04,민간부문,소계,제주,328
2023-04,민간,민간임대,전국,4,082
2023-04,민간,민간임대,서울,0
2023-04,민간,민간임대,인천,0
2023-04,민간,민간임대,경기,1,228
2023-04,민간,민간임대,부산,0
2023-04,민간,민간임대,대구,0
2023-04,민간,민간임대,광주,146
2023-04,민간,민간임대,대전,0
2023-04,민간,민간임대,울산,0
2023-04,민간,민간임대,세종,0
2023-04,민간,민간임대,강원,402
2023-04,민간,민간임대,충북,0
2023-04,민간,민간임대,충남,1,579
2023-04,민간,민간임대,전북,0
2023-04,민간,민간임대,전남,727
2023-04,민간,민간임대,경북,0
2023-04,민간,민간임대,경남,0
2023-04,민간,민간임대,제주,0
2023-04,민간,민간분양,전국,22,449
2023-04,민간,민간분양,서울,2,254
2023-04,민간,민간분양,인천,1,238
2023-04,민간,민간분양,경기,8,693
2023-04,민간,민간분양,부산,514
2023-04,민간,민간분양,대구,3,715
2023-04,민간,민간분양,광주,44
2023-04,민간,민간분양,대전,76
2023-04,민간,민간분양,울산,26
2023-04,민간,민간분양,세종,19
2023-04,민간,민간분양,강원,501
2023-04,민간,민간분양,충북,558
2023-04,민간,민간분양,충남,405
2023-04,민간,민간분양,전북,639
2023-04,민간,민간분양,전남,197
2023-04,민간,민간분양,경북,2,056
2023-04,민간,민간분양,경남,1,186
2023-04,민간,민간분양,제주,328
2023-05,총계,총계,전국,34,253
2023-05,총계,총계,서울,1,498
2023-05,총계,총계,인천,548
2023-05,총계,총계,경기,16,277
2023-05,총계,총계,부산,2,223
2023-05,총계,총계,대구,3,116
2023-05,총계,총계,광주,590
2023-05,총계,총계,대전,608
2023-05,총계,총계,울산,2,753
2023-05,총계,총계,세종,72
2023-05,총계,총계,강원,370
2023-05,총계,총계,충북,204
2023-05,총계,총계,충남,2,941
2023-05,총계,총계,전북,873
2023-05,총계,총계,전남,978
2023-05,총계,총계,경북,299
2023-05,총계,총계,경남,619
2023-05,총계,총계,제주,284
2023-05,공공부문,소계,전국,5,500
2023-05,공공부문,소계,서울,0
2023-05,공공부문,소계,인천,0
2023-05,공공부문,소계,경기,4,038
2023-05,공공부문,소계,부산,88
2023-05,공공부문,소계,대구,0
2023-05,공공부문,소계,광주,0
2023-05,공공부문,소계,대전,0
2023-05,공공부문,소계,울산,0
2023-05,공공부문,소계,세종,0
2023-05,공공부문,소계,강원,140
2023-05,공공부문,소계,충북,0
2023-05,공공부문,소계,충남,822
2023-05,공공부문,소계,전북,0
2023-05,공공부문,소계,전남,0
2023-05,공공부문,소계,경북,0
2023-05,공공부문,소계,경남,397
2023-05,공공부문,소계,제주,15
2023-05,합,국민임대,전국,1,052
2023-05,합,국민임대,서울,0
2023-05,합,국민임대,인천,0
2023-05,합,국민임대,경기,0
2023-05,합,국민임대,부산,0
2023-05,합,국민임대,대구,0
2023-05,합,국민임대,광주,0
2023-05,합,국민임대,대전,0
2023-05,합,국민임대,울산,0
2023-05,합,국민임대,세종,0
2023-05,합,국민임대,강원,40
2023-05,합,국민임대,충북,0
2023-05,합,국민임대,충남,720
2023-05,합,국민임대,전북,0
2023-05,합,국민임대,전남,0
2023-05,합,국민임대,경북,0
2023-05,합,국민임대,경남,277
2023-05,합,국민임대,제주,15
2023-05,합,공공임대,전국,2,739
2023-05,합,공공임대,서울,0
2023-05,합,공공임대,인천,0
2023-05,합,공공임대,경기,2,329
2023-05,합,공공임대,부산,88
2023-05,합,공공임대,대구,0
2023-05,합,공공임대,광주,0
2023-05,합,공공임대,대전,0
2023-05,합,공공임대,울산,0
2023-05,합,공공임대,세종,0
2023-05,합,공공임대,강원,100
2023-05,합,공공임대,충북,0
2023-05,합,공공임대,충남,102
2023-05,합,공공임대,전북,0
2023-05,합,공공임대,전남,0
2023-05,합,공공임대,경북,0
2023-05,합,공공임대,경남,120
2023-05,합,공공임대,제주,0
2023-05,합,공공분양,전국,1,709
2023-05,합,공공분양,서울,0
2023-05,합,공공분양,인천,0
2023-05,합,공공분양,경기,1,709
2023-05,합,공공분양,부산,0
2023-05,합,공공분양,대구,0
2023-05,합,공공분양,광주,0
2023-05,합,공공분양,대전,0
2023-05,합,공공분양,울산,0
2023-05,합,공공분양,세종,0
2023-05,합,공공분양,강원,0
2023-05,합,공공분양,충북,0
2023-05,합,공공분양,충남,0
2023-05,합,공공분양,전북,0
2023-05,합,공공분양,전남,0
2023-05,합,공공분양,경북,0
2023-05,합,공공분양,경남,0
2023-05,합,공공분양,제주,0
2023-05,지자체,소계,전국,0
2023-05,지자체,소계,서울,0
2023-05,지자체,소계,인천,0
2023-05,지자체,소계,경기,0
2023-05,지자체,소계,부산,0
2023-05,지자체,소계,대구,0
2023-05,지자체,소계,광주,0
2023-05,지자체,소계,대전,0
2023-05,지자체,소계,울산,0
2023-05,지자체,소계,세종,0
2023-05,지자체,소계,강원,0
2023-05,지자체,소계,충북,0
2023-05,지자체,소계,충남,0
2023-05,지자체,소계,전북,0
2023-05,지자체,소계,전남,0
2023-05,지자체,소계,경북,0
2023-05,지자체,소계,경남,0
2023-05,지자체,소계,제주,0
2023-05,지자체,국민임대,전국,0
2023-05,지자체,국민임대,서울,0
2023-05,지자체,국민임대,인천,0
2023-05,지자체,국민임대,경기,0
2023-05,지자체,국민임대,부산,0
2023-05,지자체,국민임대,대구,0
2023-05,지자체,국민임대,광주,0
2023-05,지자체,국민임대,대전,0
2023-05,지자체,국민임대,울산,0
2023-05,지자체,국민임대,세종,0
2023-05,지자체,국민임대,강원,0
2023-05,지자체,국민임대,충북,0
2023-05,지자체,국민임대,충남,0
2023-05,지자체,국민임대,전북,0
2023-05,지자체,국민임대,전남,0
2023-05,지자체,국민임대,경북,0
2023-05,지자체,국민임대,경남,0
2023-05,지자체,국민임대,제주,0
2023-05,지자체,공공임대,전국,0
2023-05,지자체,공공임대,서울,0
2023-05,지자체,공공임대,인천,0
2023-05,지자체,공공임대,경기,0
2023-05,지자체,공공임대,부산,0
2023-05,지자체,공공임대,대구,0
2023-05,지자체,공공임대,광주,0
2023-05,지자체,공공임대,대전,0
2023-05,지자체,공공임대,울산,0
2023-05,지자체,공공임대,세종,0
2023-05,지자체,공공임대,강원,0
2023-05,지자체,공공임대,충북,0
2023-05,지자체,공공임대,충남,0
2023-05,지자체,공공임대,전북,0
2023-05,지자체,공공임대,전남,0
2023-05,지자체,공공임대,경북,0
2023-05,지자체,공공임대,경남,0
2023-05,지자체,공공임대,제주,0
2023-05,지자체,공공분양,전국,0
2023-05,지자체,공공분양,서울,0
2023-05,지자체,공공분양,인천,0
2023-05,지자체,공공분양,경기,0
2023-05,지자체,공공분양,부산,0
2023-05,지자체,공공분양,대구,0
2023-05,지자체,공공분양,광주,0
2023-05,지자체,공공분양,대전,0
2023-05,지자체,공공분양,울산,0
2023-05,지자체,공공분양,세종,0
2023-05,지자체,공공분양,강원,0
2023-05,지자체,공공분양,충북,0
2023-05,지자체,공공분양,충남,0
2023-05,지자체,공공분양,전북,0
2023-05,지자체,공공분양,전남,0
2023-05,지자체,공공분양,경북,0
2023-05,지자체,공공분양,경남,0
2023-05,지자체,공공분양,제주,0
2023-05,LH,소계,전국,4,024
2023-05,LH,소계,서울,0
2023-05,LH,소계,인천,0
2023-05,LH,소계,경기,2,665
2023-05,LH,소계,부산,0
2023-05,LH,소계,대구,0
2023-05,LH,소계,광주,0
2023-05,LH,소계,대전,0
2023-05,LH,소계,울산,0
2023-05,LH,소계,세종,0
2023-05,LH,소계,강원,140
2023-05,LH,소계,충북,0
2023-05,LH,소계,충남,822
2023-05,LH,소계,전북,0
2023-05,LH,소계,전남,0
2023-05,LH,소계,경북,0
2023-05,LH,소계,경남,397
2023-05,LH,소계,제주,0
2023-05,LH,국민임대,전국,1,037
2023-05,LH,국민임대,서울,0
2023-05,LH,국민임대,인천,0
2023-05,LH,국민임대,경기,0
2023-05,LH,국민임대,부산,0
2023-05,LH,국민임대,대구,0
2023-05,LH,국민임대,광주,0
2023-05,LH,국민임대,대전,0
2023-05,LH,국민임대,울산,0
2023-05,LH,국민임대,세종,0
2023-05,LH,국민임대,강원,40
2023-05,LH,국민임대,충북,0
2023-05,LH,국민임대,충남,720
2023-05,LH,국민임대,전북,0
2023-05,LH,국민임대,전남,0
2023-05,LH,국민임대,경북,0
2023-05,LH,국민임대,경남,277
2023-05,LH,국민임대,제주,0
2023-05,LH,공공임대,전국,1,278
2023-05,LH,공공임대,서울,0
2023-05,LH,공공임대,인천,0
2023-05,LH,공공임대,경기,956
2023-05,LH,공공임대,부산,0
2023-05,LH,공공임대,대구,0
2023-05,LH,공공임대,광주,0
2023-05,LH,공공임대,대전,0
2023-05,LH,공공임대,울산,0
2023-05,LH,공공임대,세종,0
2023-05,LH,공공임대,강원,100
2023-05,LH,공공임대,충북,0
2023-05,LH,공공임대,충남,102
2023-05,LH,공공임대,전북,0
2023-05,LH,공공임대,전남,0
2023-05,LH,공공임대,경북,0
2023-05,LH,공공임대,경남,120
2023-05,LH,공공임대,제주,0
2023-05,LH,공공분양,전국,1,709
2023-05,LH,공공분양,서울,0
2023-05,LH,공공분양,인천,0
2023-05,LH,공공분양,경기,1,709
2023-05,LH,공공분양,부산,0
2023-05,LH,공공분양,대구,0
2023-05,LH,공공분양,광주,0
2023-05,LH,공공분양,대전,0
2023-05,LH,공공분양,울산,0
2023-05,LH,공공분양,세종,0
2023-05,LH,공공분양,강원,0
2023-05,LH,공공분양,충북,0
2023-05,LH,공공분양,충남,0
2023-05,LH,공공분양,전북,0
2023-05,LH,공공분양,전남,0
2023-05,LH,공공분양,경북,0
2023-05,LH,공공분양,경남,0
2023-05,LH,공공분양,제주,0
2023-05,주택업체,소계,전국,1,476
2023-05,주택업체,소계,서울,0
2023-05,주택업체,소계,인천,0
2023-05,주택업체,소계,경기,1,373
2023-05,주택업체,소계,부산,88
2023-05,주택업체,소계,대구,0
2023-05,주택업체,소계,광주,0
2023-05,주택업체,소계,대전,0
2023-05,주택업체,소계,울산,0
2023-05,주택업체,소계,세종,0
2023-05,주택업체,소계,강원,0
2023-05,주택업체,소계,충북,0
2023-05,주택업체,소계,충남,0
2023-05,주택업체,소계,전북,0
2023-05,주택업체,소계,전남,0
2023-05,주택업체,소계,경북,0
2023-05,주택업체,소계,경남,0
2023-05,주택업체,소계,제주,15
2023-05,주택업체,국민임대,전국,15
2023-05,주택업체,국민임대,서울,0
2023-05,주택업체,국민임대,인천,0
2023-05,주택업체,국민임대,경기,0
2023-05,주택업체,국민임대,부산,0
2023-05,주택업체,국민임대,대구,0
2023-05,주택업체,국민임대,광주,0
2023-05,주택업체,국민임대,대전,0
2023-05,주택업체,국민임대,울산,0
2023-05,주택업체,국민임대,세종,0
2023-05,주택업체,국민임대,강원,0
2023-05,주택업체,국민임대,충북,0
2023-05,주택업체,국민임대,충남,0
2023-05,주택업체,국민임대,전북,0
2023-05,주택업체,국민임대,전남,0
2023-05,주택업체,국민임대,경북,0
2023-05,주택업체,국민임대,경남,0
2023-05,주택업체,국민임대,제주,15
2023-05,주택업체,공공임대,전국,1,461
2023-05,주택업체,공공임대,서울,0
2023-05,주택업체,공공임대,인천,0
2023-05,주택업체,공공임대,경기,1,373
2023-05,주택업체,공공임대,부산,88
2023-05,주택업체,공공임대,대구,0
2023-05,주택업체,공공임대,광주,0
2023-05,주택업체,공공임대,대전,0
2023-05,주택업체,공공임대,울산,0
2023-05,주택업체,공공임대,세종,0
2023-05,주택업체,공공임대,강원,0
2023-05,주택업체,공공임대,충북,0
2023-05,주택업체,공공임대,충남,0
2023-05,주택업체,공공임대,전북,0
2023-05,주택업체,공공임대,전남,0
2023-05,주택업체,공공임대,경북,0
2023-05,주택업체,공공임대,경남,0
2023-05,주택업체,공공임대,제주,0
2023-05,주택업체,공공분양,전국,0
2023-05,주택업체,공공분양,서울,0
2023-05,주택업체,공공분양,인천,0
2023-05,주택업체,공공분양,경기,0
2023-05,주택업체,공공분양,부산,0
2023-05,주택업체,공공분양,대구,0
2023-05,주택업체,공공분양,광주,0
2023-05,주택업체,공공분양,대전,0
2023-05,주택업체,공공분양,울산,0
2023-05,주택업체,공공분양,세종,0
2023-05,주택업체,공공분양,강원,0
2023-05,주택업체,공공분양,충북,0
2023-05,주택업체,공공분양,충남,0
2023-05,주택업체,공공분양,전북,0
2023-05,주택업체,공공분양,전남,0
2023-05,주택업체,공공분양,경북,0
2023-05,주택업체,공공분양,경남,0
2023-05,주택업체,공공분양,제주,0
2023-05,민간부문,소계,전국,28,753
2023-05,민간부문,소계,서울,1,498
2023-05,민간부문,소계,인천,548
2023-05,민간부문,소계,경기,12,239
2023-05,민간부문,소계,부산,2,135
2023-05,민간부문,소계,대구,3,116
2023-05,민간부문,소계,광주,590
2023-05,민간부문,소계,대전,608
2023-05,민간부문,소계,울산,2,753
2023-05,민간부문,소계,세종,72
2023-05,민간부문,소계,강원,230
2023-05,민간부문,소계,충북,204
2023-05,민간부문,소계,충남,2,119
2023-05,민간부문,소계,전북,873
2023-05,민간부문,소계,전남,978
2023-05,민간부문,소계,경북,299
2023-05,민간부문,소계,경남,222
2023-05,민간부문,소계,제주,269
2023-05,민간,민간임대,전국,2,353
2023-05,민간,민간임대,서울,0
2023-05,민간,민간임대,인천,0
2023-05,민간,민간임대,경기,1,246
2023-05,민간,민간임대,부산,0
2023-05,민간,민간임대,대구,0
2023-05,민간,민간임대,광주,200
2023-05,민간,민간임대,대전,0
2023-05,민간,민간임대,울산,0
2023-05,민간,민간임대,세종,0
2023-05,민간,민간임대,강원,0
2023-05,민간,민간임대,충북,0
2023-05,민간,민간임대,충남,830
2023-05,민간,민간임대,전북,77
2023-05,민간,민간임대,전남,0
2023-05,민간,민간임대,경북,0
2023-05,민간,민간임대,경남,0
2023-05,민간,민간임대,제주,0
2023-05,민간,민간분양,전국,26,400
2023-05,민간,민간분양,서울,1,498
2023-05,민간,민간분양,인천,548
2023-05,민간,민간분양,경기,10,993
2023-05,민간,민간분양,부산,2,135
2023-05,민간,민간분양,대구,3,116
2023-05,민간,민간분양,광주,390
2023-05,민간,민간분양,대전,608
2023-05,민간,민간분양,울산,2,753
2023-05,민간,민간분양,세종,72
2023-05,민간,민간분양,강원,230
2023-05,민간,민간분양,충북,204
2023-05,민간,민간분양,충남,1,289
2023-05,민간,민간분양,전북,796
2023-05,민간,민간분양,전남,978
2023-05,민간,민간분양,경북,299
2023-05,민간,민간분양,경남,222
2023-05,민간,민간분양,제주,269
2023-06,총계,총계,전국,47,320
2023-06,총계,총계,서울,7,619
2023-06,총계,총계,인천,8,012
2023-06,총계,총계,경기,10,016
2023-06,총계,총계,부산,1,257
2023-06,총계,총계,대구,1,858
2023-06,총계,총계,광주,105
2023-06,총계,총계,대전,208
2023-06,총계,총계,울산,799
2023-06,총계,총계,세종,16
2023-06,총계,총계,강원,2,313
2023-06,총계,총계,충북,6,084
2023-06,총계,총계,충남,1,261
2023-06,총계,총계,전북,1,659
2023-06,총계,총계,전남,726
2023-06,총계,총계,경북,2,350
2023-06,총계,총계,경남,2,204
2023-06,총계,총계,제주,833
2023-06,공공부문,소계,전국,6,847
2023-06,공공부문,소계,서울,63
2023-06,공공부문,소계,인천,1,412
2023-06,공공부문,소계,경기,2,269
2023-06,공공부문,소계,부산,0
2023-06,공공부문,소계,대구,0
2023-06,공공부문,소계,광주,0
2023-06,공공부문,소계,대전,0
2023-06,공공부문,소계,울산,0
2023-06,공공부문,소계,세종,0
2023-06,공공부문,소계,강원,965
2023-06,공공부문,소계,충북,916
2023-06,공공부문,소계,충남,969
2023-06,공공부문,소계,전북,150
2023-06,공공부문,소계,전남,0
2023-06,공공부문,소계,경북,103
2023-06,공공부문,소계,경남,0
2023-06,공공부문,소계,제주,0
2023-06,합,국민임대,전국,1,282
2023-06,합,국민임대,서울,63
2023-06,합,국민임대,인천,0
2023-06,합,국민임대,경기,545
2023-06,합,국민임대,부산,0
2023-06,합,국민임대,대구,0
2023-06,합,국민임대,광주,0
2023-06,합,국민임대,대전,0
2023-06,합,국민임대,울산,0
2023-06,합,국민임대,세종,0
2023-06,합,국민임대,강원,0
2023-06,합,국민임대,충북,0
2023-06,합,국민임대,충남,554
2023-06,합,국민임대,전북,120
2023-06,합,국민임대,전남,0
2023-06,합,국민임대,경북,0
2023-06,합,국민임대,경남,0
2023-06,합,국민임대,제주,0
2023-06,합,공공임대,전국,5,275
2023-06,합,공공임대,서울,0
2023-06,합,공공임대,인천,1,412
2023-06,합,공공임대,경기,1,434
2023-06,합,공공임대,부산,0
2023-06,합,공공임대,대구,0
2023-06,합,공공임대,광주,0
2023-06,합,공공임대,대전,0
2023-06,합,공공임대,울산,0
2023-06,합,공공임대,세종,0
2023-06,합,공공임대,강원,965
2023-06,합,공공임대,충북,916
2023-06,합,공공임대,충남,415
2023-06,합,공공임대,전북,30
2023-06,합,공공임대,전남,0
2023-06,합,공공임대,경북,103
2023-06,합,공공임대,경남,0
2023-06,합,공공임대,제주,0
2023-06,합,공공분양,전국,290
2023-06,합,공공분양,서울,0
2023-06,합,공공분양,인천,0
2023-06,합,공공분양,경기,290
2023-06,합,공공분양,부산,0
2023-06,합,공공분양,대구,0
2023-06,합,공공분양,광주,0
2023-06,합,공공분양,대전,0
2023-06,합,공공분양,울산,0
2023-06,합,공공분양,세종,0
2023-06,합,공공분양,강원,0
2023-06,합,공공분양,충북,0
2023-06,합,공공분양,충남,0
2023-06,합,공공분양,전북,0
2023-06,합,공공분양,전남,0
2023-06,합,공공분양,경북,0
2023-06,합,공공분양,경남,0
2023-06,합,공공분양,제주,0
2023-06,지자체,소계,전국,0
2023-06,지자체,소계,서울,0
2023-06,지자체,소계,인천,0
2023-06,지자체,소계,경기,0
2023-06,지자체,소계,부산,0
2023-06,지자체,소계,대구,0
2023-06,지자체,소계,광주,0
2023-06,지자체,소계,대전,0
2023-06,지자체,소계,울산,0
2023-06,지자체,소계,세종,0
2023-06,지자체,소계,강원,0
2023-06,지자체,소계,충북,0
2023-06,지자체,소계,충남,0
2023-06,지자체,소계,전북,0
2023-06,지자체,소계,전남,0
2023-06,지자체,소계,경북,0
2023-06,지자체,소계,경남,0
2023-06,지자체,소계,제주,0
2023-06,지자체,국민임대,전국,0
2023-06,지자체,국민임대,서울,0
2023-06,지자체,국민임대,인천,0
2023-06,지자체,국민임대,경기,0
2023-06,지자체,국민임대,부산,0
2023-06,지자체,국민임대,대구,0
2023-06,지자체,국민임대,광주,0
2023-06,지자체,국민임대,대전,0
2023-06,지자체,국민임대,울산,0
2023-06,지자체,국민임대,세종,0
2023-06,지자체,국민임대,강원,0
2023-06,지자체,국민임대,충북,0
2023-06,지자체,국민임대,충남,0
2023-06,지자체,국민임대,전북,0
2023-06,지자체,국민임대,전남,0
2023-06,지자체,국민임대,경북,0
2023-06,지자체,국민임대,경남,0
2023-06,지자체,국민임대,제주,0
2023-06,지자체,공공임대,전국,0
2023-06,지자체,공공임대,서울,0
2023-06,지자체,공공임대,인천,0
2023-06,지자체,공공임대,경기,0
2023-06,지자체,공공임대,부산,0
2023-06,지자체,공공임대,대구,0
2023-06,지자체,공공임대,광주,0
2023-06,지자체,공공임대,대전,0
2023-06,지자체,공공임대,울산,0
2023-06,지자체,공공임대,세종,0
2023-06,지자체,공공임대,강원,0
2023-06,지자체,공공임대,충북,0
2023-06,지자체,공공임대,충남,0
2023-06,지자체,공공임대,전북,0
2023-06,지자체,공공임대,전남,0
2023-06,지자체,공공임대,경북,0
2023-06,지자체,공공임대,경남,0
2023-06,지자체,공공임대,제주,0
2023-06,지자체,공공분양,전국,0
2023-06,지자체,공공분양,서울,0
2023-06,지자체,공공분양,인천,0
2023-06,지자체,공공분양,경기,0
2023-06,지자체,공공분양,부산,0
2023-06,지자체,공공분양,대구,0
2023-06,지자체,공공분양,광주,0
2023-06,지자체,공공분양,대전,0
2023-06,지자체,공공분양,울산,0
2023-06,지자체,공공분양,세종,0
2023-06,지자체,공공분양,강원,0
2023-06,지자체,공공분양,충북,0
2023-06,지자체,공공분양,충남,0
2023-06,지자체,공공분양,전북,0
2023-06,지자체,공공분양,전남,0
2023-06,지자체,공공분양,경북,0
2023-06,지자체,공공분양,경남,0
2023-06,지자체,공공분양,제주,0
2023-06,LH,소계,전국,4,353
2023-06,LH,소계,서울,0
2023-06,LH,소계,인천,0
2023-06,LH,소계,경기,2,269
2023-06,LH,소계,부산,0
2023-06,LH,소계,대구,0
2023-06,LH,소계,광주,0
2023-06,LH,소계,대전,0
2023-06,LH,소계,울산,0
2023-06,LH,소계,세종,0
2023-06,LH,소계,강원,965
2023-06,LH,소계,충북,0
2023-06,LH,소계,충남,969
2023-06,LH,소계,전북,150
2023-06,LH,소계,전남,0
2023-06,LH,소계,경북,0
2023-06,LH,소계,경남,0
2023-06,LH,소계,제주,0
2023-06,LH,국민임대,전국,1,219
2023-06,LH,국민임대,서울,0
2023-06,LH,국민임대,인천,0
2023-06,LH,국민임대,경기,545
2023-06,LH,국민임대,부산,0
2023-06,LH,국민임대,대구,0
2023-06,LH,국민임대,광주,0
2023-06,LH,국민임대,대전,0
2023-06,LH,국민임대,울산,0
2023-06,LH,국민임대,세종,0
2023-06,LH,국민임대,강원,0
2023-06,LH,국민임대,충북,0
2023-06,LH,국민임대,충남,554
2023-06,LH,국민임대,전북,120
2023-06,LH,국민임대,전남,0
2023-06,LH,국민임대,경북,0
2023-06,LH,국민임대,경남,0
2023-06,LH,국민임대,제주,0
2023-06,LH,공공임대,전국,2,844
2023-06,LH,공공임대,서울,0
2023-06,LH,공공임대,인천,0
2023-06,LH,공공임대,경기,1,434
2023-06,LH,공공임대,부산,0
2023-06,LH,공공임대,대구,0
2023-06,LH,공공임대,광주,0
2023-06,LH,공공임대,대전,0
2023-06,LH,공공임대,울산,0
2023-06,LH,공공임대,세종,0
2023-06,LH,공공임대,강원,965
2023-06,LH,공공임대,충북,0
2023-06,LH,공공임대,충남,415
2023-06,LH,공공임대,전북,30
2023-06,LH,공공임대,전남,0
2023-06,LH,공공임대,경북,0
2023-06,LH,공공임대,경남,0
2023-06,LH,공공임대,제주,0
2023-06,LH,공공분양,전국,290
2023-06,LH,공공분양,서울,0
2023-06,LH,공공분양,인천,0
2023-06,LH,공공분양,경기,290
2023-06,LH,공공분양,부산,0
2023-06,LH,공공분양,대구,0
2023-06,LH,공공분양,광주,0
2023-06,LH,공공분양,대전,0
2023-06,LH,공공분양,울산,0
2023-06,LH,공공분양,세종,0
2023-06,LH,공공분양,강원,0
2023-06,LH,공공분양,충북,0
2023-06,LH,공공분양,충남,0
2023-06,LH,공공분양,전북,0
2023-06,LH,공공분양,전남,0
2023-06,LH,공공분양,경북,0
2023-06,LH,공공분양,경남,0
2023-06,LH,공공분양,제주,0
2023-06,주택업체,소계,전국,2,494
2023-06,주택업체,소계,서울,63
2023-06,주택업체,소계,인천,1,412
2023-06,주택업체,소계,경기,0
2023-06,주택업체,소계,부산,0
2023-06,주택업체,소계,대구,0
2023-06,주택업체,소계,광주,0
2023-06,주택업체,소계,대전,0
2023-06,주택업체,소계,울산,0
2023-06,주택업체,소계,세종,0
2023-06,주택업체,소계,강원,0
2023-06,주택업체,소계,충북,916
2023-06,주택업체,소계,충남,0
2023-06,주택업체,소계,전북,0
2023-06,주택업체,소계,전남,0
2023-06,주택업체,소계,경북,103
2023-06,주택업체,소계,경남,0
2023-06,주택업체,소계,제주,0
2023-06,주택업체,국민임대,전국,63
2023-06,주택업체,국민임대,서울,63
2023-06,주택업체,국민임대,인천,0
2023-06,주택업체,국민임대,경기,0
2023-06,주택업체,국민임대,부산,0
2023-06,주택업체,국민임대,대구,0
2023-06,주택업체,국민임대,광주,0
2023-06,주택업체,국민임대,대전,0
2023-06,주택업체,국민임대,울산,0
2023-06,주택업체,국민임대,세종,0
2023-06,주택업체,국민임대,강원,0
2023-06,주택업체,국민임대,충북,0
2023-06,주택업체,국민임대,충남,0
2023-06,주택업체,국민임대,전북,0
2023-06,주택업체,국민임대,전남,0
2023-06,주택업체,국민임대,경북,0
2023-06,주택업체,국민임대,경남,0
2023-06,주택업체,국민임대,제주,0
2023-06,주택업체,공공임대,전국,2,431
2023-06,주택업체,공공임대,서울,0
2023-06,주택업체,공공임대,인천,1,412
2023-06,주택업체,공공임대,경기,0
2023-06,주택업체,공공임대,부산,0
2023-06,주택업체,공공임대,대구,0
2023-06,주택업체,공공임대,광주,0
2023-06,주택업체,공공임대,대전,0
2023-06,주택업체,공공임대,울산,0
2023-06,주택업체,공공임대,세종,0
2023-06,주택업체,공공임대,강원,0
2023-06,주택업체,공공임대,충북,916
2023-06,주택업체,공공임대,충남,0
2023-06,주택업체,공공임대,전북,0
2023-06,주택업체,공공임대,전남,0
2023-06,주택업체,공공임대,경북,103
2023-06,주택업체,공공임대,경남,0
2023-06,주택업체,공공임대,제주,0
2023-06,주택업체,공공분양,전국,0
2023-06,주택업체,공공분양,서울,0
2023-06,주택업체,공공분양,인천,0
2023-06,주택업체,공공분양,경기,0
2023-06,주택업체,공공분양,부산,0
2023-06,주택업체,공공분양,대구,0
2023-06,주택업체,공공분양,광주,0
2023-06,주택업체,공공분양,대전,0
2023-06,주택업체,공공분양,울산,0
2023-06,주택업체,공공분양,세종,0
2023-06,주택업체,공공분양,강원,0
2023-06,주택업체,공공분양,충북,0
2023-06,주택업체,공공분양,충남,0
2023-06,주택업체,공공분양,전북,0
2023-06,주택업체,공공분양,전남,0
2023-06,주택업체,공공분양,경북,0
2023-06,주택업체,공공분양,경남,0
2023-06,주택업체,공공분양,제주,0
2023-06,민간부문,소계,전국,40,473
2023-06,민간부문,소계,서울,7,556
2023-06,민간부문,소계,인천,6,600
2023-06,민간부문,소계,경기,7,747
2023-06,민간부문,소계,부산,1,257
2023-06,민간부문,소계,대구,1,858
2023-06,민간부문,소계,광주,105
2023-06,민간부문,소계,대전,208
2023-06,민간부문,소계,울산,799
2023-06,민간부문,소계,세종,16
2023-06,민간부문,소계,강원,1,348
2023-06,민간부문,소계,충북,5,168
2023-06,민간부문,소계,충남,292
2023-06,민간부문,소계,전북,1,509
2023-06,민간부문,소계,전남,726
2023-06,민간부문,소계,경북,2,247
2023-06,민간부문,소계,경남,2,204
2023-06,민간부문,소계,제주,833
2023-06,민간,민간임대,전국,6,038
2023-06,민간,민간임대,서울,606
2023-06,민간,민간임대,인천,0
2023-06,민간,민간임대,경기,0
2023-06,민간,민간임대,부산,0
2023-06,민간,민간임대,대구,1,501
2023-06,민간,민간임대,광주,0
2023-06,민간,민간임대,대전,0
2023-06,민간,민간임대,울산,0
2023-06,민간,민간임대,세종,0
2023-06,민간,민간임대,강원,0
2023-06,민간,민간임대,충북,3,931
2023-06,민간,민간임대,충남,0
2023-06,민간,민간임대,전북,0
2023-06,민간,민간임대,전남,0
2023-06,민간,민간임대,경북,0
2023-06,민간,민간임대,경남,0
2023-06,민간,민간임대,제주,0
2023-06,민간,민간분양,전국,34,435
2023-06,민간,민간분양,서울,6,950
2023-06,민간,민간분양,인천,6,600
2023-06,민간,민간분양,경기,7,747
2023-06,민간,민간분양,부산,1,257
2023-06,민간,민간분양,대구,357
2023-06,민간,민간분양,광주,105
2023-06,민간,민간분양,대전,208
2023-06,민간,민간분양,울산,799
2023-06,민간,민간분양,세종,16
2023-06,민간,민간분양,강원,1,348
2023-06,민간,민간분양,충북,1,237
2023-06,민간,민간분양,충남,292
2023-06,민간,민간분양,전북,1,509
2023-06,민간,민간분양,전남,726
2023-06,민간,민간분양,경북,2,247
2023-06,민간,민간분양,경남,2,204
2023-06,민간,민간분양,제주,833
2023-07,총계,총계,전국,38,351
2023-07,총계,총계,서울,10,609
2023-07,총계,총계,인천,2,642
2023-07,총계,총계,경기,7,675
2023-07,총계,총계,부산,1,307
2023-07,총계,총계,대구,1,991
2023-07,총계,총계,광주,621
2023-07,총계,총계,대전,90
2023-07,총계,총계,울산,415
2023-07,총계,총계,세종,24
2023-07,총계,총계,강원,277
2023-07,총계,총계,충북,2,363
2023-07,총계,총계,충남,5,614
2023-07,총계,총계,전북,1,017
2023-07,총계,총계,전남,852
2023-07,총계,총계,경북,1,173
2023-07,총계,총계,경남,1,438
2023-07,총계,총계,제주,243
2023-07,공공부문,소계,전국,5,333
2023-07,공공부문,소계,서울,1,775
2023-07,공공부문,소계,인천,0
2023-07,공공부문,소계,경기,2,844
2023-07,공공부문,소계,부산,152
2023-07,공공부문,소계,대구,0
2023-07,공공부문,소계,광주,0
2023-07,공공부문,소계,대전,0
2023-07,공공부문,소계,울산,0
2023-07,공공부문,소계,세종,0
2023-07,공공부문,소계,강원,0
2023-07,공공부문,소계,충북,0
2023-07,공공부문,소계,충남,0
2023-07,공공부문,소계,전북,120
2023-07,공공부문,소계,전남,0
2023-07,공공부문,소계,경북,40
2023-07,공공부문,소계,경남,402
2023-07,공공부문,소계,제주,0
2023-07,합,국민임대,전국,100
2023-07,합,국민임대,서울,0
2023-07,합,국민임대,인천,0
2023-07,합,국민임대,경기,0
2023-07,합,국민임대,부산,0
2023-07,합,국민임대,대구,0
2023-07,합,국민임대,광주,0
2023-07,합,국민임대,대전,0
2023-07,합,국민임대,울산,0
2023-07,합,국민임대,세종,0
2023-07,합,국민임대,강원,0
2023-07,합,국민임대,충북,0
2023-07,합,국민임대,충남,0
2023-07,합,국민임대,전북,100
2023-07,합,국민임대,전남,0
2023-07,합,국민임대,경북,0
2023-07,합,국민임대,경남,0
2023-07,합,국민임대,제주,0
2023-07,합,공공임대,전국,3,719
2023-07,합,공공임대,서울,1,775
2023-07,합,공공임대,인천,0
2023-07,합,공공임대,경기,1,732
2023-07,합,공공임대,부산,152
2023-07,합,공공임대,대구,0
2023-07,합,공공임대,광주,0
2023-07,합,공공임대,대전,0
2023-07,합,공공임대,울산,0
2023-07,합,공공임대,세종,0
2023-07,합,공공임대,강원,0
2023-07,합,공공임대,충북,0
2023-07,합,공공임대,충남,0
2023-07,합,공공임대,전북,20
2023-07,합,공공임대,전남,0
2023-07,합,공공임대,경북,40
2023-07,합,공공임대,경남,0
2023-07,합,공공임대,제주,0
2023-07,합,공공분양,전국,1,514
2023-07,합,공공분양,서울,0
2023-07,합,공공분양,인천,0
2023-07,합,공공분양,경기,1,112
2023-07,합,공공분양,부산,0
2023-07,합,공공분양,대구,0
2023-07,합,공공분양,광주,0
2023-07,합,공공분양,대전,0
2023-07,합,공공분양,울산,0
2023-07,합,공공분양,세종,0
2023-07,합,공공분양,강원,0
2023-07,합,공공분양,충북,0
2023-07,합,공공분양,충남,0
2023-07,합,공공분양,전북,0
2023-07,합,공공분양,전남,0
2023-07,합,공공분양,경북,0
2023-07,합,공공분양,경남,402
2023-07,합,공공분양,제주,0
2023-07,지자체,소계,전국,0
2023-07,지자체,소계,서울,0
2023-07,지자체,소계,인천,0
2023-07,지자체,소계,경기,0
2023-07,지자체,소계,부산,0
2023-07,지자체,소계,대구,0
2023-07,지자체,소계,광주,0
2023-07,지자체,소계,대전,0
2023-07,지자체,소계,울산,0
2023-07,지자체,소계,세종,0
2023-07,지자체,소계,강원,0
2023-07,지자체,소계,충북,0
2023-07,지자체,소계,충남,0
2023-07,지자체,소계,전북,0
2023-07,지자체,소계,전남,0
2023-07,지자체,소계,경북,0
2023-07,지자체,소계,경남,0
2023-07,지자체,소계,제주,0
2023-07,지자체,국민임대,전국,0
2023-07,지자체,국민임대,서울,0
2023-07,지자체,국민임대,인천,0
2023-07,지자체,국민임대,경기,0
2023-07,지자체,국민임대,부산,0
2023-07,지자체,국민임대,대구,0
2023-07,지자체,국민임대,광주,0
2023-07,지자체,국민임대,대전,0
2023-07,지자체,국민임대,울산,0
2023-07,지자체,국민임대,세종,0
2023-07,지자체,국민임대,강원,0
2023-07,지자체,국민임대,충북,0
2023-07,지자체,국민임대,충남,0
2023-07,지자체,국민임대,전북,0
2023-07,지자체,국민임대,전남,0
2023-07,지자체,국민임대,경북,0
2023-07,지자체,국민임대,경남,0
2023-07,지자체,국민임대,제주,0
2023-07,지자체,공공임대,전국,0
2023-07,지자체,공공임대,서울,0
2023-07,지자체,공공임대,인천,0
2023-07,지자체,공공임대,경기,0
2023-07,지자체,공공임대,부산,0
2023-07,지자체,공공임대,대구,0
2023-07,지자체,공공임대,광주,0
2023-07,지자체,공공임대,대전,0
2023-07,지자체,공공임대,울산,0
2023-07,지자체,공공임대,세종,0
2023-07,지자체,공공임대,강원,0
2023-07,지자체,공공임대,충북,0
2023-07,지자체,공공임대,충남,0
2023-07,지자체,공공임대,전북,0
2023-07,지자체,공공임대,전남,0
2023-07,지자체,공공임대,경북,0
2023-07,지자체,공공임대,경남,0
2023-07,지자체,공공임대,제주,0
2023-07,지자체,공공분양,전국,0
2023-07,지자체,공공분양,서울,0
2023-07,지자체,공공분양,인천,0
2023-07,지자체,공공분양,경기,0
2023-07,지자체,공공분양,부산,0
2023-07,지자체,공공분양,대구,0
2023-07,지자체,공공분양,광주,0
2023-07,지자체,공공분양,대전,0
2023-07,지자체,공공분양,울산,0
2023-07,지자체,공공분양,세종,0
2023-07,지자체,공공분양,강원,0
2023-07,지자체,공공분양,충북,0
2023-07,지자체,공공분양,충남,0
2023-07,지자체,공공분양,전북,0
2023-07,지자체,공공분양,전남,0
2023-07,지자체,공공분양,경북,0
2023-07,지자체,공공분양,경남,0
2023-07,지자체,공공분양,제주,0
2023-07,LH,소계,전국,2,894
2023-07,LH,소계,서울,0
2023-07,LH,소계,인천,0
2023-07,LH,소계,경기,2,372
2023-07,LH,소계,부산,0
2023-07,LH,소계,대구,0
2023-07,LH,소계,광주,0
2023-07,LH,소계,대전,0
2023-07,LH,소계,울산,0
2023-07,LH,소계,세종,0
2023-07,LH,소계,강원,0
2023-07,LH,소계,충북,0
2023-07,LH,소계,충남,0
2023-07,LH,소계,전북,120
2023-07,LH,소계,전남,0
2023-07,LH,소계,경북,0
2023-07,LH,소계,경남,402
2023-07,LH,소계,제주,0
2023-07,LH,국민임대,전국,100
2023-07,LH,국민임대,서울,0
2023-07,LH,국민임대,인천,0
2023-07,LH,국민임대,경기,0
2023-07,LH,국민임대,부산,0
2023-07,LH,국민임대,대구,0
2023-07,LH,국민임대,광주,0
2023-07,LH,국민임대,대전,0
2023-07,LH,국민임대,울산,0
2023-07,LH,국민임대,세종,0
2023-07,LH,국민임대,강원,0
2023-07,LH,국민임대,충북,0
2023-07,LH,국민임대,충남,0
2023-07,LH,국민임대,전북,100
2023-07,LH,국민임대,전남,0
2023-07,LH,국민임대,경북,0
2023-07,LH,국민임대,경남,0
2023-07,LH,국민임대,제주,0
2023-07,LH,공공임대,전국,1,280
2023-07,LH,공공임대,서울,0
2023-07,LH,공공임대,인천,0
2023-07,LH,공공임대,경기,1,260
2023-07,LH,공공임대,부산,0
2023-07,LH,공공임대,대구,0
2023-07,LH,공공임대,광주,0
2023-07,LH,공공임대,대전,0
2023-07,LH,공공임대,울산,0
2023-07,LH,공공임대,세종,0
2023-07,LH,공공임대,강원,0
2023-07,LH,공공임대,충북,0
2023-07,LH,공공임대,충남,0
2023-07,LH,공공임대,전북,20
2023-07,LH,공공임대,전남,0
2023-07,LH,공공임대,경북,0
2023-07,LH,공공임대,경남,0
2023-07,LH,공공임대,제주,0
2023-07,LH,공공분양,전국,1,514
2023-07,LH,공공분양,서울,0
2023-07,LH,공공분양,인천,0
2023-07,LH,공공분양,경기,1,112
2023-07,LH,공공분양,부산,0
2023-07,LH,공공분양,대구,0
2023-07,LH,공공분양,광주,0
2023-07,LH,공공분양,대전,0
2023-07,LH,공공분양,울산,0
2023-07,LH,공공분양,세종,0
2023-07,LH,공공분양,강원,0
2023-07,LH,공공분양,충북,0
2023-07,LH,공공분양,충남,0
2023-07,LH,공공분양,전북,0
2023-07,LH,공공분양,전남,0
2023-07,LH,공공분양,경북,0
2023-07,LH,공공분양,경남,402
2023-07,LH,공공분양,제주,0
2023-07,주택업체,소계,전국,2,439
2023-07,주택업체,소계,서울,1,775
2023-07,주택업체,소계,인천,0
2023-07,주택업체,소계,경기,472
2023-07,주택업체,소계,부산,152
2023-07,주택업체,소계,대구,0
2023-07,주택업체,소계,광주,0
2023-07,주택업체,소계,대전,0
2023-07,주택업체,소계,울산,0
2023-07,주택업체,소계,세종,0
2023-07,주택업체,소계,강원,0
2023-07,주택업체,소계,충북,0
2023-07,주택업체,소계,충남,0
2023-07,주택업체,소계,전북,0
2023-07,주택업체,소계,전남,0
2023-07,주택업체,소계,경북,40
2023-07,주택업체,소계,경남,0
2023-07,주택업체,소계,제주,0
2023-07,주택업체,국민임대,전국,0
2023-07,주택업체,국민임대,서울,0
2023-07,주택업체,국민임대,인천,0
2023-07,주택업체,국민임대,경기,0
2023-07,주택업체,국민임대,부산,0
2023-07,주택업체,국민임대,대구,0
2023-07,주택업체,국민임대,광주,0
2023-07,주택업체,국민임대,대전,0
2023-07,주택업체,국민임대,울산,0
2023-07,주택업체,국민임대,세종,0
2023-07,주택업체,국민임대,강원,0
2023-07,주택업체,국민임대,충북,0
2023-07,주택업체,국민임대,충남,0
2023-07,주택업체,국민임대,전북,0
2023-07,주택업체,국민임대,전남,0
2023-07,주택업체,국민임대,경북,0
2023-07,주택업체,국민임대,경남,0
2023-07,주택업체,국민임대,제주,0
2023-07,주택업체,공공임대,전국,2,439
2023-07,주택업체,공공임대,서울,1,775
2023-07,주택업체,공공임대,인천,0
2023-07,주택업체,공공임대,경기,472
2023-07,주택업체,공공임대,부산,152
2023-07,주택업체,공공임대,대구,0
2023-07,주택업체,공공임대,광주,0
2023-07,주택업체,공공임대,대전,0
2023-07,주택업체,공공임대,울산,0
2023-07,주택업체,공공임대,세종,0
2023-07,주택업체,공공임대,강원,0
2023-07,주택업체,공공임대,충북,0
2023-07,주택업체,공공임대,충남,0
2023-07,주택업체,공공임대,전북,0
2023-07,주택업체,공공임대,전남,0
2023-07,주택업체,공공임대,경북,40
2023-07,주택업체,공공임대,경남,0
2023-07,주택업체,공공임대,제주,0
2023-07,주택업체,공공분양,전국,0
2023-07,주택업체,공공분양,서울,0
2023-07,주택업체,공공분양,인천,0
2023-07,주택업체,공공분양,경기,0
2023-07,주택업체,공공분양,부산,0
2023-07,주택업체,공공분양,대구,0
2023-07,주택업체,공공분양,광주,0
2023-07,주택업체,공공분양,대전,0
2023-07,주택업체,공공분양,울산,0
2023-07,주택업체,공공분양,세종,0
2023-07,주택업체,공공분양,강원,0
2023-07,주택업체,공공분양,충북,0
2023-07,주택업체,공공분양,충남,0
2023-07,주택업체,공공분양,전북,0
2023-07,주택업체,공공분양,전남,0
2023-07,주택업체,공공분양,경북,0
2023-07,주택업체,공공분양,경남,0
2023-07,주택업체,공공분양,제주,0
2023-07,민간부문,소계,전국,33,018
2023-07,민간부문,소계,서울,8,834
2023-07,민간부문,소계,인천,2,642
2023-07,민간부문,소계,경기,4,831
2023-07,민간부문,소계,부산,1,155
2023-07,민간부문,소계,대구,1,991
2023-07,민간부문,소계,광주,621
2023-07,민간부문,소계,대전,90
2023-07,민간부문,소계,울산,415
2023-07,민간부문,소계,세종,24
2023-07,민간부문,소계,강원,277
2023-07,민간부문,소계,충북,2,363
2023-07,민간부문,소계,충남,5,614
2023-07,민간부문,소계,전북,897
2023-07,민간부문,소계,전남,852
2023-07,민간부문,소계,경북,1,133
2023-07,민간부문,소계,경남,1,036
2023-07,민간부문,소계,제주,243
2023-07,민간,민간임대,전국,2,424
2023-07,민간,민간임대,서울,957
2023-07,민간,민간임대,인천,0
2023-07,민간,민간임대,경기,0
2023-07,민간,민간임대,부산,0
2023-07,민간,민간임대,대구,0
2023-07,민간,민간임대,광주,0
2023-07,민간,민간임대,대전,0
2023-07,민간,민간임대,울산,0
2023-07,민간,민간임대,세종,0
2023-07,민간,민간임대,강원,0
2023-07,민간,민간임대,충북,545
2023-07,민간,민간임대,충남,922
2023-07,민간,민간임대,전북,0
2023-07,민간,민간임대,전남,0
2023-07,민간,민간임대,경북,0
2023-07,민간,민간임대,경남,0
2023-07,민간,민간임대,제주,0
2023-07,민간,민간분양,전국,30,594
2023-07,민간,민간분양,서울,7,877
2023-07,민간,민간분양,인천,2,642
2023-07,민간,민간분양,경기,4,831
2023-07,민간,민간분양,부산,1,155
2023-07,민간,민간분양,대구,1,991
2023-07,민간,민간분양,광주,621
2023-07,민간,민간분양,대전,90
2023-07,민간,민간분양,울산,415
2023-07,민간,민간분양,세종,24
2023-07,민간,민간분양,강원,277
2023-07,민간,민간분양,충북,1,818
2023-07,민간,민간분양,충남,4,692
2023-07,민간,민간분양,전북,897
2023-07,민간,민간분양,전남,852
2023-07,민간,민간분양,경북,1,133
2023-07,민간,민간분양,경남,1,036
2023-07,민간,민간분양,제주,243
2023-08,총계,총계,전국,35,593
2023-08,총계,총계,서울,5,001
2023-08,총계,총계,인천,2,119
2023-08,총계,총계,경기,15,554
2023-08,총계,총계,부산,265
2023-08,총계,총계,대구,4,744
2023-08,총계,총계,광주,39
2023-08,총계,총계,대전,64
2023-08,총계,총계,울산,44
2023-08,총계,총계,세종,10
2023-08,총계,총계,강원,1,788
2023-08,총계,총계,충북,225
2023-08,총계,총계,충남,2,181
2023-08,총계,총계,전북,555
2023-08,총계,총계,전남,507
2023-08,총계,총계,경북,307
2023-08,총계,총계,경남,1,755
2023-08,총계,총계,제주,435
2023-08,공공부문,소계,전국,8,349
2023-08,공공부문,소계,서울,0
2023-08,공공부문,소계,인천,510
2023-08,공공부문,소계,경기,5,939
2023-08,공공부문,소계,부산,0
2023-08,공공부문,소계,대구,0
2023-08,공공부문,소계,광주,0
2023-08,공공부문,소계,대전,0
2023-08,공공부문,소계,울산,0
2023-08,공공부문,소계,세종,0
2023-08,공공부문,소계,강원,650
2023-08,공공부문,소계,충북,0
2023-08,공공부문,소계,충남,884
2023-08,공공부문,소계,전북,128
2023-08,공공부문,소계,전남,0
2023-08,공공부문,소계,경북,0
2023-08,공공부문,소계,경남,150
2023-08,공공부문,소계,제주,88
2023-08,합,국민임대,전국,120
2023-08,합,국민임대,서울,0
2023-08,합,국민임대,인천,0
2023-08,합,국민임대,경기,0
2023-08,합,국민임대,부산,0
2023-08,합,국민임대,대구,0
2023-08,합,국민임대,광주,0
2023-08,합,국민임대,대전,0
2023-08,합,국민임대,울산,0
2023-08,합,국민임대,세종,0
2023-08,합,국민임대,강원,0
2023-08,합,국민임대,충북,0
2023-08,합,국민임대,충남,0
2023-08,합,국민임대,전북,0
2023-08,합,국민임대,전남,0
2023-08,합,국민임대,경북,0
2023-08,합,국민임대,경남,120
2023-08,합,국민임대,제주,0
2023-08,합,공공임대,전국,4,714
2023-08,합,공공임대,서울,0
2023-08,합,공공임대,인천,510
2023-08,합,공공임대,경기,2,424
2023-08,합,공공임대,부산,0
2023-08,합,공공임대,대구,0
2023-08,합,공공임대,광주,0
2023-08,합,공공임대,대전,0
2023-08,합,공공임대,울산,0
2023-08,합,공공임대,세종,0
2023-08,합,공공임대,강원,650
2023-08,합,공공임대,충북,0
2023-08,합,공공임대,충남,884
2023-08,합,공공임대,전북,128
2023-08,합,공공임대,전남,0
2023-08,합,공공임대,경북,0
2023-08,합,공공임대,경남,30
2023-08,합,공공임대,제주,88
2023-08,합,공공분양,전국,3,515
2023-08,합,공공분양,서울,0
2023-08,합,공공분양,인천,0
2023-08,합,공공분양,경기,3,515
2023-08,합,공공분양,부산,0
2023-08,합,공공분양,대구,0
2023-08,합,공공분양,광주,0
2023-08,합,공공분양,대전,0
2023-08,합,공공분양,울산,0
2023-08,합,공공분양,세종,0
2023-08,합,공공분양,강원,0
2023-08,합,공공분양,충북,0
2023-08,합,공공분양,충남,0
2023-08,합,공공분양,전북,0
2023-08,합,공공분양,전남,0
2023-08,합,공공분양,경북,0
2023-08,합,공공분양,경남,0
2023-08,합,공공분양,제주,0
2023-08,지자체,소계,전국,0
2023-08,지자체,소계,서울,0
2023-08,지자체,소계,인천,0
2023-08,지자체,소계,경기,0
2023-08,지자체,소계,부산,0
2023-08,지자체,소계,대구,0
2023-08,지자체,소계,광주,0
2023-08,지자체,소계,대전,0
2023-08,지자체,소계,울산,0
2023-08,지자체,소계,세종,0
2023-08,지자체,소계,강원,0
2023-08,지자체,소계,충북,0
2023-08,지자체,소계,충남,0
2023-08,지자체,소계,전북,0
2023-08,지자체,소계,전남,0
2023-08,지자체,소계,경북,0
2023-08,지자체,소계,경남,0
2023-08,지자체,소계,제주,0
2023-08,지자체,국민임대,전국,0
2023-08,지자체,국민임대,서울,0
2023-08,지자체,국민임대,인천,0
2023-08,지자체,국민임대,경기,0
2023-08,지자체,국민임대,부산,0
2023-08,지자체,국민임대,대구,0
2023-08,지자체,국민임대,광주,0
2023-08,지자체,국민임대,대전,0
2023-08,지자체,국민임대,울산,0
2023-08,지자체,국민임대,세종,0
2023-08,지자체,국민임대,강원,0
2023-08,지자체,국민임대,충북,0
2023-08,지자체,국민임대,충남,0
2023-08,지자체,국민임대,전북,0
2023-08,지자체,국민임대,전남,0
2023-08,지자체,국민임대,경북,0
2023-08,지자체,국민임대,경남,0
2023-08,지자체,국민임대,제주,0
2023-08,지자체,공공임대,전국,0
2023-08,지자체,공공임대,서울,0
2023-08,지자체,공공임대,인천,0
2023-08,지자체,공공임대,경기,0
2023-08,지자체,공공임대,부산,0
2023-08,지자체,공공임대,대구,0
2023-08,지자체,공공임대,광주,0
2023-08,지자체,공공임대,대전,0
2023-08,지자체,공공임대,울산,0
2023-08,지자체,공공임대,세종,0
2023-08,지자체,공공임대,강원,0
2023-08,지자체,공공임대,충북,0
2023-08,지자체,공공임대,충남,0
2023-08,지자체,공공임대,전북,0
2023-08,지자체,공공임대,전남,0
2023-08,지자체,공공임대,경북,0
2023-08,지자체,공공임대,경남,0
2023-08,지자체,공공임대,제주,0
2023-08,지자체,공공분양,전국,0
2023-08,지자체,공공분양,서울,0
2023-08,지자체,공공분양,인천,0
2023-08,지자체,공공분양,경기,0
2023-08,지자체,공공분양,부산,0
2023-08,지자체,공공분양,대구,0
2023-08,지자체,공공분양,광주,0
2023-08,지자체,공공분양,대전,0
2023-08,지자체,공공분양,울산,0
2023-08,지자체,공공분양,세종,0
2023-08,지자체,공공분양,강원,0
2023-08,지자체,공공분양,충북,0
2023-08,지자체,공공분양,충남,0
2023-08,지자체,공공분양,전북,0
2023-08,지자체,공공분양,전남,0
2023-08,지자체,공공분양,경북,0
2023-08,지자체,공공분양,경남,0
2023-08,지자체,공공분양,제주,0
2023-08,LH,소계,전국,3,606
2023-08,LH,소계,서울,0
2023-08,LH,소계,인천,510
2023-08,LH,소계,경기,1,846
2023-08,LH,소계,부산,0
2023-08,LH,소계,대구,0
2023-08,LH,소계,광주,0
2023-08,LH,소계,대전,0
2023-08,LH,소계,울산,0
2023-08,LH,소계,세종,0
2023-08,LH,소계,강원,0
2023-08,LH,소계,충북,0
2023-08,LH,소계,충남,884
2023-08,LH,소계,전북,128
2023-08,LH,소계,전남,0
2023-08,LH,소계,경북,0
2023-08,LH,소계,경남,150
2023-08,LH,소계,제주,88
2023-08,LH,국민임대,전국,120
2023-08,LH,국민임대,서울,0
2023-08,LH,국민임대,인천,0
2023-08,LH,국민임대,경기,0
2023-08,LH,국민임대,부산,0
2023-08,LH,국민임대,대구,0
2023-08,LH,국민임대,광주,0
2023-08,LH,국민임대,대전,0
2023-08,LH,국민임대,울산,0
2023-08,LH,국민임대,세종,0
2023-08,LH,국민임대,강원,0
2023-08,LH,국민임대,충북,0
2023-08,LH,국민임대,충남,0
2023-08,LH,국민임대,전북,0
2023-08,LH,국민임대,전남,0
2023-08,LH,국민임대,경북,0
2023-08,LH,국민임대,경남,120
2023-08,LH,국민임대,제주,0
2023-08,LH,공공임대,전국,3,156
2023-08,LH,공공임대,서울,0
2023-08,LH,공공임대,인천,510
2023-08,LH,공공임대,경기,1,516
2023-08,LH,공공임대,부산,0
2023-08,LH,공공임대,대구,0
2023-08,LH,공공임대,광주,0
2023-08,LH,공공임대,대전,0
2023-08,LH,공공임대,울산,0
2023-08,LH,공공임대,세종,0
2023-08,LH,공공임대,강원,0
2023-08,LH,공공임대,충북,0
2023-08,LH,공공임대,충남,884
2023-08,LH,공공임대,전북,128
2023-08,LH,공공임대,전남,0
2023-08,LH,공공임대,경북,0
2023-08,LH,공공임대,경남,30
2023-08,LH,공공임대,제주,88
2023-08,LH,공공분양,전국,330
2023-08,LH,공공분양,서울,0
2023-08,LH,공공분양,인천,0
2023-08,LH,공공분양,경기,330
2023-08,LH,공공분양,부산,0
2023-08,LH,공공분양,대구,0
2023-08,LH,공공분양,광주,0
2023-08,LH,공공분양,대전,0
2023-08,LH,공공분양,울산,0
2023-08,LH,공공분양,세종,0
2023-08,LH,공공분양,강원,0
2023-08,LH,공공분양,충북,0
2023-08,LH,공공분양,충남,0
2023-08,LH,공공분양,전북,0
2023-08,LH,공공분양,전남,0
2023-08,LH,공공분양,경북,0
2023-08,LH,공공분양,경남,0
2023-08,LH,공공분양,제주,0
2023-08,주택업체,소계,전국,4,743
2023-08,주택업체,소계,서울,0
2023-08,주택업체,소계,인천,0
2023-08,주택업체,소계,경기,4,093
2023-08,주택업체,소계,부산,0
2023-08,주택업체,소계,대구,0
2023-08,주택업체,소계,광주,0
2023-08,주택업체,소계,대전,0
2023-08,주택업체,소계,울산,0
2023-08,주택업체,소계,세종,0
2023-08,주택업체,소계,강원,650
2023-08,주택업체,소계,충북,0
2023-08,주택업체,소계,충남,0
2023-08,주택업체,소계,전북,0
2023-08,주택업체,소계,전남,0
2023-08,주택업체,소계,경북,0
2023-08,주택업체,소계,경남,0
2023-08,주택업체,소계,제주,0
2023-08,주택업체,국민임대,전국,0
2023-08,주택업체,국민임대,서울,0
2023-08,주택업체,국민임대,인천,0
2023-08,주택업체,국민임대,경기,0
2023-08,주택업체,국민임대,부산,0
2023-08,주택업체,국민임대,대구,0
2023-08,주택업체,국민임대,광주,0
2023-08,주택업체,국민임대,대전,0
2023-08,주택업체,국민임대,울산,0
2023-08,주택업체,국민임대,세종,0
2023-08,주택업체,국민임대,강원,0
2023-08,주택업체,국민임대,충북,0
2023-08,주택업체,국민임대,충남,0
2023-08,주택업체,국민임대,전북,0
2023-08,주택업체,국민임대,전남,0
2023-08,주택업체,국민임대,경북,0
2023-08,주택업체,국민임대,경남,0
2023-08,주택업체,국민임대,제주,0
2023-08,주택업체,공공임대,전국,1,558
2023-08,주택업체,공공임대,서울,0
2023-08,주택업체,공공임대,인천,0
2023-08,주택업체,공공임대,경기,908
2023-08,주택업체,공공임대,부산,0
2023-08,주택업체,공공임대,대구,0
2023-08,주택업체,공공임대,광주,0
2023-08,주택업체,공공임대,대전,0
2023-08,주택업체,공공임대,울산,0
2023-08,주택업체,공공임대,세종,0
2023-08,주택업체,공공임대,강원,650
2023-08,주택업체,공공임대,충북,0
2023-08,주택업체,공공임대,충남,0
2023-08,주택업체,공공임대,전북,0
2023-08,주택업체,공공임대,전남,0
2023-08,주택업체,공공임대,경북,0
2023-08,주택업체,공공임대,경남,0
2023-08,주택업체,공공임대,제주,0
2023-08,주택업체,공공분양,전국,3,185
2023-08,주택업체,공공분양,서울,0
2023-08,주택업체,공공분양,인천,0
2023-08,주택업체,공공분양,경기,3,185
2023-08,주택업체,공공분양,부산,0
2023-08,주택업체,공공분양,대구,0
2023-08,주택업체,공공분양,광주,0
2023-08,주택업체,공공분양,대전,0
2023-08,주택업체,공공분양,울산,0
2023-08,주택업체,공공분양,세종,0
2023-08,주택업체,공공분양,강원,0
2023-08,주택업체,공공분양,충북,0
2023-08,주택업체,공공분양,충남,0
2023-08,주택업체,공공분양,전북,0
2023-08,주택업체,공공분양,전남,0
2023-08,주택업체,공공분양,경북,0
2023-08,주택업체,공공분양,경남,0
2023-08,주택업체,공공분양,제주,0
2023-08,민간부문,소계,전국,27,244
2023-08,민간부문,소계,서울,5,001
2023-08,민간부문,소계,인천,1,609
2023-08,민간부문,소계,경기,9,615
2023-08,민간부문,소계,부산,265
2023-08,민간부문,소계,대구,4,744
2023-08,민간부문,소계,광주,39
2023-08,민간부문,소계,대전,64
2023-08,민간부문,소계,울산,44
2023-08,민간부문,소계,세종,10
2023-08,민간부문,소계,강원,1,138
2023-08,민간부문,소계,충북,225
2023-08,민간부문,소계,충남,1,297
2023-08,민간부문,소계,전북,427
2023-08,민간부문,소계,전남,507
2023-08,민간부문,소계,경북,307
2023-08,민간부문,소계,경남,1,605
2023-08,민간부문,소계,제주,347
2023-08,민간,민간임대,전국,2,606
2023-08,민간,민간임대,서울,0
2023-08,민간,민간임대,인천,765
2023-08,민간,민간임대,경기,0
2023-08,민간,민간임대,부산,0
2023-08,민간,민간임대,대구,1,265
2023-08,민간,민간임대,광주,0
2023-08,민간,민간임대,대전,0
2023-08,민간,민간임대,울산,0
2023-08,민간,민간임대,세종,0
2023-08,민간,민간임대,강원,576
2023-08,민간,민간임대,충북,0
2023-08,민간,민간임대,충남,0
2023-08,민간,민간임대,전북,0
2023-08,민간,민간임대,전남,0
2023-08,민간,민간임대,경북,0
2023-08,민간,민간임대,경남,0
2023-08,민간,민간임대,제주,0
2023-08,민간,민간분양,전국,24,638
2023-08,민간,민간분양,서울,5,001
2023-08,민간,민간분양,인천,844
2023-08,민간,민간분양,경기,9,615
2023-08,민간,민간분양,부산,265
2023-08,민간,민간분양,대구,3,479
2023-08,민간,민간분양,광주,39
2023-08,민간,민간분양,대전,64
2023-08,민간,민간분양,울산,44
2023-08,민간,민간분양,세종,10
2023-08,민간,민간분양,강원,562
2023-08,민간,민간분양,충북,225
2023-08,민간,민간분양,충남,1,297
2023-08,민간,민간분양,전북,427
2023-08,민간,민간분양,전남,507
2023-08,민간,민간분양,경북,307
2023-08,민간,민간분양,경남,1,605
2023-08,민간,민간분양,제주,347
2023-09,총계,총계,전국,25,323
2023-09,총계,총계,서울,1,939
2023-09,총계,총계,인천,1,314
2023-09,총계,총계,경기,7,228
2023-09,총계,총계,부산,3,182
2023-09,총계,총계,대구,2,349
2023-09,총계,총계,광주,96
2023-09,총계,총계,대전,42
2023-09,총계,총계,울산,21
2023-09,총계,총계,세종,486
2023-09,총계,총계,강원,282
2023-09,총계,총계,충북,807
2023-09,총계,총계,충남,2,505
2023-09,총계,총계,전북,1,646
2023-09,총계,총계,전남,1,211
2023-09,총계,총계,경북,268
2023-09,총계,총계,경남,1,527
2023-09,총계,총계,제주,420
2023-09,공공부문,소계,전국,4,672
2023-09,공공부문,소계,서울,523
2023-09,공공부문,소계,인천,246
2023-09,공공부문,소계,경기,1,557
2023-09,공공부문,소계,부산,1,766
2023-09,공공부문,소계,대구,0
2023-09,공공부문,소계,광주,0
2023-09,공공부문,소계,대전,0
2023-09,공공부문,소계,울산,0
2023-09,공공부문,소계,세종,0
2023-09,공공부문,소계,강원,0
2023-09,공공부문,소계,충북,80
2023-09,공공부문,소계,충남,0
2023-09,공공부문,소계,전북,398
2023-09,공공부문,소계,전남,102
2023-09,공공부문,소계,경북,0
2023-09,공공부문,소계,경남,0
2023-09,공공부문,소계,제주,0
2023-09,합,국민임대,전국,958
2023-09,합,국민임대,서울,0
2023-09,합,국민임대,인천,0
2023-09,합,국민임대,경기,576
2023-09,합,국민임대,부산,0
2023-09,합,국민임대,대구,0
2023-09,합,국민임대,광주,0
2023-09,합,국민임대,대전,0
2023-09,합,국민임대,울산,0
2023-09,합,국민임대,세종,0
2023-09,합,국민임대,강원,0
2023-09,합,국민임대,충북,0
2023-09,합,국민임대,충남,0
2023-09,합,국민임대,전북,300
2023-09,합,국민임대,전남,82
2023-09,합,국민임대,경북,0
2023-09,합,국민임대,경남,0
2023-09,합,국민임대,제주,0
2023-09,합,공공임대,전국,2,466
2023-09,합,공공임대,서울,175
2023-09,합,공공임대,인천,0
2023-09,합,공공임대,경기,327
2023-09,합,공공임대,부산,1,766
2023-09,합,공공임대,대구,0
2023-09,합,공공임대,광주,0
2023-09,합,공공임대,대전,0
2023-09,합,공공임대,울산,0
2023-09,합,공공임대,세종,0
2023-09,합,공공임대,강원,0
2023-09,합,공공임대,충북,80
2023-09,합,공공임대,충남,0
2023-09,합,공공임대,전북,98
2023-09,합,공공임대,전남,20
2023-09,합,공공임대,경북,0
2023-09,합,공공임대,경남,0
2023-09,합,공공임대,제주,0
2023-09,합,공공분양,전국,1,248
2023-09,합,공공분양,서울,348
2023-09,합,공공분양,인천,246
2023-09,합,공공분양,경기,654
2023-09,합,공공분양,부산,0
2023-09,합,공공분양,대구,0
2023-09,합,공공분양,광주,0
2023-09,합,공공분양,대전,0
2023-09,합,공공분양,울산,0
2023-09,합,공공분양,세종,0
2023-09,합,공공분양,강원,0
2023-09,합,공공분양,충북,0
2023-09,합,공공분양,충남,0
2023-09,합,공공분양,전북,0
2023-09,합,공공분양,전남,0
2023-09,합,공공분양,경북,0
2023-09,합,공공분양,경남,0
2023-09,합,공공분양,제주,0
2023-09,지자체,소계,전국,0
2023-09,지자체,소계,서울,0
2023-09,지자체,소계,인천,0
2023-09,지자체,소계,경기,0
2023-09,지자체,소계,부산,0
2023-09,지자체,소계,대구,0
2023-09,지자체,소계,광주,0
2023-09,지자체,소계,대전,0
2023-09,지자체,소계,울산,0
2023-09,지자체,소계,세종,0
2023-09,지자체,소계,강원,0
2023-09,지자체,소계,충북,0
2023-09,지자체,소계,충남,0
2023-09,지자체,소계,전북,0
2023-09,지자체,소계,전남,0
2023-09,지자체,소계,경북,0
2023-09,지자체,소계,경남,0
2023-09,지자체,소계,제주,0
2023-09,지자체,국민임대,전국,0
2023-09,지자체,국민임대,서울,0
2023-09,지자체,국민임대,인천,0
2023-09,지자체,국민임대,경기,0
2023-09,지자체,국민임대,부산,0
2023-09,지자체,국민임대,대구,0
2023-09,지자체,국민임대,광주,0
2023-09,지자체,국민임대,대전,0
2023-09,지자체,국민임대,울산,0
2023-09,지자체,국민임대,세종,0
2023-09,지자체,국민임대,강원,0
2023-09,지자체,국민임대,충북,0
2023-09,지자체,국민임대,충남,0
2023-09,지자체,국민임대,전북,0
2023-09,지자체,국민임대,전남,0
2023-09,지자체,국민임대,경북,0
2023-09,지자체,국민임대,경남,0
2023-09,지자체,국민임대,제주,0
2023-09,지자체,공공임대,전국,0
2023-09,지자체,공공임대,서울,0
2023-09,지자체,공공임대,인천,0
2023-09,지자체,공공임대,경기,0
2023-09,지자체,공공임대,부산,0
2023-09,지자체,공공임대,대구,0
2023-09,지자체,공공임대,광주,0
2023-09,지자체,공공임대,대전,0
2023-09,지자체,공공임대,울산,0
2023-09,지자체,공공임대,세종,0
2023-09,지자체,공공임대,강원,0
2023-09,지자체,공공임대,충북,0
2023-09,지자체,공공임대,충남,0
2023-09,지자체,공공임대,전북,0
2023-09,지자체,공공임대,전남,0
2023-09,지자체,공공임대,경북,0
2023-09,지자체,공공임대,경남,0
2023-09,지자체,공공임대,제주,0
2023-09,지자체,공공분양,전국,0
2023-09,지자체,공공분양,서울,0
2023-09,지자체,공공분양,인천,0
2023-09,지자체,공공분양,경기,0
2023-09,지자체,공공분양,부산,0
2023-09,지자체,공공분양,대구,0
2023-09,지자체,공공분양,광주,0
2023-09,지자체,공공분양,대전,0
2023-09,지자체,공공분양,울산,0
2023-09,지자체,공공분양,세종,0
2023-09,지자체,공공분양,강원,0
2023-09,지자체,공공분양,충북,0
2023-09,지자체,공공분양,충남,0
2023-09,지자체,공공분양,전북,0
2023-09,지자체,공공분양,전남,0
2023-09,지자체,공공분양,경북,0
2023-09,지자체,공공분양,경남,0
2023-09,지자체,공공분양,제주,0
2023-09,LH,소계,전국,2,906
2023-09,LH,소계,서울,523
2023-09,LH,소계,인천,246
2023-09,LH,소계,경기,1,557
2023-09,LH,소계,부산,0
2023-09,LH,소계,대구,0
2023-09,LH,소계,광주,0
2023-09,LH,소계,대전,0
2023-09,LH,소계,울산,0
2023-09,LH,소계,세종,0
2023-09,LH,소계,강원,0
2023-09,LH,소계,충북,80
2023-09,LH,소계,충남,0
2023-09,LH,소계,전북,398
2023-09,LH,소계,전남,102
2023-09,LH,소계,경북,0
2023-09,LH,소계,경남,0
2023-09,LH,소계,제주,0
2023-09,LH,국민임대,전국,958
2023-09,LH,국민임대,서울,0
2023-09,LH,국민임대,인천,0
2023-09,LH,국민임대,경기,576
2023-09,LH,국민임대,부산,0
2023-09,LH,국민임대,대구,0
2023-09,LH,국민임대,광주,0
2023-09,LH,국민임대,대전,0
2023-09,LH,국민임대,울산,0
2023-09,LH,국민임대,세종,0
2023-09,LH,국민임대,강원,0
2023-09,LH,국민임대,충북,0
2023-09,LH,국민임대,충남,0
2023-09,LH,국민임대,전북,300
2023-09,LH,국민임대,전남,82
2023-09,LH,국민임대,경북,0
2023-09,LH,국민임대,경남,0
2023-09,LH,국민임대,제주,0
2023-09,LH,공공임대,전국,700
2023-09,LH,공공임대,서울,175
2023-09,LH,공공임대,인천,0
2023-09,LH,공공임대,경기,327
2023-09,LH,공공임대,부산,0
2023-09,LH,공공임대,대구,0
2023-09,LH,공공임대,광주,0
2023-09,LH,공공임대,대전,0
2023-09,LH,공공임대,울산,0
2023-09,LH,공공임대,세종,0
2023-09,LH,공공임대,강원,0
2023-09,LH,공공임대,충북,80
2023-09,LH,공공임대,충남,0
2023-09,LH,공공임대,전북,98
2023-09,LH,공공임대,전남,20
2023-09,LH,공공임대,경북,0
2023-09,LH,공공임대,경남,0
2023-09,LH,공공임대,제주,0
2023-09,LH,공공분양,전국,1,248
2023-09,LH,공공분양,서울,348
2023-09,LH,공공분양,인천,246
2023-09,LH,공공분양,경기,654
2023-09,LH,공공분양,부산,0
2023-09,LH,공공분양,대구,0
2023-09,LH,공공분양,광주,0
2023-09,LH,공공분양,대전,0
2023-09,LH,공공분양,울산,0
2023-09,LH,공공분양,세종,0
2023-09,LH,공공분양,강원,0
2023-09,LH,공공분양,충북,0
2023-09,LH,공공분양,충남,0
2023-09,LH,공공분양,전북,0
2023-09,LH,공공분양,전남,0
2023-09,LH,공공분양,경북,0
2023-09,LH,공공분양,경남,0
2023-09,LH,공공분양,제주,0
2023-09,주택업체,소계,전국,1,766
2023-09,주택업체,소계,서울,0
2023-09,주택업체,소계,인천,0
2023-09,주택업체,소계,경기,0
2023-09,주택업체,소계,부산,1,766
2023-09,주택업체,소계,대구,0
2023-09,주택업체,소계,광주,0
2023-09,주택업체,소계,대전,0
2023-09,주택업체,소계,울산,0
2023-09,주택업체,소계,세종,0
2023-09,주택업체,소계,강원,0
2023-09,주택업체,소계,충북,0
2023-09,주택업체,소계,충남,0
2023-09,주택업체,소계,전북,0
2023-09,주택업체,소계,전남,0
2023-09,주택업체,소계,경북,0
2023-09,주택업체,소계,경남,0
2023-09,주택업체,소계,제주,0
2023-09,주택업체,국민임대,전국,0
2023-09,주택업체,국민임대,서울,0
2023-09,주택업체,국민임대,인천,0
2023-09,주택업체,국민임대,경기,0
2023-09,주택업체,국민임대,부산,0
2023-09,주택업체,국민임대,대구,0
2023-09,주택업체,국민임대,광주,0
2023-09,주택업체,국민임대,대전,0
2023-09,주택업체,국민임대,울산,0
2023-09,주택업체,국민임대,세종,0
2023-09,주택업체,국민임대,강원,0
2023-09,주택업체,국민임대,충북,0
2023-09,주택업체,국민임대,충남,0
2023-09,주택업체,국민임대,전북,0
2023-09,주택업체,국민임대,전남,0
2023-09,주택업체,국민임대,경북,0
2023-09,주택업체,국민임대,경남,0
2023-09,주택업체,국민임대,제주,0
2023-09,주택업체,공공임대,전국,1,766
2023-09,주택업체,공공임대,서울,0
2023-09,주택업체,공공임대,인천,0
2023-09,주택업체,공공임대,경기,0
2023-09,주택업체,공공임대,부산,1,766
2023-09,주택업체,공공임대,대구,0
2023-09,주택업체,공공임대,광주,0
2023-09,주택업체,공공임대,대전,0
2023-09,주택업체,공공임대,울산,0
2023-09,주택업체,공공임대,세종,0
2023-09,주택업체,공공임대,강원,0
2023-09,주택업체,공공임대,충북,0
2023-09,주택업체,공공임대,충남,0
2023-09,주택업체,공공임대,전북,0
2023-09,주택업체,공공임대,전남,0
2023-09,주택업체,공공임대,경북,0
2023-09,주택업체,공공임대,경남,0
2023-09,주택업체,공공임대,제주,0
2023-09,주택업체,공공분양,전국,0
2023-09,주택업체,공공분양,서울,0
2023-09,주택업체,공공분양,인천,0
2023-09,주택업체,공공분양,경기,0
2023-09,주택업체,공공분양,부산,0
2023-09,주택업체,공공분양,대구,0
2023-09,주택업체,공공분양,광주,0
2023-09,주택업체,공공분양,대전,0
2023-09,주택업체,공공분양,울산,0
2023-09,주택업체,공공분양,세종,0
2023-09,주택업체,공공분양,강원,0
2023-09,주택업체,공공분양,충북,0
2023-09,주택업체,공공분양,충남,0
2023-09,주택업체,공공분양,전북,0
2023-09,주택업체,공공분양,전남,0
2023-09,주택업체,공공분양,경북,0
2023-09,주택업체,공공분양,경남,0
2023-09,주택업체,공공분양,제주,0
2023-09,민간부문,소계,전국,20,651
2023-09,민간부문,소계,서울,1,416
2023-09,민간부문,소계,인천,1,068
2023-09,민간부문,소계,경기,5,671
2023-09,민간부문,소계,부산,1,416
2023-09,민간부문,소계,대구,2,349
2023-09,민간부문,소계,광주,96
2023-09,민간부문,소계,대전,42
2023-09,민간부문,소계,울산,21
2023-09,민간부문,소계,세종,486
2023-09,민간부문,소계,강원,282
2023-09,민간부문,소계,충북,727
2023-09,민간부문,소계,충남,2,505
2023-09,민간부문,소계,전북,1,248
2023-09,민간부문,소계,전남,1,109
2023-09,민간부문,소계,경북,268
2023-09,민간부문,소계,경남,1,527
2023-09,민간부문,소계,제주,420
2023-09,민간,민간임대,전국,1,720
2023-09,민간,민간임대,서울,0
2023-09,민간,민간임대,인천,0
2023-09,민간,민간임대,경기,1,720
2023-09,민간,민간임대,부산,0
2023-09,민간,민간임대,대구,0
2023-09,민간,민간임대,광주,0
2023-09,민간,민간임대,대전,0
2023-09,민간,민간임대,울산,0
2023-09,민간,민간임대,세종,0
2023-09,민간,민간임대,강원,0
2023-09,민간,민간임대,충북,0
2023-09,민간,민간임대,충남,0
2023-09,민간,민간임대,전북,0
2023-09,민간,민간임대,전남,0
2023-09,민간,민간임대,경북,0
2023-09,민간,민간임대,경남,0
2023-09,민간,민간임대,제주,0
2023-09,민간,민간분양,전국,18,931
2023-09,민간,민간분양,서울,1,416
2023-09,민간,민간분양,인천,1,068
2023-09,민간,민간분양,경기,3,951
2023-09,민간,민간분양,부산,1,416
2023-09,민간,민간분양,대구,2,349
2023-09,민간,민간분양,광주,96
2023-09,민간,민간분양,대전,42
2023-09,민간,민간분양,울산,21
2023-09,민간,민간분양,세종,486
2023-09,민간,민간분양,강원,282
2023-09,민간,민간분양,충북,727
2023-09,민간,민간분양,충남,2,505
2023-09,민간,민간분양,전북,1,248
2023-09,민간,민간분양,전남,1,109
2023-09,민간,민간분양,경북,268
2023-09,민간,민간분양,경남,1,527
2023-09,민간,민간분양,제주,420
2023-10,총계,총계,전국,42,507
2023-10,총계,총계,서울,1,946
2023-10,총계,총계,인천,6,659
2023-10,총계,총계,경기,14,669
2023-10,총계,총계,부산,112
2023-10,총계,총계,대구,3,605
2023-10,총계,총계,광주,440
2023-10,총계,총계,대전,1,200
2023-10,총계,총계,울산,3,095
2023-10,총계,총계,세종,1,037
2023-10,총계,총계,강원,1,490
2023-10,총계,총계,충북,1,113
2023-10,총계,총계,충남,2,757
2023-10,총계,총계,전북,827
2023-10,총계,총계,전남,588
2023-10,총계,총계,경북,1,445
2023-10,총계,총계,경남,1,068
2023-10,총계,총계,제주,456
2023-10,공공부문,소계,전국,14,544
2023-10,공공부문,소계,서울,41
2023-10,공공부문,소계,인천,2,277
2023-10,공공부문,소계,경기,8,638
2023-10,공공부문,소계,부산,0
2023-10,공공부문,소계,대구,0
2023-10,공공부문,소계,광주,0
2023-10,공공부문,소계,대전,1,116
2023-10,공공부문,소계,울산,0
2023-10,공공부문,소계,세종,995
2023-10,공공부문,소계,강원,385
2023-10,공공부문,소계,충북,56
2023-10,공공부문,소계,충남,0
2023-10,공공부문,소계,전북,0
2023-10,공공부문,소계,전남,0
2023-10,공공부문,소계,경북,956
2023-10,공공부문,소계,경남,0
2023-10,공공부문,소계,제주,80
2023-10,합,국민임대,전국,2,073
2023-10,합,국민임대,서울,0
2023-10,합,국민임대,인천,0
2023-10,합,국민임대,경기,928
2023-10,합,국민임대,부산,0
2023-10,합,국민임대,대구,0
2023-10,합,국민임대,광주,0
2023-10,합,국민임대,대전,0
2023-10,합,국민임대,울산,0
2023-10,합,국민임대,세종,0
2023-10,합,국민임대,강원,189
2023-10,합,국민임대,충북,0
2023-10,합,국민임대,충남,0
2023-10,합,국민임대,전북,0
2023-10,합,국민임대,전남,0
2023-10,합,국민임대,경북,956
2023-10,합,국민임대,경남,0
2023-10,합,국민임대,제주,0
2023-10,합,공공임대,전국,3,126
2023-10,합,공공임대,서울,41
2023-10,합,공공임대,인천,0
2023-10,합,공공임대,경기,2,753
2023-10,합,공공임대,부산,0
2023-10,합,공공임대,대구,0
2023-10,합,공공임대,광주,0
2023-10,합,공공임대,대전,0
2023-10,합,공공임대,울산,0
2023-10,합,공공임대,세종,0
2023-10,합,공공임대,강원,196
2023-10,합,공공임대,충북,56
2023-10,합,공공임대,충남,0
2023-10,합,공공임대,전북,0
2023-10,합,공공임대,전남,0
2023-10,합,공공임대,경북,0
2023-10,합,공공임대,경남,0
2023-10,합,공공임대,제주,80
2023-10,합,공공분양,전국,9,345
2023-10,합,공공분양,서울,0
2023-10,합,공공분양,인천,2,277
2023-10,합,공공분양,경기,4,957
2023-10,합,공공분양,부산,0
2023-10,합,공공분양,대구,0
2023-10,합,공공분양,광주,0
2023-10,합,공공분양,대전,1,116
2023-10,합,공공분양,울산,0
2023-10,합,공공분양,세종,995
2023-10,합,공공분양,강원,0
2023-10,합,공공분양,충북,0
2023-10,합,공공분양,충남,0
2023-10,합,공공분양,전북,0
2023-10,합,공공분양,전남,0
2023-10,합,공공분양,경북,0
2023-10,합,공공분양,경남,0
2023-10,합,공공분양,제주,0
2023-10,지자체,소계,전국,0
2023-10,지자체,소계,서울,0
2023-10,지자체,소계,인천,0
2023-10,지자체,소계,경기,0
2023-10,지자체,소계,부산,0
2023-10,지자체,소계,대구,0
2023-10,지자체,소계,광주,0
2023-10,지자체,소계,대전,0
2023-10,지자체,소계,울산,0
2023-10,지자체,소계,세종,0
2023-10,지자체,소계,강원,0
2023-10,지자체,소계,충북,0
2023-10,지자체,소계,충남,0
2023-10,지자체,소계,전북,0
2023-10,지자체,소계,전남,0
2023-10,지자체,소계,경북,0
2023-10,지자체,소계,경남,0
2023-10,지자체,소계,제주,0
2023-10,지자체,국민임대,전국,0
2023-10,지자체,국민임대,서울,0
2023-10,지자체,국민임대,인천,0
2023-10,지자체,국민임대,경기,0
2023-10,지자체,국민임대,부산,0
2023-10,지자체,국민임대,대구,0
2023-10,지자체,국민임대,광주,0
2023-10,지자체,국민임대,대전,0
2023-10,지자체,국민임대,울산,0
2023-10,지자체,국민임대,세종,0
2023-10,지자체,국민임대,강원,0
2023-10,지자체,국민임대,충북,0
2023-10,지자체,국민임대,충남,0
2023-10,지자체,국민임대,전북,0
2023-10,지자체,국민임대,전남,0
2023-10,지자체,국민임대,경북,0
2023-10,지자체,국민임대,경남,0
2023-10,지자체,국민임대,제주,0
2023-10,지자체,공공임대,전국,0
2023-10,지자체,공공임대,서울,0
2023-10,지자체,공공임대,인천,0
2023-10,지자체,공공임대,경기,0
2023-10,지자체,공공임대,부산,0
2023-10,지자체,공공임대,대구,0
2023-10,지자체,공공임대,광주,0
2023-10,지자체,공공임대,대전,0
2023-10,지자체,공공임대,울산,0
2023-10,지자체,공공임대,세종,0
2023-10,지자체,공공임대,강원,0
2023-10,지자체,공공임대,충북,0
2023-10,지자체,공공임대,충남,0
2023-10,지자체,공공임대,전북,0
2023-10,지자체,공공임대,전남,0
2023-10,지자체,공공임대,경북,0
2023-10,지자체,공공임대,경남,0
2023-10,지자체,공공임대,제주,0
2023-10,지자체,공공분양,전국,0
2023-10,지자체,공공분양,서울,0
2023-10,지자체,공공분양,인천,0
2023-10,지자체,공공분양,경기,0
2023-10,지자체,공공분양,부산,0
2023-10,지자체,공공분양,대구,0
2023-10,지자체,공공분양,광주,0
2023-10,지자체,공공분양,대전,0
2023-10,지자체,공공분양,울산,0
2023-10,지자체,공공분양,세종,0
2023-10,지자체,공공분양,강원,0
2023-10,지자체,공공분양,충북,0
2023-10,지자체,공공분양,충남,0
2023-10,지자체,공공분양,전북,0
2023-10,지자체,공공분양,전남,0
2023-10,지자체,공공분양,경북,0
2023-10,지자체,공공분양,경남,0
2023-10,지자체,공공분양,제주,0
2023-10,LH,소계,전국,10,777
2023-10,LH,소계,서울,0
2023-10,LH,소계,인천,2,277
2023-10,LH,소계,경기,6,984
2023-10,LH,소계,부산,0
2023-10,LH,소계,대구,0
2023-10,LH,소계,광주,0
2023-10,LH,소계,대전,0
2023-10,LH,소계,울산,0
2023-10,LH,소계,세종,995
2023-10,LH,소계,강원,385
2023-10,LH,소계,충북,56
2023-10,LH,소계,충남,0
2023-10,LH,소계,전북,0
2023-10,LH,소계,전남,0
2023-10,LH,소계,경북,0
2023-10,LH,소계,경남,0
2023-10,LH,소계,제주,80
2023-10,LH,국민임대,전국,189
2023-10,LH,국민임대,서울,0
2023-10,LH,국민임대,인천,0
2023-10,LH,국민임대,경기,0
2023-10,LH,국민임대,부산,0
2023-10,LH,국민임대,대구,0
2023-10,LH,국민임대,광주,0
2023-10,LH,국민임대,대전,0
2023-10,LH,국민임대,울산,0
2023-10,LH,국민임대,세종,0
2023-10,LH,국민임대,강원,189
2023-10,LH,국민임대,충북,0
2023-10,LH,국민임대,충남,0
2023-10,LH,국민임대,전북,0
2023-10,LH,국민임대,전남,0
2023-10,LH,국민임대,경북,0
2023-10,LH,국민임대,경남,0
2023-10,LH,국민임대,제주,0
2023-10,LH,공공임대,전국,2,359
2023-10,LH,공공임대,서울,0
2023-10,LH,공공임대,인천,0
2023-10,LH,공공임대,경기,2,027
2023-10,LH,공공임대,부산,0
2023-10,LH,공공임대,대구,0
2023-10,LH,공공임대,광주,0
2023-10,LH,공공임대,대전,0
2023-10,LH,공공임대,울산,0
2023-10,LH,공공임대,세종,0
2023-10,LH,공공임대,강원,196
2023-10,LH,공공임대,충북,56
2023-10,LH,공공임대,충남,0
2023-10,LH,공공임대,전북,0
2023-10,LH,공공임대,전남,0
2023-10,LH,공공임대,경북,0
2023-10,LH,공공임대,경남,0
2023-10,LH,공공임대,제주,80
2023-10,LH,공공분양,전국,8,229
2023-10,LH,공공분양,서울,0
2023-10,LH,공공분양,인천,2,277
2023-10,LH,공공분양,경기,4,957
2023-10,LH,공공분양,부산,0
2023-10,LH,공공분양,대구,0
2023-10,LH,공공분양,광주,0
2023-10,LH,공공분양,대전,0
2023-10,LH,공공분양,울산,0
2023-10,LH,공공분양,세종,995
2023-10,LH,공공분양,강원,0
2023-10,LH,공공분양,충북,0
2023-10,LH,공공분양,충남,0
2023-10,LH,공공분양,전북,0
2023-10,LH,공공분양,전남,0
2023-10,LH,공공분양,경북,0
2023-10,LH,공공분양,경남,0
2023-10,LH,공공분양,제주,0
2023-10,주택업체,소계,전국,3,767
2023-10,주택업체,소계,서울,41
2023-10,주택업체,소계,인천,0
2023-10,주택업체,소계,경기,1,654
2023-10,주택업체,소계,부산,0
2023-10,주택업체,소계,대구,0
2023-10,주택업체,소계,광주,0
2023-10,주택업체,소계,대전,1,116
2023-10,주택업체,소계,울산,0
2023-10,주택업체,소계,세종,0
2023-10,주택업체,소계,강원,0
2023-10,주택업체,소계,충북,0
2023-10,주택업체,소계,충남,0
2023-10,주택업체,소계,전북,0
2023-10,주택업체,소계,전남,0
2023-10,주택업체,소계,경북,956
2023-10,주택업체,소계,경남,0
2023-10,주택업체,소계,제주,0
2023-10,주택업체,국민임대,전국,1,884
2023-10,주택업체,국민임대,서울,0
2023-10,주택업체,국민임대,인천,0
2023-10,주택업체,국민임대,경기,928
2023-10,주택업체,국민임대,부산,0
2023-10,주택업체,국민임대,대구,0
2023-10,주택업체,국민임대,광주,0
2023-10,주택업체,국민임대,대전,0
2023-10,주택업체,국민임대,울산,0
2023-10,주택업체,국민임대,세종,0
2023-10,주택업체,국민임대,강원,0
2023-10,주택업체,국민임대,충북,0
2023-10,주택업체,국민임대,충남,0
2023-10,주택업체,국민임대,전북,0
2023-10,주택업체,국민임대,전남,0
2023-10,주택업체,국민임대,경북,956
2023-10,주택업체,국민임대,경남,0
2023-10,주택업체,국민임대,제주,0
2023-10,주택업체,공공임대,전국,767
2023-10,주택업체,공공임대,서울,41
2023-10,주택업체,공공임대,인천,0
2023-10,주택업체,공공임대,경기,726
2023-10,주택업체,공공임대,부산,0
2023-10,주택업체,공공임대,대구,0
2023-10,주택업체,공공임대,광주,0
2023-10,주택업체,공공임대,대전,0
2023-10,주택업체,공공임대,울산,0
2023-10,주택업체,공공임대,세종,0
2023-10,주택업체,공공임대,강원,0
2023-10,주택업체,공공임대,충북,0
2023-10,주택업체,공공임대,충남,0
2023-10,주택업체,공공임대,전북,0
2023-10,주택업체,공공임대,전남,0
2023-10,주택업체,공공임대,경북,0
2023-10,주택업체,공공임대,경남,0
2023-10,주택업체,공공임대,제주,0
2023-10,주택업체,공공분양,전국,1,116
2023-10,주택업체,공공분양,서울,0
2023-10,주택업체,공공분양,인천,0
2023-10,주택업체,공공분양,경기,0
2023-10,주택업체,공공분양,부산,0
2023-10,주택업체,공공분양,대구,0
2023-10,주택업체,공공분양,광주,0
2023-10,주택업체,공공분양,대전,1,116
2023-10,주택업체,공공분양,울산,0
2023-10,주택업체,공공분양,세종,0
2023-10,주택업체,공공분양,강원,0
2023-10,주택업체,공공분양,충북,0
2023-10,주택업체,공공분양,충남,0
2023-10,주택업체,공공분양,전북,0
2023-10,주택업체,공공분양,전남,0
2023-10,주택업체,공공분양,경북,0
2023-10,주택업체,공공분양,경남,0
2023-10,주택업체,공공분양,제주,0
2023-10,민간부문,소계,전국,27,963
2023-10,민간부문,소계,서울,1,905
2023-10,민간부문,소계,인천,4,382
2023-10,민간부문,소계,경기,6,031
2023-10,민간부문,소계,부산,112
2023-10,민간부문,소계,대구,3,605
2023-10,민간부문,소계,광주,440
2023-10,민간부문,소계,대전,84
2023-10,민간부문,소계,울산,3,095
2023-10,민간부문,소계,세종,42
2023-10,민간부문,소계,강원,1,105
2023-10,민간부문,소계,충북,1,057
2023-10,민간부문,소계,충남,2,757
2023-10,민간부문,소계,전북,827
2023-10,민간부문,소계,전남,588
2023-10,민간부문,소계,경북,489
2023-10,민간부문,소계,경남,1,068
2023-10,민간부문,소계,제주,376
2023-10,민간,민간임대,전국,2,364
2023-10,민간,민간임대,서울,0
2023-10,민간,민간임대,인천,0
2023-10,민간,민간임대,경기,1,766
2023-10,민간,민간임대,부산,0
2023-10,민간,민간임대,대구,0
2023-10,민간,민간임대,광주,184
2023-10,민간,민간임대,대전,0
2023-10,민간,민간임대,울산,0
2023-10,민간,민간임대,세종,0
2023-10,민간,민간임대,강원,414
2023-10,민간,민간임대,충북,0
2023-10,민간,민간임대,충남,0
2023-10,민간,민간임대,전북,0
2023-10,민간,민간임대,전남,0
2023-10,민간,민간임대,경북,0
2023-10,민간,민간임대,경남,0
2023-10,민간,민간임대,제주,0
2023-10,민간,민간분양,전국,25,599
2023-10,민간,민간분양,서울,1,905
2023-10,민간,민간분양,인천,4,382
2023-10,민간,민간분양,경기,4,265
2023-10,민간,민간분양,부산,112
2023-10,민간,민간분양,대구,3,605
2023-10,민간,민간분양,광주,256
2023-10,민간,민간분양,대전,84
2023-10,민간,민간분양,울산,3,095
2023-10,민간,민간분양,세종,42
2023-10,민간,민간분양,강원,691
2023-10,민간,민간분양,충북,1,057
2023-10,민간,민간분양,충남,2,757
2023-10,민간,민간분양,전북,827
2023-10,민간,민간분양,전남,588
2023-10,민간,민간분양,경북,489
2023-10,민간,민간분양,경남,1,068
2023-10,민간,민간분양,제주,376
2023-11,총계,총계,전국,43,814
2023-11,총계,총계,서울,8,376
2023-11,총계,총계,인천,7,212
2023-11,총계,총계,경기,11,735
2023-11,총계,총계,부산,6,915
2023-11,총계,총계,대구,710
2023-11,총계,총계,광주,1,140
2023-11,총계,총계,대전,193
2023-11,총계,총계,울산,1,123
2023-11,총계,총계,세종,7
2023-11,총계,총계,강원,844
2023-11,총계,총계,충북,268
2023-11,총계,총계,충남,250
2023-11,총계,총계,전북,143
2023-11,총계,총계,전남,1,304
2023-11,총계,총계,경북,1,005
2023-11,총계,총계,경남,1,971
2023-11,총계,총계,제주,618
2023-11,공공부문,소계,전국,5,315
2023-11,공공부문,소계,서울,7
2023-11,공공부문,소계,인천,870
2023-11,공공부문,소계,경기,3,407
2023-11,공공부문,소계,부산,0
2023-11,공공부문,소계,대구,29
2023-11,공공부문,소계,광주,0
2023-11,공공부문,소계,대전,0
2023-11,공공부문,소계,울산,0
2023-11,공공부문,소계,세종,0
2023-11,공공부문,소계,강원,243
2023-11,공공부문,소계,충북,0
2023-11,공공부문,소계,충남,0
2023-11,공공부문,소계,전북,0
2023-11,공공부문,소계,전남,0
2023-11,공공부문,소계,경북,0
2023-11,공공부문,소계,경남,561
2023-11,공공부문,소계,제주,198
2023-11,합,국민임대,전국,108
2023-11,합,국민임대,서울,0
2023-11,합,국민임대,인천,0
2023-11,합,국민임대,경기,0
2023-11,합,국민임대,부산,0
2023-11,합,국민임대,대구,0
2023-11,합,국민임대,광주,0
2023-11,합,국민임대,대전,0
2023-11,합,국민임대,울산,0
2023-11,합,국민임대,세종,0
2023-11,합,국민임대,강원,0
2023-11,합,국민임대,충북,0
2023-11,합,국민임대,충남,0
2023-11,합,국민임대,전북,0
2023-11,합,국민임대,전남,0
2023-11,합,국민임대,경북,0
2023-11,합,국민임대,경남,30
2023-11,합,국민임대,제주,78
2023-11,합,공공임대,전국,1,215
2023-11,합,공공임대,서울,7
2023-11,합,공공임대,인천,0
2023-11,합,공공임대,경기,605
2023-11,합,공공임대,부산,0
2023-11,합,공공임대,대구,29
2023-11,합,공공임대,광주,0
2023-11,합,공공임대,대전,0
2023-11,합,공공임대,울산,0
2023-11,합,공공임대,세종,0
2023-11,합,공공임대,강원,243
2023-11,합,공공임대,충북,0
2023-11,합,공공임대,충남,0
2023-11,합,공공임대,전북,0
2023-11,합,공공임대,전남,0
2023-11,합,공공임대,경북,0
2023-11,합,공공임대,경남,211
2023-11,합,공공임대,제주,120
2023-11,합,공공분양,전국,3,992
2023-11,합,공공분양,서울,0
2023-11,합,공공분양,인천,870
2023-11,합,공공분양,경기,2,802
2023-11,합,공공분양,부산,0
2023-11,합,공공분양,대구,0
2023-11,합,공공분양,광주,0
2023-11,합,공공분양,대전,0
2023-11,합,공공분양,울산,0
2023-11,합,공공분양,세종,0
2023-11,합,공공분양,강원,0
2023-11,합,공공분양,충북,0
2023-11,합,공공분양,충남,0
2023-11,합,공공분양,전북,0
2023-11,합,공공분양,전남,0
2023-11,합,공공분양,경북,0
2023-11,합,공공분양,경남,320
2023-11,합,공공분양,제주,0
2023-11,지자체,소계,전국,0
2023-11,지자체,소계,서울,0
2023-11,지자체,소계,인천,0
2023-11,지자체,소계,경기,0
2023-11,지자체,소계,부산,0
2023-11,지자체,소계,대구,0
2023-11,지자체,소계,광주,0
2023-11,지자체,소계,대전,0
2023-11,지자체,소계,울산,0
2023-11,지자체,소계,세종,0
2023-11,지자체,소계,강원,0
2023-11,지자체,소계,충북,0
2023-11,지자체,소계,충남,0
2023-11,지자체,소계,전북,0
2023-11,지자체,소계,전남,0
2023-11,지자체,소계,경북,0
2023-11,지자체,소계,경남,0
2023-11,지자체,소계,제주,0
2023-11,지자체,국민임대,전국,0
2023-11,지자체,국민임대,서울,0
2023-11,지자체,국민임대,인천,0
2023-11,지자체,국민임대,경기,0
2023-11,지자체,국민임대,부산,0
2023-11,지자체,국민임대,대구,0
2023-11,지자체,국민임대,광주,0
2023-11,지자체,국민임대,대전,0
2023-11,지자체,국민임대,울산,0
2023-11,지자체,국민임대,세종,0
2023-11,지자체,국민임대,강원,0
2023-11,지자체,국민임대,충북,0
2023-11,지자체,국민임대,충남,0
2023-11,지자체,국민임대,전북,0
2023-11,지자체,국민임대,전남,0
2023-11,지자체,국민임대,경북,0
2023-11,지자체,국민임대,경남,0
2023-11,지자체,국민임대,제주,0
2023-11,지자체,공공임대,전국,0
2023-11,지자체,공공임대,서울,0
2023-11,지자체,공공임대,인천,0
2023-11,지자체,공공임대,경기,0
2023-11,지자체,공공임대,부산,0
2023-11,지자체,공공임대,대구,0
2023-11,지자체,공공임대,광주,0
2023-11,지자체,공공임대,대전,0
2023-11,지자체,공공임대,울산,0
2023-11,지자체,공공임대,세종,0
2023-11,지자체,공공임대,강원,0
2023-11,지자체,공공임대,충북,0
2023-11,지자체,공공임대,충남,0
2023-11,지자체,공공임대,전북,0
2023-11,지자체,공공임대,전남,0
2023-11,지자체,공공임대,경북,0
2023-11,지자체,공공임대,경남,0
2023-11,지자체,공공임대,제주,0
2023-11,지자체,공공분양,전국,0
2023-11,지자체,공공분양,서울,0
2023-11,지자체,공공분양,인천,0
2023-11,지자체,공공분양,경기,0
2023-11,지자체,공공분양,부산,0
2023-11,지자체,공공분양,대구,0
2023-11,지자체,공공분양,광주,0
2023-11,지자체,공공분양,대전,0
2023-11,지자체,공공분양,울산,0
2023-11,지자체,공공분양,세종,0
2023-11,지자체,공공분양,강원,0
2023-11,지자체,공공분양,충북,0
2023-11,지자체,공공분양,충남,0
2023-11,지자체,공공분양,전북,0
2023-11,지자체,공공분양,전남,0
2023-11,지자체,공공분양,경북,0
2023-11,지자체,공공분양,경남,0
2023-11,지자체,공공분양,제주,0
2023-11,LH,소계,전국,5,229
2023-11,LH,소계,서울,0
2023-11,LH,소계,인천,870
2023-11,LH,소계,경기,3,407
2023-11,LH,소계,부산,0
2023-11,LH,소계,대구,28
2023-11,LH,소계,광주,0
2023-11,LH,소계,대전,0
2023-11,LH,소계,울산,0
2023-11,LH,소계,세종,0
2023-11,LH,소계,강원,243
2023-11,LH,소계,충북,0
2023-11,LH,소계,충남,0
2023-11,LH,소계,전북,0
2023-11,LH,소계,전남,0
2023-11,LH,소계,경북,0
2023-11,LH,소계,경남,561
2023-11,LH,소계,제주,120
2023-11,LH,국민임대,전국,30
2023-11,LH,국민임대,서울,0
2023-11,LH,국민임대,인천,0
2023-11,LH,국민임대,경기,0
2023-11,LH,국민임대,부산,0
2023-11,LH,국민임대,대구,0
2023-11,LH,국민임대,광주,0
2023-11,LH,국민임대,대전,0
2023-11,LH,국민임대,울산,0
2023-11,LH,국민임대,세종,0
2023-11,LH,국민임대,강원,0
2023-11,LH,국민임대,충북,0
2023-11,LH,국민임대,충남,0
2023-11,LH,국민임대,전북,0
2023-11,LH,국민임대,전남,0
2023-11,LH,국민임대,경북,0
2023-11,LH,국민임대,경남,30
2023-11,LH,국민임대,제주,0
2023-11,LH,공공임대,전국,1,207
2023-11,LH,공공임대,서울,0
2023-11,LH,공공임대,인천,0
2023-11,LH,공공임대,경기,605
2023-11,LH,공공임대,부산,0
2023-11,LH,공공임대,대구,28
2023-11,LH,공공임대,광주,0
2023-11,LH,공공임대,대전,0
2023-11,LH,공공임대,울산,0
2023-11,LH,공공임대,세종,0
2023-11,LH,공공임대,강원,243
2023-11,LH,공공임대,충북,0
2023-11,LH,공공임대,충남,0
2023-11,LH,공공임대,전북,0
2023-11,LH,공공임대,전남,0
2023-11,LH,공공임대,경북,0
2023-11,LH,공공임대,경남,211
2023-11,LH,공공임대,제주,120
2023-11,LH,공공분양,전국,3,992
2023-11,LH,공공분양,서울,0
2023-11,LH,공공분양,인천,870
2023-11,LH,공공분양,경기,2,802
2023-11,LH,공공분양,부산,0
2023-11,LH,공공분양,대구,0
2023-11,LH,공공분양,광주,0
2023-11,LH,공공분양,대전,0
2023-11,LH,공공분양,울산,0
2023-11,LH,공공분양,세종,0
2023-11,LH,공공분양,강원,0
2023-11,LH,공공분양,충북,0
2023-11,LH,공공분양,충남,0
2023-11,LH,공공분양,전북,0
2023-11,LH,공공분양,전남,0
2023-11,LH,공공분양,경북,0
2023-11,LH,공공분양,경남,320
2023-11,LH,공공분양,제주,0
2023-11,주택업체,소계,전국,86
2023-11,주택업체,소계,서울,7
2023-11,주택업체,소계,인천,0
2023-11,주택업체,소계,경기,0
2023-11,주택업체,소계,부산,0
2023-11,주택업체,소계,대구,1
2023-11,주택업체,소계,광주,0
2023-11,주택업체,소계,대전,0
2023-11,주택업체,소계,울산,0
2023-11,주택업체,소계,세종,0
2023-11,주택업체,소계,강원,0
2023-11,주택업체,소계,충북,0
2023-11,주택업체,소계,충남,0
2023-11,주택업체,소계,전북,0
2023-11,주택업체,소계,전남,0
2023-11,주택업체,소계,경북,0
2023-11,주택업체,소계,경남,0
2023-11,주택업체,소계,제주,78
2023-11,주택업체,국민임대,전국,78
2023-11,주택업체,국민임대,서울,0
2023-11,주택업체,국민임대,인천,0
2023-11,주택업체,국민임대,경기,0
2023-11,주택업체,국민임대,부산,0
2023-11,주택업체,국민임대,대구,0
2023-11,주택업체,국민임대,광주,0
2023-11,주택업체,국민임대,대전,0
2023-11,주택업체,국민임대,울산,0
2023-11,주택업체,국민임대,세종,0
2023-11,주택업체,국민임대,강원,0
2023-11,주택업체,국민임대,충북,0
2023-11,주택업체,국민임대,충남,0
2023-11,주택업체,국민임대,전북,0
2023-11,주택업체,국민임대,전남,0
2023-11,주택업체,국민임대,경북,0
2023-11,주택업체,국민임대,경남,0
2023-11,주택업체,국민임대,제주,78
2023-11,주택업체,공공임대,전국,8
2023-11,주택업체,공공임대,서울,7
2023-11,주택업체,공공임대,인천,0
2023-11,주택업체,공공임대,경기,0
2023-11,주택업체,공공임대,부산,0
2023-11,주택업체,공공임대,대구,1
2023-11,주택업체,공공임대,광주,0
2023-11,주택업체,공공임대,대전,0
2023-11,주택업체,공공임대,울산,0
2023-11,주택업체,공공임대,세종,0
2023-11,주택업체,공공임대,강원,0
2023-11,주택업체,공공임대,충북,0
2023-11,주택업체,공공임대,충남,0
2023-11,주택업체,공공임대,전북,0
2023-11,주택업체,공공임대,전남,0
2023-11,주택업체,공공임대,경북,0
2023-11,주택업체,공공임대,경남,0
2023-11,주택업체,공공임대,제주,0
2023-11,주택업체,공공분양,전국,0
2023-11,주택업체,공공분양,서울,0
2023-11,주택업체,공공분양,인천,0
2023-11,주택업체,공공분양,경기,0
2023-11,주택업체,공공분양,부산,0
2023-11,주택업체,공공분양,대구,0
2023-11,주택업체,공공분양,광주,0
2023-11,주택업체,공공분양,대전,0
2023-11,주택업체,공공분양,울산,0
2023-11,주택업체,공공분양,세종,0
2023-11,주택업체,공공분양,강원,0
2023-11,주택업체,공공분양,충북,0
2023-11,주택업체,공공분양,충남,0
2023-11,주택업체,공공분양,전북,0
2023-11,주택업체,공공분양,전남,0
2023-11,주택업체,공공분양,경북,0
2023-11,주택업체,공공분양,경남,0
2023-11,주택업체,공공분양,제주,0
2023-11,민간부문,소계,전국,38,499
2023-11,민간부문,소계,서울,8,369
2023-11,민간부문,소계,인천,6,342
2023-11,민간부문,소계,경기,8,328
2023-11,민간부문,소계,부산,6,915
2023-11,민간부문,소계,대구,681
2023-11,민간부문,소계,광주,1,140
2023-11,민간부문,소계,대전,193
2023-11,민간부문,소계,울산,1,123
2023-11,민간부문,소계,세종,7
2023-11,민간부문,소계,강원,601
2023-11,민간부문,소계,충북,268
2023-11,민간부문,소계,충남,250
2023-11,민간부문,소계,전북,143
2023-11,민간부문,소계,전남,1,304
2023-11,민간부문,소계,경북,1,005
2023-11,민간부문,소계,경남,1,410
2023-11,민간부문,소계,제주,420
2023-11,민간,민간임대,전국,298
2023-11,민간,민간임대,서울,0
2023-11,민간,민간임대,인천,0
2023-11,민간,민간임대,경기,125
2023-11,민간,민간임대,부산,60
2023-11,민간,민간임대,대구,0
2023-11,민간,민간임대,광주,0
2023-11,민간,민간임대,대전,0
2023-11,민간,민간임대,울산,0
2023-11,민간,민간임대,세종,0
2023-11,민간,민간임대,강원,0
2023-11,민간,민간임대,충북,0
2023-11,민간,민간임대,충남,0
2023-11,민간,민간임대,전북,0
2023-11,민간,민간임대,전남,113
2023-11,민간,민간임대,경북,0
2023-11,민간,민간임대,경남,0
2023-11,민간,민간임대,제주,0
2023-11,민간,민간분양,전국,38,201
2023-11,민간,민간분양,서울,8,369
2023-11,민간,민간분양,인천,6,342
2023-11,민간,민간분양,경기,8,203
2023-11,민간,민간분양,부산,6,855
2023-11,민간,민간분양,대구,681
2023-11,민간,민간분양,광주,1,140
2023-11,민간,민간분양,대전,193
2023-11,민간,민간분양,울산,1,123
2023-11,민간,민간분양,세종,7
2023-11,민간,민간분양,강원,601
2023-11,민간,민간분양,충북,268
2023-11,민간,민간분양,충남,250
2023-11,민간,민간분양,전북,143
2023-11,민간,민간분양,전남,1,191
2023-11,민간,민간분양,경북,1,005
2023-11,민간,민간분양,경남,1,410
2023-11,민간,민간분양,제주,420
2023-12,총계,총계,전국,48,310
2023-12,총계,총계,서울,2,143
2023-12,총계,총계,인천,2,744
2023-12,총계,총계,경기,18,514
2023-12,총계,총계,부산,3,488
2023-12,총계,총계,대구,3,510
2023-12,총계,총계,광주,323
2023-12,총계,총계,대전,63
2023-12,총계,총계,울산,472
2023-12,총계,총계,세종,16
2023-12,총계,총계,강원,1,303
2023-12,총계,총계,충북,578
2023-12,총계,총계,충남,7,737
2023-12,총계,총계,전북,143
2023-12,총계,총계,전남,951
2023-12,총계,총계,경북,3,722
2023-12,총계,총계,경남,2,116
2023-12,총계,총계,제주,487
2023-12,공공부문,소계,전국,9,104
2023-12,공공부문,소계,서울,1,080
2023-12,공공부문,소계,인천,2,574
2023-12,공공부문,소계,경기,5,044
2023-12,공공부문,소계,부산,0
2023-12,공공부문,소계,대구,0
2023-12,공공부문,소계,광주,0
2023-12,공공부문,소계,대전,0
2023-12,공공부문,소계,울산,0
2023-12,공공부문,소계,세종,0
2023-12,공공부문,소계,강원,0
2023-12,공공부문,소계,충북,0
2023-12,공공부문,소계,충남,0
2023-12,공공부문,소계,전북,0
2023-12,공공부문,소계,전남,0
2023-12,공공부문,소계,경북,250
2023-12,공공부문,소계,경남,104
2023-12,공공부문,소계,제주,52
2023-12,합,국민임대,전국,906
2023-12,합,국민임대,서울,0
2023-12,합,국민임대,인천,854
2023-12,합,국민임대,경기,0
2023-12,합,국민임대,부산,0
2023-12,합,국민임대,대구,0
2023-12,합,국민임대,광주,0
2023-12,합,국민임대,대전,0
2023-12,합,국민임대,울산,0
2023-12,합,국민임대,세종,0
2023-12,합,국민임대,강원,0
2023-12,합,국민임대,충북,0
2023-12,합,국민임대,충남,0
2023-12,합,국민임대,전북,0
2023-12,합,국민임대,전남,0
2023-12,합,국민임대,경북,0
2023-12,합,국민임대,경남,0
2023-12,합,국민임대,제주,52
2023-12,합,공공임대,전국,3,749
2023-12,합,공공임대,서울,1,080
2023-12,합,공공임대,인천,298
2023-12,합,공공임대,경기,2,017
2023-12,합,공공임대,부산,0
2023-12,합,공공임대,대구,0
2023-12,합,공공임대,광주,0
2023-12,합,공공임대,대전,0
2023-12,합,공공임대,울산,0
2023-12,합,공공임대,세종,0
2023-12,합,공공임대,강원,0
2023-12,합,공공임대,충북,0
2023-12,합,공공임대,충남,0
2023-12,합,공공임대,전북,0
2023-12,합,공공임대,전남,0
2023-12,합,공공임대,경북,250
2023-12,합,공공임대,경남,104
2023-12,합,공공임대,제주,0
2023-12,합,공공분양,전국,4,449
2023-12,합,공공분양,서울,0
2023-12,합,공공분양,인천,1,422
2023-12,합,공공분양,경기,3,027
2023-12,합,공공분양,부산,0
2023-12,합,공공분양,대구,0
2023-12,합,공공분양,광주,0
2023-12,합,공공분양,대전,0
2023-12,합,공공분양,울산,0
2023-12,합,공공분양,세종,0
2023-12,합,공공분양,강원,0
2023-12,합,공공분양,충북,0
2023-12,합,공공분양,충남,0
2023-12,합,공공분양,전북,0
2023-12,합,공공분양,전남,0
2023-12,합,공공분양,경북,0
2023-12,합,공공분양,경남,0
2023-12,합,공공분양,제주,0
2023-12,지자체,소계,전국,0
2023-12,지자체,소계,서울,0
2023-12,지자체,소계,인천,0
2023-12,지자체,소계,경기,0
2023-12,지자체,소계,부산,0
2023-12,지자체,소계,대구,0
2023-12,지자체,소계,광주,0
2023-12,지자체,소계,대전,0
2023-12,지자체,소계,울산,0
2023-12,지자체,소계,세종,0
2023-12,지자체,소계,강원,0
2023-12,지자체,소계,충북,0
2023-12,지자체,소계,충남,0
2023-12,지자체,소계,전북,0
2023-12,지자체,소계,전남,0
2023-12,지자체,소계,경북,0
2023-12,지자체,소계,경남,0
2023-12,지자체,소계,제주,0
2023-12,지자체,국민임대,전국,0
2023-12,지자체,국민임대,서울,0
2023-12,지자체,국민임대,인천,0
2023-12,지자체,국민임대,경기,0
2023-12,지자체,국민임대,부산,0
2023-12,지자체,국민임대,대구,0
2023-12,지자체,국민임대,광주,0
2023-12,지자체,국민임대,대전,0
2023-12,지자체,국민임대,울산,0
2023-12,지자체,국민임대,세종,0
2023-12,지자체,국민임대,강원,0
2023-12,지자체,국민임대,충북,0
2023-12,지자체,국민임대,충남,0
2023-12,지자체,국민임대,전북,0
2023-12,지자체,국민임대,전남,0
2023-12,지자체,국민임대,경북,0
2023-12,지자체,국민임대,경남,0
2023-12,지자체,국민임대,제주,0
2023-12,지자체,공공임대,전국,0
2023-12,지자체,공공임대,서울,0
2023-12,지자체,공공임대,인천,0
2023-12,지자체,공공임대,경기,0
2023-12,지자체,공공임대,부산,0
2023-12,지자체,공공임대,대구,0
2023-12,지자체,공공임대,광주,0
2023-12,지자체,공공임대,대전,0
2023-12,지자체,공공임대,울산,0
2023-12,지자체,공공임대,세종,0
2023-12,지자체,공공임대,강원,0
2023-12,지자체,공공임대,충북,0
2023-12,지자체,공공임대,충남,0
2023-12,지자체,공공임대,전북,0
2023-12,지자체,공공임대,전남,0
2023-12,지자체,공공임대,경북,0
2023-12,지자체,공공임대,경남,0
2023-12,지자체,공공임대,제주,0
2023-12,지자체,공공분양,전국,0
2023-12,지자체,공공분양,서울,0
2023-12,지자체,공공분양,인천,0
2023-12,지자체,공공분양,경기,0
2023-12,지자체,공공분양,부산,0
2023-12,지자체,공공분양,대구,0
2023-12,지자체,공공분양,광주,0
2023-12,지자체,공공분양,대전,0
2023-12,지자체,공공분양,울산,0
2023-12,지자체,공공분양,세종,0
2023-12,지자체,공공분양,강원,0
2023-12,지자체,공공분양,충북,0
2023-12,지자체,공공분양,충남,0
2023-12,지자체,공공분양,전북,0
2023-12,지자체,공공분양,전남,0
2023-12,지자체,공공분양,경북,0
2023-12,지자체,공공분양,경남,0
2023-12,지자체,공공분양,제주,0
2023-12,LH,소계,전국,8,910
2023-12,LH,소계,서울,1,080
2023-12,LH,소계,인천,2,574
2023-12,LH,소계,경기,4,902
2023-12,LH,소계,부산,0
2023-12,LH,소계,대구,0
2023-12,LH,소계,광주,0
2023-12,LH,소계,대전,0
2023-12,LH,소계,울산,0
2023-12,LH,소계,세종,0
2023-12,LH,소계,강원,0
2023-12,LH,소계,충북,0
2023-12,LH,소계,충남,0
2023-12,LH,소계,전북,0
2023-12,LH,소계,전남,0
2023-12,LH,소계,경북,250
2023-12,LH,소계,경남,104
2023-12,LH,소계,제주,0
2023-12,LH,국민임대,전국,854
2023-12,LH,국민임대,서울,0
2023-12,LH,국민임대,인천,854
2023-12,LH,국민임대,경기,0
2023-12,LH,국민임대,부산,0
2023-12,LH,국민임대,대구,0
2023-12,LH,국민임대,광주,0
2023-12,LH,국민임대,대전,0
2023-12,LH,국민임대,울산,0
2023-12,LH,국민임대,세종,0
2023-12,LH,국민임대,강원,0
2023-12,LH,국민임대,충북,0
2023-12,LH,국민임대,충남,0
2023-12,LH,국민임대,전북,0
2023-12,LH,국민임대,전남,0
2023-12,LH,국민임대,경북,0
2023-12,LH,국민임대,경남,0
2023-12,LH,국민임대,제주,0
2023-12,LH,공공임대,전국,3,607
2023-12,LH,공공임대,서울,1,080
2023-12,LH,공공임대,인천,298
2023-12,LH,공공임대,경기,1,875
2023-12,LH,공공임대,부산,0
2023-12,LH,공공임대,대구,0
2023-12,LH,공공임대,광주,0
2023-12,LH,공공임대,대전,0
2023-12,LH,공공임대,울산,0
2023-12,LH,공공임대,세종,0
2023-12,LH,공공임대,강원,0
2023-12,LH,공공임대,충북,0
2023-12,LH,공공임대,충남,0
2023-12,LH,공공임대,전북,0
2023-12,LH,공공임대,전남,0
2023-12,LH,공공임대,경북,250
2023-12,LH,공공임대,경남,104
2023-12,LH,공공임대,제주,0
2023-12,LH,공공분양,전국,4,449
2023-12,LH,공공분양,서울,0
2023-12,LH,공공분양,인천,1,422
2023-12,LH,공공분양,경기,3,027
2023-12,LH,공공분양,부산,0
2023-12,LH,공공분양,대구,0
2023-12,LH,공공분양,광주,0
2023-12,LH,공공분양,대전,0
2023-12,LH,공공분양,울산,0
2023-12,LH,공공분양,세종,0
2023-12,LH,공공분양,강원,0
2023-12,LH,공공분양,충북,0
2023-12,LH,공공분양,충남,0
2023-12,LH,공공분양,전북,0
2023-12,LH,공공분양,전남,0
2023-12,LH,공공분양,경북,0
2023-12,LH,공공분양,경남,0
2023-12,LH,공공분양,제주,0
2023-12,주택업체,소계,전국,194
2023-12,주택업체,소계,서울,0
2023-12,주택업체,소계,인천,0
2023-12,주택업체,소계,경기,142
2023-12,주택업체,소계,부산,0
2023-12,주택업체,소계,대구,0
2023-12,주택업체,소계,광주,0
2023-12,주택업체,소계,대전,0
2023-12,주택업체,소계,울산,0
2023-12,주택업체,소계,세종,0
2023-12,주택업체,소계,강원,0
2023-12,주택업체,소계,충북,0
2023-12,주택업체,소계,충남,0
2023-12,주택업체,소계,전북,0
2023-12,주택업체,소계,전남,0
2023-12,주택업체,소계,경북,0
2023-12,주택업체,소계,경남,0
2023-12,주택업체,소계,제주,52
2023-12,주택업체,국민임대,전국,52
2023-12,주택업체,국민임대,서울,0
2023-12,주택업체,국민임대,인천,0
2023-12,주택업체,국민임대,경기,0
2023-12,주택업체,국민임대,부산,0
2023-12,주택업체,국민임대,대구,0
2023-12,주택업체,국민임대,광주,0
2023-12,주택업체,국민임대,대전,0
2023-12,주택업체,국민임대,울산,0
2023-12,주택업체,국민임대,세종,0
2023-12,주택업체,국민임대,강원,0
2023-12,주택업체,국민임대,충북,0
2023-12,주택업체,국민임대,충남,0
2023-12,주택업체,국민임대,전북,0
2023-12,주택업체,국민임대,전남,0
2023-12,주택업체,국민임대,경북,0
2023-12,주택업체,국민임대,경남,0
2023-12,주택업체,국민임대,제주,52
2023-12,주택업체,공공임대,전국,142
2023-12,주택업체,공공임대,서울,0
2023-12,주택업체,공공임대,인천,0
2023-12,주택업체,공공임대,경기,142
2023-12,주택업체,공공임대,부산,0
2023-12,주택업체,공공임대,대구,0
2023-12,주택업체,공공임대,광주,0
2023-12,주택업체,공공임대,대전,0
2023-12,주택업체,공공임대,울산,0
2023-12,주택업체,공공임대,세종,0
2023-12,주택업체,공공임대,강원,0
2023-12,주택업체,공공임대,충북,0
2023-12,주택업체,공공임대,충남,0
2023-12,주택업체,공공임대,전북,0
2023-12,주택업체,공공임대,전남,0
2023-12,주택업체,공공임대,경북,0
2023-12,주택업체,공공임대,경남,0
2023-12,주택업체,공공임대,제주,0
2023-12,주택업체,공공분양,전국,0
2023-12,주택업체,공공분양,서울,0
2023-12,주택업체,공공분양,인천,0
2023-12,주택업체,공공분양,경기,0
2023-12,주택업체,공공분양,부산,0
2023-12,주택업체,공공분양,대구,0
2023-12,주택업체,공공분양,광주,0
2023-12,주택업체,공공분양,대전,0
2023-12,주택업체,공공분양,울산,0
2023-12,주택업체,공공분양,세종,0
2023-12,주택업체,공공분양,강원,0
2023-12,주택업체,공공분양,충북,0
2023-12,주택업체,공공분양,충남,0
2023-12,주택업체,공공분양,전북,0
2023-12,주택업체,공공분양,전남,0
2023-12,주택업체,공공분양,경북,0
2023-12,주택업체,공공분양,경남,0
2023-12,주택업체,공공분양,제주,0
2023-12,민간부문,소계,전국,39,206
2023-12,민간부문,소계,서울,1,063
2023-12,민간부문,소계,인천,170
2023-12,민간부문,소계,경기,13,470
2023-12,민간부문,소계,부산,3,488
2023-12,민간부문,소계,대구,3,510
2023-12,민간부문,소계,광주,323
2023-12,민간부문,소계,대전,63
2023-12,민간부문,소계,울산,472
2023-12,민간부문,소계,세종,16
2023-12,민간부문,소계,강원,1,303
2023-12,민간부문,소계,충북,578
2023-12,민간부문,소계,충남,7,737
2023-12,민간부문,소계,전북,143
2023-12,민간부문,소계,전남,951
2023-12,민간부문,소계,경북,3,472
2023-12,민간부문,소계,경남,2,012
2023-12,민간부문,소계,제주,435
2023-12,민간,민간임대,전국,4,441
2023-12,민간,민간임대,서울,0
2023-12,민간,민간임대,인천,0
2023-12,민간,민간임대,경기,1,964
2023-12,민간,민간임대,부산,0
2023-12,민간,민간임대,대구,0
2023-12,민간,민간임대,광주,0
2023-12,민간,민간임대,대전,0
2023-12,민간,민간임대,울산,0
2023-12,민간,민간임대,세종,0
2023-12,민간,민간임대,강원,0
2023-12,민간,민간임대,충북,0
2023-12,민간,민간임대,충남,1,855
2023-12,민간,민간임대,전북,0
2023-12,민간,민간임대,전남,505
2023-12,민간,민간임대,경북,29
2023-12,민간,민간임대,경남,0
2023-12,민간,민간임대,제주,88
2023-12,민간,민간분양,전국,34,765
2023-12,민간,민간분양,서울,1,063
2023-12,민간,민간분양,인천,170
2023-12,민간,민간분양,경기,11,506
2023-12,민간,민간분양,부산,3,488
2023-12,민간,민간분양,대구,3,510
2023-12,민간,민간분양,광주,323
2023-12,민간,민간분양,대전,63
2023-12,민간,민간분양,울산,472
2023-12,민간,민간분양,세종,16
2023-12,민간,민간분양,강원,1,303
2023-12,민간,민간분양,충북,578
2023-12,민간,민간분양,충남,5,882
2023-12,민간,민간분양,전북,143
2023-12,민간,민간분양,전남,446
2023-12,민간,민간분양,경북,3,443
2023-12,민간,민간분양,경남,2,012
2023-12,민간,민간분양,제주,347
2024-01,총계,총계,전국,36,783
2024-01,총계,총계,서울,3,407
2024-01,총계,총계,인천,2,169
2024-01,총계,총계,경기,14,706
2024-01,총계,총계,부산,676
2024-01,총계,총계,대구,3,460
2024-01,총계,총계,광주,435
2024-01,총계,총계,대전,286
2024-01,총계,총계,울산,943
2024-01,총계,총계,세종,20
2024-01,총계,총계,강원,271
2024-01,총계,총계,충북,239
2024-01,총계,총계,충남,2,516
2024-01,총계,총계,전북,1,397
2024-01,총계,총계,전남,877
2024-01,총계,총계,경북,302
2024-01,총계,총계,경남,4,517
2024-01,총계,총계,제주,562
2024-01,공공부문,소계,전국,3,057
2024-01,공공부문,소계,서울,0
2024-01,공공부문,소계,인천,0
2024-01,공공부문,소계,경기,1,697
2024-01,공공부문,소계,부산,0
2024-01,공공부문,소계,대구,0
2024-01,공공부문,소계,광주,0
2024-01,공공부문,소계,대전,0
2024-01,공공부문,소계,울산,0
2024-01,공공부문,소계,세종,0
2024-01,공공부문,소계,강원,0
2024-01,공공부문,소계,충북,0
2024-01,공공부문,소계,충남,0
2024-01,공공부문,소계,전북,0
2024-01,공공부문,소계,전남,0
2024-01,공공부문,소계,경북,0
2024-01,공공부문,소계,경남,1,360
2024-01,공공부문,소계,제주,0
2024-01,합,국민임대,전국,1,192
2024-01,합,국민임대,서울,0
2024-01,합,국민임대,인천,0
2024-01,합,국민임대,경기,0
2024-01,합,국민임대,부산,0
2024-01,합,국민임대,대구,0
2024-01,합,국민임대,광주,0
2024-01,합,국민임대,대전,0
2024-01,합,국민임대,울산,0
2024-01,합,국민임대,세종,0
2024-01,합,국민임대,강원,0
2024-01,합,국민임대,충북,0
2024-01,합,국민임대,충남,0
2024-01,합,국민임대,전북,0
2024-01,합,국민임대,전남,0
2024-01,합,국민임대,경북,0
2024-01,합,국민임대,경남,1,192
2024-01,합,국민임대,제주,0
2024-01,합,공공임대,전국,1,500
2024-01,합,공공임대,서울,0
2024-01,합,공공임대,인천,0
2024-01,합,공공임대,경기,1,332
2024-01,합,공공임대,부산,0
2024-01,합,공공임대,대구,0
2024-01,합,공공임대,광주,0
2024-01,합,공공임대,대전,0
2024-01,합,공공임대,울산,0
2024-01,합,공공임대,세종,0
2024-01,합,공공임대,강원,0
2024-01,합,공공임대,충북,0
2024-01,합,공공임대,충남,0
2024-01,합,공공임대,전북,0
2024-01,합,공공임대,전남,0
2024-01,합,공공임대,경북,0
2024-01,합,공공임대,경남,168
2024-01,합,공공임대,제주,0
2024-01,합,공공분양,전국,365
2024-01,합,공공분양,서울,0
2024-01,합,공공분양,인천,0
2024-01,합,공공분양,경기,365
2024-01,합,공공분양,부산,0
2024-01,합,공공분양,대구,0
2024-01,합,공공분양,광주,0
2024-01,합,공공분양,대전,0
2024-01,합,공공분양,울산,0
2024-01,합,공공분양,세종,0
2024-01,합,공공분양,강원,0
2024-01,합,공공분양,충북,0
2024-01,합,공공분양,충남,0
2024-01,합,공공분양,전북,0
2024-01,합,공공분양,전남,0
2024-01,합,공공분양,경북,0
2024-01,합,공공분양,경남,0
2024-01,합,공공분양,제주,0
2024-01,지자체,소계,전국,0
2024-01,지자체,소계,서울,0
2024-01,지자체,소계,인천,0
2024-01,지자체,소계,경기,0
2024-01,지자체,소계,부산,0
2024-01,지자체,소계,대구,0
2024-01,지자체,소계,광주,0
2024-01,지자체,소계,대전,0
2024-01,지자체,소계,울산,0
2024-01,지자체,소계,세종,0
2024-01,지자체,소계,강원,0
2024-01,지자체,소계,충북,0
2024-01,지자체,소계,충남,0
2024-01,지자체,소계,전북,0
2024-01,지자체,소계,전남,0
2024-01,지자체,소계,경북,0
2024-01,지자체,소계,경남,0
2024-01,지자체,소계,제주,0
2024-01,지자체,국민임대,전국,0
2024-01,지자체,국민임대,서울,0
2024-01,지자체,국민임대,인천,0
2024-01,지자체,국민임대,경기,0
2024-01,지자체,국민임대,부산,0
2024-01,지자체,국민임대,대구,0
2024-01,지자체,국민임대,광주,0
2024-01,지자체,국민임대,대전,0
2024-01,지자체,국민임대,울산,0
2024-01,지자체,국민임대,세종,0
2024-01,지자체,국민임대,강원,0
2024-01,지자체,국민임대,충북,0
2024-01,지자체,국민임대,충남,0
2024-01,지자체,국민임대,전북,0
2024-01,지자체,국민임대,전남,0
2024-01,지자체,국민임대,경북,0
2024-01,지자체,국민임대,경남,0
2024-01,지자체,국민임대,제주,0
2024-01,지자체,공공임대,전국,0
2024-01,지자체,공공임대,서울,0
2024-01,지자체,공공임대,인천,0
2024-01,지자체,공공임대,경기,0
2024-01,지자체,공공임대,부산,0
2024-01,지자체,공공임대,대구,0
2024-01,지자체,공공임대,광주,0
2024-01,지자체,공공임대,대전,0
2024-01,지자체,공공임대,울산,0
2024-01,지자체,공공임대,세종,0
2024-01,지자체,공공임대,강원,0
2024-01,지자체,공공임대,충북,0
2024-01,지자체,공공임대,충남,0
2024-01,지자체,공공임대,전북,0
2024-01,지자체,공공임대,전남,0
2024-01,지자체,공공임대,경북,0
2024-01,지자체,공공임대,경남,0
2024-01,지자체,공공임대,제주,0
2024-01,지자체,공공분양,전국,0
2024-01,지자체,공공분양,서울,0
2024-01,지자체,공공분양,인천,0
2024-01,지자체,공공분양,경기,0
2024-01,지자체,공공분양,부산,0
2024-01,지자체,공공분양,대구,0
2024-01,지자체,공공분양,광주,0
2024-01,지자체,공공분양,대전,0
2024-01,지자체,공공분양,울산,0
2024-01,지자체,공공분양,세종,0
2024-01,지자체,공공분양,강원,0
2024-01,지자체,공공분양,충북,0
2024-01,지자체,공공분양,충남,0
2024-01,지자체,공공분양,전북,0
2024-01,지자체,공공분양,전남,0
2024-01,지자체,공공분양,경북,0
2024-01,지자체,공공분양,경남,0
2024-01,지자체,공공분양,제주,0
2024-01,LH,소계,전국,3,057
2024-01,LH,소계,서울,0
2024-01,LH,소계,인천,0
2024-01,LH,소계,경기,1,697
2024-01,LH,소계,부산,0
2024-01,LH,소계,대구,0
2024-01,LH,소계,광주,0
2024-01,LH,소계,대전,0
2024-01,LH,소계,울산,0
2024-01,LH,소계,세종,0
2024-01,LH,소계,강원,0
2024-01,LH,소계,충북,0
2024-01,LH,소계,충남,0
2024-01,LH,소계,전북,0
2024-01,LH,소계,전남,0
2024-01,LH,소계,경북,0
2024-01,LH,소계,경남,1,360
2024-01,LH,소계,제주,0
2024-01,LH,국민임대,전국,1,192
2024-01,LH,국민임대,서울,0
2024-01,LH,국민임대,인천,0
2024-01,LH,국민임대,경기,0
2024-01,LH,국민임대,부산,0
2024-01,LH,국민임대,대구,0
2024-01,LH,국민임대,광주,0
2024-01,LH,국민임대,대전,0
2024-01,LH,국민임대,울산,0
2024-01,LH,국민임대,세종,0
2024-01,LH,국민임대,강원,0
2024-01,LH,국민임대,충북,0
2024-01,LH,국민임대,충남,0
2024-01,LH,국민임대,전북,0
2024-01,LH,국민임대,전남,0
2024-01,LH,국민임대,경북,0
2024-01,LH,국민임대,경남,1,192
2024-01,LH,국민임대,제주,0
2024-01,LH,공공임대,전국,1,500
2024-01,LH,공공임대,서울,0
2024-01,LH,공공임대,인천,0
2024-01,LH,공공임대,경기,1,332
2024-01,LH,공공임대,부산,0
2024-01,LH,공공임대,대구,0
2024-01,LH,공공임대,광주,0
2024-01,LH,공공임대,대전,0
2024-01,LH,공공임대,울산,0
2024-01,LH,공공임대,세종,0
2024-01,LH,공공임대,강원,0
2024-01,LH,공공임대,충북,0
2024-01,LH,공공임대,충남,0
2024-01,LH,공공임대,전북,0
2024-01,LH,공공임대,전남,0
2024-01,LH,공공임대,경북,0
2024-01,LH,공공임대,경남,168
2024-01,LH,공공임대,제주,0
2024-01,LH,공공분양,전국,365
2024-01,LH,공공분양,서울,0
2024-01,LH,공공분양,인천,0
2024-01,LH,공공분양,경기,365
2024-01,LH,공공분양,부산,0
2024-01,LH,공공분양,대구,0
2024-01,LH,공공분양,광주,0
2024-01,LH,공공분양,대전,0
2024-01,LH,공공분양,울산,0
2024-01,LH,공공분양,세종,0
2024-01,LH,공공분양,강원,0
2024-01,LH,공공분양,충북,0
2024-01,LH,공공분양,충남,0
2024-01,LH,공공분양,전북,0
2024-01,LH,공공분양,전남,0
2024-01,LH,공공분양,경북,0
2024-01,LH,공공분양,경남,0
2024-01,LH,공공분양,제주,0
2024-01,주택업체,소계,전국,0
2024-01,주택업체,소계,서울,0
2024-01,주택업체,소계,인천,0
2024-01,주택업체,소계,경기,0
2024-01,주택업체,소계,부산,0
2024-01,주택업체,소계,대구,0
2024-01,주택업체,소계,광주,0
2024-01,주택업체,소계,대전,0
2024-01,주택업체,소계,울산,0
2024-01,주택업체,소계,세종,0
2024-01,주택업체,소계,강원,0
2024-01,주택업체,소계,충북,0
2024-01,주택업체,소계,충남,0
2024-01,주택업체,소계,전북,0
2024-01,주택업체,소계,전남,0
2024-01,주택업체,소계,경북,0
2024-01,주택업체,소계,경남,0
2024-01,주택업체,소계,제주,0
2024-01,주택업체,국민임대,전국,0
2024-01,주택업체,국민임대,서울,0
2024-01,주택업체,국민임대,인천,0
2024-01,주택업체,국민임대,경기,0
2024-01,주택업체,국민임대,부산,0
2024-01,주택업체,국민임대,대구,0
2024-01,주택업체,국민임대,광주,0
2024-01,주택업체,국민임대,대전,0
2024-01,주택업체,국민임대,울산,0
2024-01,주택업체,국민임대,세종,0
2024-01,주택업체,국민임대,강원,0
2024-01,주택업체,국민임대,충북,0
2024-01,주택업체,국민임대,충남,0
2024-01,주택업체,국민임대,전북,0
2024-01,주택업체,국민임대,전남,0
2024-01,주택업체,국민임대,경북,0
2024-01,주택업체,국민임대,경남,0
2024-01,주택업체,국민임대,제주,0
2024-01,주택업체,공공임대,전국,0
2024-01,주택업체,공공임대,서울,0
2024-01,주택업체,공공임대,인천,0
2024-01,주택업체,공공임대,경기,0
2024-01,주택업체,공공임대,부산,0
2024-01,주택업체,공공임대,대구,0
2024-01,주택업체,공공임대,광주,0
2024-01,주택업체,공공임대,대전,0
2024-01,주택업체,공공임대,울산,0
2024-01,주택업체,공공임대,세종,0
2024-01,주택업체,공공임대,강원,0
2024-01,주택업체,공공임대,충북,0
2024-01,주택업체,공공임대,충남,0
2024-01,주택업체,공공임대,전북,0
2024-01,주택업체,공공임대,전남,0
2024-01,주택업체,공공임대,경북,0
2024-01,주택업체,공공임대,경남,0
2024-01,주택업체,공공임대,제주,0
2024-01,주택업체,공공분양,전국,0
2024-01,주택업체,공공분양,서울,0
2024-01,주택업체,공공분양,인천,0
2024-01,주택업체,공공분양,경기,0
2024-01,주택업체,공공분양,부산,0
2024-01,주택업체,공공분양,대구,0
2024-01,주택업체,공공분양,광주,0
2024-01,주택업체,공공분양,대전,0
2024-01,주택업체,공공분양,울산,0
2024-01,주택업체,공공분양,세종,0
2024-01,주택업체,공공분양,강원,0
2024-01,주택업체,공공분양,충북,0
2024-01,주택업체,공공분양,충남,0
2024-01,주택업체,공공분양,전북,0
2024-01,주택업체,공공분양,전남,0
2024-01,주택업체,공공분양,경북,0
2024-01,주택업체,공공분양,경남,0
2024-01,주택업체,공공분양,제주,0
2024-01,민간부문,소계,전국,33,726
2024-01,민간부문,소계,서울,3,407
2024-01,민간부문,소계,인천,2,169
2024-01,민간부문,소계,경기,13,009
2024-01,민간부문,소계,부산,676
2024-01,민간부문,소계,대구,3,460
2024-01,민간부문,소계,광주,435
2024-01,민간부문,소계,대전,286
2024-01,민간부문,소계,울산,943
2024-01,민간부문,소계,세종,20
2024-01,민간부문,소계,강원,271
2024-01,민간부문,소계,충북,239
2024-01,민간부문,소계,충남,2,516
2024-01,민간부문,소계,전북,1,397
2024-01,민간부문,소계,전남,877
2024-01,민간부문,소계,경북,302
2024-01,민간부문,소계,경남,3,157
2024-01,민간부문,소계,제주,562
2024-01,민간,민간임대,전국,2,588
2024-01,민간,민간임대,서울,472
2024-01,민간,민간임대,인천,0
2024-01,민간,민간임대,경기,900
2024-01,민간,민간임대,부산,0
2024-01,민간,민간임대,대구,0
2024-01,민간,민간임대,광주,0
2024-01,민간,민간임대,대전,0
2024-01,민간,민간임대,울산,0
2024-01,민간,민간임대,세종,0
2024-01,민간,민간임대,강원,0
2024-01,민간,민간임대,충북,0
2024-01,민간,민간임대,충남,444
2024-01,민간,민간임대,전북,147
2024-01,민간,민간임대,전남,0
2024-01,민간,민간임대,경북,0
2024-01,민간,민간임대,경남,625
2024-01,민간,민간임대,제주,0
2024-01,민간,민간분양,전국,31,138
2024-01,민간,민간분양,서울,2,935
2024-01,민간,민간분양,인천,2,169
2024-01,민간,민간분양,경기,12,109
2024-01,민간,민간분양,부산,676
2024-01,민간,민간분양,대구,3,460
2024-01,민간,민간분양,광주,435
2024-01,민간,민간분양,대전,286
2024-01,민간,민간분양,울산,943
2024-01,민간,민간분양,세종,20
2024-01,민간,민간분양,강원,271
2024-01,민간,민간분양,충북,239
2024-01,민간,민간분양,충남,2,072
2024-01,민간,민간분양,전북,1,250
2024-01,민간,민간분양,전남,877
2024-01,민간,민간분양,경북,302
2024-01,민간,민간분양,경남,2,532
2024-01,민간,민간분양,제주,562
2024-02,총계,총계,전국,28,496
2024-02,총계,총계,서울,1,930
2024-02,총계,총계,인천,254
2024-02,총계,총계,경기,8,369
2024-02,총계,총계,부산,2,528
2024-02,총계,총계,대구,2,236
2024-02,총계,총계,광주,226
2024-02,총계,총계,대전,1,565
2024-02,총계,총계,울산,115
2024-02,총계,총계,세종,10
2024-02,총계,총계,강원,1,237
2024-02,총계,총계,충북,1,616
2024-02,총계,총계,충남,2,074
2024-02,총계,총계,전북,546
2024-02,총계,총계,전남,555
2024-02,총계,총계,경북,2,826
2024-02,총계,총계,경남,1,568
2024-02,총계,총계,제주,841
2024-02,공공부문,소계,전국,2,838
2024-02,공공부문,소계,서울,0
2024-02,공공부문,소계,인천,0
2024-02,공공부문,소계,경기,2,838
2024-02,공공부문,소계,부산,0
2024-02,공공부문,소계,대구,0
2024-02,공공부문,소계,광주,0
2024-02,공공부문,소계,대전,0
2024-02,공공부문,소계,울산,0
2024-02,공공부문,소계,세종,0
2024-02,공공부문,소계,강원,0
2024-02,공공부문,소계,충북,0
2024-02,공공부문,소계,충남,0
2024-02,공공부문,소계,전북,0
2024-02,공공부문,소계,전남,0
2024-02,공공부문,소계,경북,0
2024-02,공공부문,소계,경남,0
2024-02,공공부문,소계,제주,0
2024-02,합,국민임대,전국,0
2024-02,합,국민임대,서울,0
2024-02,합,국민임대,인천,0
2024-02,합,국민임대,경기,0
2024-02,합,국민임대,부산,0
2024-02,합,국민임대,대구,0
2024-02,합,국민임대,광주,0
2024-02,합,국민임대,대전,0
2024-02,합,국민임대,울산,0
2024-02,합,국민임대,세종,0
2024-02,합,국민임대,강원,0
2024-02,합,국민임대,충북,0
2024-02,합,국민임대,충남,0
2024-02,합,국민임대,전북,0
2024-02,합,국민임대,전남,0
2024-02,합,국민임대,경북,0
2024-02,합,국민임대,경남,0
2024-02,합,국민임대,제주,0
2024-02,합,공공임대,전국,1,844
2024-02,합,공공임대,서울,0
2024-02,합,공공임대,인천,0
2024-02,합,공공임대,경기,1,844
2024-02,합,공공임대,부산,0
2024-02,합,공공임대,대구,0
2024-02,합,공공임대,광주,0
2024-02,합,공공임대,대전,0
2024-02,합,공공임대,울산,0
2024-02,합,공공임대,세종,0
2024-02,합,공공임대,강원,0
2024-02,합,공공임대,충북,0
2024-02,합,공공임대,충남,0
2024-02,합,공공임대,전북,0
2024-02,합,공공임대,전남,0
2024-02,합,공공임대,경북,0
2024-02,합,공공임대,경남,0
2024-02,합,공공임대,제주,0
2024-02,합,공공분양,전국,994
2024-02,합,공공분양,서울,0
2024-02,합,공공분양,인천,0
2024-02,합,공공분양,경기,994
2024-02,합,공공분양,부산,0
2024-02,합,공공분양,대구,0
2024-02,합,공공분양,광주,0
2024-02,합,공공분양,대전,0
2024-02,합,공공분양,울산,0
2024-02,합,공공분양,세종,0
2024-02,합,공공분양,강원,0
2024-02,합,공공분양,충북,0
2024-02,합,공공분양,충남,0
2024-02,합,공공분양,전북,0
2024-02,합,공공분양,전남,0
2024-02,합,공공분양,경북,0
2024-02,합,공공분양,경남,0
2024-02,합,공공분양,제주,0
2024-02,지자체,소계,전국,0
2024-02,지자체,소계,서울,0
2024-02,지자체,소계,인천,0
2024-02,지자체,소계,경기,0
2024-02,지자체,소계,부산,0
2024-02,지자체,소계,대구,0
2024-02,지자체,소계,광주,0
2024-02,지자체,소계,대전,0
2024-02,지자체,소계,울산,0
2024-02,지자체,소계,세종,0
2024-02,지자체,소계,강원,0
2024-02,지자체,소계,충북,0
2024-02,지자체,소계,충남,0
2024-02,지자체,소계,전북,0
2024-02,지자체,소계,전남,0
2024-02,지자체,소계,경북,0
2024-02,지자체,소계,경남,0
2024-02,지자체,소계,제주,0
2024-02,지자체,국민임대,전국,0
2024-02,지자체,국민임대,서울,0
2024-02,지자체,국민임대,인천,0
2024-02,지자체,국민임대,경기,0
2024-02,지자체,국민임대,부산,0
2024-02,지자체,국민임대,대구,0
2024-02,지자체,국민임대,광주,0
2024-02,지자체,국민임대,대전,0
2024-02,지자체,국민임대,울산,0
2024-02,지자체,국민임대,세종,0
2024-02,지자체,국민임대,강원,0
2024-02,지자체,국민임대,충북,0
2024-02,지자체,국민임대,충남,0
2024-02,지자체,국민임대,전북,0
2024-02,지자체,국민임대,전남,0
2024-02,지자체,국민임대,경북,0
2024-02,지자체,국민임대,경남,0
2024-02,지자체,국민임대,제주,0
2024-02,지자체,공공임대,전국,0
2024-02,지자체,공공임대,서울,0
2024-02,지자체,공공임대,인천,0
2024-02,지자체,공공임대,경기,0
2024-02,지자체,공공임대,부산,0
2024-02,지자체,공공임대,대구,0
2024-02,지자체,공공임대,광주,0
2024-02,지자체,공공임대,대전,0
2024-02,지자체,공공임대,울산,0
2024-02,지자체,공공임대,세종,0
2024-02,지자체,공공임대,강원,0
2024-02,지자체,공공임대,충북,0
2024-02,지자체,공공임대,충남,0
2024-02,지자체,공공임대,전북,0
2024-02,지자체,공공임대,전남,0
2024-02,지자체,공공임대,경북,0
2024-02,지자체,공공임대,경남,0
2024-02,지자체,공공임대,제주,0
2024-02,지자체,공공분양,전국,0
2024-02,지자체,공공분양,서울,0
2024-02,지자체,공공분양,인천,0
2024-02,지자체,공공분양,경기,0
2024-02,지자체,공공분양,부산,0
2024-02,지자체,공공분양,대구,0
2024-02,지자체,공공분양,광주,0
2024-02,지자체,공공분양,대전,0
2024-02,지자체,공공분양,울산,0
2024-02,지자체,공공분양,세종,0
2024-02,지자체,공공분양,강원,0
2024-02,지자체,공공분양,충북,0
2024-02,지자체,공공분양,충남,0
2024-02,지자체,공공분양,전북,0
2024-02,지자체,공공분양,전남,0
2024-02,지자체,공공분양,경북,0
2024-02,지자체,공공분양,경남,0
2024-02,지자체,공공분양,제주,0
2024-02,LH,소계,전국,1,566
2024-02,LH,소계,서울,0
2024-02,LH,소계,인천,0
2024-02,LH,소계,경기,1,566
2024-02,LH,소계,부산,0
2024-02,LH,소계,대구,0
2024-02,LH,소계,광주,0
2024-02,LH,소계,대전,0
2024-02,LH,소계,울산,0
2024-02,LH,소계,세종,0
2024-02,LH,소계,강원,0
2024-02,LH,소계,충북,0
2024-02,LH,소계,충남,0
2024-02,LH,소계,전북,0
2024-02,LH,소계,전남,0
2024-02,LH,소계,경북,0
2024-02,LH,소계,경남,0
2024-02,LH,소계,제주,0
2024-02,LH,국민임대,전국,0
2024-02,LH,국민임대,서울,0
2024-02,LH,국민임대,인천,0
2024-02,LH,국민임대,경기,0
2024-02,LH,국민임대,부산,0
2024-02,LH,국민임대,대구,0
2024-02,LH,국민임대,광주,0
2024-02,LH,국민임대,대전,0
2024-02,LH,국민임대,울산,0
2024-02,LH,국민임대,세종,0
2024-02,LH,국민임대,강원,0
2024-02,LH,국민임대,충북,0
2024-02,LH,국민임대,충남,0
2024-02,LH,국민임대,전북,0
2024-02,LH,국민임대,전남,0
2024-02,LH,국민임대,경북,0
2024-02,LH,국민임대,경남,0
2024-02,LH,국민임대,제주,0
2024-02,LH,공공임대,전국,572
2024-02,LH,공공임대,서울,0
2024-02,LH,공공임대,인천,0
2024-02,LH,공공임대,경기,572
2024-02,LH,공공임대,부산,0
2024-02,LH,공공임대,대구,0
2024-02,LH,공공임대,광주,0
2024-02,LH,공공임대,대전,0
2024-02,LH,공공임대,울산,0
2024-02,LH,공공임대,세종,0
2024-02,LH,공공임대,강원,0
2024-02,LH,공공임대,충북,0
2024-02,LH,공공임대,충남,0
2024-02,LH,공공임대,전북,0
2024-02,LH,공공임대,전남,0
2024-02,LH,공공임대,경북,0
2024-02,LH,공공임대,경남,0
2024-02,LH,공공임대,제주,0
2024-02,LH,공공분양,전국,994
2024-02,LH,공공분양,서울,0
2024-02,LH,공공분양,인천,0
2024-02,LH,공공분양,경기,994
2024-02,LH,공공분양,부산,0
2024-02,LH,공공분양,대구,0
2024-02,LH,공공분양,광주,0
2024-02,LH,공공분양,대전,0
2024-02,LH,공공분양,울산,0
2024-02,LH,공공분양,세종,0
2024-02,LH,공공분양,강원,0
2024-02,LH,공공분양,충북,0
2024-02,LH,공공분양,충남,0
2024-02,LH,공공분양,전북,0
2024-02,LH,공공분양,전남,0
2024-02,LH,공공분양,경북,0
2024-02,LH,공공분양,경남,0
2024-02,LH,공공분양,제주,0
2024-02,주택업체,소계,전국,1,272
2024-02,주택업체,소계,서울,0
2024-02,주택업체,소계,인천,0
2024-02,주택업체,소계,경기,1,272
2024-02,주택업체,소계,부산,0
2024-02,주택업체,소계,대구,0
2024-02,주택업체,소계,광주,0
2024-02,주택업체,소계,대전,0
2024-02,주택업체,소계,울산,0
2024-02,주택업체,소계,세종,0
2024-02,주택업체,소계,강원,0
2024-02,주택업체,소계,충북,0
2024-02,주택업체,소계,충남,0
2024-02,주택업체,소계,전북,0
2024-02,주택업체,소계,전남,0
2024-02,주택업체,소계,경북,0
2024-02,주택업체,소계,경남,0
2024-02,주택업체,소계,제주,0
2024-02,주택업체,국민임대,전국,0
2024-02,주택업체,국민임대,서울,0
2024-02,주택업체,국민임대,인천,0
2024-02,주택업체,국민임대,경기,0
2024-02,주택업체,국민임대,부산,0
2024-02,주택업체,국민임대,대구,0
2024-02,주택업체,국민임대,광주,0
2024-02,주택업체,국민임대,대전,0
2024-02,주택업체,국민임대,울산,0
2024-02,주택업체,국민임대,세종,0
2024-02,주택업체,국민임대,강원,0
2024-02,주택업체,국민임대,충북,0
2024-02,주택업체,국민임대,충남,0
2024-02,주택업체,국민임대,전북,0
2024-02,주택업체,국민임대,전남,0
2024-02,주택업체,국민임대,경북,0
2024-02,주택업체,국민임대,경남,0
2024-02,주택업체,국민임대,제주,0
2024-02,주택업체,공공임대,전국,1,272
2024-02,주택업체,공공임대,서울,0
2024-02,주택업체,공공임대,인천,0
2024-02,주택업체,공공임대,경기,1,272
2024-02,주택업체,공공임대,부산,0
2024-02,주택업체,공공임대,대구,0
2024-02,주택업체,공공임대,광주,0
2024-02,주택업체,공공임대,대전,0
2024-02,주택업체,공공임대,울산,0
2024-02,주택업체,공공임대,세종,0
2024-02,주택업체,공공임대,강원,0
2024-02,주택업체,공공임대,충북,0
2024-02,주택업체,공공임대,충남,0
2024-02,주택업체,공공임대,전북,0
2024-02,주택업체,공공임대,전남,0
2024-02,주택업체,공공임대,경북,0
2024-02,주택업체,공공임대,경남,0
2024-02,주택업체,공공임대,제주,0
2024-02,주택업체,공공분양,전국,0
2024-02,주택업체,공공분양,서울,0
2024-02,주택업체,공공분양,인천,0
2024-02,주택업체,공공분양,경기,0
2024-02,주택업체,공공분양,부산,0
2024-02,주택업체,공공분양,대구,0
2024-02,주택업체,공공분양,광주,0
2024-02,주택업체,공공분양,대전,0
2024-02,주택업체,공공분양,울산,0
2024-02,주택업체,공공분양,세종,0
2024-02,주택업체,공공분양,강원,0
2024-02,주택업체,공공분양,충북,0
2024-02,주택업체,공공분양,충남,0
2024-02,주택업체,공공분양,전북,0
2024-02,주택업체,공공분양,전남,0
2024-02,주택업체,공공분양,경북,0
2024-02,주택업체,공공분양,경남,0
2024-02,주택업체,공공분양,제주,0
2024-02,민간부문,소계,전국,25,658
2024-02,민간부문,소계,서울,1,930
2024-02,민간부문,소계,인천,254
2024-02,민간부문,소계,경기,5,531
2024-02,민간부문,소계,부산,2,528
2024-02,민간부문,소계,대구,2,236
2024-02,민간부문,소계,광주,226
2024-02,민간부문,소계,대전,1,565
2024-02,민간부문,소계,울산,115
2024-02,민간부문,소계,세종,10
2024-02,민간부문,소계,강원,1,237
2024-02,민간부문,소계,충북,1,616
2024-02,민간부문,소계,충남,2,074
2024-02,민간부문,소계,전북,546
2024-02,민간부문,소계,전남,555
2024-02,민간부문,소계,경북,2,826
2024-02,민간부문,소계,경남,1,568
2024-02,민간부문,소계,제주,841
2024-02,민간,민간임대,전국,1,199
2024-02,민간,민간임대,서울,42
2024-02,민간,민간임대,인천,0
2024-02,민간,민간임대,경기,435
2024-02,민간,민간임대,부산,0
2024-02,민간,민간임대,대구,0
2024-02,민간,민간임대,광주,0
2024-02,민간,민간임대,대전,655
2024-02,민간,민간임대,울산,0
2024-02,민간,민간임대,세종,0
2024-02,민간,민간임대,강원,0
2024-02,민간,민간임대,충북,0
2024-02,민간,민간임대,충남,0
2024-02,민간,민간임대,전북,67
2024-02,민간,민간임대,전남,0
2024-02,민간,민간임대,경북,0
2024-02,민간,민간임대,경남,0
2024-02,민간,민간임대,제주,0
2024-02,민간,민간분양,전국,24,459
2024-02,민간,민간분양,서울,1,888
2024-02,민간,민간분양,인천,254
2024-02,민간,민간분양,경기,5,096
2024-02,민간,민간분양,부산,2,528
2024-02,민간,민간분양,대구,2,236
2024-02,민간,민간분양,광주,226
2024-02,민간,민간분양,대전,910
2024-02,민간,민간분양,울산,115
2024-02,민간,민간분양,세종,10
2024-02,민간,민간분양,강원,1,237
2024-02,민간,민간분양,충북,1,616
2024-02,민간,민간분양,충남,2,074
2024-02,민간,민간분양,전북,479
2024-02,민간,민간분양,전남,555
2024-02,민간,민간분양,경북,2,826
2024-02,민간,민간분양,경남,1,568
2024-02,민간,민간분양,제주,841
2024-03,총계,총계,전국,35,354
2024-03,총계,총계,서울,1,282
2024-03,총계,총계,인천,3,255
2024-03,총계,총계,경기,10,794
2024-03,총계,총계,부산,1,012
2024-03,총계,총계,대구,3,517
2024-03,총계,총계,광주,1,218
2024-03,총계,총계,대전,862
2024-03,총계,총계,울산,23
2024-03,총계,총계,세종,1,687
2024-03,총계,총계,강원,148
2024-03,총계,총계,충북,1,342
2024-03,총계,총계,충남,2,479
2024-03,총계,총계,전북,265
2024-03,총계,총계,전남,201
2024-03,총계,총계,경북,5,847
2024-03,총계,총계,경남,1,252
2024-03,총계,총계,제주,170
2024-03,공공부문,소계,전국,3,585
2024-03,공공부문,소계,서울,36
2024-03,공공부문,소계,인천,1,027
2024-03,공공부문,소계,경기,1,271
2024-03,공공부문,소계,부산,0
2024-03,공공부문,소계,대구,0
2024-03,공공부문,소계,광주,606
2024-03,공공부문,소계,대전,425
2024-03,공공부문,소계,울산,0
2024-03,공공부문,소계,세종,0
2024-03,공공부문,소계,강원,0
2024-03,공공부문,소계,충북,200
2024-03,공공부문,소계,충남,0
2024-03,공공부문,소계,전북,0
2024-03,공공부문,소계,전남,0
2024-03,공공부문,소계,경북,20
2024-03,공공부문,소계,경남,0
2024-03,공공부문,소계,제주,0
2024-03,합,국민임대,전국,483
2024-03,합,국민임대,서울,36
2024-03,합,국민임대,인천,0
2024-03,합,국민임대,경기,0
2024-03,합,국민임대,부산,0
2024-03,합,국민임대,대구,0
2024-03,합,국민임대,광주,447
2024-03,합,국민임대,대전,0
2024-03,합,국민임대,울산,0
2024-03,합,국민임대,세종,0
2024-03,합,국민임대,강원,0
2024-03,합,국민임대,충북,0
2024-03,합,국민임대,충남,0
2024-03,합,국민임대,전북,0
2024-03,합,국민임대,전남,0
2024-03,합,국민임대,경북,0
2024-03,합,국민임대,경남,0
2024-03,합,국민임대,제주,0
2024-03,합,공공임대,전국,1,015
2024-03,합,공공임대,서울,0
2024-03,합,공공임대,인천,97
2024-03,합,공공임대,경기,114
2024-03,합,공공임대,부산,0
2024-03,합,공공임대,대구,0
2024-03,합,공공임대,광주,159
2024-03,합,공공임대,대전,425
2024-03,합,공공임대,울산,0
2024-03,합,공공임대,세종,0
2024-03,합,공공임대,강원,0
2024-03,합,공공임대,충북,200
2024-03,합,공공임대,충남,0
2024-03,합,공공임대,전북,0
2024-03,합,공공임대,전남,0
2024-03,합,공공임대,경북,20
2024-03,합,공공임대,경남,0
2024-03,합,공공임대,제주,0
2024-03,합,공공분양,전국,2,087
2024-03,합,공공분양,서울,0
2024-03,합,공공분양,인천,930
2024-03,합,공공분양,경기,1,157
2024-03,합,공공분양,부산,0
2024-03,합,공공분양,대구,0
2024-03,합,공공분양,광주,0
2024-03,합,공공분양,대전,0
2024-03,합,공공분양,울산,0
2024-03,합,공공분양,세종,0
2024-03,합,공공분양,강원,0
2024-03,합,공공분양,충북,0
2024-03,합,공공분양,충남,0
2024-03,합,공공분양,전북,0
2024-03,합,공공분양,전남,0
2024-03,합,공공분양,경북,0
2024-03,합,공공분양,경남,0
2024-03,합,공공분양,제주,0
2024-03,지자체,소계,전국,0
2024-03,지자체,소계,서울,0
2024-03,지자체,소계,인천,0
2024-03,지자체,소계,경기,0
2024-03,지자체,소계,부산,0
2024-03,지자체,소계,대구,0
2024-03,지자체,소계,광주,0
2024-03,지자체,소계,대전,0
2024-03,지자체,소계,울산,0
2024-03,지자체,소계,세종,0
2024-03,지자체,소계,강원,0
2024-03,지자체,소계,충북,0
2024-03,지자체,소계,충남,0
2024-03,지자체,소계,전북,0
2024-03,지자체,소계,전남,0
2024-03,지자체,소계,경북,0
2024-03,지자체,소계,경남,0
2024-03,지자체,소계,제주,0
2024-03,지자체,국민임대,전국,0
2024-03,지자체,국민임대,서울,0
2024-03,지자체,국민임대,인천,0
2024-03,지자체,국민임대,경기,0
2024-03,지자체,국민임대,부산,0
2024-03,지자체,국민임대,대구,0
2024-03,지자체,국민임대,광주,0
2024-03,지자체,국민임대,대전,0
2024-03,지자체,국민임대,울산,0
2024-03,지자체,국민임대,세종,0
2024-03,지자체,국민임대,강원,0
2024-03,지자체,국민임대,충북,0
2024-03,지자체,국민임대,충남,0
2024-03,지자체,국민임대,전북,0
2024-03,지자체,국민임대,전남,0
2024-03,지자체,국민임대,경북,0
2024-03,지자체,국민임대,경남,0
2024-03,지자체,국민임대,제주,0
2024-03,지자체,공공임대,전국,0
2024-03,지자체,공공임대,서울,0
2024-03,지자체,공공임대,인천,0
2024-03,지자체,공공임대,경기,0
2024-03,지자체,공공임대,부산,0
2024-03,지자체,공공임대,대구,0
2024-03,지자체,공공임대,광주,0
2024-03,지자체,공공임대,대전,0
2024-03,지자체,공공임대,울산,0
2024-03,지자체,공공임대,세종,0
2024-03,지자체,공공임대,강원,0
2024-03,지자체,공공임대,충북,0
2024-03,지자체,공공임대,충남,0
2024-03,지자체,공공임대,전북,0
2024-03,지자체,공공임대,전남,0
2024-03,지자체,공공임대,경북,0
2024-03,지자체,공공임대,경남,0
2024-03,지자체,공공임대,제주,0
2024-03,지자체,공공분양,전국,0
2024-03,지자체,공공분양,서울,0
2024-03,지자체,공공분양,인천,0
2024-03,지자체,공공분양,경기,0
2024-03,지자체,공공분양,부산,0
2024-03,지자체,공공분양,대구,0
2024-03,지자체,공공분양,광주,0
2024-03,지자체,공공분양,대전,0
2024-03,지자체,공공분양,울산,0
2024-03,지자체,공공분양,세종,0
2024-03,지자체,공공분양,강원,0
2024-03,지자체,공공분양,충북,0
2024-03,지자체,공공분양,충남,0
2024-03,지자체,공공분양,전북,0
2024-03,지자체,공공분양,전남,0
2024-03,지자체,공공분양,경북,0
2024-03,지자체,공공분양,경남,0
2024-03,지자체,공공분양,제주,0
2024-03,LH,소계,전국,3,007
2024-03,LH,소계,서울,0
2024-03,LH,소계,인천,930
2024-03,LH,소계,경기,1,271
2024-03,LH,소계,부산,0
2024-03,LH,소계,대구,0
2024-03,LH,소계,광주,606
2024-03,LH,소계,대전,0
2024-03,LH,소계,울산,0
2024-03,LH,소계,세종,0
2024-03,LH,소계,강원,0
2024-03,LH,소계,충북,200
2024-03,LH,소계,충남,0
2024-03,LH,소계,전북,0
2024-03,LH,소계,전남,0
2024-03,LH,소계,경북,0
2024-03,LH,소계,경남,0
2024-03,LH,소계,제주,0
2024-03,LH,국민임대,전국,447
2024-03,LH,국민임대,서울,0
2024-03,LH,국민임대,인천,0
2024-03,LH,국민임대,경기,0
2024-03,LH,국민임대,부산,0
2024-03,LH,국민임대,대구,0
2024-03,LH,국민임대,광주,447
2024-03,LH,국민임대,대전,0
2024-03,LH,국민임대,울산,0
2024-03,LH,국민임대,세종,0
2024-03,LH,국민임대,강원,0
2024-03,LH,국민임대,충북,0
2024-03,LH,국민임대,충남,0
2024-03,LH,국민임대,전북,0
2024-03,LH,국민임대,전남,0
2024-03,LH,국민임대,경북,0
2024-03,LH,국민임대,경남,0
2024-03,LH,국민임대,제주,0
2024-03,LH,공공임대,전국,473
2024-03,LH,공공임대,서울,0
2024-03,LH,공공임대,인천,0
2024-03,LH,공공임대,경기,114
2024-03,LH,공공임대,부산,0
2024-03,LH,공공임대,대구,0
2024-03,LH,공공임대,광주,159
2024-03,LH,공공임대,대전,0
2024-03,LH,공공임대,울산,0
2024-03,LH,공공임대,세종,0
2024-03,LH,공공임대,강원,0
2024-03,LH,공공임대,충북,200
2024-03,LH,공공임대,충남,0
2024-03,LH,공공임대,전북,0
2024-03,LH,공공임대,전남,0
2024-03,LH,공공임대,경북,0
2024-03,LH,공공임대,경남,0
2024-03,LH,공공임대,제주,0
2024-03,LH,공공분양,전국,2,087
2024-03,LH,공공분양,서울,0
2024-03,LH,공공분양,인천,930
2024-03,LH,공공분양,경기,1,157
2024-03,LH,공공분양,부산,0
2024-03,LH,공공분양,대구,0
2024-03,LH,공공분양,광주,0
2024-03,LH,공공분양,대전,0
2024-03,LH,공공분양,울산,0
2024-03,LH,공공분양,세종,0
2024-03,LH,공공분양,강원,0
2024-03,LH,공공분양,충북,0
2024-03,LH,공공분양,충남,0
2024-03,LH,공공분양,전북,0
2024-03,LH,공공분양,전남,0
2024-03,LH,공공분양,경북,0
2024-03,LH,공공분양,경남,0
2024-03,LH,공공분양,제주,0
2024-03,주택업체,소계,전국,578
2024-03,주택업체,소계,서울,36
2024-03,주택업체,소계,인천,97
2024-03,주택업체,소계,경기,0
2024-03,주택업체,소계,부산,0
2024-03,주택업체,소계,대구,0
2024-03,주택업체,소계,광주,0
2024-03,주택업체,소계,대전,425
2024-03,주택업체,소계,울산,0
2024-03,주택업체,소계,세종,0
2024-03,주택업체,소계,강원,0
2024-03,주택업체,소계,충북,0
2024-03,주택업체,소계,충남,0
2024-03,주택업체,소계,전북,0
2024-03,주택업체,소계,전남,0
2024-03,주택업체,소계,경북,20
2024-03,주택업체,소계,경남,0
2024-03,주택업체,소계,제주,0
2024-03,주택업체,국민임대,전국,36
2024-03,주택업체,국민임대,서울,36
2024-03,주택업체,국민임대,인천,0
2024-03,주택업체,국민임대,경기,0
2024-03,주택업체,국민임대,부산,0
2024-03,주택업체,국민임대,대구,0
2024-03,주택업체,국민임대,광주,0
2024-03,주택업체,국민임대,대전,0
2024-03,주택업체,국민임대,울산,0
2024-03,주택업체,국민임대,세종,0
2024-03,주택업체,국민임대,강원,0
2024-03,주택업체,국민임대,충북,0
2024-03,주택업체,국민임대,충남,0
2024-03,주택업체,국민임대,전북,0
2024-03,주택업체,국민임대,전남,0
2024-03,주택업체,국민임대,경북,0
2024-03,주택업체,국민임대,경남,0
2024-03,주택업체,국민임대,제주,0
2024-03,주택업체,공공임대,전국,542
2024-03,주택업체,공공임대,서울,0
2024-03,주택업체,공공임대,인천,97
2024-03,주택업체,공공임대,경기,0
2024-03,주택업체,공공임대,부산,0
2024-03,주택업체,공공임대,대구,0
2024-03,주택업체,공공임대,광주,0
2024-03,주택업체,공공임대,대전,425
2024-03,주택업체,공공임대,울산,0
2024-03,주택업체,공공임대,세종,0
2024-03,주택업체,공공임대,강원,0
2024-03,주택업체,공공임대,충북,0
2024-03,주택업체,공공임대,충남,0
2024-03,주택업체,공공임대,전북,0
2024-03,주택업체,공공임대,전남,0
2024-03,주택업체,공공임대,경북,20
2024-03,주택업체,공공임대,경남,0
2024-03,주택업체,공공임대,제주,0
2024-03,주택업체,공공분양,전국,0
2024-03,주택업체,공공분양,서울,0
2024-03,주택업체,공공분양,인천,0
2024-03,주택업체,공공분양,경기,0
2024-03,주택업체,공공분양,부산,0
2024-03,주택업체,공공분양,대구,0
2024-03,주택업체,공공분양,광주,0
2024-03,주택업체,공공분양,대전,0
2024-03,주택업체,공공분양,울산,0
2024-03,주택업체,공공분양,세종,0
2024-03,주택업체,공공분양,강원,0
2024-03,주택업체,공공분양,충북,0
2024-03,주택업체,공공분양,충남,0
2024-03,주택업체,공공분양,전북,0
2024-03,주택업체,공공분양,전남,0
2024-03,주택업체,공공분양,경북,0
2024-03,주택업체,공공분양,경남,0
2024-03,주택업체,공공분양,제주,0
2024-03,민간부문,소계,전국,31,769
2024-03,민간부문,소계,서울,1,246
2024-03,민간부문,소계,인천,2,228
2024-03,민간부문,소계,경기,9,523
2024-03,민간부문,소계,부산,1,012
2024-03,민간부문,소계,대구,3,517
2024-03,민간부문,소계,광주,612
2024-03,민간부문,소계,대전,437
2024-03,민간부문,소계,울산,23
2024-03,민간부문,소계,세종,1,687
2024-03,민간부문,소계,강원,148
2024-03,민간부문,소계,충북,1,142
2024-03,민간부문,소계,충남,2,479
2024-03,민간부문,소계,전북,265
2024-03,민간부문,소계,전남,201
2024-03,민간부문,소계,경북,5,827
2024-03,민간부문,소계,경남,1,252
2024-03,민간부문,소계,제주,170
2024-03,민간,민간임대,전국,406
2024-03,민간,민간임대,서울,0
2024-03,민간,민간임대,인천,0
2024-03,민간,민간임대,경기,0
2024-03,민간,민간임대,부산,0
2024-03,민간,민간임대,대구,0
2024-03,민간,민간임대,광주,0
2024-03,민간,민간임대,대전,0
2024-03,민간,민간임대,울산,0
2024-03,민간,민간임대,세종,0
2024-03,민간,민간임대,강원,0
2024-03,민간,민간임대,충북,0
2024-03,민간,민간임대,충남,406
2024-03,민간,민간임대,전북,0
2024-03,민간,민간임대,전남,0
2024-03,민간,민간임대,경북,0
2024-03,민간,민간임대,경남,0
2024-03,민간,민간임대,제주,0
2024-03,민간,민간분양,전국,31,363
2024-03,민간,민간분양,서울,1,246
2024-03,민간,민간분양,인천,2,228
2024-03,민간,민간분양,경기,9,523
2024-03,민간,민간분양,부산,1,012
2024-03,민간,민간분양,대구,3,517
2024-03,민간,민간분양,광주,612
2024-03,민간,민간분양,대전,437
2024-03,민간,민간분양,울산,23
2024-03,민간,민간분양,세종,1,687
2024-03,민간,민간분양,강원,148
2024-03,민간,민간분양,충북,1,142
2024-03,민간,민간분양,충남,2,073
2024-03,민간,민간분양,전북,265
2024-03,민간,민간분양,전남,201
2024-03,민간,민간분양,경북,5,827
2024-03,민간,민간분양,경남,1,252
2024-03,민간,민간분양,제주,170
2024-04,총계,총계,전국,31,296
2024-04,총계,총계,서울,1,533
2024-04,총계,총계,인천,292
2024-04,총계,총계,경기,8,166
2024-04,총계,총계,부산,228
2024-04,총계,총계,대구,3,293
2024-04,총계,총계,광주,4,714
2024-04,총계,총계,대전,2,869
2024-04,총계,총계,울산,46
2024-04,총계,총계,세종,8
2024-04,총계,총계,강원,1,048
2024-04,총계,총계,충북,3,432
2024-04,총계,총계,충남,179
2024-04,총계,총계,전북,977
2024-04,총계,총계,전남,531
2024-04,총계,총계,경북,2,610
2024-04,총계,총계,경남,1,065
2024-04,총계,총계,제주,305
2024-04,공공부문,소계,전국,2,699
2024-04,공공부문,소계,서울,1
2024-04,공공부문,소계,인천,0
2024-04,공공부문,소계,경기,2,548
2024-04,공공부문,소계,부산,0
2024-04,공공부문,소계,대구,0
2024-04,공공부문,소계,광주,0
2024-04,공공부문,소계,대전,0
2024-04,공공부문,소계,울산,0
2024-04,공공부문,소계,세종,0
2024-04,공공부문,소계,강원,0
2024-04,공공부문,소계,충북,0
2024-04,공공부문,소계,충남,0
2024-04,공공부문,소계,전북,150
2024-04,공공부문,소계,전남,0
2024-04,공공부문,소계,경북,0
2024-04,공공부문,소계,경남,0
2024-04,공공부문,소계,제주,0
2024-04,합,국민임대,전국,0
2024-04,합,국민임대,서울,0
2024-04,합,국민임대,인천,0
2024-04,합,국민임대,경기,0
2024-04,합,국민임대,부산,0
2024-04,합,국민임대,대구,0
2024-04,합,국민임대,광주,0
2024-04,합,국민임대,대전,0
2024-04,합,국민임대,울산,0
2024-04,합,국민임대,세종,0
2024-04,합,국민임대,강원,0
2024-04,합,국민임대,충북,0
2024-04,합,국민임대,충남,0
2024-04,합,국민임대,전북,0
2024-04,합,국민임대,전남,0
2024-04,합,국민임대,경북,0
2024-04,합,국민임대,경남,0
2024-04,합,국민임대,제주,0
2024-04,합,공공임대,전국,603
2024-04,합,공공임대,서울,1
2024-04,합,공공임대,인천,0
2024-04,합,공공임대,경기,452
2024-04,합,공공임대,부산,0
2024-04,합,공공임대,대구,0
2024-04,합,공공임대,광주,0
2024-04,합,공공임대,대전,0
2024-04,합,공공임대,울산,0
2024-04,합,공공임대,세종,0
2024-04,합,공공임대,강원,0
2024-04,합,공공임대,충북,0
2024-04,합,공공임대,충남,0
2024-04,합,공공임대,전북,150
2024-04,합,공공임대,전남,0
2024-04,합,공공임대,경북,0
2024-04,합,공공임대,경남,0
2024-04,합,공공임대,제주,0
2024-04,합,공공분양,전국,2,096
2024-04,합,공공분양,서울,0
2024-04,합,공공분양,인천,0
2024-04,합,공공분양,경기,2,096
2024-04,합,공공분양,부산,0
2024-04,합,공공분양,대구,0
2024-04,합,공공분양,광주,0
2024-04,합,공공분양,대전,0
2024-04,합,공공분양,울산,0
2024-04,합,공공분양,세종,0
2024-04,합,공공분양,강원,0
2024-04,합,공공분양,충북,0
2024-04,합,공공분양,충남,0
2024-04,합,공공분양,전북,0
2024-04,합,공공분양,전남,0
2024-04,합,공공분양,경북,0
2024-04,합,공공분양,경남,0
2024-04,합,공공분양,제주,0
2024-04,지자체,소계,전국,0
2024-04,지자체,소계,서울,0
2024-04,지자체,소계,인천,0
2024-04,지자체,소계,경기,0
2024-04,지자체,소계,부산,0
2024-04,지자체,소계,대구,0
2024-04,지자체,소계,광주,0
2024-04,지자체,소계,대전,0
2024-04,지자체,소계,울산,0
2024-04,지자체,소계,세종,0
2024-04,지자체,소계,강원,0
2024-04,지자체,소계,충북,0
2024-04,지자체,소계,충남,0
2024-04,지자체,소계,전북,0
2024-04,지자체,소계,전남,0
2024-04,지자체,소계,경북,0
2024-04,지자체,소계,경남,0
2024-04,지자체,소계,제주,0
2024-04,지자체,국민임대,전국,0
2024-04,지자체,국민임대,서울,0
2024-04,지자체,국민임대,인천,0
2024-04,지자체,국민임대,경기,0
2024-04,지자체,국민임대,부산,0
2024-04,지자체,국민임대,대구,0
2024-04,지자체,국민임대,광주,0
2024-04,지자체,국민임대,대전,0
2024-04,지자체,국민임대,울산,0
2024-04,지자체,국민임대,세종,0
2024-04,지자체,국민임대,강원,0
2024-04,지자체,국민임대,충북,0
2024-04,지자체,국민임대,충남,0
2024-04,지자체,국민임대,전북,0
2024-04,지자체,국민임대,전남,0
2024-04,지자체,국민임대,경북,0
2024-04,지자체,국민임대,경남,0
2024-04,지자체,국민임대,제주,0
2024-04,지자체,공공임대,전국,0
2024-04,지자체,공공임대,서울,0
2024-04,지자체,공공임대,인천,0
2024-04,지자체,공공임대,경기,0
2024-04,지자체,공공임대,부산,0
2024-04,지자체,공공임대,대구,0
2024-04,지자체,공공임대,광주,0
2024-04,지자체,공공임대,대전,0
2024-04,지자체,공공임대,울산,0
2024-04,지자체,공공임대,세종,0
2024-04,지자체,공공임대,강원,0
2024-04,지자체,공공임대,충북,0
2024-04,지자체,공공임대,충남,0
2024-04,지자체,공공임대,전북,0
2024-04,지자체,공공임대,전남,0
2024-04,지자체,공공임대,경북,0
2024-04,지자체,공공임대,경남,0
2024-04,지자체,공공임대,제주,0
2024-04,지자체,공공분양,전국,0
2024-04,지자체,공공분양,서울,0
2024-04,지자체,공공분양,인천,0
2024-04,지자체,공공분양,경기,0
2024-04,지자체,공공분양,부산,0
2024-04,지자체,공공분양,대구,0
2024-04,지자체,공공분양,광주,0
2024-04,지자체,공공분양,대전,0
2024-04,지자체,공공분양,울산,0
2024-04,지자체,공공분양,세종,0
2024-04,지자체,공공분양,강원,0
2024-04,지자체,공공분양,충북,0
2024-04,지자체,공공분양,충남,0
2024-04,지자체,공공분양,전북,0
2024-04,지자체,공공분양,전남,0
2024-04,지자체,공공분양,경북,0
2024-04,지자체,공공분양,경남,0
2024-04,지자체,공공분양,제주,0
2024-04,LH,소계,전국,1,019
2024-04,LH,소계,서울,0
2024-04,LH,소계,인천,0
2024-04,LH,소계,경기,869
2024-04,LH,소계,부산,0
2024-04,LH,소계,대구,0
2024-04,LH,소계,광주,0
2024-04,LH,소계,대전,0
2024-04,LH,소계,울산,0
2024-04,LH,소계,세종,0
2024-04,LH,소계,강원,0
2024-04,LH,소계,충북,0
2024-04,LH,소계,충남,0
2024-04,LH,소계,전북,150
2024-04,LH,소계,전남,0
2024-04,LH,소계,경북,0
2024-04,LH,소계,경남,0
2024-04,LH,소계,제주,0
2024-04,LH,국민임대,전국,0
2024-04,LH,국민임대,서울,0
2024-04,LH,국민임대,인천,0
2024-04,LH,국민임대,경기,0
2024-04,LH,국민임대,부산,0
2024-04,LH,국민임대,대구,0
2024-04,LH,국민임대,광주,0
2024-04,LH,국민임대,대전,0
2024-04,LH,국민임대,울산,0
2024-04,LH,국민임대,세종,0
2024-04,LH,국민임대,강원,0
2024-04,LH,국민임대,충북,0
2024-04,LH,국민임대,충남,0
2024-04,LH,국민임대,전북,0
2024-04,LH,국민임대,전남,0
2024-04,LH,국민임대,경북,0
2024-04,LH,국민임대,경남,0
2024-04,LH,국민임대,제주,0
2024-04,LH,공공임대,전국,150
2024-04,LH,공공임대,서울,0
2024-04,LH,공공임대,인천,0
2024-04,LH,공공임대,경기,0
2024-04,LH,공공임대,부산,0
2024-04,LH,공공임대,대구,0
2024-04,LH,공공임대,광주,0
2024-04,LH,공공임대,대전,0
2024-04,LH,공공임대,울산,0
2024-04,LH,공공임대,세종,0
2024-04,LH,공공임대,강원,0
2024-04,LH,공공임대,충북,0
2024-04,LH,공공임대,충남,0
2024-04,LH,공공임대,전북,150
2024-04,LH,공공임대,전남,0
2024-04,LH,공공임대,경북,0
2024-04,LH,공공임대,경남,0
2024-04,LH,공공임대,제주,0
2024-04,LH,공공분양,전국,869
2024-04,LH,공공분양,서울,0
2024-04,LH,공공분양,인천,0
2024-04,LH,공공분양,경기,869
2024-04,LH,공공분양,부산,0
2024-04,LH,공공분양,대구,0
2024-04,LH,공공분양,광주,0
2024-04,LH,공공분양,대전,0
2024-04,LH,공공분양,울산,0
2024-04,LH,공공분양,세종,0
2024-04,LH,공공분양,강원,0
2024-04,LH,공공분양,충북,0
2024-04,LH,공공분양,충남,0
2024-04,LH,공공분양,전북,0
2024-04,LH,공공분양,전남,0
2024-04,LH,공공분양,경북,0
2024-04,LH,공공분양,경남,0
2024-04,LH,공공분양,제주,0
2024-04,주택업체,소계,전국,1,680
2024-04,주택업체,소계,서울,1
2024-04,주택업체,소계,인천,0
2024-04,주택업체,소계,경기,1,679
2024-04,주택업체,소계,부산,0
2024-04,주택업체,소계,대구,0
2024-04,주택업체,소계,광주,0
2024-04,주택업체,소계,대전,0
2024-04,주택업체,소계,울산,0
2024-04,주택업체,소계,세종,0
2024-04,주택업체,소계,강원,0
2024-04,주택업체,소계,충북,0
2024-04,주택업체,소계,충남,0
2024-04,주택업체,소계,전북,0
2024-04,주택업체,소계,전남,0
2024-04,주택업체,소계,경북,0
2024-04,주택업체,소계,경남,0
2024-04,주택업체,소계,제주,0
2024-04,주택업체,국민임대,전국,0
2024-04,주택업체,국민임대,서울,0
2024-04,주택업체,국민임대,인천,0
2024-04,주택업체,국민임대,경기,0
2024-04,주택업체,국민임대,부산,0
2024-04,주택업체,국민임대,대구,0
2024-04,주택업체,국민임대,광주,0
2024-04,주택업체,국민임대,대전,0
2024-04,주택업체,국민임대,울산,0
2024-04,주택업체,국민임대,세종,0
2024-04,주택업체,국민임대,강원,0
2024-04,주택업체,국민임대,충북,0
2024-04,주택업체,국민임대,충남,0
2024-04,주택업체,국민임대,전북,0
2024-04,주택업체,국민임대,전남,0
2024-04,주택업체,국민임대,경북,0
2024-04,주택업체,국민임대,경남,0
2024-04,주택업체,국민임대,제주,0
2024-04,주택업체,공공임대,전국,453
2024-04,주택업체,공공임대,서울,1
2024-04,주택업체,공공임대,인천,0
2024-04,주택업체,공공임대,경기,452
2024-04,주택업체,공공임대,부산,0
2024-04,주택업체,공공임대,대구,0
2024-04,주택업체,공공임대,광주,0
2024-04,주택업체,공공임대,대전,0
2024-04,주택업체,공공임대,울산,0
2024-04,주택업체,공공임대,세종,0
2024-04,주택업체,공공임대,강원,0
2024-04,주택업체,공공임대,충북,0
2024-04,주택업체,공공임대,충남,0
2024-04,주택업체,공공임대,전북,0
2024-04,주택업체,공공임대,전남,0
2024-04,주택업체,공공임대,경북,0
2024-04,주택업체,공공임대,경남,0
2024-04,주택업체,공공임대,제주,0
2024-04,주택업체,공공분양,전국,1,227
2024-04,주택업체,공공분양,서울,0
2024-04,주택업체,공공분양,인천,0
2024-04,주택업체,공공분양,경기,1,227
2024-04,주택업체,공공분양,부산,0
2024-04,주택업체,공공분양,대구,0
2024-04,주택업체,공공분양,광주,0
2024-04,주택업체,공공분양,대전,0
2024-04,주택업체,공공분양,울산,0
2024-04,주택업체,공공분양,세종,0
2024-04,주택업체,공공분양,강원,0
2024-04,주택업체,공공분양,충북,0
2024-04,주택업체,공공분양,충남,0
2024-04,주택업체,공공분양,전북,0
2024-04,주택업체,공공분양,전남,0
2024-04,주택업체,공공분양,경북,0
2024-04,주택업체,공공분양,경남,0
2024-04,주택업체,공공분양,제주,0
2024-04,민간부문,소계,전국,28,597
2024-04,민간부문,소계,서울,1,532
2024-04,민간부문,소계,인천,292
2024-04,민간부문,소계,경기,5,618
2024-04,민간부문,소계,부산,228
2024-04,민간부문,소계,대구,3,293
2024-04,민간부문,소계,광주,4,714
2024-04,민간부문,소계,대전,2,869
2024-04,민간부문,소계,울산,46
2024-04,민간부문,소계,세종,8
2024-04,민간부문,소계,강원,1,048
2024-04,민간부문,소계,충북,3,432
2024-04,민간부문,소계,충남,179
2024-04,민간부문,소계,전북,827
2024-04,민간부문,소계,전남,531
2024-04,민간부문,소계,경북,2,610
2024-04,민간부문,소계,경남,1,065
2024-04,민간부문,소계,제주,305
2024-04,민간,민간임대,전국,6,412
2024-04,민간,민간임대,서울,0
2024-04,민간,민간임대,인천,0
2024-04,민간,민간임대,경기,585
2024-04,민간,민간임대,부산,0
2024-04,민간,민간임대,대구,0
2024-04,민간,민간임대,광주,0
2024-04,민간,민간임대,대전,1,791
2024-04,민간,민간임대,울산,0
2024-04,민간,민간임대,세종,0
2024-04,민간,민간임대,강원,0
2024-04,민간,민간임대,충북,3,288
2024-04,민간,민간임대,충남,0
2024-04,민간,민간임대,전북,748
2024-04,민간,민간임대,전남,0
2024-04,민간,민간임대,경북,0
2024-04,민간,민간임대,경남,0
2024-04,민간,민간임대,제주,0
2024-04,민간,민간분양,전국,22,185
2024-04,민간,민간분양,서울,1,532
2024-04,민간,민간분양,인천,292
2024-04,민간,민간분양,경기,5,033
2024-04,민간,민간분양,부산,228
2024-04,민간,민간분양,대구,3,293
2024-04,민간,민간분양,광주,4,714
2024-04,민간,민간분양,대전,1,078
2024-04,민간,민간분양,울산,46
2024-04,민간,민간분양,세종,8
2024-04,민간,민간분양,강원,1,048
2024-04,민간,민간분양,충북,144
2024-04,민간,민간분양,충남,179
2024-04,민간,민간분양,전북,79
2024-04,민간,민간분양,전남,531
2024-04,민간,민간분양,경북,2,610
2024-04,민간,민간분양,경남,1,065
2024-04,민간,민간분양,제주,305
2024-05,총계,총계,전국,21,590
2024-05,총계,총계,서울,1,025
2024-05,총계,총계,인천,75
2024-05,총계,총계,경기,6,381
2024-05,총계,총계,부산,1,415
2024-05,총계,총계,대구,1,277
2024-05,총계,총계,광주,17
2024-05,총계,총계,대전,29
2024-05,총계,총계,울산,686
2024-05,총계,총계,세종,8
2024-05,총계,총계,강원,2,041
2024-05,총계,총계,충북,754
2024-05,총계,총계,충남,133
2024-05,총계,총계,전북,975
2024-05,총계,총계,전남,2,654
2024-05,총계,총계,경북,837
2024-05,총계,총계,경남,3,144
2024-05,총계,총계,제주,139
2024-05,공공부문,소계,전국,3,495
2024-05,공공부문,소계,서울,0
2024-05,공공부문,소계,인천,0
2024-05,공공부문,소계,경기,1,500
2024-05,공공부문,소계,부산,449
2024-05,공공부문,소계,대구,1
2024-05,공공부문,소계,광주,0
2024-05,공공부문,소계,대전,0
2024-05,공공부문,소계,울산,0
2024-05,공공부문,소계,세종,0
2024-05,공공부문,소계,강원,0
2024-05,공공부문,소계,충북,0
2024-05,공공부문,소계,충남,0
2024-05,공공부문,소계,전북,150
2024-05,공공부문,소계,전남,300
2024-05,공공부문,소계,경북,42
2024-05,공공부문,소계,경남,1,053
2024-05,공공부문,소계,제주,0
2024-05,합,국민임대,전국,492
2024-05,합,국민임대,서울,0
2024-05,합,국민임대,인천,0
2024-05,합,국민임대,경기,0
2024-05,합,국민임대,부산,449
2024-05,합,국민임대,대구,1
2024-05,합,국민임대,광주,0
2024-05,합,국민임대,대전,0
2024-05,합,국민임대,울산,0
2024-05,합,국민임대,세종,0
2024-05,합,국민임대,강원,0
2024-05,합,국민임대,충북,0
2024-05,합,국민임대,충남,0
2024-05,합,국민임대,전북,0
2024-05,합,국민임대,전남,0
2024-05,합,국민임대,경북,42
2024-05,합,국민임대,경남,0
2024-05,합,국민임대,제주,0
2024-05,합,공공임대,전국,3,003
2024-05,합,공공임대,서울,0
2024-05,합,공공임대,인천,0
2024-05,합,공공임대,경기,1,500
2024-05,합,공공임대,부산,0
2024-05,합,공공임대,대구,0
2024-05,합,공공임대,광주,0
2024-05,합,공공임대,대전,0
2024-05,합,공공임대,울산,0
2024-05,합,공공임대,세종,0
2024-05,합,공공임대,강원,0
2024-05,합,공공임대,충북,0
2024-05,합,공공임대,충남,0
2024-05,합,공공임대,전북,150
2024-05,합,공공임대,전남,300
2024-05,합,공공임대,경북,0
2024-05,합,공공임대,경남,1,053
2024-05,합,공공임대,제주,0
2024-05,합,공공분양,전국,0
2024-05,합,공공분양,서울,0
2024-05,합,공공분양,인천,0
2024-05,합,공공분양,경기,0
2024-05,합,공공분양,부산,0
2024-05,합,공공분양,대구,0
2024-05,합,공공분양,광주,0
2024-05,합,공공분양,대전,0
2024-05,합,공공분양,울산,0
2024-05,합,공공분양,세종,0
2024-05,합,공공분양,강원,0
2024-05,합,공공분양,충북,0
2024-05,합,공공분양,충남,0
2024-05,합,공공분양,전북,0
2024-05,합,공공분양,전남,0
2024-05,합,공공분양,경북,0
2024-05,합,공공분양,경남,0
2024-05,합,공공분양,제주,0
2024-05,지자체,소계,전국,0
2024-05,지자체,소계,서울,0
2024-05,지자체,소계,인천,0
2024-05,지자체,소계,경기,0
2024-05,지자체,소계,부산,0
2024-05,지자체,소계,대구,0
2024-05,지자체,소계,광주,0
2024-05,지자체,소계,대전,0
2024-05,지자체,소계,울산,0
2024-05,지자체,소계,세종,0
2024-05,지자체,소계,강원,0
2024-05,지자체,소계,충북,0
2024-05,지자체,소계,충남,0
2024-05,지자체,소계,전북,0
2024-05,지자체,소계,전남,0
2024-05,지자체,소계,경북,0
2024-05,지자체,소계,경남,0
2024-05,지자체,소계,제주,0
2024-05,지자체,국민임대,전국,0
2024-05,지자체,국민임대,서울,0
2024-05,지자체,국민임대,인천,0
2024-05,지자체,국민임대,경기,0
2024-05,지자체,국민임대,부산,0
2024-05,지자체,국민임대,대구,0
2024-05,지자체,국민임대,광주,0
2024-05,지자체,국민임대,대전,0
2024-05,지자체,국민임대,울산,0
2024-05,지자체,국민임대,세종,0
2024-05,지자체,국민임대,강원,0
2024-05,지자체,국민임대,충북,0
2024-05,지자체,국민임대,충남,0
2024-05,지자체,국민임대,전북,0
2024-05,지자체,국민임대,전남,0
2024-05,지자체,국민임대,경북,0
2024-05,지자체,국민임대,경남,0
2024-05,지자체,국민임대,제주,0
2024-05,지자체,공공임대,전국,0
2024-05,지자체,공공임대,서울,0
2024-05,지자체,공공임대,인천,0
2024-05,지자체,공공임대,경기,0
2024-05,지자체,공공임대,부산,0
2024-05,지자체,공공임대,대구,0
2024-05,지자체,공공임대,광주,0
2024-05,지자체,공공임대,대전,0
2024-05,지자체,공공임대,울산,0
2024-05,지자체,공공임대,세종,0
2024-05,지자체,공공임대,강원,0
2024-05,지자체,공공임대,충북,0
2024-05,지자체,공공임대,충남,0
2024-05,지자체,공공임대,전북,0
2024-05,지자체,공공임대,전남,0
2024-05,지자체,공공임대,경북,0
2024-05,지자체,공공임대,경남,0
2024-05,지자체,공공임대,제주,0
2024-05,지자체,공공분양,전국,0
2024-05,지자체,공공분양,서울,0
2024-05,지자체,공공분양,인천,0
2024-05,지자체,공공분양,경기,0
2024-05,지자체,공공분양,부산,0
2024-05,지자체,공공분양,대구,0
2024-05,지자체,공공분양,광주,0
2024-05,지자체,공공분양,대전,0
2024-05,지자체,공공분양,울산,0
2024-05,지자체,공공분양,세종,0
2024-05,지자체,공공분양,강원,0
2024-05,지자체,공공분양,충북,0
2024-05,지자체,공공분양,충남,0
2024-05,지자체,공공분양,전북,0
2024-05,지자체,공공분양,전남,0
2024-05,지자체,공공분양,경북,0
2024-05,지자체,공공분양,경남,0
2024-05,지자체,공공분양,제주,0
2024-05,LH,소계,전국,642
2024-05,LH,소계,서울,0
2024-05,LH,소계,인천,0
2024-05,LH,소계,경기,0
2024-05,LH,소계,부산,0
2024-05,LH,소계,대구,0
2024-05,LH,소계,광주,0
2024-05,LH,소계,대전,0
2024-05,LH,소계,울산,0
2024-05,LH,소계,세종,0
2024-05,LH,소계,강원,0
2024-05,LH,소계,충북,0
2024-05,LH,소계,충남,0
2024-05,LH,소계,전북,150
2024-05,LH,소계,전남,300
2024-05,LH,소계,경북,42
2024-05,LH,소계,경남,150
2024-05,LH,소계,제주,0
2024-05,LH,국민임대,전국,42
2024-05,LH,국민임대,서울,0
2024-05,LH,국민임대,인천,0
2024-05,LH,국민임대,경기,0
2024-05,LH,국민임대,부산,0
2024-05,LH,국민임대,대구,0
2024-05,LH,국민임대,광주,0
2024-05,LH,국민임대,대전,0
2024-05,LH,국민임대,울산,0
2024-05,LH,국민임대,세종,0
2024-05,LH,국민임대,강원,0
2024-05,LH,국민임대,충북,0
2024-05,LH,국민임대,충남,0
2024-05,LH,국민임대,전북,0
2024-05,LH,국민임대,전남,0
2024-05,LH,국민임대,경북,42
2024-05,LH,국민임대,경남,0
2024-05,LH,국민임대,제주,0
2024-05,LH,공공임대,전국,600
2024-05,LH,공공임대,서울,0
2024-05,LH,공공임대,인천,0
2024-05,LH,공공임대,경기,0
2024-05,LH,공공임대,부산,0
2024-05,LH,공공임대,대구,0
2024-05,LH,공공임대,광주,0
2024-05,LH,공공임대,대전,0
2024-05,LH,공공임대,울산,0
2024-05,LH,공공임대,세종,0
2024-05,LH,공공임대,강원,0
2024-05,LH,공공임대,충북,0
2024-05,LH,공공임대,충남,0
2024-05,LH,공공임대,전북,150
2024-05,LH,공공임대,전남,300
2024-05,LH,공공임대,경북,0
2024-05,LH,공공임대,경남,150
2024-05,LH,공공임대,제주,0
2024-05,LH,공공분양,전국,0
2024-05,LH,공공분양,서울,0
2024-05,LH,공공분양,인천,0
2024-05,LH,공공분양,경기,0
2024-05,LH,공공분양,부산,0
2024-05,LH,공공분양,대구,0
2024-05,LH,공공분양,광주,0
2024-05,LH,공공분양,대전,0
2024-05,LH,공공분양,울산,0
2024-05,LH,공공분양,세종,0
2024-05,LH,공공분양,강원,0
2024-05,LH,공공분양,충북,0
2024-05,LH,공공분양,충남,0
2024-05,LH,공공분양,전북,0
2024-05,LH,공공분양,전남,0
2024-05,LH,공공분양,경북,0
2024-05,LH,공공분양,경남,0
2024-05,LH,공공분양,제주,0
2024-05,주택업체,소계,전국,2,853
2024-05,주택업체,소계,서울,0
2024-05,주택업체,소계,인천,0
2024-05,주택업체,소계,경기,1,500
2024-05,주택업체,소계,부산,449
2024-05,주택업체,소계,대구,1
2024-05,주택업체,소계,광주,0
2024-05,주택업체,소계,대전,0
2024-05,주택업체,소계,울산,0
2024-05,주택업체,소계,세종,0
2024-05,주택업체,소계,강원,0
2024-05,주택업체,소계,충북,0
2024-05,주택업체,소계,충남,0
2024-05,주택업체,소계,전북,0
2024-05,주택업체,소계,전남,0
2024-05,주택업체,소계,경북,0
2024-05,주택업체,소계,경남,903
2024-05,주택업체,소계,제주,0
2024-05,주택업체,국민임대,전국,450
2024-05,주택업체,국민임대,서울,0
2024-05,주택업체,국민임대,인천,0
2024-05,주택업체,국민임대,경기,0
2024-05,주택업체,국민임대,부산,449
2024-05,주택업체,국민임대,대구,1
2024-05,주택업체,국민임대,광주,0
2024-05,주택업체,국민임대,대전,0
2024-05,주택업체,국민임대,울산,0
2024-05,주택업체,국민임대,세종,0
2024-05,주택업체,국민임대,강원,0
2024-05,주택업체,국민임대,충북,0
2024-05,주택업체,국민임대,충남,0
2024-05,주택업체,국민임대,전북,0
2024-05,주택업체,국민임대,전남,0
2024-05,주택업체,국민임대,경북,0
2024-05,주택업체,국민임대,경남,0
2024-05,주택업체,국민임대,제주,0
2024-05,주택업체,공공임대,전국,2,403
2024-05,주택업체,공공임대,서울,0
2024-05,주택업체,공공임대,인천,0
2024-05,주택업체,공공임대,경기,1,500
2024-05,주택업체,공공임대,부산,0
2024-05,주택업체,공공임대,대구,0
2024-05,주택업체,공공임대,광주,0
2024-05,주택업체,공공임대,대전,0
2024-05,주택업체,공공임대,울산,0
2024-05,주택업체,공공임대,세종,0
2024-05,주택업체,공공임대,강원,0
2024-05,주택업체,공공임대,충북,0
2024-05,주택업체,공공임대,충남,0
2024-05,주택업체,공공임대,전북,0
2024-05,주택업체,공공임대,전남,0
2024-05,주택업체,공공임대,경북,0
2024-05,주택업체,공공임대,경남,903
2024-05,주택업체,공공임대,제주,0
2024-05,주택업체,공공분양,전국,0
2024-05,주택업체,공공분양,서울,0
2024-05,주택업체,공공분양,인천,0
2024-05,주택업체,공공분양,경기,0
2024-05,주택업체,공공분양,부산,0
2024-05,주택업체,공공분양,대구,0
2024-05,주택업체,공공분양,광주,0
2024-05,주택업체,공공분양,대전,0
2024-05,주택업체,공공분양,울산,0
2024-05,주택업체,공공분양,세종,0
2024-05,주택업체,공공분양,강원,0
2024-05,주택업체,공공분양,충북,0
2024-05,주택업체,공공분양,충남,0
2024-05,주택업체,공공분양,전북,0
2024-05,주택업체,공공분양,전남,0
2024-05,주택업체,공공분양,경북,0
2024-05,주택업체,공공분양,경남,0
2024-05,주택업체,공공분양,제주,0
2024-05,민간부문,소계,전국,18,095
2024-05,민간부문,소계,서울,1,025
2024-05,민간부문,소계,인천,75
2024-05,민간부문,소계,경기,4,881
2024-05,민간부문,소계,부산,966
2024-05,민간부문,소계,대구,1,276
2024-05,민간부문,소계,광주,17
2024-05,민간부문,소계,대전,29
2024-05,민간부문,소계,울산,686
2024-05,민간부문,소계,세종,8
2024-05,민간부문,소계,강원,2,041
2024-05,민간부문,소계,충북,754
2024-05,민간부문,소계,충남,133
2024-05,민간부문,소계,전북,825
2024-05,민간부문,소계,전남,2,354
2024-05,민간부문,소계,경북,795
2024-05,민간부문,소계,경남,2,091
2024-05,민간부문,소계,제주,139
2024-05,민간,민간임대,전국,575
2024-05,민간,민간임대,서울,0
2024-05,민간,민간임대,인천,0
2024-05,민간,민간임대,경기,0
2024-05,민간,민간임대,부산,0
2024-05,민간,민간임대,대구,0
2024-05,민간,민간임대,광주,0
2024-05,민간,민간임대,대전,0
2024-05,민간,민간임대,울산,0
2024-05,민간,민간임대,세종,0
2024-05,민간,민간임대,강원,0
2024-05,민간,민간임대,충북,0
2024-05,민간,민간임대,충남,0
2024-05,민간,민간임대,전북,0
2024-05,민간,민간임대,전남,486
2024-05,민간,민간임대,경북,89
2024-05,민간,민간임대,경남,0
2024-05,민간,민간임대,제주,0
2024-05,민간,민간분양,전국,17,520
2024-05,민간,민간분양,서울,1,025
2024-05,민간,민간분양,인천,75
2024-05,민간,민간분양,경기,4,881
2024-05,민간,민간분양,부산,966
2024-05,민간,민간분양,대구,1,276
2024-05,민간,민간분양,광주,17
2024-05,민간,민간분양,대전,29
2024-05,민간,민간분양,울산,686
2024-05,민간,민간분양,세종,8
2024-05,민간,민간분양,강원,2,041
2024-05,민간,민간분양,충북,754
2024-05,민간,민간분양,충남,133
2024-05,민간,민간분양,전북,825
2024-05,민간,민간분양,전남,1,868
2024-05,민간,민간분양,경북,706
2024-05,민간,민간분양,경남,2,091
2024-05,민간,민간분양,제주,139
2024-06,총계,총계,전국,32,743
2024-06,총계,총계,서울,1,810
2024-06,총계,총계,인천,1,150
2024-06,총계,총계,경기,12,008
2024-06,총계,총계,부산,2,421
2024-06,총계,총계,대구,3,678
2024-06,총계,총계,광주,53
2024-06,총계,총계,대전,1,650
2024-06,총계,총계,울산,994
2024-06,총계,총계,세종,1,358
2024-06,총계,총계,강원,644
2024-06,총계,총계,충북,152
2024-06,총계,총계,충남,1,173
2024-06,총계,총계,전북,147
2024-06,총계,총계,전남,1,796
2024-06,총계,총계,경북,2,229
2024-06,총계,총계,경남,1,024
2024-06,총계,총계,제주,456
2024-06,공공부문,소계,전국,1,328
2024-06,공공부문,소계,서울,0
2024-06,공공부문,소계,인천,0
2024-06,공공부문,소계,경기,0
2024-06,공공부문,소계,부산,0
2024-06,공공부문,소계,대구,0
2024-06,공공부문,소계,광주,0
2024-06,공공부문,소계,대전,1,328
2024-06,공공부문,소계,울산,0
2024-06,공공부문,소계,세종,0
2024-06,공공부문,소계,강원,0
2024-06,공공부문,소계,충북,0
2024-06,공공부문,소계,충남,0
2024-06,공공부문,소계,전북,0
2024-06,공공부문,소계,전남,0
2024-06,공공부문,소계,경북,0
2024-06,공공부문,소계,경남,0
2024-06,공공부문,소계,제주,0
2024-06,합,국민임대,전국,0
2024-06,합,국민임대,서울,0
2024-06,합,국민임대,인천,0
2024-06,합,국민임대,경기,0
2024-06,합,국민임대,부산,0
2024-06,합,국민임대,대구,0
2024-06,합,국민임대,광주,0
2024-06,합,국민임대,대전,0
2024-06,합,국민임대,울산,0
2024-06,합,국민임대,세종,0
2024-06,합,국민임대,강원,0
2024-06,합,국민임대,충북,0
2024-06,합,국민임대,충남,0
2024-06,합,국민임대,전북,0
2024-06,합,국민임대,전남,0
2024-06,합,국민임대,경북,0
2024-06,합,국민임대,경남,0
2024-06,합,국민임대,제주,0
2024-06,합,공공임대,전국,0
2024-06,합,공공임대,서울,0
2024-06,합,공공임대,인천,0
2024-06,합,공공임대,경기,0
2024-06,합,공공임대,부산,0
2024-06,합,공공임대,대구,0
2024-06,합,공공임대,광주,0
2024-06,합,공공임대,대전,0
2024-06,합,공공임대,울산,0
2024-06,합,공공임대,세종,0
2024-06,합,공공임대,강원,0
2024-06,합,공공임대,충북,0
2024-06,합,공공임대,충남,0
2024-06,합,공공임대,전북,0
2024-06,합,공공임대,전남,0
2024-06,합,공공임대,경북,0
2024-06,합,공공임대,경남,0
2024-06,합,공공임대,제주,0
2024-06,합,공공분양,전국,1,328
2024-06,합,공공분양,서울,0
2024-06,합,공공분양,인천,0
2024-06,합,공공분양,경기,0
2024-06,합,공공분양,부산,0
2024-06,합,공공분양,대구,0
2024-06,합,공공분양,광주,0
2024-06,합,공공분양,대전,1,328
2024-06,합,공공분양,울산,0
2024-06,합,공공분양,세종,0
2024-06,합,공공분양,강원,0
2024-06,합,공공분양,충북,0
2024-06,합,공공분양,충남,0
2024-06,합,공공분양,전북,0
2024-06,합,공공분양,전남,0
2024-06,합,공공분양,경북,0
2024-06,합,공공분양,경남,0
2024-06,합,공공분양,제주,0
2024-06,지자체,소계,전국,0
2024-06,지자체,소계,서울,0
2024-06,지자체,소계,인천,0
2024-06,지자체,소계,경기,0
2024-06,지자체,소계,부산,0
2024-06,지자체,소계,대구,0
2024-06,지자체,소계,광주,0
2024-06,지자체,소계,대전,0
2024-06,지자체,소계,울산,0
2024-06,지자체,소계,세종,0
2024-06,지자체,소계,강원,0
2024-06,지자체,소계,충북,0
2024-06,지자체,소계,충남,0
2024-06,지자체,소계,전북,0
2024-06,지자체,소계,전남,0
2024-06,지자체,소계,경북,0
2024-06,지자체,소계,경남,0
2024-06,지자체,소계,제주,0
2024-06,지자체,국민임대,전국,0
2024-06,지자체,국민임대,서울,0
2024-06,지자체,국민임대,인천,0
2024-06,지자체,국민임대,경기,0
2024-06,지자체,국민임대,부산,0
2024-06,지자체,국민임대,대구,0
2024-06,지자체,국민임대,광주,0
2024-06,지자체,국민임대,대전,0
2024-06,지자체,국민임대,울산,0
2024-06,지자체,국민임대,세종,0
2024-06,지자체,국민임대,강원,0
2024-06,지자체,국민임대,충북,0
2024-06,지자체,국민임대,충남,0
2024-06,지자체,국민임대,전북,0
2024-06,지자체,국민임대,전남,0
2024-06,지자체,국민임대,경북,0
2024-06,지자체,국민임대,경남,0
2024-06,지자체,국민임대,제주,0
2024-06,지자체,공공임대,전국,0
2024-06,지자체,공공임대,서울,0
2024-06,지자체,공공임대,인천,0
2024-06,지자체,공공임대,경기,0
2024-06,지자체,공공임대,부산,0
2024-06,지자체,공공임대,대구,0
2024-06,지자체,공공임대,광주,0
2024-06,지자체,공공임대,대전,0
2024-06,지자체,공공임대,울산,0
2024-06,지자체,공공임대,세종,0
2024-06,지자체,공공임대,강원,0
2024-06,지자체,공공임대,충북,0
2024-06,지자체,공공임대,충남,0
2024-06,지자체,공공임대,전북,0
2024-06,지자체,공공임대,전남,0
2024-06,지자체,공공임대,경북,0
2024-06,지자체,공공임대,경남,0
2024-06,지자체,공공임대,제주,0
2024-06,지자체,공공분양,전국,0
2024-06,지자체,공공분양,서울,0
2024-06,지자체,공공분양,인천,0
2024-06,지자체,공공분양,경기,0
2024-06,지자체,공공분양,부산,0
2024-06,지자체,공공분양,대구,0
2024-06,지자체,공공분양,광주,0
2024-06,지자체,공공분양,대전,0
2024-06,지자체,공공분양,울산,0
2024-06,지자체,공공분양,세종,0
2024-06,지자체,공공분양,강원,0
2024-06,지자체,공공분양,충북,0
2024-06,지자체,공공분양,충남,0
2024-06,지자체,공공분양,전북,0
2024-06,지자체,공공분양,전남,0
2024-06,지자체,공공분양,경북,0
2024-06,지자체,공공분양,경남,0
2024-06,지자체,공공분양,제주,0
2024-06,LH,소계,전국,1,328
2024-06,LH,소계,서울,0
2024-06,LH,소계,인천,0
2024-06,LH,소계,경기,0
2024-06,LH,소계,부산,0
2024-06,LH,소계,대구,0
2024-06,LH,소계,광주,0
2024-06,LH,소계,대전,1,328
2024-06,LH,소계,울산,0
2024-06,LH,소계,세종,0
2024-06,LH,소계,강원,0
2024-06,LH,소계,충북,0
2024-06,LH,소계,충남,0
2024-06,LH,소계,전북,0
2024-06,LH,소계,전남,0
2024-06,LH,소계,경북,0
2024-06,LH,소계,경남,0
2024-06,LH,소계,제주,0
2024-06,LH,국민임대,전국,0
2024-06,LH,국민임대,서울,0
2024-06,LH,국민임대,인천,0
2024-06,LH,국민임대,경기,0
2024-06,LH,국민임대,부산,0
2024-06,LH,국민임대,대구,0
2024-06,LH,국민임대,광주,0
2024-06,LH,국민임대,대전,0
2024-06,LH,국민임대,울산,0
2024-06,LH,국민임대,세종,0
2024-06,LH,국민임대,강원,0
2024-06,LH,국민임대,충북,0
2024-06,LH,국민임대,충남,0
2024-06,LH,국민임대,전북,0
2024-06,LH,국민임대,전남,0
2024-06,LH,국민임대,경북,0
2024-06,LH,국민임대,경남,0
2024-06,LH,국민임대,제주,0
2024-06,LH,공공임대,전국,0
2024-06,LH,공공임대,서울,0
2024-06,LH,공공임대,인천,0
2024-06,LH,공공임대,경기,0
2024-06,LH,공공임대,부산,0
2024-06,LH,공공임대,대구,0
2024-06,LH,공공임대,광주,0
2024-06,LH,공공임대,대전,0
2024-06,LH,공공임대,울산,0
2024-06,LH,공공임대,세종,0
2024-06,LH,공공임대,강원,0
2024-06,LH,공공임대,충북,0
2024-06,LH,공공임대,충남,0
2024-06,LH,공공임대,전북,0
2024-06,LH,공공임대,전남,0
2024-06,LH,공공임대,경북,0
2024-06,LH,공공임대,경남,0
2024-06,LH,공공임대,제주,0
2024-06,LH,공공분양,전국,1,328
2024-06,LH,공공분양,서울,0
2024-06,LH,공공분양,인천,0
2024-06,LH,공공분양,경기,0
2024-06,LH,공공분양,부산,0
2024-06,LH,공공분양,대구,0
2024-06,LH,공공분양,광주,0
2024-06,LH,공공분양,대전,1,328
2024-06,LH,공공분양,울산,0
2024-06,LH,공공분양,세종,0
2024-06,LH,공공분양,강원,0
2024-06,LH,공공분양,충북,0
2024-06,LH,공공분양,충남,0
2024-06,LH,공공분양,전북,0
2024-06,LH,공공분양,전남,0
2024-06,LH,공공분양,경북,0
2024-06,LH,공공분양,경남,0
2024-06,LH,공공분양,제주,0
2024-06,주택업체,소계,전국,0
2024-06,주택업체,소계,서울,0
2024-06,주택업체,소계,인천,0
2024-06,주택업체,소계,경기,0
2024-06,주택업체,소계,부산,0
2024-06,주택업체,소계,대구,0
2024-06,주택업체,소계,광주,0
2024-06,주택업체,소계,대전,0
2024-06,주택업체,소계,울산,0
2024-06,주택업체,소계,세종,0
2024-06,주택업체,소계,강원,0
2024-06,주택업체,소계,충북,0
2024-06,주택업체,소계,충남,0
2024-06,주택업체,소계,전북,0
2024-06,주택업체,소계,전남,0
2024-06,주택업체,소계,경북,0
2024-06,주택업체,소계,경남,0
2024-06,주택업체,소계,제주,0
2024-06,주택업체,국민임대,전국,0
2024-06,주택업체,국민임대,서울,0
2024-06,주택업체,국민임대,인천,0
2024-06,주택업체,국민임대,경기,0
2024-06,주택업체,국민임대,부산,0
2024-06,주택업체,국민임대,대구,0
2024-06,주택업체,국민임대,광주,0
2024-06,주택업체,국민임대,대전,0
2024-06,주택업체,국민임대,울산,0
2024-06,주택업체,국민임대,세종,0
2024-06,주택업체,국민임대,강원,0
2024-06,주택업체,국민임대,충북,0
2024-06,주택업체,국민임대,충남,0
2024-06,주택업체,국민임대,전북,0
2024-06,주택업체,국민임대,전남,0
2024-06,주택업체,국민임대,경북,0
2024-06,주택업체,국민임대,경남,0
2024-06,주택업체,국민임대,제주,0
2024-06,주택업체,공공임대,전국,0
2024-06,주택업체,공공임대,서울,0
2024-06,주택업체,공공임대,인천,0
2024-06,주택업체,공공임대,경기,0
2024-06,주택업체,공공임대,부산,0
2024-06,주택업체,공공임대,대구,0
2024-06,주택업체,공공임대,광주,0
2024-06,주택업체,공공임대,대전,0
2024-06,주택업체,공공임대,울산,0
2024-06,주택업체,공공임대,세종,0
2024-06,주택업체,공공임대,강원,0
2024-06,주택업체,공공임대,충북,0
2024-06,주택업체,공공임대,충남,0
2024-06,주택업체,공공임대,전북,0
2024-06,주택업체,공공임대,전남,0
2024-06,주택업체,공공임대,경북,0
2024-06,주택업체,공공임대,경남,0
2024-06,주택업체,공공임대,제주,0
2024-06,주택업체,공공분양,전국,0
2024-06,주택업체,공공분양,서울,0
2024-06,주택업체,공공분양,인천,0
2024-06,주택업체,공공분양,경기,0
2024-06,주택업체,공공분양,부산,0
2024-06,주택업체,공공분양,대구,0
2024-06,주택업체,공공분양,광주,0
2024-06,주택업체,공공분양,대전,0
2024-06,주택업체,공공분양,울산,0
2024-06,주택업체,공공분양,세종,0
2024-06,주택업체,공공분양,강원,0
2024-06,주택업체,공공분양,충북,0
2024-06,주택업체,공공분양,충남,0
2024-06,주택업체,공공분양,전북,0
2024-06,주택업체,공공분양,전남,0
2024-06,주택업체,공공분양,경북,0
2024-06,주택업체,공공분양,경남,0
2024-06,주택업체,공공분양,제주,0
2024-06,민간부문,소계,전국,31,415
2024-06,민간부문,소계,서울,1,810
2024-06,민간부문,소계,인천,1,150
2024-06,민간부문,소계,경기,12,008
2024-06,민간부문,소계,부산,2,421
2024-06,민간부문,소계,대구,3,678
2024-06,민간부문,소계,광주,53
2024-06,민간부문,소계,대전,322
2024-06,민간부문,소계,울산,994
2024-06,민간부문,소계,세종,1,358
2024-06,민간부문,소계,강원,644
2024-06,민간부문,소계,충북,152
2024-06,민간부문,소계,충남,1,173
2024-06,민간부문,소계,전북,147
2024-06,민간부문,소계,전남,1,796
2024-06,민간부문,소계,경북,2,229
2024-06,민간부문,소계,경남,1,024
2024-06,민간부문,소계,제주,456
2024-06,민간,민간임대,전국,790
2024-06,민간,민간임대,서울,0
2024-06,민간,민간임대,인천,0
2024-06,민간,민간임대,경기,0
2024-06,민간,민간임대,부산,750
2024-06,민간,민간임대,대구,0
2024-06,민간,민간임대,광주,40
2024-06,민간,민간임대,대전,0
2024-06,민간,민간임대,울산,0
2024-06,민간,민간임대,세종,0
2024-06,민간,민간임대,강원,0
2024-06,민간,민간임대,충북,0
2024-06,민간,민간임대,충남,0
2024-06,민간,민간임대,전북,0
2024-06,민간,민간임대,전남,0
2024-06,민간,민간임대,경북,0
2024-06,민간,민간임대,경남,0
2024-06,민간,민간임대,제주,0
2024-06,민간,민간분양,전국,30,625
2024-06,민간,민간분양,서울,1,810
2024-06,민간,민간분양,인천,1,150
2024-06,민간,민간분양,경기,12,008
2024-06,민간,민간분양,부산,1,671
2024-06,민간,민간분양,대구,3,678
2024-06,민간,민간분양,광주,13
2024-06,민간,민간분양,대전,322
2024-06,민간,민간분양,울산,994
2024-06,민간,민간분양,세종,1,358
2024-06,민간,민간분양,강원,644
2024-06,민간,민간분양,충북,152
2024-06,민간,민간분양,충남,1,173
2024-06,민간,민간분양,전북,147
2024-06,민간,민간분양,전남,1,796
2024-06,민간,민간분양,경북,2,229
2024-06,민간,민간분양,경남,1,024
2024-06,민간,민간분양,제주,456
2024-07,총계,총계,전국,24,294
2024-07,총계,총계,서울,2,557
2024-07,총계,총계,인천,191
2024-07,총계,총계,경기,4,838
2024-07,총계,총계,부산,213
2024-07,총계,총계,대구,1,051
2024-07,총계,총계,광주,423
2024-07,총계,총계,대전,1,445
2024-07,총계,총계,울산,31
2024-07,총계,총계,세종,10
2024-07,총계,총계,강원,419
2024-07,총계,총계,충북,879
2024-07,총계,총계,충남,3,393
2024-07,총계,총계,전북,132
2024-07,총계,총계,전남,3,276
2024-07,총계,총계,경북,930
2024-07,총계,총계,경남,4,247
2024-07,총계,총계,제주,259
2024-07,공공부문,소계,전국,2,039
2024-07,공공부문,소계,서울,0
2024-07,공공부문,소계,인천,0
2024-07,공공부문,소계,경기,1,509
2024-07,공공부문,소계,부산,0
2024-07,공공부문,소계,대구,366
2024-07,공공부문,소계,광주,0
2024-07,공공부문,소계,대전,0
2024-07,공공부문,소계,울산,0
2024-07,공공부문,소계,세종,0
2024-07,공공부문,소계,강원,120
2024-07,공공부문,소계,충북,0
2024-07,공공부문,소계,충남,0
2024-07,공공부문,소계,전북,0
2024-07,공공부문,소계,전남,44
2024-07,공공부문,소계,경북,0
2024-07,공공부문,소계,경남,0
2024-07,공공부문,소계,제주,0
2024-07,합,국민임대,전국,950
2024-07,합,국민임대,서울,0
2024-07,합,국민임대,인천,0
2024-07,합,국민임대,경기,806
2024-07,합,국민임대,부산,0
2024-07,합,국민임대,대구,0
2024-07,합,국민임대,광주,0
2024-07,합,국민임대,대전,0
2024-07,합,국민임대,울산,0
2024-07,합,국민임대,세종,0
2024-07,합,국민임대,강원,100
2024-07,합,국민임대,충북,0
2024-07,합,국민임대,충남,0
2024-07,합,국민임대,전북,0
2024-07,합,국민임대,전남,44
2024-07,합,국민임대,경북,0
2024-07,합,국민임대,경남,0
2024-07,합,국민임대,제주,0
2024-07,합,공공임대,전국,292
2024-07,합,공공임대,서울,0
2024-07,합,공공임대,인천,0
2024-07,합,공공임대,경기,272
2024-07,합,공공임대,부산,0
2024-07,합,공공임대,대구,0
2024-07,합,공공임대,광주,0
2024-07,합,공공임대,대전,0
2024-07,합,공공임대,울산,0
2024-07,합,공공임대,세종,0
2024-07,합,공공임대,강원,20
2024-07,합,공공임대,충북,0
2024-07,합,공공임대,충남,0
2024-07,합,공공임대,전북,0
2024-07,합,공공임대,전남,0
2024-07,합,공공임대,경북,0
2024-07,합,공공임대,경남,0
2024-07,합,공공임대,제주,0
2024-07,합,공공분양,전국,797
2024-07,합,공공분양,서울,0
2024-07,합,공공분양,인천,0
2024-07,합,공공분양,경기,431
2024-07,합,공공분양,부산,0
2024-07,합,공공분양,대구,366
2024-07,합,공공분양,광주,0
2024-07,합,공공분양,대전,0
2024-07,합,공공분양,울산,0
2024-07,합,공공분양,세종,0
2024-07,합,공공분양,강원,0
2024-07,합,공공분양,충북,0
2024-07,합,공공분양,충남,0
2024-07,합,공공분양,전북,0
2024-07,합,공공분양,전남,0
2024-07,합,공공분양,경북,0
2024-07,합,공공분양,경남,0
2024-07,합,공공분양,제주,0
2024-07,지자체,소계,전국,0
2024-07,지자체,소계,서울,0
2024-07,지자체,소계,인천,0
2024-07,지자체,소계,경기,0
2024-07,지자체,소계,부산,0
2024-07,지자체,소계,대구,0
2024-07,지자체,소계,광주,0
2024-07,지자체,소계,대전,0
2024-07,지자체,소계,울산,0
2024-07,지자체,소계,세종,0
2024-07,지자체,소계,강원,0
2024-07,지자체,소계,충북,0
2024-07,지자체,소계,충남,0
2024-07,지자체,소계,전북,0
2024-07,지자체,소계,전남,0
2024-07,지자체,소계,경북,0
2024-07,지자체,소계,경남,0
2024-07,지자체,소계,제주,0
2024-07,지자체,국민임대,전국,0
2024-07,지자체,국민임대,서울,0
2024-07,지자체,국민임대,인천,0
2024-07,지자체,국민임대,경기,0
2024-07,지자체,국민임대,부산,0
2024-07,지자체,국민임대,대구,0
2024-07,지자체,국민임대,광주,0
2024-07,지자체,국민임대,대전,0
2024-07,지자체,국민임대,울산,0
2024-07,지자체,국민임대,세종,0
2024-07,지자체,국민임대,강원,0
2024-07,지자체,국민임대,충북,0
2024-07,지자체,국민임대,충남,0
2024-07,지자체,국민임대,전북,0
2024-07,지자체,국민임대,전남,0
2024-07,지자체,국민임대,경북,0
2024-07,지자체,국민임대,경남,0
2024-07,지자체,국민임대,제주,0
2024-07,지자체,공공임대,전국,0
2024-07,지자체,공공임대,서울,0
2024-07,지자체,공공임대,인천,0
2024-07,지자체,공공임대,경기,0
2024-07,지자체,공공임대,부산,0
2024-07,지자체,공공임대,대구,0
2024-07,지자체,공공임대,광주,0
2024-07,지자체,공공임대,대전,0
2024-07,지자체,공공임대,울산,0
2024-07,지자체,공공임대,세종,0
2024-07,지자체,공공임대,강원,0
2024-07,지자체,공공임대,충북,0
2024-07,지자체,공공임대,충남,0
2024-07,지자체,공공임대,전북,0
2024-07,지자체,공공임대,전남,0
2024-07,지자체,공공임대,경북,0
2024-07,지자체,공공임대,경남,0
2024-07,지자체,공공임대,제주,0
2024-07,지자체,공공분양,전국,0
2024-07,지자체,공공분양,서울,0
2024-07,지자체,공공분양,인천,0
2024-07,지자체,공공분양,경기,0
2024-07,지자체,공공분양,부산,0
2024-07,지자체,공공분양,대구,0
2024-07,지자체,공공분양,광주,0
2024-07,지자체,공공분양,대전,0
2024-07,지자체,공공분양,울산,0
2024-07,지자체,공공분양,세종,0
2024-07,지자체,공공분양,강원,0
2024-07,지자체,공공분양,충북,0
2024-07,지자체,공공분양,충남,0
2024-07,지자체,공공분양,전북,0
2024-07,지자체,공공분양,전남,0
2024-07,지자체,공공분양,경북,0
2024-07,지자체,공공분양,경남,0
2024-07,지자체,공공분양,제주,0
2024-07,LH,소계,전국,1,242
2024-07,LH,소계,서울,0
2024-07,LH,소계,인천,0
2024-07,LH,소계,경기,1,078
2024-07,LH,소계,부산,0
2024-07,LH,소계,대구,0
2024-07,LH,소계,광주,0
2024-07,LH,소계,대전,0
2024-07,LH,소계,울산,0
2024-07,LH,소계,세종,0
2024-07,LH,소계,강원,120
2024-07,LH,소계,충북,0
2024-07,LH,소계,충남,0
2024-07,LH,소계,전북,0
2024-07,LH,소계,전남,44
2024-07,LH,소계,경북,0
2024-07,LH,소계,경남,0
2024-07,LH,소계,제주,0
2024-07,LH,국민임대,전국,950
2024-07,LH,국민임대,서울,0
2024-07,LH,국민임대,인천,0
2024-07,LH,국민임대,경기,806
2024-07,LH,국민임대,부산,0
2024-07,LH,국민임대,대구,0
2024-07,LH,국민임대,광주,0
2024-07,LH,국민임대,대전,0
2024-07,LH,국민임대,울산,0
2024-07,LH,국민임대,세종,0
2024-07,LH,국민임대,강원,100
2024-07,LH,국민임대,충북,0
2024-07,LH,국민임대,충남,0
2024-07,LH,국민임대,전북,0
2024-07,LH,국민임대,전남,44
2024-07,LH,국민임대,경북,0
2024-07,LH,국민임대,경남,0
2024-07,LH,국민임대,제주,0
2024-07,LH,공공임대,전국,292
2024-07,LH,공공임대,서울,0
2024-07,LH,공공임대,인천,0
2024-07,LH,공공임대,경기,272
2024-07,LH,공공임대,부산,0
2024-07,LH,공공임대,대구,0
2024-07,LH,공공임대,광주,0
2024-07,LH,공공임대,대전,0
2024-07,LH,공공임대,울산,0
2024-07,LH,공공임대,세종,0
2024-07,LH,공공임대,강원,20
2024-07,LH,공공임대,충북,0
2024-07,LH,공공임대,충남,0
2024-07,LH,공공임대,전북,0
2024-07,LH,공공임대,전남,0
2024-07,LH,공공임대,경북,0
2024-07,LH,공공임대,경남,0
2024-07,LH,공공임대,제주,0
2024-07,LH,공공분양,전국,0
2024-07,LH,공공분양,서울,0
2024-07,LH,공공분양,인천,0
2024-07,LH,공공분양,경기,0
2024-07,LH,공공분양,부산,0
2024-07,LH,공공분양,대구,0
2024-07,LH,공공분양,광주,0
2024-07,LH,공공분양,대전,0
2024-07,LH,공공분양,울산,0
2024-07,LH,공공분양,세종,0
2024-07,LH,공공분양,강원,0
2024-07,LH,공공분양,충북,0
2024-07,LH,공공분양,충남,0
2024-07,LH,공공분양,전북,0
2024-07,LH,공공분양,전남,0
2024-07,LH,공공분양,경북,0
2024-07,LH,공공분양,경남,0
2024-07,LH,공공분양,제주,0
2024-07,주택업체,소계,전국,797
2024-07,주택업체,소계,서울,0
2024-07,주택업체,소계,인천,0
2024-07,주택업체,소계,경기,431
2024-07,주택업체,소계,부산,0
2024-07,주택업체,소계,대구,366
2024-07,주택업체,소계,광주,0
2024-07,주택업체,소계,대전,0
2024-07,주택업체,소계,울산,0
2024-07,주택업체,소계,세종,0
2024-07,주택업체,소계,강원,0
2024-07,주택업체,소계,충북,0
2024-07,주택업체,소계,충남,0
2024-07,주택업체,소계,전북,0
2024-07,주택업체,소계,전남,0
2024-07,주택업체,소계,경북,0
2024-07,주택업체,소계,경남,0
2024-07,주택업체,소계,제주,0
2024-07,주택업체,국민임대,전국,0
2024-07,주택업체,국민임대,서울,0
2024-07,주택업체,국민임대,인천,0
2024-07,주택업체,국민임대,경기,0
2024-07,주택업체,국민임대,부산,0
2024-07,주택업체,국민임대,대구,0
2024-07,주택업체,국민임대,광주,0
2024-07,주택업체,국민임대,대전,0
2024-07,주택업체,국민임대,울산,0
2024-07,주택업체,국민임대,세종,0
2024-07,주택업체,국민임대,강원,0
2024-07,주택업체,국민임대,충북,0
2024-07,주택업체,국민임대,충남,0
2024-07,주택업체,국민임대,전북,0
2024-07,주택업체,국민임대,전남,0
2024-07,주택업체,국민임대,경북,0
2024-07,주택업체,국민임대,경남,0
2024-07,주택업체,국민임대,제주,0
2024-07,주택업체,공공임대,전국,0
2024-07,주택업체,공공임대,서울,0
2024-07,주택업체,공공임대,인천,0
2024-07,주택업체,공공임대,경기,0
2024-07,주택업체,공공임대,부산,0
2024-07,주택업체,공공임대,대구,0
2024-07,주택업체,공공임대,광주,0
2024-07,주택업체,공공임대,대전,0
2024-07,주택업체,공공임대,울산,0
2024-07,주택업체,공공임대,세종,0
2024-07,주택업체,공공임대,강원,0
2024-07,주택업체,공공임대,충북,0
2024-07,주택업체,공공임대,충남,0
2024-07,주택업체,공공임대,전북,0
2024-07,주택업체,공공임대,전남,0
2024-07,주택업체,공공임대,경북,0
2024-07,주택업체,공공임대,경남,0
2024-07,주택업체,공공임대,제주,0
2024-07,주택업체,공공분양,전국,797
2024-07,주택업체,공공분양,서울,0
2024-07,주택업체,공공분양,인천,0
2024-07,주택업체,공공분양,경기,431
2024-07,주택업체,공공분양,부산,0
2024-07,주택업체,공공분양,대구,366
2024-07,주택업체,공공분양,광주,0
2024-07,주택업체,공공분양,대전,0
2024-07,주택업체,공공분양,울산,0
2024-07,주택업체,공공분양,세종,0
2024-07,주택업체,공공분양,강원,0
2024-07,주택업체,공공분양,충북,0
2024-07,주택업체,공공분양,충남,0
2024-07,주택업체,공공분양,전북,0
2024-07,주택업체,공공분양,전남,0
2024-07,주택업체,공공분양,경북,0
2024-07,주택업체,공공분양,경남,0
2024-07,주택업체,공공분양,제주,0
2024-07,민간부문,소계,전국,22,255
2024-07,민간부문,소계,서울,2,557
2024-07,민간부문,소계,인천,191
2024-07,민간부문,소계,경기,3,329
2024-07,민간부문,소계,부산,213
2024-07,민간부문,소계,대구,685
2024-07,민간부문,소계,광주,423
2024-07,민간부문,소계,대전,1,445
2024-07,민간부문,소계,울산,31
2024-07,민간부문,소계,세종,10
2024-07,민간부문,소계,강원,299
2024-07,민간부문,소계,충북,879
2024-07,민간부문,소계,충남,3,393
2024-07,민간부문,소계,전북,132
2024-07,민간부문,소계,전남,3,232
2024-07,민간부문,소계,경북,930
2024-07,민간부문,소계,경남,4,247
2024-07,민간부문,소계,제주,259
2024-07,민간,민간임대,전국,1,766
2024-07,민간,민간임대,서울,0
2024-07,민간,민간임대,인천,0
2024-07,민간,민간임대,경기,1,240
2024-07,민간,민간임대,부산,0
2024-07,민간,민간임대,대구,0
2024-07,민간,민간임대,광주,0
2024-07,민간,민간임대,대전,0
2024-07,민간,민간임대,울산,0
2024-07,민간,민간임대,세종,0
2024-07,민간,민간임대,강원,0
2024-07,민간,민간임대,충북,0
2024-07,민간,민간임대,충남,0
2024-07,민간,민간임대,전북,0
2024-07,민간,민간임대,전남,526
2024-07,민간,민간임대,경북,0
2024-07,민간,민간임대,경남,0
2024-07,민간,민간임대,제주,0
2024-07,민간,민간분양,전국,20,489
2024-07,민간,민간분양,서울,2,557
2024-07,민간,민간분양,인천,191
2024-07,민간,민간분양,경기,2,089
2024-07,민간,민간분양,부산,213
2024-07,민간,민간분양,대구,685
2024-07,민간,민간분양,광주,423
2024-07,민간,민간분양,대전,1,445
2024-07,민간,민간분양,울산,31
2024-07,민간,민간분양,세종,10
2024-07,민간,민간분양,강원,299
2024-07,민간,민간분양,충북,879
2024-07,민간,민간분양,충남,3,393
2024-07,민간,민간분양,전북,132
2024-07,민간,민간분양,전남,2,706
2024-07,민간,민간분양,경북,930
2024-07,민간,민간분양,경남,4,247
2024-07,민간,민간분양,제주,259
2024-08,총계,총계,전국,42,391
2024-08,총계,총계,서울,2,432
2024-08,총계,총계,인천,2,472
2024-08,총계,총계,경기,22,835
2024-08,총계,총계,부산,1,664
2024-08,총계,총계,대구,2,223
2024-08,총계,총계,광주,196
2024-08,총계,총계,대전,1,047
2024-08,총계,총계,울산,290
2024-08,총계,총계,세종,29
2024-08,총계,총계,강원,370
2024-08,총계,총계,충북,1,791
2024-08,총계,총계,충남,1,382
2024-08,총계,총계,전북,1,729
2024-08,총계,총계,전남,320
2024-08,총계,총계,경북,1,662
2024-08,총계,총계,경남,1,229
2024-08,총계,총계,제주,720
2024-08,공공부문,소계,전국,4,676
2024-08,공공부문,소계,서울,40
2024-08,공공부문,소계,인천,0
2024-08,공공부문,소계,경기,3,942
2024-08,공공부문,소계,부산,0
2024-08,공공부문,소계,대구,51
2024-08,공공부문,소계,광주,0
2024-08,공공부문,소계,대전,0
2024-08,공공부문,소계,울산,0
2024-08,공공부문,소계,세종,0
2024-08,공공부문,소계,강원,160
2024-08,공공부문,소계,충북,0
2024-08,공공부문,소계,충남,0
2024-08,공공부문,소계,전북,0
2024-08,공공부문,소계,전남,88
2024-08,공공부문,소계,경북,0
2024-08,공공부문,소계,경남,395
2024-08,공공부문,소계,제주,0
2024-08,합,국민임대,전국,160
2024-08,합,국민임대,서울,0
2024-08,합,국민임대,인천,0
2024-08,합,국민임대,경기,0
2024-08,합,국민임대,부산,0
2024-08,합,국민임대,대구,0
2024-08,합,국민임대,광주,0
2024-08,합,국민임대,대전,0
2024-08,합,국민임대,울산,0
2024-08,합,국민임대,세종,0
2024-08,합,국민임대,강원,120
2024-08,합,국민임대,충북,0
2024-08,합,국민임대,충남,0
2024-08,합,국민임대,전북,0
2024-08,합,국민임대,전남,40
2024-08,합,국민임대,경북,0
2024-08,합,국민임대,경남,0
2024-08,합,국민임대,제주,0
2024-08,합,공공임대,전국,1,886
2024-08,합,공공임대,서울,40
2024-08,합,공공임대,인천,0
2024-08,합,공공임대,경기,1,575
2024-08,합,공공임대,부산,0
2024-08,합,공공임대,대구,51
2024-08,합,공공임대,광주,0
2024-08,합,공공임대,대전,0
2024-08,합,공공임대,울산,0
2024-08,합,공공임대,세종,0
2024-08,합,공공임대,강원,40
2024-08,합,공공임대,충북,0
2024-08,합,공공임대,충남,0
2024-08,합,공공임대,전북,0
2024-08,합,공공임대,전남,48
2024-08,합,공공임대,경북,0
2024-08,합,공공임대,경남,132
2024-08,합,공공임대,제주,0
2024-08,합,공공분양,전국,2,630
2024-08,합,공공분양,서울,0
2024-08,합,공공분양,인천,0
2024-08,합,공공분양,경기,2,367
2024-08,합,공공분양,부산,0
2024-08,합,공공분양,대구,0
2024-08,합,공공분양,광주,0
2024-08,합,공공분양,대전,0
2024-08,합,공공분양,울산,0
2024-08,합,공공분양,세종,0
2024-08,합,공공분양,강원,0
2024-08,합,공공분양,충북,0
2024-08,합,공공분양,충남,0
2024-08,합,공공분양,전북,0
2024-08,합,공공분양,전남,0
2024-08,합,공공분양,경북,0
2024-08,합,공공분양,경남,263
2024-08,합,공공분양,제주,0
2024-08,지자체,소계,전국,0
2024-08,지자체,소계,서울,0
2024-08,지자체,소계,인천,0
2024-08,지자체,소계,경기,0
2024-08,지자체,소계,부산,0
2024-08,지자체,소계,대구,0
2024-08,지자체,소계,광주,0
2024-08,지자체,소계,대전,0
2024-08,지자체,소계,울산,0
2024-08,지자체,소계,세종,0
2024-08,지자체,소계,강원,0
2024-08,지자체,소계,충북,0
2024-08,지자체,소계,충남,0
2024-08,지자체,소계,전북,0
2024-08,지자체,소계,전남,0
2024-08,지자체,소계,경북,0
2024-08,지자체,소계,경남,0
2024-08,지자체,소계,제주,0
2024-08,지자체,국민임대,전국,0
2024-08,지자체,국민임대,서울,0
2024-08,지자체,국민임대,인천,0
2024-08,지자체,국민임대,경기,0
2024-08,지자체,국민임대,부산,0
2024-08,지자체,국민임대,대구,0
2024-08,지자체,국민임대,광주,0
2024-08,지자체,국민임대,대전,0
2024-08,지자체,국민임대,울산,0
2024-08,지자체,국민임대,세종,0
2024-08,지자체,국민임대,강원,0
2024-08,지자체,국민임대,충북,0
2024-08,지자체,국민임대,충남,0
2024-08,지자체,국민임대,전북,0
2024-08,지자체,국민임대,전남,0
2024-08,지자체,국민임대,경북,0
2024-08,지자체,국민임대,경남,0
2024-08,지자체,국민임대,제주,0
2024-08,지자체,공공임대,전국,0
2024-08,지자체,공공임대,서울,0
2024-08,지자체,공공임대,인천,0
2024-08,지자체,공공임대,경기,0
2024-08,지자체,공공임대,부산,0
2024-08,지자체,공공임대,대구,0
2024-08,지자체,공공임대,광주,0
2024-08,지자체,공공임대,대전,0
2024-08,지자체,공공임대,울산,0
2024-08,지자체,공공임대,세종,0
2024-08,지자체,공공임대,강원,0
2024-08,지자체,공공임대,충북,0
2024-08,지자체,공공임대,충남,0
2024-08,지자체,공공임대,전북,0
2024-08,지자체,공공임대,전남,0
2024-08,지자체,공공임대,경북,0
2024-08,지자체,공공임대,경남,0
2024-08,지자체,공공임대,제주,0
2024-08,지자체,공공분양,전국,0
2024-08,지자체,공공분양,서울,0
2024-08,지자체,공공분양,인천,0
2024-08,지자체,공공분양,경기,0
2024-08,지자체,공공분양,부산,0
2024-08,지자체,공공분양,대구,0
2024-08,지자체,공공분양,광주,0
2024-08,지자체,공공분양,대전,0
2024-08,지자체,공공분양,울산,0
2024-08,지자체,공공분양,세종,0
2024-08,지자체,공공분양,강원,0
2024-08,지자체,공공분양,충북,0
2024-08,지자체,공공분양,충남,0
2024-08,지자체,공공분양,전북,0
2024-08,지자체,공공분양,전남,0
2024-08,지자체,공공분양,경북,0
2024-08,지자체,공공분양,경남,0
2024-08,지자체,공공분양,제주,0
2024-08,LH,소계,전국,2,933
2024-08,LH,소계,서울,0
2024-08,LH,소계,인천,0
2024-08,LH,소계,경기,2,290
2024-08,LH,소계,부산,0
2024-08,LH,소계,대구,0
2024-08,LH,소계,광주,0
2024-08,LH,소계,대전,0
2024-08,LH,소계,울산,0
2024-08,LH,소계,세종,0
2024-08,LH,소계,강원,160
2024-08,LH,소계,충북,0
2024-08,LH,소계,충남,0
2024-08,LH,소계,전북,0
2024-08,LH,소계,전남,88
2024-08,LH,소계,경북,0
2024-08,LH,소계,경남,395
2024-08,LH,소계,제주,0
2024-08,LH,국민임대,전국,160
2024-08,LH,국민임대,서울,0
2024-08,LH,국민임대,인천,0
2024-08,LH,국민임대,경기,0
2024-08,LH,국민임대,부산,0
2024-08,LH,국민임대,대구,0
2024-08,LH,국민임대,광주,0
2024-08,LH,국민임대,대전,0
2024-08,LH,국민임대,울산,0
2024-08,LH,국민임대,세종,0
2024-08,LH,국민임대,강원,120
2024-08,LH,국민임대,충북,0
2024-08,LH,국민임대,충남,0
2024-08,LH,국민임대,전북,0
2024-08,LH,국민임대,전남,40
2024-08,LH,국민임대,경북,0
2024-08,LH,국민임대,경남,0
2024-08,LH,국민임대,제주,0
2024-08,LH,공공임대,전국,983
2024-08,LH,공공임대,서울,0
2024-08,LH,공공임대,인천,0
2024-08,LH,공공임대,경기,763
2024-08,LH,공공임대,부산,0
2024-08,LH,공공임대,대구,0
2024-08,LH,공공임대,광주,0
2024-08,LH,공공임대,대전,0
2024-08,LH,공공임대,울산,0
2024-08,LH,공공임대,세종,0
2024-08,LH,공공임대,강원,40
2024-08,LH,공공임대,충북,0
2024-08,LH,공공임대,충남,0
2024-08,LH,공공임대,전북,0
2024-08,LH,공공임대,전남,48
2024-08,LH,공공임대,경북,0
2024-08,LH,공공임대,경남,132
2024-08,LH,공공임대,제주,0
2024-08,LH,공공분양,전국,1,790
2024-08,LH,공공분양,서울,0
2024-08,LH,공공분양,인천,0
2024-08,LH,공공분양,경기,1,527
2024-08,LH,공공분양,부산,0
2024-08,LH,공공분양,대구,0
2024-08,LH,공공분양,광주,0
2024-08,LH,공공분양,대전,0
2024-08,LH,공공분양,울산,0
2024-08,LH,공공분양,세종,0
2024-08,LH,공공분양,강원,0
2024-08,LH,공공분양,충북,0
2024-08,LH,공공분양,충남,0
2024-08,LH,공공분양,전북,0
2024-08,LH,공공분양,전남,0
2024-08,LH,공공분양,경북,0
2024-08,LH,공공분양,경남,263
2024-08,LH,공공분양,제주,0
2024-08,주택업체,소계,전국,1,743
2024-08,주택업체,소계,서울,40
2024-08,주택업체,소계,인천,0
2024-08,주택업체,소계,경기,1,652
2024-08,주택업체,소계,부산,0
2024-08,주택업체,소계,대구,51
2024-08,주택업체,소계,광주,0
2024-08,주택업체,소계,대전,0
2024-08,주택업체,소계,울산,0
2024-08,주택업체,소계,세종,0
2024-08,주택업체,소계,강원,0
2024-08,주택업체,소계,충북,0
2024-08,주택업체,소계,충남,0
2024-08,주택업체,소계,전북,0
2024-08,주택업체,소계,전남,0
2024-08,주택업체,소계,경북,0
2024-08,주택업체,소계,경남,0
2024-08,주택업체,소계,제주,0
2024-08,주택업체,국민임대,전국,0
2024-08,주택업체,국민임대,서울,0
2024-08,주택업체,국민임대,인천,0
2024-08,주택업체,국민임대,경기,0
2024-08,주택업체,국민임대,부산,0
2024-08,주택업체,국민임대,대구,0
2024-08,주택업체,국민임대,광주,0
2024-08,주택업체,국민임대,대전,0
2024-08,주택업체,국민임대,울산,0
2024-08,주택업체,국민임대,세종,0
2024-08,주택업체,국민임대,강원,0
2024-08,주택업체,국민임대,충북,0
2024-08,주택업체,국민임대,충남,0
2024-08,주택업체,국민임대,전북,0
2024-08,주택업체,국민임대,전남,0
2024-08,주택업체,국민임대,경북,0
2024-08,주택업체,국민임대,경남,0
2024-08,주택업체,국민임대,제주,0
2024-08,주택업체,공공임대,전국,903
2024-08,주택업체,공공임대,서울,40
2024-08,주택업체,공공임대,인천,0
2024-08,주택업체,공공임대,경기,812
2024-08,주택업체,공공임대,부산,0
2024-08,주택업체,공공임대,대구,51
2024-08,주택업체,공공임대,광주,0
2024-08,주택업체,공공임대,대전,0
2024-08,주택업체,공공임대,울산,0
2024-08,주택업체,공공임대,세종,0
2024-08,주택업체,공공임대,강원,0
2024-08,주택업체,공공임대,충북,0
2024-08,주택업체,공공임대,충남,0
2024-08,주택업체,공공임대,전북,0
2024-08,주택업체,공공임대,전남,0
2024-08,주택업체,공공임대,경북,0
2024-08,주택업체,공공임대,경남,0
2024-08,주택업체,공공임대,제주,0
2024-08,주택업체,공공분양,전국,840
2024-08,주택업체,공공분양,서울,0
2024-08,주택업체,공공분양,인천,0
2024-08,주택업체,공공분양,경기,840
2024-08,주택업체,공공분양,부산,0
2024-08,주택업체,공공분양,대구,0
2024-08,주택업체,공공분양,광주,0
2024-08,주택업체,공공분양,대전,0
2024-08,주택업체,공공분양,울산,0
2024-08,주택업체,공공분양,세종,0
2024-08,주택업체,공공분양,강원,0
2024-08,주택업체,공공분양,충북,0
2024-08,주택업체,공공분양,충남,0
2024-08,주택업체,공공분양,전북,0
2024-08,주택업체,공공분양,전남,0
2024-08,주택업체,공공분양,경북,0
2024-08,주택업체,공공분양,경남,0
2024-08,주택업체,공공분양,제주,0
2024-08,민간부문,소계,전국,37,715
2024-08,민간부문,소계,서울,2,392
2024-08,민간부문,소계,인천,2,472
2024-08,민간부문,소계,경기,18,893
2024-08,민간부문,소계,부산,1,664
2024-08,민간부문,소계,대구,2,172
2024-08,민간부문,소계,광주,196
2024-08,민간부문,소계,대전,1,047
2024-08,민간부문,소계,울산,290
2024-08,민간부문,소계,세종,29
2024-08,민간부문,소계,강원,210
2024-08,민간부문,소계,충북,1,791
2024-08,민간부문,소계,충남,1,382
2024-08,민간부문,소계,전북,1,729
2024-08,민간부문,소계,전남,232
2024-08,민간부문,소계,경북,1,662
2024-08,민간부문,소계,경남,834
2024-08,민간부문,소계,제주,720
2024-08,민간,민간임대,전국,1,440
2024-08,민간,민간임대,서울,413
2024-08,민간,민간임대,인천,0
2024-08,민간,민간임대,경기,0
2024-08,민간,민간임대,부산,0
2024-08,민간,민간임대,대구,108
2024-08,민간,민간임대,광주,0
2024-08,민간,민간임대,대전,0
2024-08,민간,민간임대,울산,0
2024-08,민간,민간임대,세종,0
2024-08,민간,민간임대,강원,0
2024-08,민간,민간임대,충북,919
2024-08,민간,민간임대,충남,0
2024-08,민간,민간임대,전북,0
2024-08,민간,민간임대,전남,0
2024-08,민간,민간임대,경북,0
2024-08,민간,민간임대,경남,0
2024-08,민간,민간임대,제주,0
2024-08,민간,민간분양,전국,36,275
2024-08,민간,민간분양,서울,1,979
2024-08,민간,민간분양,인천,2,472
2024-08,민간,민간분양,경기,18,893
2024-08,민간,민간분양,부산,1,664
2024-08,민간,민간분양,대구,2,064
2024-08,민간,민간분양,광주,196
2024-08,민간,민간분양,대전,1,047
2024-08,민간,민간분양,울산,290
2024-08,민간,민간분양,세종,29
2024-08,민간,민간분양,강원,210
2024-08,민간,민간분양,충북,872
2024-08,민간,민간분양,충남,1,382
2024-08,민간,민간분양,전북,1,729
2024-08,민간,민간분양,전남,232
2024-08,민간,민간분양,경북,1,662
2024-08,민간,민간분양,경남,834
2024-08,민간,민간분양,제주,720
2024-09,총계,총계,전국,35,952
2024-09,총계,총계,서울,2,116
2024-09,총계,총계,인천,8,321
2024-09,총계,총계,경기,7,780
2024-09,총계,총계,부산,6,323
2024-09,총계,총계,대구,2,024
2024-09,총계,총계,광주,589
2024-09,총계,총계,대전,645
2024-09,총계,총계,울산,623
2024-09,총계,총계,세종,669
2024-09,총계,총계,강원,360
2024-09,총계,총계,충북,170
2024-09,총계,총계,충남,2,154
2024-09,총계,총계,전북,2,587
2024-09,총계,총계,전남,352
2024-09,총계,총계,경북,828
2024-09,총계,총계,경남,161
2024-09,총계,총계,제주,250
2024-09,공공부문,소계,전국,2,046
2024-09,공공부문,소계,서울,131
2024-09,공공부문,소계,인천,1,535
2024-09,공공부문,소계,경기,136
2024-09,공공부문,소계,부산,0
2024-09,공공부문,소계,대구,0
2024-09,공공부문,소계,광주,0
2024-09,공공부문,소계,대전,46
2024-09,공공부문,소계,울산,0
2024-09,공공부문,소계,세종,0
2024-09,공공부문,소계,강원,100
2024-09,공공부문,소계,충북,0
2024-09,공공부문,소계,충남,0
2024-09,공공부문,소계,전북,0
2024-09,공공부문,소계,전남,0
2024-09,공공부문,소계,경북,98
2024-09,공공부문,소계,경남,0
2024-09,공공부문,소계,제주,0
2024-09,합,국민임대,전국,80
2024-09,합,국민임대,서울,0
2024-09,합,국민임대,인천,0
2024-09,합,국민임대,경기,0
2024-09,합,국민임대,부산,0
2024-09,합,국민임대,대구,0
2024-09,합,국민임대,광주,0
2024-09,합,국민임대,대전,0
2024-09,합,국민임대,울산,0
2024-09,합,국민임대,세종,0
2024-09,합,국민임대,강원,80
2024-09,합,국민임대,충북,0
2024-09,합,국민임대,충남,0
2024-09,합,국민임대,전북,0
2024-09,합,국민임대,전남,0
2024-09,합,국민임대,경북,0
2024-09,합,국민임대,경남,0
2024-09,합,국민임대,제주,0
2024-09,합,공공임대,전국,431
2024-09,합,공공임대,서울,131
2024-09,합,공공임대,인천,0
2024-09,합,공공임대,경기,136
2024-09,합,공공임대,부산,0
2024-09,합,공공임대,대구,0
2024-09,합,공공임대,광주,0
2024-09,합,공공임대,대전,46
2024-09,합,공공임대,울산,0
2024-09,합,공공임대,세종,0
2024-09,합,공공임대,강원,20
2024-09,합,공공임대,충북,0
2024-09,합,공공임대,충남,0
2024-09,합,공공임대,전북,0
2024-09,합,공공임대,전남,0
2024-09,합,공공임대,경북,98
2024-09,합,공공임대,경남,0
2024-09,합,공공임대,제주,0
2024-09,합,공공분양,전국,1,535
2024-09,합,공공분양,서울,0
2024-09,합,공공분양,인천,1,535
2024-09,합,공공분양,경기,0
2024-09,합,공공분양,부산,0
2024-09,합,공공분양,대구,0
2024-09,합,공공분양,광주,0
2024-09,합,공공분양,대전,0
2024-09,합,공공분양,울산,0
2024-09,합,공공분양,세종,0
2024-09,합,공공분양,강원,0
2024-09,합,공공분양,충북,0
2024-09,합,공공분양,충남,0
2024-09,합,공공분양,전북,0
2024-09,합,공공분양,전남,0
2024-09,합,공공분양,경북,0
2024-09,합,공공분양,경남,0
2024-09,합,공공분양,제주,0
2024-09,지자체,소계,전국,0
2024-09,지자체,소계,서울,0
2024-09,지자체,소계,인천,0
2024-09,지자체,소계,경기,0
2024-09,지자체,소계,부산,0
2024-09,지자체,소계,대구,0
2024-09,지자체,소계,광주,0
2024-09,지자체,소계,대전,0
2024-09,지자체,소계,울산,0
2024-09,지자체,소계,세종,0
2024-09,지자체,소계,강원,0
2024-09,지자체,소계,충북,0
2024-09,지자체,소계,충남,0
2024-09,지자체,소계,전북,0
2024-09,지자체,소계,전남,0
2024-09,지자체,소계,경북,0
2024-09,지자체,소계,경남,0
2024-09,지자체,소계,제주,0
2024-09,지자체,국민임대,전국,0
2024-09,지자체,국민임대,서울,0
2024-09,지자체,국민임대,인천,0
2024-09,지자체,국민임대,경기,0
2024-09,지자체,국민임대,부산,0
2024-09,지자체,국민임대,대구,0
2024-09,지자체,국민임대,광주,0
2024-09,지자체,국민임대,대전,0
2024-09,지자체,국민임대,울산,0
2024-09,지자체,국민임대,세종,0
2024-09,지자체,국민임대,강원,0
2024-09,지자체,국민임대,충북,0
2024-09,지자체,국민임대,충남,0
2024-09,지자체,국민임대,전북,0
2024-09,지자체,국민임대,전남,0
2024-09,지자체,국민임대,경북,0
2024-09,지자체,국민임대,경남,0
2024-09,지자체,국민임대,제주,0
2024-09,지자체,공공임대,전국,0
2024-09,지자체,공공임대,서울,0
2024-09,지자체,공공임대,인천,0
2024-09,지자체,공공임대,경기,0
2024-09,지자체,공공임대,부산,0
2024-09,지자체,공공임대,대구,0
2024-09,지자체,공공임대,광주,0
2024-09,지자체,공공임대,대전,0
2024-09,지자체,공공임대,울산,0
2024-09,지자체,공공임대,세종,0
2024-09,지자체,공공임대,강원,0
2024-09,지자체,공공임대,충북,0
2024-09,지자체,공공임대,충남,0
2024-09,지자체,공공임대,전북,0
2024-09,지자체,공공임대,전남,0
2024-09,지자체,공공임대,경북,0
2024-09,지자체,공공임대,경남,0
2024-09,지자체,공공임대,제주,0
2024-09,지자체,공공분양,전국,0
2024-09,지자체,공공분양,서울,0
2024-09,지자체,공공분양,인천,0
2024-09,지자체,공공분양,경기,0
2024-09,지자체,공공분양,부산,0
2024-09,지자체,공공분양,대구,0
2024-09,지자체,공공분양,광주,0
2024-09,지자체,공공분양,대전,0
2024-09,지자체,공공분양,울산,0
2024-09,지자체,공공분양,세종,0
2024-09,지자체,공공분양,강원,0
2024-09,지자체,공공분양,충북,0
2024-09,지자체,공공분양,충남,0
2024-09,지자체,공공분양,전북,0
2024-09,지자체,공공분양,전남,0
2024-09,지자체,공공분양,경북,0
2024-09,지자체,공공분양,경남,0
2024-09,지자체,공공분양,제주,0
2024-09,LH,소계,전국,428
2024-09,LH,소계,서울,94
2024-09,LH,소계,인천,0
2024-09,LH,소계,경기,136
2024-09,LH,소계,부산,0
2024-09,LH,소계,대구,0
2024-09,LH,소계,광주,0
2024-09,LH,소계,대전,0
2024-09,LH,소계,울산,0
2024-09,LH,소계,세종,0
2024-09,LH,소계,강원,100
2024-09,LH,소계,충북,0
2024-09,LH,소계,충남,0
2024-09,LH,소계,전북,0
2024-09,LH,소계,전남,0
2024-09,LH,소계,경북,98
2024-09,LH,소계,경남,0
2024-09,LH,소계,제주,0
2024-09,LH,국민임대,전국,80
2024-09,LH,국민임대,서울,0
2024-09,LH,국민임대,인천,0
2024-09,LH,국민임대,경기,0
2024-09,LH,국민임대,부산,0
2024-09,LH,국민임대,대구,0
2024-09,LH,국민임대,광주,0
2024-09,LH,국민임대,대전,0
2024-09,LH,국민임대,울산,0
2024-09,LH,국민임대,세종,0
2024-09,LH,국민임대,강원,80
2024-09,LH,국민임대,충북,0
2024-09,LH,국민임대,충남,0
2024-09,LH,국민임대,전북,0
2024-09,LH,국민임대,전남,0
2024-09,LH,국민임대,경북,0
2024-09,LH,국민임대,경남,0
2024-09,LH,국민임대,제주,0
2024-09,LH,공공임대,전국,348
2024-09,LH,공공임대,서울,94
2024-09,LH,공공임대,인천,0
2024-09,LH,공공임대,경기,136
2024-09,LH,공공임대,부산,0
2024-09,LH,공공임대,대구,0
2024-09,LH,공공임대,광주,0
2024-09,LH,공공임대,대전,0
2024-09,LH,공공임대,울산,0
2024-09,LH,공공임대,세종,0
2024-09,LH,공공임대,강원,20
2024-09,LH,공공임대,충북,0
2024-09,LH,공공임대,충남,0
2024-09,LH,공공임대,전북,0
2024-09,LH,공공임대,전남,0
2024-09,LH,공공임대,경북,98
2024-09,LH,공공임대,경남,0
2024-09,LH,공공임대,제주,0
2024-09,LH,공공분양,전국,0
2024-09,LH,공공분양,서울,0
2024-09,LH,공공분양,인천,0
2024-09,LH,공공분양,경기,0
2024-09,LH,공공분양,부산,0
2024-09,LH,공공분양,대구,0
2024-09,LH,공공분양,광주,0
2024-09,LH,공공분양,대전,0
2024-09,LH,공공분양,울산,0
2024-09,LH,공공분양,세종,0
2024-09,LH,공공분양,강원,0
2024-09,LH,공공분양,충북,0
2024-09,LH,공공분양,충남,0
2024-09,LH,공공분양,전북,0
2024-09,LH,공공분양,전남,0
2024-09,LH,공공분양,경북,0
2024-09,LH,공공분양,경남,0
2024-09,LH,공공분양,제주,0
2024-09,주택업체,소계,전국,1,618
2024-09,주택업체,소계,서울,37
2024-09,주택업체,소계,인천,1,535
2024-09,주택업체,소계,경기,0
2024-09,주택업체,소계,부산,0
2024-09,주택업체,소계,대구,0
2024-09,주택업체,소계,광주,0
2024-09,주택업체,소계,대전,46
2024-09,주택업체,소계,울산,0
2024-09,주택업체,소계,세종,0
2024-09,주택업체,소계,강원,0
2024-09,주택업체,소계,충북,0
2024-09,주택업체,소계,충남,0
2024-09,주택업체,소계,전북,0
2024-09,주택업체,소계,전남,0
2024-09,주택업체,소계,경북,0
2024-09,주택업체,소계,경남,0
2024-09,주택업체,소계,제주,0
2024-09,주택업체,국민임대,전국,0
2024-09,주택업체,국민임대,서울,0
2024-09,주택업체,국민임대,인천,0
2024-09,주택업체,국민임대,경기,0
2024-09,주택업체,국민임대,부산,0
2024-09,주택업체,국민임대,대구,0
2024-09,주택업체,국민임대,광주,0
2024-09,주택업체,국민임대,대전,0
2024-09,주택업체,국민임대,울산,0
2024-09,주택업체,국민임대,세종,0
2024-09,주택업체,국민임대,강원,0
2024-09,주택업체,국민임대,충북,0
2024-09,주택업체,국민임대,충남,0
2024-09,주택업체,국민임대,전북,0
2024-09,주택업체,국민임대,전남,0
2024-09,주택업체,국민임대,경북,0
2024-09,주택업체,국민임대,경남,0
2024-09,주택업체,국민임대,제주,0
2024-09,주택업체,공공임대,전국,83
2024-09,주택업체,공공임대,서울,37
2024-09,주택업체,공공임대,인천,0
2024-09,주택업체,공공임대,경기,0
2024-09,주택업체,공공임대,부산,0
2024-09,주택업체,공공임대,대구,0
2024-09,주택업체,공공임대,광주,0
2024-09,주택업체,공공임대,대전,46
2024-09,주택업체,공공임대,울산,0
2024-09,주택업체,공공임대,세종,0
2024-09,주택업체,공공임대,강원,0
2024-09,주택업체,공공임대,충북,0
2024-09,주택업체,공공임대,충남,0
2024-09,주택업체,공공임대,전북,0
2024-09,주택업체,공공임대,전남,0
2024-09,주택업체,공공임대,경북,0
2024-09,주택업체,공공임대,경남,0
2024-09,주택업체,공공임대,제주,0
2024-09,주택업체,공공분양,전국,1,535
2024-09,주택업체,공공분양,서울,0
2024-09,주택업체,공공분양,인천,1,535
2024-09,주택업체,공공분양,경기,0
2024-09,주택업체,공공분양,부산,0
2024-09,주택업체,공공분양,대구,0
2024-09,주택업체,공공분양,광주,0
2024-09,주택업체,공공분양,대전,0
2024-09,주택업체,공공분양,울산,0
2024-09,주택업체,공공분양,세종,0
2024-09,주택업체,공공분양,강원,0
2024-09,주택업체,공공분양,충북,0
2024-09,주택업체,공공분양,충남,0
2024-09,주택업체,공공분양,전북,0
2024-09,주택업체,공공분양,전남,0
2024-09,주택업체,공공분양,경북,0
2024-09,주택업체,공공분양,경남,0
2024-09,주택업체,공공분양,제주,0
2024-09,민간부문,소계,전국,33,906
2024-09,민간부문,소계,서울,1,985
2024-09,민간부문,소계,인천,6,786
2024-09,민간부문,소계,경기,7,644
2024-09,민간부문,소계,부산,6,323
2024-09,민간부문,소계,대구,2,024
2024-09,민간부문,소계,광주,589
2024-09,민간부문,소계,대전,599
2024-09,민간부문,소계,울산,623
2024-09,민간부문,소계,세종,669
2024-09,민간부문,소계,강원,260
2024-09,민간부문,소계,충북,170
2024-09,민간부문,소계,충남,2,154
2024-09,민간부문,소계,전북,2,587
2024-09,민간부문,소계,전남,352
2024-09,민간부문,소계,경북,730
2024-09,민간부문,소계,경남,161
2024-09,민간부문,소계,제주,250
2024-09,민간,민간임대,전국,2,173
2024-09,민간,민간임대,서울,0
2024-09,민간,민간임대,인천,1,116
2024-09,민간,민간임대,경기,0
2024-09,민간,민간임대,부산,0
2024-09,민간,민간임대,대구,0
2024-09,민간,민간임대,광주,0
2024-09,민간,민간임대,대전,0
2024-09,민간,민간임대,울산,0
2024-09,민간,민간임대,세종,0
2024-09,민간,민간임대,강원,0
2024-09,민간,민간임대,충북,0
2024-09,민간,민간임대,충남,0
2024-09,민간,민간임대,전북,905
2024-09,민간,민간임대,전남,152
2024-09,민간,민간임대,경북,0
2024-09,민간,민간임대,경남,0
2024-09,민간,민간임대,제주,0
2024-09,민간,민간분양,전국,31,733
2024-09,민간,민간분양,서울,1,985
2024-09,민간,민간분양,인천,5,670
2024-09,민간,민간분양,경기,7,644
2024-09,민간,민간분양,부산,6,323
2024-09,민간,민간분양,대구,2,024
2024-09,민간,민간분양,광주,589
2024-09,민간,민간분양,대전,599
2024-09,민간,민간분양,울산,623
2024-09,민간,민간분양,세종,669
2024-09,민간,민간분양,강원,260
2024-09,민간,민간분양,충북,170
2024-09,민간,민간분양,충남,2,154
2024-09,민간,민간분양,전북,1,682
2024-09,민간,민간분양,전남,200
2024-09,민간,민간분양,경북,730
2024-09,민간,민간분양,경남,161
2024-09,민간,민간분양,제주,250
2024-10,총계,총계,전국,32,909
2024-10,총계,총계,서울,3,387
2024-10,총계,총계,인천,2,780
2024-10,총계,총계,경기,7,823
2024-10,총계,총계,부산,337
2024-10,총계,총계,대구,1,526
2024-10,총계,총계,광주,6
2024-10,총계,총계,대전,695
2024-10,총계,총계,울산,221
2024-10,총계,총계,세종,265
2024-10,총계,총계,강원,1,769
2024-10,총계,총계,충북,3,973
2024-10,총계,총계,충남,410
2024-10,총계,총계,전북,2,145
2024-10,총계,총계,전남,2,684
2024-10,총계,총계,경북,2,005
2024-10,총계,총계,경남,2,555
2024-10,총계,총계,제주,328
2024-10,공공부문,소계,전국,2,094
2024-10,공공부문,소계,서울,0
2024-10,공공부문,소계,인천,961
2024-10,공공부문,소계,경기,289
2024-10,공공부문,소계,부산,0
2024-10,공공부문,소계,대구,0
2024-10,공공부문,소계,광주,0
2024-10,공공부문,소계,대전,237
2024-10,공공부문,소계,울산,0
2024-10,공공부문,소계,세종,0
2024-10,공공부문,소계,강원,0
2024-10,공공부문,소계,충북,552
2024-10,공공부문,소계,충남,0
2024-10,공공부문,소계,전북,0
2024-10,공공부문,소계,전남,0
2024-10,공공부문,소계,경북,40
2024-10,공공부문,소계,경남,0
2024-10,공공부문,소계,제주,15
2024-10,합,국민임대,전국,15
2024-10,합,국민임대,서울,0
2024-10,합,국민임대,인천,0
2024-10,합,국민임대,경기,0
2024-10,합,국민임대,부산,0
2024-10,합,국민임대,대구,0
2024-10,합,국민임대,광주,0
2024-10,합,국민임대,대전,0
2024-10,합,국민임대,울산,0
2024-10,합,국민임대,세종,0
2024-10,합,국민임대,강원,0
2024-10,합,국민임대,충북,0
2024-10,합,국민임대,충남,0
2024-10,합,국민임대,전북,0
2024-10,합,국민임대,전남,0
2024-10,합,국민임대,경북,0
2024-10,합,국민임대,경남,0
2024-10,합,국민임대,제주,15
2024-10,합,공공임대,전국,925
2024-10,합,공공임대,서울,0
2024-10,합,공공임대,인천,0
2024-10,합,공공임대,경기,96
2024-10,합,공공임대,부산,0
2024-10,합,공공임대,대구,0
2024-10,합,공공임대,광주,0
2024-10,합,공공임대,대전,237
2024-10,합,공공임대,울산,0
2024-10,합,공공임대,세종,0
2024-10,합,공공임대,강원,0
2024-10,합,공공임대,충북,552
2024-10,합,공공임대,충남,0
2024-10,합,공공임대,전북,0
2024-10,합,공공임대,전남,0
2024-10,합,공공임대,경북,40
2024-10,합,공공임대,경남,0
2024-10,합,공공임대,제주,0
2024-10,합,공공분양,전국,1,154
2024-10,합,공공분양,서울,0
2024-10,합,공공분양,인천,961
2024-10,합,공공분양,경기,193
2024-10,합,공공분양,부산,0
2024-10,합,공공분양,대구,0
2024-10,합,공공분양,광주,0
2024-10,합,공공분양,대전,0
2024-10,합,공공분양,울산,0
2024-10,합,공공분양,세종,0
2024-10,합,공공분양,강원,0
2024-10,합,공공분양,충북,0
2024-10,합,공공분양,충남,0
2024-10,합,공공분양,전북,0
2024-10,합,공공분양,전남,0
2024-10,합,공공분양,경북,0
2024-10,합,공공분양,경남,0
2024-10,합,공공분양,제주,0
2024-10,지자체,소계,전국,0
2024-10,지자체,소계,서울,0
2024-10,지자체,소계,인천,0
2024-10,지자체,소계,경기,0
2024-10,지자체,소계,부산,0
2024-10,지자체,소계,대구,0
2024-10,지자체,소계,광주,0
2024-10,지자체,소계,대전,0
2024-10,지자체,소계,울산,0
2024-10,지자체,소계,세종,0
2024-10,지자체,소계,강원,0
2024-10,지자체,소계,충북,0
2024-10,지자체,소계,충남,0
2024-10,지자체,소계,전북,0
2024-10,지자체,소계,전남,0
2024-10,지자체,소계,경북,0
2024-10,지자체,소계,경남,0
2024-10,지자체,소계,제주,0
2024-10,지자체,국민임대,전국,0
2024-10,지자체,국민임대,서울,0
2024-10,지자체,국민임대,인천,0
2024-10,지자체,국민임대,경기,0
2024-10,지자체,국민임대,부산,0
2024-10,지자체,국민임대,대구,0
2024-10,지자체,국민임대,광주,0
2024-10,지자체,국민임대,대전,0
2024-10,지자체,국민임대,울산,0
2024-10,지자체,국민임대,세종,0
2024-10,지자체,국민임대,강원,0
2024-10,지자체,국민임대,충북,0
2024-10,지자체,국민임대,충남,0
2024-10,지자체,국민임대,전북,0
2024-10,지자체,국민임대,전남,0
2024-10,지자체,국민임대,경북,0
2024-10,지자체,국민임대,경남,0
2024-10,지자체,국민임대,제주,0
2024-10,지자체,공공임대,전국,0
2024-10,지자체,공공임대,서울,0
2024-10,지자체,공공임대,인천,0
2024-10,지자체,공공임대,경기,0
2024-10,지자체,공공임대,부산,0
2024-10,지자체,공공임대,대구,0
2024-10,지자체,공공임대,광주,0
2024-10,지자체,공공임대,대전,0
2024-10,지자체,공공임대,울산,0
2024-10,지자체,공공임대,세종,0
2024-10,지자체,공공임대,강원,0
2024-10,지자체,공공임대,충북,0
2024-10,지자체,공공임대,충남,0
2024-10,지자체,공공임대,전북,0
2024-10,지자체,공공임대,전남,0
2024-10,지자체,공공임대,경북,0
2024-10,지자체,공공임대,경남,0
2024-10,지자체,공공임대,제주,0
2024-10,지자체,공공분양,전국,0
2024-10,지자체,공공분양,서울,0
2024-10,지자체,공공분양,인천,0
2024-10,지자체,공공분양,경기,0
2024-10,지자체,공공분양,부산,0
2024-10,지자체,공공분양,대구,0
2024-10,지자체,공공분양,광주,0
2024-10,지자체,공공분양,대전,0
2024-10,지자체,공공분양,울산,0
2024-10,지자체,공공분양,세종,0
2024-10,지자체,공공분양,강원,0
2024-10,지자체,공공분양,충북,0
2024-10,지자체,공공분양,충남,0
2024-10,지자체,공공분양,전북,0
2024-10,지자체,공공분양,전남,0
2024-10,지자체,공공분양,경북,0
2024-10,지자체,공공분양,경남,0
2024-10,지자체,공공분양,제주,0
2024-10,LH,소계,전국,1,802
2024-10,LH,소계,서울,0
2024-10,LH,소계,인천,961
2024-10,LH,소계,경기,289
2024-10,LH,소계,부산,0
2024-10,LH,소계,대구,0
2024-10,LH,소계,광주,0
2024-10,LH,소계,대전,0
2024-10,LH,소계,울산,0
2024-10,LH,소계,세종,0
2024-10,LH,소계,강원,0
2024-10,LH,소계,충북,552
2024-10,LH,소계,충남,0
2024-10,LH,소계,전북,0
2024-10,LH,소계,전남,0
2024-10,LH,소계,경북,0
2024-10,LH,소계,경남,0
2024-10,LH,소계,제주,0
2024-10,LH,국민임대,전국,0
2024-10,LH,국민임대,서울,0
2024-10,LH,국민임대,인천,0
2024-10,LH,국민임대,경기,0
2024-10,LH,국민임대,부산,0
2024-10,LH,국민임대,대구,0
2024-10,LH,국민임대,광주,0
2024-10,LH,국민임대,대전,0
2024-10,LH,국민임대,울산,0
2024-10,LH,국민임대,세종,0
2024-10,LH,국민임대,강원,0
2024-10,LH,국민임대,충북,0
2024-10,LH,국민임대,충남,0
2024-10,LH,국민임대,전북,0
2024-10,LH,국민임대,전남,0
2024-10,LH,국민임대,경북,0
2024-10,LH,국민임대,경남,0
2024-10,LH,국민임대,제주,0
2024-10,LH,공공임대,전국,648
2024-10,LH,공공임대,서울,0
2024-10,LH,공공임대,인천,0
2024-10,LH,공공임대,경기,96
2024-10,LH,공공임대,부산,0
2024-10,LH,공공임대,대구,0
2024-10,LH,공공임대,광주,0
2024-10,LH,공공임대,대전,0
2024-10,LH,공공임대,울산,0
2024-10,LH,공공임대,세종,0
2024-10,LH,공공임대,강원,0
2024-10,LH,공공임대,충북,552
2024-10,LH,공공임대,충남,0
2024-10,LH,공공임대,전북,0
2024-10,LH,공공임대,전남,0
2024-10,LH,공공임대,경북,0
2024-10,LH,공공임대,경남,0
2024-10,LH,공공임대,제주,0
2024-10,LH,공공분양,전국,1,154
2024-10,LH,공공분양,서울,0
2024-10,LH,공공분양,인천,961
2024-10,LH,공공분양,경기,193
2024-10,LH,공공분양,부산,0
2024-10,LH,공공분양,대구,0
2024-10,LH,공공분양,광주,0
2024-10,LH,공공분양,대전,0
2024-10,LH,공공분양,울산,0
2024-10,LH,공공분양,세종,0
2024-10,LH,공공분양,강원,0
2024-10,LH,공공분양,충북,0
2024-10,LH,공공분양,충남,0
2024-10,LH,공공분양,전북,0
2024-10,LH,공공분양,전남,0
2024-10,LH,공공분양,경북,0
2024-10,LH,공공분양,경남,0
2024-10,LH,공공분양,제주,0
2024-10,주택업체,소계,전국,292
2024-10,주택업체,소계,서울,0
2024-10,주택업체,소계,인천,0
2024-10,주택업체,소계,경기,0
2024-10,주택업체,소계,부산,0
2024-10,주택업체,소계,대구,0
2024-10,주택업체,소계,광주,0
2024-10,주택업체,소계,대전,237
2024-10,주택업체,소계,울산,0
2024-10,주택업체,소계,세종,0
2024-10,주택업체,소계,강원,0
2024-10,주택업체,소계,충북,0
2024-10,주택업체,소계,충남,0
2024-10,주택업체,소계,전북,0
2024-10,주택업체,소계,전남,0
2024-10,주택업체,소계,경북,40
2024-10,주택업체,소계,경남,0
2024-10,주택업체,소계,제주,15
2024-10,주택업체,국민임대,전국,15
2024-10,주택업체,국민임대,서울,0
2024-10,주택업체,국민임대,인천,0
2024-10,주택업체,국민임대,경기,0
2024-10,주택업체,국민임대,부산,0
2024-10,주택업체,국민임대,대구,0
2024-10,주택업체,국민임대,광주,0
2024-10,주택업체,국민임대,대전,0
2024-10,주택업체,국민임대,울산,0
2024-10,주택업체,국민임대,세종,0
2024-10,주택업체,국민임대,강원,0
2024-10,주택업체,국민임대,충북,0
2024-10,주택업체,국민임대,충남,0
2024-10,주택업체,국민임대,전북,0
2024-10,주택업체,국민임대,전남,0
2024-10,주택업체,국민임대,경북,0
2024-10,주택업체,국민임대,경남,0
2024-10,주택업체,국민임대,제주,15
2024-10,주택업체,공공임대,전국,277
2024-10,주택업체,공공임대,서울,0
2024-10,주택업체,공공임대,인천,0
2024-10,주택업체,공공임대,경기,0
2024-10,주택업체,공공임대,부산,0
2024-10,주택업체,공공임대,대구,0
2024-10,주택업체,공공임대,광주,0
2024-10,주택업체,공공임대,대전,237
2024-10,주택업체,공공임대,울산,0
2024-10,주택업체,공공임대,세종,0
2024-10,주택업체,공공임대,강원,0
2024-10,주택업체,공공임대,충북,0
2024-10,주택업체,공공임대,충남,0
2024-10,주택업체,공공임대,전북,0
2024-10,주택업체,공공임대,전남,0
2024-10,주택업체,공공임대,경북,40
2024-10,주택업체,공공임대,경남,0
2024-10,주택업체,공공임대,제주,0
2024-10,주택업체,공공분양,전국,0
2024-10,주택업체,공공분양,서울,0
2024-10,주택업체,공공분양,인천,0
2024-10,주택업체,공공분양,경기,0
2024-10,주택업체,공공분양,부산,0
2024-10,주택업체,공공분양,대구,0
2024-10,주택업체,공공분양,광주,0
2024-10,주택업체,공공분양,대전,0
2024-10,주택업체,공공분양,울산,0
2024-10,주택업체,공공분양,세종,0
2024-10,주택업체,공공분양,강원,0
2024-10,주택업체,공공분양,충북,0
2024-10,주택업체,공공분양,충남,0
2024-10,주택업체,공공분양,전북,0
2024-10,주택업체,공공분양,전남,0
2024-10,주택업체,공공분양,경북,0
2024-10,주택업체,공공분양,경남,0
2024-10,주택업체,공공분양,제주,0
2024-10,민간부문,소계,전국,30,815
2024-10,민간부문,소계,서울,3,387
2024-10,민간부문,소계,인천,1,819
2024-10,민간부문,소계,경기,7,534
2024-10,민간부문,소계,부산,337
2024-10,민간부문,소계,대구,1,526
2024-10,민간부문,소계,광주,6
2024-10,민간부문,소계,대전,458
2024-10,민간부문,소계,울산,221
2024-10,민간부문,소계,세종,265
2024-10,민간부문,소계,강원,1,769
2024-10,민간부문,소계,충북,3,421
2024-10,민간부문,소계,충남,410
2024-10,민간부문,소계,전북,2,145
2024-10,민간부문,소계,전남,2,684
2024-10,민간부문,소계,경북,1,965
2024-10,민간부문,소계,경남,2,555
2024-10,민간부문,소계,제주,313
2024-10,민간,민간임대,전국,2,806
2024-10,민간,민간임대,서울,576
2024-10,민간,민간임대,인천,0
2024-10,민간,민간임대,경기,0
2024-10,민간,민간임대,부산,0
2024-10,민간,민간임대,대구,0
2024-10,민간,민간임대,광주,0
2024-10,민간,민간임대,대전,0
2024-10,민간,민간임대,울산,0
2024-10,민간,민간임대,세종,0
2024-10,민간,민간임대,강원,0
2024-10,민간,민간임대,충북,2,230
2024-10,민간,민간임대,충남,0
2024-10,민간,민간임대,전북,0
2024-10,민간,민간임대,전남,0
2024-10,민간,민간임대,경북,0
2024-10,민간,민간임대,경남,0
2024-10,민간,민간임대,제주,0
2024-10,민간,민간분양,전국,28,009
2024-10,민간,민간분양,서울,2,811
2024-10,민간,민간분양,인천,1,819
2024-10,민간,민간분양,경기,7,534
2024-10,민간,민간분양,부산,337
2024-10,민간,민간분양,대구,1,526
2024-10,민간,민간분양,광주,6
2024-10,민간,민간분양,대전,458
2024-10,민간,민간분양,울산,221
2024-10,민간,민간분양,세종,265
2024-10,민간,민간분양,강원,1,769
2024-10,민간,민간분양,충북,1,191
2024-10,민간,민간분양,충남,410
2024-10,민간,민간분양,전북,2,145
2024-10,민간,민간분양,전남,2,684
2024-10,민간,민간분양,경북,1,965
2024-10,민간,민간분양,경남,2,555
2024-10,민간,민간분양,제주,313
2024-11,총계,총계,전국,45,343
2024-11,총계,총계,서울,13,719
2024-11,총계,총계,인천,2,911
2024-11,총계,총계,경기,7,687
2024-11,총계,총계,부산,1,229
2024-11,총계,총계,대구,3,248
2024-11,총계,총계,광주,745
2024-11,총계,총계,대전,2,276
2024-11,총계,총계,울산,22
2024-11,총계,총계,세종,59
2024-11,총계,총계,강원,2,500
2024-11,총계,총계,충북,3,707
2024-11,총계,총계,충남,1,048
2024-11,총계,총계,전북,668
2024-11,총계,총계,전남,489
2024-11,총계,총계,경북,4,752
2024-11,총계,총계,경남,189
2024-11,총계,총계,제주,94
2024-11,공공부문,소계,전국,4,009
2024-11,공공부문,소계,서울,0
2024-11,공공부문,소계,인천,675
2024-11,공공부문,소계,경기,407
2024-11,공공부문,소계,부산,498
2024-11,공공부문,소계,대구,0
2024-11,공공부문,소계,광주,0
2024-11,공공부문,소계,대전,2,135
2024-11,공공부문,소계,울산,0
2024-11,공공부문,소계,세종,0
2024-11,공공부문,소계,강원,90
2024-11,공공부문,소계,충북,204
2024-11,공공부문,소계,충남,0
2024-11,공공부문,소계,전북,0
2024-11,공공부문,소계,전남,0
2024-11,공공부문,소계,경북,0
2024-11,공공부문,소계,경남,0
2024-11,공공부문,소계,제주,0
2024-11,합,국민임대,전국,116
2024-11,합,국민임대,서울,0
2024-11,합,국민임대,인천,0
2024-11,합,국민임대,경기,0
2024-11,합,국민임대,부산,0
2024-11,합,국민임대,대구,0
2024-11,합,국민임대,광주,0
2024-11,합,국민임대,대전,0
2024-11,합,국민임대,울산,0
2024-11,합,국민임대,세종,0
2024-11,합,국민임대,강원,0
2024-11,합,국민임대,충북,116
2024-11,합,국민임대,충남,0
2024-11,합,국민임대,전북,0
2024-11,합,국민임대,전남,0
2024-11,합,국민임대,경북,0
2024-11,합,국민임대,경남,0
2024-11,합,국민임대,제주,0
2024-11,합,공공임대,전국,1,123
2024-11,합,공공임대,서울,0
2024-11,합,공공임대,인천,0
2024-11,합,공공임대,경기,129
2024-11,합,공공임대,부산,104
2024-11,합,공공임대,대구,0
2024-11,합,공공임대,광주,0
2024-11,합,공공임대,대전,712
2024-11,합,공공임대,울산,0
2024-11,합,공공임대,세종,0
2024-11,합,공공임대,강원,90
2024-11,합,공공임대,충북,88
2024-11,합,공공임대,충남,0
2024-11,합,공공임대,전북,0
2024-11,합,공공임대,전남,0
2024-11,합,공공임대,경북,0
2024-11,합,공공임대,경남,0
2024-11,합,공공임대,제주,0
2024-11,합,공공분양,전국,2,770
2024-11,합,공공분양,서울,0
2024-11,합,공공분양,인천,675
2024-11,합,공공분양,경기,278
2024-11,합,공공분양,부산,394
2024-11,합,공공분양,대구,0
2024-11,합,공공분양,광주,0
2024-11,합,공공분양,대전,1,423
2024-11,합,공공분양,울산,0
2024-11,합,공공분양,세종,0
2024-11,합,공공분양,강원,0
2024-11,합,공공분양,충북,0
2024-11,합,공공분양,충남,0
2024-11,합,공공분양,전북,0
2024-11,합,공공분양,전남,0
2024-11,합,공공분양,경북,0
2024-11,합,공공분양,경남,0
2024-11,합,공공분양,제주,0
2024-11,지자체,소계,전국,0
2024-11,지자체,소계,서울,0
2024-11,지자체,소계,인천,0
2024-11,지자체,소계,경기,0
2024-11,지자체,소계,부산,0
2024-11,지자체,소계,대구,0
2024-11,지자체,소계,광주,0
2024-11,지자체,소계,대전,0
2024-11,지자체,소계,울산,0
2024-11,지자체,소계,세종,0
2024-11,지자체,소계,강원,0
2024-11,지자체,소계,충북,0
2024-11,지자체,소계,충남,0
2024-11,지자체,소계,전북,0
2024-11,지자체,소계,전남,0
2024-11,지자체,소계,경북,0
2024-11,지자체,소계,경남,0
2024-11,지자체,소계,제주,0
2024-11,지자체,국민임대,전국,0
2024-11,지자체,국민임대,서울,0
2024-11,지자체,국민임대,인천,0
2024-11,지자체,국민임대,경기,0
2024-11,지자체,국민임대,부산,0
2024-11,지자체,국민임대,대구,0
2024-11,지자체,국민임대,광주,0
2024-11,지자체,국민임대,대전,0
2024-11,지자체,국민임대,울산,0
2024-11,지자체,국민임대,세종,0
2024-11,지자체,국민임대,강원,0
2024-11,지자체,국민임대,충북,0
2024-11,지자체,국민임대,충남,0
2024-11,지자체,국민임대,전북,0
2024-11,지자체,국민임대,전남,0
2024-11,지자체,국민임대,경북,0
2024-11,지자체,국민임대,경남,0
2024-11,지자체,국민임대,제주,0
2024-11,지자체,공공임대,전국,0
2024-11,지자체,공공임대,서울,0
2024-11,지자체,공공임대,인천,0
2024-11,지자체,공공임대,경기,0
2024-11,지자체,공공임대,부산,0
2024-11,지자체,공공임대,대구,0
2024-11,지자체,공공임대,광주,0
2024-11,지자체,공공임대,대전,0
2024-11,지자체,공공임대,울산,0
2024-11,지자체,공공임대,세종,0
2024-11,지자체,공공임대,강원,0
2024-11,지자체,공공임대,충북,0
2024-11,지자체,공공임대,충남,0
2024-11,지자체,공공임대,전북,0
2024-11,지자체,공공임대,전남,0
2024-11,지자체,공공임대,경북,0
2024-11,지자체,공공임대,경남,0
2024-11,지자체,공공임대,제주,0
2024-11,지자체,공공분양,전국,0
2024-11,지자체,공공분양,서울,0
2024-11,지자체,공공분양,인천,0
2024-11,지자체,공공분양,경기,0
2024-11,지자체,공공분양,부산,0
2024-11,지자체,공공분양,대구,0
2024-11,지자체,공공분양,광주,0
2024-11,지자체,공공분양,대전,0
2024-11,지자체,공공분양,울산,0
2024-11,지자체,공공분양,세종,0
2024-11,지자체,공공분양,강원,0
2024-11,지자체,공공분양,충북,0
2024-11,지자체,공공분양,충남,0
2024-11,지자체,공공분양,전북,0
2024-11,지자체,공공분양,전남,0
2024-11,지자체,공공분양,경북,0
2024-11,지자체,공공분양,경남,0
2024-11,지자체,공공분양,제주,0
2024-11,LH,소계,전국,4,009
2024-11,LH,소계,서울,0
2024-11,LH,소계,인천,675
2024-11,LH,소계,경기,407
2024-11,LH,소계,부산,498
2024-11,LH,소계,대구,0
2024-11,LH,소계,광주,0
2024-11,LH,소계,대전,2,135
2024-11,LH,소계,울산,0
2024-11,LH,소계,세종,0
2024-11,LH,소계,강원,90
2024-11,LH,소계,충북,204
2024-11,LH,소계,충남,0
2024-11,LH,소계,전북,0
2024-11,LH,소계,전남,0
2024-11,LH,소계,경북,0
2024-11,LH,소계,경남,0
2024-11,LH,소계,제주,0
2024-11,LH,국민임대,전국,116
2024-11,LH,국민임대,서울,0
2024-11,LH,국민임대,인천,0
2024-11,LH,국민임대,경기,0
2024-11,LH,국민임대,부산,0
2024-11,LH,국민임대,대구,0
2024-11,LH,국민임대,광주,0
2024-11,LH,국민임대,대전,0
2024-11,LH,국민임대,울산,0
2024-11,LH,국민임대,세종,0
2024-11,LH,국민임대,강원,0
2024-11,LH,국민임대,충북,116
2024-11,LH,국민임대,충남,0
2024-11,LH,국민임대,전북,0
2024-11,LH,국민임대,전남,0
2024-11,LH,국민임대,경북,0
2024-11,LH,국민임대,경남,0
2024-11,LH,국민임대,제주,0
2024-11,LH,공공임대,전국,1,123
2024-11,LH,공공임대,서울,0
2024-11,LH,공공임대,인천,0
2024-11,LH,공공임대,경기,129
2024-11,LH,공공임대,부산,104
2024-11,LH,공공임대,대구,0
2024-11,LH,공공임대,광주,0
2024-11,LH,공공임대,대전,712
2024-11,LH,공공임대,울산,0
2024-11,LH,공공임대,세종,0
2024-11,LH,공공임대,강원,90
2024-11,LH,공공임대,충북,88
2024-11,LH,공공임대,충남,0
2024-11,LH,공공임대,전북,0
2024-11,LH,공공임대,전남,0
2024-11,LH,공공임대,경북,0
2024-11,LH,공공임대,경남,0
2024-11,LH,공공임대,제주,0
2024-11,LH,공공분양,전국,2,770
2024-11,LH,공공분양,서울,0
2024-11,LH,공공분양,인천,675
2024-11,LH,공공분양,경기,278
2024-11,LH,공공분양,부산,394
2024-11,LH,공공분양,대구,0
2024-11,LH,공공분양,광주,0
2024-11,LH,공공분양,대전,1,423
2024-11,LH,공공분양,울산,0
2024-11,LH,공공분양,세종,0
2024-11,LH,공공분양,강원,0
2024-11,LH,공공분양,충북,0
2024-11,LH,공공분양,충남,0
2024-11,LH,공공분양,전북,0
2024-11,LH,공공분양,전남,0
2024-11,LH,공공분양,경북,0
2024-11,LH,공공분양,경남,0
2024-11,LH,공공분양,제주,0
2024-11,주택업체,소계,전국,0
2024-11,주택업체,소계,서울,0
2024-11,주택업체,소계,인천,0
2024-11,주택업체,소계,경기,0
2024-11,주택업체,소계,부산,0
2024-11,주택업체,소계,대구,0
2024-11,주택업체,소계,광주,0
2024-11,주택업체,소계,대전,0
2024-11,주택업체,소계,울산,0
2024-11,주택업체,소계,세종,0
2024-11,주택업체,소계,강원,0
2024-11,주택업체,소계,충북,0
2024-11,주택업체,소계,충남,0
2024-11,주택업체,소계,전북,0
2024-11,주택업체,소계,전남,0
2024-11,주택업체,소계,경북,0
2024-11,주택업체,소계,경남,0
2024-11,주택업체,소계,제주,0
2024-11,주택업체,국민임대,전국,0
2024-11,주택업체,국민임대,서울,0
2024-11,주택업체,국민임대,인천,0
2024-11,주택업체,국민임대,경기,0
2024-11,주택업체,국민임대,부산,0
2024-11,주택업체,국민임대,대구,0
2024-11,주택업체,국민임대,광주,0
2024-11,주택업체,국민임대,대전,0
2024-11,주택업체,국민임대,울산,0
2024-11,주택업체,국민임대,세종,0
2024-11,주택업체,국민임대,강원,0
2024-11,주택업체,국민임대,충북,0
2024-11,주택업체,국민임대,충남,0
2024-11,주택업체,국민임대,전북,0
2024-11,주택업체,국민임대,전남,0
2024-11,주택업체,국민임대,경북,0
2024-11,주택업체,국민임대,경남,0
2024-11,주택업체,국민임대,제주,0
2024-11,주택업체,공공임대,전국,0
2024-11,주택업체,공공임대,서울,0
2024-11,주택업체,공공임대,인천,0
2024-11,주택업체,공공임대,경기,0
2024-11,주택업체,공공임대,부산,0
2024-11,주택업체,공공임대,대구,0
2024-11,주택업체,공공임대,광주,0
2024-11,주택업체,공공임대,대전,0
2024-11,주택업체,공공임대,울산,0
2024-11,주택업체,공공임대,세종,0
2024-11,주택업체,공공임대,강원,0
2024-11,주택업체,공공임대,충북,0
2024-11,주택업체,공공임대,충남,0
2024-11,주택업체,공공임대,전북,0
2024-11,주택업체,공공임대,전남,0
2024-11,주택업체,공공임대,경북,0
2024-11,주택업체,공공임대,경남,0
2024-11,주택업체,공공임대,제주,0
2024-11,주택업체,공공분양,전국,0
2024-11,주택업체,공공분양,서울,0
2024-11,주택업체,공공분양,인천,0
2024-11,주택업체,공공분양,경기,0
2024-11,주택업체,공공분양,부산,0
2024-11,주택업체,공공분양,대구,0
2024-11,주택업체,공공분양,광주,0
2024-11,주택업체,공공분양,대전,0
2024-11,주택업체,공공분양,울산,0
2024-11,주택업체,공공분양,세종,0
2024-11,주택업체,공공분양,강원,0
2024-11,주택업체,공공분양,충북,0
2024-11,주택업체,공공분양,충남,0
2024-11,주택업체,공공분양,전북,0
2024-11,주택업체,공공분양,전남,0
2024-11,주택업체,공공분양,경북,0
2024-11,주택업체,공공분양,경남,0
2024-11,주택업체,공공분양,제주,0
2024-11,민간부문,소계,전국,41,334
2024-11,민간부문,소계,서울,13,719
2024-11,민간부문,소계,인천,2,236
2024-11,민간부문,소계,경기,7,280
2024-11,민간부문,소계,부산,731
2024-11,민간부문,소계,대구,3,248
2024-11,민간부문,소계,광주,745
2024-11,민간부문,소계,대전,141
2024-11,민간부문,소계,울산,22
2024-11,민간부문,소계,세종,59
2024-11,민간부문,소계,강원,2,410
2024-11,민간부문,소계,충북,3,503
2024-11,민간부문,소계,충남,1,048
2024-11,민간부문,소계,전북,668
2024-11,민간부문,소계,전남,489
2024-11,민간부문,소계,경북,4,752
2024-11,민간부문,소계,경남,189
2024-11,민간부문,소계,제주,94
2024-11,민간,민간임대,전국,1,352
2024-11,민간,민간임대,서울,0
2024-11,민간,민간임대,인천,80
2024-11,민간,민간임대,경기,0
2024-11,민간,민간임대,부산,0
2024-11,민간,민간임대,대구,0
2024-11,민간,민간임대,광주,0
2024-11,민간,민간임대,대전,0
2024-11,민간,민간임대,울산,0
2024-11,민간,민간임대,세종,0
2024-11,민간,민간임대,강원,0
2024-11,민간,민간임대,충북,930
2024-11,민간,민간임대,충남,0
2024-11,민간,민간임대,전북,342
2024-11,민간,민간임대,전남,0
2024-11,민간,민간임대,경북,0
2024-11,민간,민간임대,경남,0
2024-11,민간,민간임대,제주,0
2024-11,민간,민간분양,전국,39,982
2024-11,민간,민간분양,서울,13,719
2024-11,민간,민간분양,인천,2,156
2024-11,민간,민간분양,경기,7,280
2024-11,민간,민간분양,부산,731
2024-11,민간,민간분양,대구,3,248
2024-11,민간,민간분양,광주,745
2024-11,민간,민간분양,대전,141
2024-11,민간,민간분양,울산,22
2024-11,민간,민간분양,세종,59
2024-11,민간,민간분양,강원,2,410
2024-11,민간,민간분양,충북,2,573
2024-11,민간,민간분양,충남,1,048
2024-11,민간,민간분양,전북,326
2024-11,민간,민간분양,전남,489
2024-11,민간,민간분양,경북,4,752
2024-11,민간,민간분양,경남,189
2024-11,민간,민간분양,제주,94
2024-12,총계,총계,전국,49,231
2024-12,총계,총계,서울,3,921
2024-12,총계,총계,인천,5,203
2024-12,총계,총계,경기,12,027
2024-12,총계,총계,부산,918
2024-12,총계,총계,대구,1,908
2024-12,총계,총계,광주,2,188
2024-12,총계,총계,대전,33
2024-12,총계,총계,울산,825
2024-12,총계,총계,세종,1,507
2024-12,총계,총계,강원,3,098
2024-12,총계,총계,충북,558
2024-12,총계,총계,충남,4,027
2024-12,총계,총계,전북,840
2024-12,총계,총계,전남,2,235
2024-12,총계,총계,경북,3,346
2024-12,총계,총계,경남,5,736
2024-12,총계,총계,제주,861
2024-12,공공부문,소계,전국,6,227
2024-12,공공부문,소계,서울,854
2024-12,공공부문,소계,인천,0
2024-12,공공부문,소계,경기,58
2024-12,공공부문,소계,부산,42
2024-12,공공부문,소계,대구,0
2024-12,공공부문,소계,광주,1,224
2024-12,공공부문,소계,대전,0
2024-12,공공부문,소계,울산,800
2024-12,공공부문,소계,세종,1,451
2024-12,공공부문,소계,강원,280
2024-12,공공부문,소계,충북,32
2024-12,공공부문,소계,충남,0
2024-12,공공부문,소계,전북,520
2024-12,공공부문,소계,전남,0
2024-12,공공부문,소계,경북,0
2024-12,공공부문,소계,경남,966
2024-12,공공부문,소계,제주,0
2024-12,합,국민임대,전국,990
2024-12,합,국민임대,서울,317
2024-12,합,국민임대,인천,0
2024-12,합,국민임대,경기,0
2024-12,합,국민임대,부산,0
2024-12,합,국민임대,대구,0
2024-12,합,국민임대,광주,0
2024-12,합,국민임대,대전,0
2024-12,합,국민임대,울산,0
2024-12,합,국민임대,세종,0
2024-12,합,국민임대,강원,70
2024-12,합,국민임대,충북,0
2024-12,합,국민임대,충남,0
2024-12,합,국민임대,전북,200
2024-12,합,국민임대,전남,0
2024-12,합,국민임대,경북,0
2024-12,합,국민임대,경남,403
2024-12,합,국민임대,제주,0
2024-12,합,공공임대,전국,3,620
2024-12,합,공공임대,서울,537
2024-12,합,공공임대,인천,0
2024-12,합,공공임대,경기,58
2024-12,합,공공임대,부산,42
2024-12,합,공공임대,대구,0
2024-12,합,공공임대,광주,483
2024-12,합,공공임대,대전,0
2024-12,합,공공임대,울산,800
2024-12,합,공공임대,세종,575
2024-12,합,공공임대,강원,210
2024-12,합,공공임대,충북,32
2024-12,합,공공임대,충남,0
2024-12,합,공공임대,전북,320
2024-12,합,공공임대,전남,0
2024-12,합,공공임대,경북,0
2024-12,합,공공임대,경남,563
2024-12,합,공공임대,제주,0
2024-12,합,공공분양,전국,1,617
2024-12,합,공공분양,서울,0
2024-12,합,공공분양,인천,0
2024-12,합,공공분양,경기,0
2024-12,합,공공분양,부산,0
2024-12,합,공공분양,대구,0
2024-12,합,공공분양,광주,741
2024-12,합,공공분양,대전,0
2024-12,합,공공분양,울산,0
2024-12,합,공공분양,세종,876
2024-12,합,공공분양,강원,0
2024-12,합,공공분양,충북,0
2024-12,합,공공분양,충남,0
2024-12,합,공공분양,전북,0
2024-12,합,공공분양,전남,0
2024-12,합,공공분양,경북,0
2024-12,합,공공분양,경남,0
2024-12,합,공공분양,제주,0
2024-12,지자체,소계,전국,0
2024-12,지자체,소계,서울,0
2024-12,지자체,소계,인천,0
2024-12,지자체,소계,경기,0
2024-12,지자체,소계,부산,0
2024-12,지자체,소계,대구,0
2024-12,지자체,소계,광주,0
2024-12,지자체,소계,대전,0
2024-12,지자체,소계,울산,0
2024-12,지자체,소계,세종,0
2024-12,지자체,소계,강원,0
2024-12,지자체,소계,충북,0
2024-12,지자체,소계,충남,0
2024-12,지자체,소계,전북,0
2024-12,지자체,소계,전남,0
2024-12,지자체,소계,경북,0
2024-12,지자체,소계,경남,0
2024-12,지자체,소계,제주,0
2024-12,지자체,국민임대,전국,0
2024-12,지자체,국민임대,서울,0
2024-12,지자체,국민임대,인천,0
2024-12,지자체,국민임대,경기,0
2024-12,지자체,국민임대,부산,0
2024-12,지자체,국민임대,대구,0
2024-12,지자체,국민임대,광주,0
2024-12,지자체,국민임대,대전,0
2024-12,지자체,국민임대,울산,0
2024-12,지자체,국민임대,세종,0
2024-12,지자체,국민임대,강원,0
2024-12,지자체,국민임대,충북,0
2024-12,지자체,국민임대,충남,0
2024-12,지자체,국민임대,전북,0
2024-12,지자체,국민임대,전남,0
2024-12,지자체,국민임대,경북,0
2024-12,지자체,국민임대,경남,0
2024-12,지자체,국민임대,제주,0
2024-12,지자체,공공임대,전국,0
2024-12,지자체,공공임대,서울,0
2024-12,지자체,공공임대,인천,0
2024-12,지자체,공공임대,경기,0
2024-12,지자체,공공임대,부산,0
2024-12,지자체,공공임대,대구,0
2024-12,지자체,공공임대,광주,0
2024-12,지자체,공공임대,대전,0
2024-12,지자체,공공임대,울산,0
2024-12,지자체,공공임대,세종,0
2024-12,지자체,공공임대,강원,0
2024-12,지자체,공공임대,충북,0
2024-12,지자체,공공임대,충남,0
2024-12,지자체,공공임대,전북,0
2024-12,지자체,공공임대,전남,0
2024-12,지자체,공공임대,경북,0
2024-12,지자체,공공임대,경남,0
2024-12,지자체,공공임대,제주,0
2024-12,지자체,공공분양,전국,0
2024-12,지자체,공공분양,서울,0
2024-12,지자체,공공분양,인천,0
2024-12,지자체,공공분양,경기,0
2024-12,지자체,공공분양,부산,0
2024-12,지자체,공공분양,대구,0
2024-12,지자체,공공분양,광주,0
2024-12,지자체,공공분양,대전,0
2024-12,지자체,공공분양,울산,0
2024-12,지자체,공공분양,세종,0
2024-12,지자체,공공분양,강원,0
2024-12,지자체,공공분양,충북,0
2024-12,지자체,공공분양,충남,0
2024-12,지자체,공공분양,전북,0
2024-12,지자체,공공분양,전남,0
2024-12,지자체,공공분양,경북,0
2024-12,지자체,공공분양,경남,0
2024-12,지자체,공공분양,제주,0
2024-12,LH,소계,전국,5,567
2024-12,LH,소계,서울,236
2024-12,LH,소계,인천,0
2024-12,LH,소계,경기,58
2024-12,LH,소계,부산,0
2024-12,LH,소계,대구,0
2024-12,LH,소계,광주,1,224
2024-12,LH,소계,대전,0
2024-12,LH,소계,울산,800
2024-12,LH,소계,세종,1,451
2024-12,LH,소계,강원,280
2024-12,LH,소계,충북,32
2024-12,LH,소계,충남,0
2024-12,LH,소계,전북,520
2024-12,LH,소계,전남,0
2024-12,LH,소계,경북,0
2024-12,LH,소계,경남,966
2024-12,LH,소계,제주,0
2024-12,LH,국민임대,전국,673
2024-12,LH,국민임대,서울,0
2024-12,LH,국민임대,인천,0
2024-12,LH,국민임대,경기,0
2024-12,LH,국민임대,부산,0
2024-12,LH,국민임대,대구,0
2024-12,LH,국민임대,광주,0
2024-12,LH,국민임대,대전,0
2024-12,LH,국민임대,울산,0
2024-12,LH,국민임대,세종,0
2024-12,LH,국민임대,강원,70
2024-12,LH,국민임대,충북,0
2024-12,LH,국민임대,충남,0
2024-12,LH,국민임대,전북,200
2024-12,LH,국민임대,전남,0
2024-12,LH,국민임대,경북,0
2024-12,LH,국민임대,경남,403
2024-12,LH,국민임대,제주,0
2024-12,LH,공공임대,전국,3,277
2024-12,LH,공공임대,서울,236
2024-12,LH,공공임대,인천,0
2024-12,LH,공공임대,경기,58
2024-12,LH,공공임대,부산,0
2024-12,LH,공공임대,대구,0
2024-12,LH,공공임대,광주,483
2024-12,LH,공공임대,대전,0
2024-12,LH,공공임대,울산,800
2024-12,LH,공공임대,세종,575
2024-12,LH,공공임대,강원,210
2024-12,LH,공공임대,충북,32
2024-12,LH,공공임대,충남,0
2024-12,LH,공공임대,전북,320
2024-12,LH,공공임대,전남,0
2024-12,LH,공공임대,경북,0
2024-12,LH,공공임대,경남,563
2024-12,LH,공공임대,제주,0
2024-12,LH,공공분양,전국,1,617
2024-12,LH,공공분양,서울,0
2024-12,LH,공공분양,인천,0
2024-12,LH,공공분양,경기,0
2024-12,LH,공공분양,부산,0
2024-12,LH,공공분양,대구,0
2024-12,LH,공공분양,광주,741
2024-12,LH,공공분양,대전,0
2024-12,LH,공공분양,울산,0
2024-12,LH,공공분양,세종,876
2024-12,LH,공공분양,강원,0
2024-12,LH,공공분양,충북,0
2024-12,LH,공공분양,충남,0
2024-12,LH,공공분양,전북,0
2024-12,LH,공공분양,전남,0
2024-12,LH,공공분양,경북,0
2024-12,LH,공공분양,경남,0
2024-12,LH,공공분양,제주,0
2024-12,주택업체,소계,전국,660
2024-12,주택업체,소계,서울,618
2024-12,주택업체,소계,인천,0
2024-12,주택업체,소계,경기,0
2024-12,주택업체,소계,부산,42
2024-12,주택업체,소계,대구,0
2024-12,주택업체,소계,광주,0
2024-12,주택업체,소계,대전,0
2024-12,주택업체,소계,울산,0
2024-12,주택업체,소계,세종,0
2024-12,주택업체,소계,강원,0
2024-12,주택업체,소계,충북,0
2024-12,주택업체,소계,충남,0
2024-12,주택업체,소계,전북,0
2024-12,주택업체,소계,전남,0
2024-12,주택업체,소계,경북,0
2024-12,주택업체,소계,경남,0
2024-12,주택업체,소계,제주,0
2024-12,주택업체,국민임대,전국,317
2024-12,주택업체,국민임대,서울,317
2024-12,주택업체,국민임대,인천,0
2024-12,주택업체,국민임대,경기,0
2024-12,주택업체,국민임대,부산,0
2024-12,주택업체,국민임대,대구,0
2024-12,주택업체,국민임대,광주,0
2024-12,주택업체,국민임대,대전,0
2024-12,주택업체,국민임대,울산,0
2024-12,주택업체,국민임대,세종,0
2024-12,주택업체,국민임대,강원,0
2024-12,주택업체,국민임대,충북,0
2024-12,주택업체,국민임대,충남,0
2024-12,주택업체,국민임대,전북,0
2024-12,주택업체,국민임대,전남,0
2024-12,주택업체,국민임대,경북,0
2024-12,주택업체,국민임대,경남,0
2024-12,주택업체,국민임대,제주,0
2024-12,주택업체,공공임대,전국,343
2024-12,주택업체,공공임대,서울,301
2024-12,주택업체,공공임대,인천,0
2024-12,주택업체,공공임대,경기,0
2024-12,주택업체,공공임대,부산,42
2024-12,주택업체,공공임대,대구,0
2024-12,주택업체,공공임대,광주,0
2024-12,주택업체,공공임대,대전,0
2024-12,주택업체,공공임대,울산,0
2024-12,주택업체,공공임대,세종,0
2024-12,주택업체,공공임대,강원,0
2024-12,주택업체,공공임대,충북,0
2024-12,주택업체,공공임대,충남,0
2024-12,주택업체,공공임대,전북,0
2024-12,주택업체,공공임대,전남,0
2024-12,주택업체,공공임대,경북,0
2024-12,주택업체,공공임대,경남,0
2024-12,주택업체,공공임대,제주,0
2024-12,주택업체,공공분양,전국,0
2024-12,주택업체,공공분양,서울,0
2024-12,주택업체,공공분양,인천,0
2024-12,주택업체,공공분양,경기,0
2024-12,주택업체,공공분양,부산,0
2024-12,주택업체,공공분양,대구,0
2024-12,주택업체,공공분양,광주,0
2024-12,주택업체,공공분양,대전,0
2024-12,주택업체,공공분양,울산,0
2024-12,주택업체,공공분양,세종,0
2024-12,주택업체,공공분양,강원,0
2024-12,주택업체,공공분양,충북,0
2024-12,주택업체,공공분양,충남,0
2024-12,주택업체,공공분양,전북,0
2024-12,주택업체,공공분양,전남,0
2024-12,주택업체,공공분양,경북,0
2024-12,주택업체,공공분양,경남,0
2024-12,주택업체,공공분양,제주,0
2024-12,민간부문,소계,전국,43,004
2024-12,민간부문,소계,서울,3,067
2024-12,민간부문,소계,인천,5,203
2024-12,민간부문,소계,경기,11,969
2024-12,민간부문,소계,부산,876
2024-12,민간부문,소계,대구,1,908
2024-12,민간부문,소계,광주,964
2024-12,민간부문,소계,대전,33
2024-12,민간부문,소계,울산,25
2024-12,민간부문,소계,세종,56
2024-12,민간부문,소계,강원,2,818
2024-12,민간부문,소계,충북,526
2024-12,민간부문,소계,충남,4,027
2024-12,민간부문,소계,전북,320
2024-12,민간부문,소계,전남,2,235
2024-12,민간부문,소계,경북,3,346
2024-12,민간부문,소계,경남,4,770
2024-12,민간부문,소계,제주,861
2024-12,민간,민간임대,전국,7,284
2024-12,민간,민간임대,서울,999
2024-12,민간,민간임대,인천,0
2024-12,민간,민간임대,경기,1,415
2024-12,민간,민간임대,부산,0
2024-12,민간,민간임대,대구,0
2024-12,민간,민간임대,광주,0
2024-12,민간,민간임대,대전,0
2024-12,민간,민간임대,울산,0
2024-12,민간,민간임대,세종,0
2024-12,민간,민간임대,강원,784
2024-12,민간,민간임대,충북,0
2024-12,민간,민간임대,충남,860
2024-12,민간,민간임대,전북,168
2024-12,민간,민간임대,전남,1,955
2024-12,민간,민간임대,경북,495
2024-12,민간,민간임대,경남,608
2024-12,민간,민간임대,제주,0
2024-12,민간,민간분양,전국,35,720
2024-12,민간,민간분양,서울,2,068
2024-12,민간,민간분양,인천,5,203
2024-12,민간,민간분양,경기,10,554
2024-12,민간,민간분양,부산,876
2024-12,민간,민간분양,대구,1,908
2024-12,민간,민간분양,광주,964
2024-12,민간,민간분양,대전,33
2024-12,민간,민간분양,울산,25
2024-12,민간,민간분양,세종,56
2024-12,민간,민간분양,강원,2,034
2024-12,민간,민간분양,충북,526
2024-12,민간,민간분양,충남,3,167
2024-12,민간,민간분양,전북,152
2024-12,민간,민간분양,전남,280
2024-12,민간,민간분양,경북,2,851
2024-12,민간,민간분양,경남,4,162
2024-12,민간,민간분양,제주,861
2025-01,총계,총계,전국,41,724
2025-01,총계,총계,서울,4,762
2025-01,총계,총계,인천,3,090
2025-01,총계,총계,경기,8,180
2025-01,총계,총계,부산,4,090
2025-01,총계,총계,대구,4,303
2025-01,총계,총계,광주,2,747
2025-01,총계,총계,대전,11
2025-01,총계,총계,울산,20
2025-01,총계,총계,세종,14
2025-01,총계,총계,강원,2,153
2025-01,총계,총계,충북,1,664
2025-01,총계,총계,충남,3,270
2025-01,총계,총계,전북,1,502
2025-01,총계,총계,전남,1,857
2025-01,총계,총계,경북,194
2025-01,총계,총계,경남,3,678
2025-01,총계,총계,제주,189
2025-01,공공부문,소계,전국,6,754
2025-01,공공부문,소계,서울,615
2025-01,공공부문,소계,인천,1,535
2025-01,공공부문,소계,경기,2,329
2025-01,공공부문,소계,부산,0
2025-01,공공부문,소계,대구,0
2025-01,공공부문,소계,광주,0
2025-01,공공부문,소계,대전,0
2025-01,공공부문,소계,울산,0
2025-01,공공부문,소계,세종,0
2025-01,공공부문,소계,강원,0
2025-01,공공부문,소계,충북,0
2025-01,공공부문,소계,충남,893
2025-01,공공부문,소계,전북,1,382
2025-01,공공부문,소계,전남,0
2025-01,공공부문,소계,경북,0
2025-01,공공부문,소계,경남,0
2025-01,공공부문,소계,제주,0
2025-01,합,국민임대,전국,0
2025-01,합,국민임대,서울,0
2025-01,합,국민임대,인천,0
2025-01,합,국민임대,경기,0
2025-01,합,국민임대,부산,0
2025-01,합,국민임대,대구,0
2025-01,합,국민임대,광주,0
2025-01,합,국민임대,대전,0
2025-01,합,국민임대,울산,0
2025-01,합,국민임대,세종,0
2025-01,합,국민임대,강원,0
2025-01,합,국민임대,충북,0
2025-01,합,국민임대,충남,0
2025-01,합,국민임대,전북,0
2025-01,합,국민임대,전남,0
2025-01,합,국민임대,경북,0
2025-01,합,국민임대,경남,0
2025-01,합,국민임대,제주,0
2025-01,합,공공임대,전국,1,091
2025-01,합,공공임대,서울,615
2025-01,합,공공임대,인천,0
2025-01,합,공공임대,경기,188
2025-01,합,공공임대,부산,0
2025-01,합,공공임대,대구,0
2025-01,합,공공임대,광주,0
2025-01,합,공공임대,대전,0
2025-01,합,공공임대,울산,0
2025-01,합,공공임대,세종,0
2025-01,합,공공임대,강원,0
2025-01,합,공공임대,충북,0
2025-01,합,공공임대,충남,0
2025-01,합,공공임대,전북,288
2025-01,합,공공임대,전남,0
2025-01,합,공공임대,경북,0
2025-01,합,공공임대,경남,0
2025-01,합,공공임대,제주,0
2025-01,합,공공분양,전국,5,663
2025-01,합,공공분양,서울,0
2025-01,합,공공분양,인천,1,535
2025-01,합,공공분양,경기,2,141
2025-01,합,공공분양,부산,0
2025-01,합,공공분양,대구,0
2025-01,합,공공분양,광주,0
2025-01,합,공공분양,대전,0
2025-01,합,공공분양,울산,0
2025-01,합,공공분양,세종,0
2025-01,합,공공분양,강원,0
2025-01,합,공공분양,충북,0
2025-01,합,공공분양,충남,893
2025-01,합,공공분양,전북,1,094
2025-01,합,공공분양,전남,0
2025-01,합,공공분양,경북,0
2025-01,합,공공분양,경남,0
2025-01,합,공공분양,제주,0
2025-01,지자체,소계,전국,4,757
2025-01,지자체,소계,서울,0
2025-01,지자체,소계,인천,1,535
2025-01,지자체,소계,경기,2,329
2025-01,지자체,소계,부산,0
2025-01,지자체,소계,대구,0
2025-01,지자체,소계,광주,0
2025-01,지자체,소계,대전,0
2025-01,지자체,소계,울산,0
2025-01,지자체,소계,세종,0
2025-01,지자체,소계,강원,0
2025-01,지자체,소계,충북,0
2025-01,지자체,소계,충남,893
2025-01,지자체,소계,전북,0
2025-01,지자체,소계,전남,0
2025-01,지자체,소계,경북,0
2025-01,지자체,소계,경남,0
2025-01,지자체,소계,제주,0
2025-01,지자체,국민임대,전국,0
2025-01,지자체,국민임대,서울,0
2025-01,지자체,국민임대,인천,0
2025-01,지자체,국민임대,경기,0
2025-01,지자체,국민임대,부산,0
2025-01,지자체,국민임대,대구,0
2025-01,지자체,국민임대,광주,0
2025-01,지자체,국민임대,대전,0
2025-01,지자체,국민임대,울산,0
2025-01,지자체,국민임대,세종,0
2025-01,지자체,국민임대,강원,0
2025-01,지자체,국민임대,충북,0
2025-01,지자체,국민임대,충남,0
2025-01,지자체,국민임대,전북,0
2025-01,지자체,국민임대,전남,0
2025-01,지자체,국민임대,경북,0
2025-01,지자체,국민임대,경남,0
2025-01,지자체,국민임대,제주,0
2025-01,지자체,공공임대,전국,188
2025-01,지자체,공공임대,서울,0
2025-01,지자체,공공임대,인천,0
2025-01,지자체,공공임대,경기,188
2025-01,지자체,공공임대,부산,0
2025-01,지자체,공공임대,대구,0
2025-01,지자체,공공임대,광주,0
2025-01,지자체,공공임대,대전,0
2025-01,지자체,공공임대,울산,0
2025-01,지자체,공공임대,세종,0
2025-01,지자체,공공임대,강원,0
2025-01,지자체,공공임대,충북,0
2025-01,지자체,공공임대,충남,0
2025-01,지자체,공공임대,전북,0
2025-01,지자체,공공임대,전남,0
2025-01,지자체,공공임대,경북,0
2025-01,지자체,공공임대,경남,0
2025-01,지자체,공공임대,제주,0
2025-01,지자체,공공분양,전국,4,569
2025-01,지자체,공공분양,서울,0
2025-01,지자체,공공분양,인천,1,535
2025-01,지자체,공공분양,경기,2,141
2025-01,지자체,공공분양,부산,0
2025-01,지자체,공공분양,대구,0
2025-01,지자체,공공분양,광주,0
2025-01,지자체,공공분양,대전,0
2025-01,지자체,공공분양,울산,0
2025-01,지자체,공공분양,세종,0
2025-01,지자체,공공분양,강원,0
2025-01,지자체,공공분양,충북,0
2025-01,지자체,공공분양,충남,893
2025-01,지자체,공공분양,전북,0
2025-01,지자체,공공분양,전남,0
2025-01,지자체,공공분양,경북,0
2025-01,지자체,공공분양,경남,0
2025-01,지자체,공공분양,제주,0
2025-01,LH,소계,전국,1,382
2025-01,LH,소계,서울,0
2025-01,LH,소계,인천,0
2025-01,LH,소계,경기,0
2025-01,LH,소계,부산,0
2025-01,LH,소계,대구,0
2025-01,LH,소계,광주,0
2025-01,LH,소계,대전,0
2025-01,LH,소계,울산,0
2025-01,LH,소계,세종,0
2025-01,LH,소계,강원,0
2025-01,LH,소계,충북,0
2025-01,LH,소계,충남,0
2025-01,LH,소계,전북,1,382
2025-01,LH,소계,전남,0
2025-01,LH,소계,경북,0
2025-01,LH,소계,경남,0
2025-01,LH,소계,제주,0
2025-01,LH,국민임대,전국,0
2025-01,LH,국민임대,서울,0
2025-01,LH,국민임대,인천,0
2025-01,LH,국민임대,경기,0
2025-01,LH,국민임대,부산,0
2025-01,LH,국민임대,대구,0
2025-01,LH,국민임대,광주,0
2025-01,LH,국민임대,대전,0
2025-01,LH,국민임대,울산,0
2025-01,LH,국민임대,세종,0
2025-01,LH,국민임대,강원,0
2025-01,LH,국민임대,충북,0
2025-01,LH,국민임대,충남,0
2025-01,LH,국민임대,전북,0
2025-01,LH,국민임대,전남,0
2025-01,LH,국민임대,경북,0
2025-01,LH,국민임대,경남,0
2025-01,LH,국민임대,제주,0
2025-01,LH,공공임대,전국,288
2025-01,LH,공공임대,서울,0
2025-01,LH,공공임대,인천,0
2025-01,LH,공공임대,경기,0
2025-01,LH,공공임대,부산,0
2025-01,LH,공공임대,대구,0
2025-01,LH,공공임대,광주,0
2025-01,LH,공공임대,대전,0
2025-01,LH,공공임대,울산,0
2025-01,LH,공공임대,세종,0
2025-01,LH,공공임대,강원,0
2025-01,LH,공공임대,충북,0
2025-01,LH,공공임대,충남,0
2025-01,LH,공공임대,전북,288
2025-01,LH,공공임대,전남,0
2025-01,LH,공공임대,경북,0
2025-01,LH,공공임대,경남,0
2025-01,LH,공공임대,제주,0
2025-01,LH,공공분양,전국,1,094
2025-01,LH,공공분양,서울,0
2025-01,LH,공공분양,인천,0
2025-01,LH,공공분양,경기,0
2025-01,LH,공공분양,부산,0
2025-01,LH,공공분양,대구,0
2025-01,LH,공공분양,광주,0
2025-01,LH,공공분양,대전,0
2025-01,LH,공공분양,울산,0
2025-01,LH,공공분양,세종,0
2025-01,LH,공공분양,강원,0
2025-01,LH,공공분양,충북,0
2025-01,LH,공공분양,충남,0
2025-01,LH,공공분양,전북,1,094
2025-01,LH,공공분양,전남,0
2025-01,LH,공공분양,경북,0
2025-01,LH,공공분양,경남,0
2025-01,LH,공공분양,제주,0
2025-01,주택업체,소계,전국,615
2025-01,주택업체,소계,서울,615
2025-01,주택업체,소계,인천,0
2025-01,주택업체,소계,경기,0
2025-01,주택업체,소계,부산,0
2025-01,주택업체,소계,대구,0
2025-01,주택업체,소계,광주,0
2025-01,주택업체,소계,대전,0
2025-01,주택업체,소계,울산,0
2025-01,주택업체,소계,세종,0
2025-01,주택업체,소계,강원,0
2025-01,주택업체,소계,충북,0
2025-01,주택업체,소계,충남,0
2025-01,주택업체,소계,전북,0
2025-01,주택업체,소계,전남,0
2025-01,주택업체,소계,경북,0
2025-01,주택업체,소계,경남,0
2025-01,주택업체,소계,제주,0
2025-01,주택업체,국민임대,전국,0
2025-01,주택업체,국민임대,서울,0
2025-01,주택업체,국민임대,인천,0
2025-01,주택업체,국민임대,경기,0
2025-01,주택업체,국민임대,부산,0
2025-01,주택업체,국민임대,대구,0
2025-01,주택업체,국민임대,광주,0
2025-01,주택업체,국민임대,대전,0
2025-01,주택업체,국민임대,울산,0
2025-01,주택업체,국민임대,세종,0
2025-01,주택업체,국민임대,강원,0
2025-01,주택업체,국민임대,충북,0
2025-01,주택업체,국민임대,충남,0
2025-01,주택업체,국민임대,전북,0
2025-01,주택업체,국민임대,전남,0
2025-01,주택업체,국민임대,경북,0
2025-01,주택업체,국민임대,경남,0
2025-01,주택업체,국민임대,제주,0
2025-01,주택업체,공공임대,전국,615
2025-01,주택업체,공공임대,서울,615
2025-01,주택업체,공공임대,인천,0
2025-01,주택업체,공공임대,경기,0
2025-01,주택업체,공공임대,부산,0
2025-01,주택업체,공공임대,대구,0
2025-01,주택업체,공공임대,광주,0
2025-01,주택업체,공공임대,대전,0
2025-01,주택업체,공공임대,울산,0
2025-01,주택업체,공공임대,세종,0
2025-01,주택업체,공공임대,강원,0
2025-01,주택업체,공공임대,충북,0
2025-01,주택업체,공공임대,충남,0
2025-01,주택업체,공공임대,전북,0
2025-01,주택업체,공공임대,전남,0
2025-01,주택업체,공공임대,경북,0
2025-01,주택업체,공공임대,경남,0
2025-01,주택업체,공공임대,제주,0
2025-01,주택업체,공공분양,전국,0
2025-01,주택업체,공공분양,서울,0
2025-01,주택업체,공공분양,인천,0
2025-01,주택업체,공공분양,경기,0
2025-01,주택업체,공공분양,부산,0
2025-01,주택업체,공공분양,대구,0
2025-01,주택업체,공공분양,광주,0
2025-01,주택업체,공공분양,대전,0
2025-01,주택업체,공공분양,울산,0
2025-01,주택업체,공공분양,세종,0
2025-01,주택업체,공공분양,강원,0
2025-01,주택업체,공공분양,충북,0
2025-01,주택업체,공공분양,충남,0
2025-01,주택업체,공공분양,전북,0
2025-01,주택업체,공공분양,전남,0
2025-01,주택업체,공공분양,경북,0
2025-01,주택업체,공공분양,경남,0
2025-01,주택업체,공공분양,제주,0
2025-01,민간부문,소계,전국,34,970
2025-01,민간부문,소계,서울,4,147
2025-01,민간부문,소계,인천,1,555
2025-01,민간부문,소계,경기,5,851
2025-01,민간부문,소계,부산,4,090
2025-01,민간부문,소계,대구,4,303
2025-01,민간부문,소계,광주,2,747
2025-01,민간부문,소계,대전,11
2025-01,민간부문,소계,울산,20
2025-01,민간부문,소계,세종,14
2025-01,민간부문,소계,강원,2,153
2025-01,민간부문,소계,충북,1,664
2025-01,민간부문,소계,충남,2,377
2025-01,민간부문,소계,전북,120
2025-01,민간부문,소계,전남,1,857
2025-01,민간부문,소계,경북,194
2025-01,민간부문,소계,경남,3,678
2025-01,민간부문,소계,제주,189
2025-01,민간,민간임대,전국,1,656
2025-01,민간,민간임대,서울,31
2025-01,민간,민간임대,인천,0
2025-01,민간,민간임대,경기,0
2025-01,민간,민간임대,부산,0
2025-01,민간,민간임대,대구,0
2025-01,민간,민간임대,광주,218
2025-01,민간,민간임대,대전,0
2025-01,민간,민간임대,울산,0
2025-01,민간,민간임대,세종,0
2025-01,민간,민간임대,강원,604
2025-01,민간,민간임대,충북,0
2025-01,민간,민간임대,충남,0
2025-01,민간,민간임대,전북,0
2025-01,민간,민간임대,전남,0
2025-01,민간,민간임대,경북,0
2025-01,민간,민간임대,경남,803
2025-01,민간,민간임대,제주,0
2025-01,민간,민간분양,전국,33,314
2025-01,민간,민간분양,서울,4,116
2025-01,민간,민간분양,인천,1,555
2025-01,민간,민간분양,경기,5,851
2025-01,민간,민간분양,부산,4,090
2025-01,민간,민간분양,대구,4,303
2025-01,민간,민간분양,광주,2,529
2025-01,민간,민간분양,대전,11
2025-01,민간,민간분양,울산,20
2025-01,민간,민간분양,세종,14
2025-01,민간,민간분양,강원,1,549
2025-01,민간,민간분양,충북,1,664
2025-01,민간,민간분양,충남,2,377
2025-01,민간,민간분양,전북,120
2025-01,민간,민간분양,전남,1,857
2025-01,민간,민간분양,경북,194
2025-01,민간,민간분양,경남,2,875
2025-01,민간,민간분양,제주,189
2025-02,총계,총계,전국,36,184
2025-02,총계,총계,서울,2,284
2025-02,총계,총계,인천,101
2025-02,총계,총계,경기,8,260
2025-02,총계,총계,부산,2,683
2025-02,총계,총계,대구,537
2025-02,총계,총계,광주,758
2025-02,총계,총계,대전,5,145
2025-02,총계,총계,울산,602
2025-02,총계,총계,세종,6
2025-02,총계,총계,강원,1,089
2025-02,총계,총계,충북,699
2025-02,총계,총계,충남,2,868
2025-02,총계,총계,전북,1,785
2025-02,총계,총계,전남,2,015
2025-02,총계,총계,경북,2,145
2025-02,총계,총계,경남,4,866
2025-02,총계,총계,제주,341
2025-02,공공부문,소계,전국,671
2025-02,공공부문,소계,서울,315
2025-02,공공부문,소계,인천,0
2025-02,공공부문,소계,경기,320
2025-02,공공부문,소계,부산,0
2025-02,공공부문,소계,대구,0
2025-02,공공부문,소계,광주,0
2025-02,공공부문,소계,대전,36
2025-02,공공부문,소계,울산,0
2025-02,공공부문,소계,세종,0
2025-02,공공부문,소계,강원,0
2025-02,공공부문,소계,충북,0
2025-02,공공부문,소계,충남,0
2025-02,공공부문,소계,전북,0
2025-02,공공부문,소계,전남,0
2025-02,공공부문,소계,경북,0
2025-02,공공부문,소계,경남,0
2025-02,공공부문,소계,제주,0
2025-02,합,국민임대,전국,0
2025-02,합,국민임대,서울,0
2025-02,합,국민임대,인천,0
2025-02,합,국민임대,경기,0
2025-02,합,국민임대,부산,0
2025-02,합,국민임대,대구,0
2025-02,합,국민임대,광주,0
2025-02,합,국민임대,대전,0
2025-02,합,국민임대,울산,0
2025-02,합,국민임대,세종,0
2025-02,합,국민임대,강원,0
2025-02,합,국민임대,충북,0
2025-02,합,국민임대,충남,0
2025-02,합,국민임대,전북,0
2025-02,합,국민임대,전남,0
2025-02,합,국민임대,경북,0
2025-02,합,국민임대,경남,0
2025-02,합,국민임대,제주,0
2025-02,합,공공임대,전국,671
2025-02,합,공공임대,서울,315
2025-02,합,공공임대,인천,0
2025-02,합,공공임대,경기,320
2025-02,합,공공임대,부산,0
2025-02,합,공공임대,대구,0
2025-02,합,공공임대,광주,0
2025-02,합,공공임대,대전,36
2025-02,합,공공임대,울산,0
2025-02,합,공공임대,세종,0
2025-02,합,공공임대,강원,0
2025-02,합,공공임대,충북,0
2025-02,합,공공임대,충남,0
2025-02,합,공공임대,전북,0
2025-02,합,공공임대,전남,0
2025-02,합,공공임대,경북,0
2025-02,합,공공임대,경남,0
2025-02,합,공공임대,제주,0
2025-02,합,공공분양,전국,0
2025-02,합,공공분양,서울,0
2025-02,합,공공분양,인천,0
2025-02,합,공공분양,경기,0
2025-02,합,공공분양,부산,0
2025-02,합,공공분양,대구,0
2025-02,합,공공분양,광주,0
2025-02,합,공공분양,대전,0
2025-02,합,공공분양,울산,0
2025-02,합,공공분양,세종,0
2025-02,합,공공분양,강원,0
2025-02,합,공공분양,충북,0
2025-02,합,공공분양,충남,0
2025-02,합,공공분양,전북,0
2025-02,합,공공분양,전남,0
2025-02,합,공공분양,경북,0
2025-02,합,공공분양,경남,0
2025-02,합,공공분양,제주,0
2025-02,지자체,소계,전국,635
2025-02,지자체,소계,서울,315
2025-02,지자체,소계,인천,0
2025-02,지자체,소계,경기,320
2025-02,지자체,소계,부산,0
2025-02,지자체,소계,대구,0
2025-02,지자체,소계,광주,0
2025-02,지자체,소계,대전,0
2025-02,지자체,소계,울산,0
2025-02,지자체,소계,세종,0
2025-02,지자체,소계,강원,0
2025-02,지자체,소계,충북,0
2025-02,지자체,소계,충남,0
2025-02,지자체,소계,전북,0
2025-02,지자체,소계,전남,0
2025-02,지자체,소계,경북,0
2025-02,지자체,소계,경남,0
2025-02,지자체,소계,제주,0
2025-02,지자체,국민임대,전국,0
2025-02,지자체,국민임대,서울,0
2025-02,지자체,국민임대,인천,0
2025-02,지자체,국민임대,경기,0
2025-02,지자체,국민임대,부산,0
2025-02,지자체,국민임대,대구,0
2025-02,지자체,국민임대,광주,0
2025-02,지자체,국민임대,대전,0
2025-02,지자체,국민임대,울산,0
2025-02,지자체,국민임대,세종,0
2025-02,지자체,국민임대,강원,0
2025-02,지자체,국민임대,충북,0
2025-02,지자체,국민임대,충남,0
2025-02,지자체,국민임대,전북,0
2025-02,지자체,국민임대,전남,0
2025-02,지자체,국민임대,경북,0
2025-02,지자체,국민임대,경남,0
2025-02,지자체,국민임대,제주,0
2025-02,지자체,공공임대,전국,635
2025-02,지자체,공공임대,서울,315
2025-02,지자체,공공임대,인천,0
2025-02,지자체,공공임대,경기,320
2025-02,지자체,공공임대,부산,0
2025-02,지자체,공공임대,대구,0
2025-02,지자체,공공임대,광주,0
2025-02,지자체,공공임대,대전,0
2025-02,지자체,공공임대,울산,0
2025-02,지자체,공공임대,세종,0
2025-02,지자체,공공임대,강원,0
2025-02,지자체,공공임대,충북,0
2025-02,지자체,공공임대,충남,0
2025-02,지자체,공공임대,전북,0
2025-02,지자체,공공임대,전남,0
2025-02,지자체,공공임대,경북,0
2025-02,지자체,공공임대,경남,0
2025-02,지자체,공공임대,제주,0
2025-02,지자체,공공분양,전국,0
2025-02,지자체,공공분양,서울,0
2025-02,지자체,공공분양,인천,0
2025-02,지자체,공공분양,경기,0
2025-02,지자체,공공분양,부산,0
2025-02,지자체,공공분양,대구,0
2025-02,지자체,공공분양,광주,0
2025-02,지자체,공공분양,대전,0
2025-02,지자체,공공분양,울산,0
2025-02,지자체,공공분양,세종,0
2025-02,지자체,공공분양,강원,0
2025-02,지자체,공공분양,충북,0
2025-02,지자체,공공분양,충남,0
2025-02,지자체,공공분양,전북,0
2025-02,지자체,공공분양,전남,0
2025-02,지자체,공공분양,경북,0
2025-02,지자체,공공분양,경남,0
2025-02,지자체,공공분양,제주,0
2025-02,LH,소계,전국,0
2025-02,LH,소계,서울,0
2025-02,LH,소계,인천,0
2025-02,LH,소계,경기,0
2025-02,LH,소계,부산,0
2025-02,LH,소계,대구,0
2025-02,LH,소계,광주,0
2025-02,LH,소계,대전,0
2025-02,LH,소계,울산,0
2025-02,LH,소계,세종,0
2025-02,LH,소계,강원,0
2025-02,LH,소계,충북,0
2025-02,LH,소계,충남,0
2025-02,LH,소계,전북,0
2025-02,LH,소계,전남,0
2025-02,LH,소계,경북,0
2025-02,LH,소계,경남,0
2025-02,LH,소계,제주,0
2025-02,LH,국민임대,전국,0
2025-02,LH,국민임대,서울,0
2025-02,LH,국민임대,인천,0
2025-02,LH,국민임대,경기,0
2025-02,LH,국민임대,부산,0
2025-02,LH,국민임대,대구,0
2025-02,LH,국민임대,광주,0
2025-02,LH,국민임대,대전,0
2025-02,LH,국민임대,울산,0
2025-02,LH,국민임대,세종,0
2025-02,LH,국민임대,강원,0
2025-02,LH,국민임대,충북,0
2025-02,LH,국민임대,충남,0
2025-02,LH,국민임대,전북,0
2025-02,LH,국민임대,전남,0
2025-02,LH,국민임대,경북,0
2025-02,LH,국민임대,경남,0
2025-02,LH,국민임대,제주,0
2025-02,LH,공공임대,전국,0
2025-02,LH,공공임대,서울,0
2025-02,LH,공공임대,인천,0
2025-02,LH,공공임대,경기,0
2025-02,LH,공공임대,부산,0
2025-02,LH,공공임대,대구,0
2025-02,LH,공공임대,광주,0
2025-02,LH,공공임대,대전,0
2025-02,LH,공공임대,울산,0
2025-02,LH,공공임대,세종,0
2025-02,LH,공공임대,강원,0
2025-02,LH,공공임대,충북,0
2025-02,LH,공공임대,충남,0
2025-02,LH,공공임대,전북,0
2025-02,LH,공공임대,전남,0
2025-02,LH,공공임대,경북,0
2025-02,LH,공공임대,경남,0
2025-02,LH,공공임대,제주,0
2025-02,LH,공공분양,전국,0
2025-02,LH,공공분양,서울,0
2025-02,LH,공공분양,인천,0
2025-02,LH,공공분양,경기,0
2025-02,LH,공공분양,부산,0
2025-02,LH,공공분양,대구,0
2025-02,LH,공공분양,광주,0
2025-02,LH,공공분양,대전,0
2025-02,LH,공공분양,울산,0
2025-02,LH,공공분양,세종,0
2025-02,LH,공공분양,강원,0
2025-02,LH,공공분양,충북,0
2025-02,LH,공공분양,충남,0
2025-02,LH,공공분양,전북,0
2025-02,LH,공공분양,전남,0
2025-02,LH,공공분양,경북,0
2025-02,LH,공공분양,경남,0
2025-02,LH,공공분양,제주,0
2025-02,주택업체,소계,전국,36
2025-02,주택업체,소계,서울,0
2025-02,주택업체,소계,인천,0
2025-02,주택업체,소계,경기,0
2025-02,주택업체,소계,부산,0
2025-02,주택업체,소계,대구,0
2025-02,주택업체,소계,광주,0
2025-02,주택업체,소계,대전,36
2025-02,주택업체,소계,울산,0
2025-02,주택업체,소계,세종,0
2025-02,주택업체,소계,강원,0
2025-02,주택업체,소계,충북,0
2025-02,주택업체,소계,충남,0
2025-02,주택업체,소계,전북,0
2025-02,주택업체,소계,전남,0
2025-02,주택업체,소계,경북,0
2025-02,주택업체,소계,경남,0
2025-02,주택업체,소계,제주,0
2025-02,주택업체,국민임대,전국,0
2025-02,주택업체,국민임대,서울,0
2025-02,주택업체,국민임대,인천,0
2025-02,주택업체,국민임대,경기,0
2025-02,주택업체,국민임대,부산,0
2025-02,주택업체,국민임대,대구,0
2025-02,주택업체,국민임대,광주,0
2025-02,주택업체,국민임대,대전,0
2025-02,주택업체,국민임대,울산,0
2025-02,주택업체,국민임대,세종,0
2025-02,주택업체,국민임대,강원,0
2025-02,주택업체,국민임대,충북,0
2025-02,주택업체,국민임대,충남,0
2025-02,주택업체,국민임대,전북,0
2025-02,주택업체,국민임대,전남,0
2025-02,주택업체,국민임대,경북,0
2025-02,주택업체,국민임대,경남,0
2025-02,주택업체,국민임대,제주,0
2025-02,주택업체,공공임대,전국,36
2025-02,주택업체,공공임대,서울,0
2025-02,주택업체,공공임대,인천,0
2025-02,주택업체,공공임대,경기,0
2025-02,주택업체,공공임대,부산,0
2025-02,주택업체,공공임대,대구,0
2025-02,주택업체,공공임대,광주,0
2025-02,주택업체,공공임대,대전,36
2025-02,주택업체,공공임대,울산,0
2025-02,주택업체,공공임대,세종,0
2025-02,주택업체,공공임대,강원,0
2025-02,주택업체,공공임대,충북,0
2025-02,주택업체,공공임대,충남,0
2025-02,주택업체,공공임대,전북,0
2025-02,주택업체,공공임대,전남,0
2025-02,주택업체,공공임대,경북,0
2025-02,주택업체,공공임대,경남,0
2025-02,주택업체,공공임대,제주,0
2025-02,주택업체,공공분양,전국,0
2025-02,주택업체,공공분양,서울,0
2025-02,주택업체,공공분양,인천,0
2025-02,주택업체,공공분양,경기,0
2025-02,주택업체,공공분양,부산,0
2025-02,주택업체,공공분양,대구,0
2025-02,주택업체,공공분양,광주,0
2025-02,주택업체,공공분양,대전,0
2025-02,주택업체,공공분양,울산,0
2025-02,주택업체,공공분양,세종,0
2025-02,주택업체,공공분양,강원,0
2025-02,주택업체,공공분양,충북,0
2025-02,주택업체,공공분양,충남,0
2025-02,주택업체,공공분양,전북,0
2025-02,주택업체,공공분양,전남,0
2025-02,주택업체,공공분양,경북,0
2025-02,주택업체,공공분양,경남,0
2025-02,주택업체,공공분양,제주,0
2025-02,민간부문,소계,전국,35,513
2025-02,민간부문,소계,서울,1,969
2025-02,민간부문,소계,인천,101
2025-02,민간부문,소계,경기,7,940
2025-02,민간부문,소계,부산,2,683
2025-02,민간부문,소계,대구,537
2025-02,민간부문,소계,광주,758
2025-02,민간부문,소계,대전,5,109
2025-02,민간부문,소계,울산,602
2025-02,민간부문,소계,세종,6
2025-02,민간부문,소계,강원,1,089
2025-02,민간부문,소계,충북,699
2025-02,민간부문,소계,충남,2,868
2025-02,민간부문,소계,전북,1,785
2025-02,민간부문,소계,전남,2,015
2025-02,민간부문,소계,경북,2,145
2025-02,민간부문,소계,경남,4,866
2025-02,민간부문,소계,제주,341
2025-02,민간,민간임대,전국,3,406
2025-02,민간,민간임대,서울,810
2025-02,민간,민간임대,인천,0
2025-02,민간,민간임대,경기,921
2025-02,민간,민간임대,부산,0
2025-02,민간,민간임대,대구,0
2025-02,민간,민간임대,광주,0
2025-02,민간,민간임대,대전,59
2025-02,민간,민간임대,울산,0
2025-02,민간,민간임대,세종,0
2025-02,민간,민간임대,강원,0
2025-02,민간,민간임대,충북,0
2025-02,민간,민간임대,충남,0
2025-02,민간,민간임대,전북,0
2025-02,민간,민간임대,전남,1,057
2025-02,민간,민간임대,경북,495
2025-02,민간,민간임대,경남,0
2025-02,민간,민간임대,제주,64
2025-02,민간,민간분양,전국,32,107
2025-02,민간,민간분양,서울,1,159
2025-02,민간,민간분양,인천,101
2025-02,민간,민간분양,경기,7,019
2025-02,민간,민간분양,부산,2,683
2025-02,민간,민간분양,대구,537
2025-02,민간,민간분양,광주,758
2025-02,민간,민간분양,대전,5,050
2025-02,민간,민간분양,울산,602
2025-02,민간,민간분양,세종,6
2025-02,민간,민간분양,강원,1,089
2025-02,민간,민간분양,충북,699
2025-02,민간,민간분양,충남,2,868
2025-02,민간,민간분양,전북,1,785
2025-02,민간,민간분양,전남,958
2025-02,민간,민간분양,경북,1,650
2025-02,민간,민간분양,경남,4,866
2025-02,민간,민간분양,제주,277
2025-03,총계,총계,전국,26,124
2025-03,총계,총계,서울,3,469
2025-03,총계,총계,인천,3,801
2025-03,총계,총계,경기,10,336
2025-03,총계,총계,부산,1,782
2025-03,총계,총계,대구,884
2025-03,총계,총계,광주,1,722
2025-03,총계,총계,대전,52
2025-03,총계,총계,울산,33
2025-03,총계,총계,세종,155
2025-03,총계,총계,강원,120
2025-03,총계,총계,충북,101
2025-03,총계,총계,충남,989
2025-03,총계,총계,전북,331
2025-03,총계,총계,전남,166
2025-03,총계,총계,경북,1,293
2025-03,총계,총계,경남,790
2025-03,총계,총계,제주,100
2025-03,공공부문,소계,전국,3,675
2025-03,공공부문,소계,서울,1,042
2025-03,공공부문,소계,인천,130
2025-03,공공부문,소계,경기,2,302
2025-03,공공부문,소계,부산,0
2025-03,공공부문,소계,대구,50
2025-03,공공부문,소계,광주,0
2025-03,공공부문,소계,대전,0
2025-03,공공부문,소계,울산,0
2025-03,공공부문,소계,세종,151
2025-03,공공부문,소계,강원,0
2025-03,공공부문,소계,충북,0
2025-03,공공부문,소계,충남,0
2025-03,공공부문,소계,전북,0
2025-03,공공부문,소계,전남,0
2025-03,공공부문,소계,경북,0
2025-03,공공부문,소계,경남,0
2025-03,공공부문,소계,제주,0
2025-03,합,국민임대,전국,60
2025-03,합,국민임대,서울,0
2025-03,합,국민임대,인천,60
2025-03,합,국민임대,경기,0
2025-03,합,국민임대,부산,0
2025-03,합,국민임대,대구,0
2025-03,합,국민임대,광주,0
2025-03,합,국민임대,대전,0
2025-03,합,국민임대,울산,0
2025-03,합,국민임대,세종,0
2025-03,합,국민임대,강원,0
2025-03,합,국민임대,충북,0
2025-03,합,국민임대,충남,0
2025-03,합,국민임대,전북,0
2025-03,합,국민임대,전남,0
2025-03,합,국민임대,경북,0
2025-03,합,국민임대,경남,0
2025-03,합,국민임대,제주,0
2025-03,합,공공임대,전국,2,688
2025-03,합,공공임대,서울,774
2025-03,합,공공임대,인천,70
2025-03,합,공공임대,경기,1,643
2025-03,합,공공임대,부산,0
2025-03,합,공공임대,대구,50
2025-03,합,공공임대,광주,0
2025-03,합,공공임대,대전,0
2025-03,합,공공임대,울산,0
2025-03,합,공공임대,세종,151
2025-03,합,공공임대,강원,0
2025-03,합,공공임대,충북,0
2025-03,합,공공임대,충남,0
2025-03,합,공공임대,전북,0
2025-03,합,공공임대,전남,0
2025-03,합,공공임대,경북,0
2025-03,합,공공임대,경남,0
2025-03,합,공공임대,제주,0
2025-03,합,공공분양,전국,927
2025-03,합,공공분양,서울,268
2025-03,합,공공분양,인천,0
2025-03,합,공공분양,경기,659
2025-03,합,공공분양,부산,0
2025-03,합,공공분양,대구,0
2025-03,합,공공분양,광주,0
2025-03,합,공공분양,대전,0
2025-03,합,공공분양,울산,0
2025-03,합,공공분양,세종,0
2025-03,합,공공분양,강원,0
2025-03,합,공공분양,충북,0
2025-03,합,공공분양,충남,0
2025-03,합,공공분양,전북,0
2025-03,합,공공분양,전남,0
2025-03,합,공공분양,경북,0
2025-03,합,공공분양,경남,0
2025-03,합,공공분양,제주,0
2025-03,지자체,소계,전국,0
2025-03,지자체,소계,서울,0
2025-03,지자체,소계,인천,0
2025-03,지자체,소계,경기,0
2025-03,지자체,소계,부산,0
2025-03,지자체,소계,대구,0
2025-03,지자체,소계,광주,0
2025-03,지자체,소계,대전,0
2025-03,지자체,소계,울산,0
2025-03,지자체,소계,세종,0
2025-03,지자체,소계,강원,0
2025-03,지자체,소계,충북,0
2025-03,지자체,소계,충남,0
2025-03,지자체,소계,전북,0
2025-03,지자체,소계,전남,0
2025-03,지자체,소계,경북,0
2025-03,지자체,소계,경남,0
2025-03,지자체,소계,제주,0
2025-03,지자체,국민임대,전국,0
2025-03,지자체,국민임대,서울,0
2025-03,지자체,국민임대,인천,0
2025-03,지자체,국민임대,경기,0
2025-03,지자체,국민임대,부산,0
2025-03,지자체,국민임대,대구,0
2025-03,지자체,국민임대,광주,0
2025-03,지자체,국민임대,대전,0
2025-03,지자체,국민임대,울산,0
2025-03,지자체,국민임대,세종,0
2025-03,지자체,국민임대,강원,0
2025-03,지자체,국민임대,충북,0
2025-03,지자체,국민임대,충남,0
2025-03,지자체,국민임대,전북,0
2025-03,지자체,국민임대,전남,0
2025-03,지자체,국민임대,경북,0
2025-03,지자체,국민임대,경남,0
2025-03,지자체,국민임대,제주,0
2025-03,지자체,공공임대,전국,0
2025-03,지자체,공공임대,서울,0
2025-03,지자체,공공임대,인천,0
2025-03,지자체,공공임대,경기,0
2025-03,지자체,공공임대,부산,0
2025-03,지자체,공공임대,대구,0
2025-03,지자체,공공임대,광주,0
2025-03,지자체,공공임대,대전,0
2025-03,지자체,공공임대,울산,0
2025-03,지자체,공공임대,세종,0
2025-03,지자체,공공임대,강원,0
2025-03,지자체,공공임대,충북,0
2025-03,지자체,공공임대,충남,0
2025-03,지자체,공공임대,전북,0
2025-03,지자체,공공임대,전남,0
2025-03,지자체,공공임대,경북,0
2025-03,지자체,공공임대,경남,0
2025-03,지자체,공공임대,제주,0
2025-03,지자체,공공분양,전국,0
2025-03,지자체,공공분양,서울,0
2025-03,지자체,공공분양,인천,0
2025-03,지자체,공공분양,경기,0
2025-03,지자체,공공분양,부산,0
2025-03,지자체,공공분양,대구,0
2025-03,지자체,공공분양,광주,0
2025-03,지자체,공공분양,대전,0
2025-03,지자체,공공분양,울산,0
2025-03,지자체,공공분양,세종,0
2025-03,지자체,공공분양,강원,0
2025-03,지자체,공공분양,충북,0
2025-03,지자체,공공분양,충남,0
2025-03,지자체,공공분양,전북,0
2025-03,지자체,공공분양,전남,0
2025-03,지자체,공공분양,경북,0
2025-03,지자체,공공분양,경남,0
2025-03,지자체,공공분양,제주,0
2025-03,LH,소계,전국,2,561
2025-03,LH,소계,서울,0
2025-03,LH,소계,인천,130
2025-03,LH,소계,경기,2,230
2025-03,LH,소계,부산,0
2025-03,LH,소계,대구,50
2025-03,LH,소계,광주,0
2025-03,LH,소계,대전,0
2025-03,LH,소계,울산,0
2025-03,LH,소계,세종,151
2025-03,LH,소계,강원,0
2025-03,LH,소계,충북,0
2025-03,LH,소계,충남,0
2025-03,LH,소계,전북,0
2025-03,LH,소계,전남,0
2025-03,LH,소계,경북,0
2025-03,LH,소계,경남,0
2025-03,LH,소계,제주,0
2025-03,LH,국민임대,전국,60
2025-03,LH,국민임대,서울,0
2025-03,LH,국민임대,인천,60
2025-03,LH,국민임대,경기,0
2025-03,LH,국민임대,부산,0
2025-03,LH,국민임대,대구,0
2025-03,LH,국민임대,광주,0
2025-03,LH,국민임대,대전,0
2025-03,LH,국민임대,울산,0
2025-03,LH,국민임대,세종,0
2025-03,LH,국민임대,강원,0
2025-03,LH,국민임대,충북,0
2025-03,LH,국민임대,충남,0
2025-03,LH,국민임대,전북,0
2025-03,LH,국민임대,전남,0
2025-03,LH,국민임대,경북,0
2025-03,LH,국민임대,경남,0
2025-03,LH,국민임대,제주,0
2025-03,LH,공공임대,전국,1,842
2025-03,LH,공공임대,서울,0
2025-03,LH,공공임대,인천,70
2025-03,LH,공공임대,경기,1,571
2025-03,LH,공공임대,부산,0
2025-03,LH,공공임대,대구,50
2025-03,LH,공공임대,광주,0
2025-03,LH,공공임대,대전,0
2025-03,LH,공공임대,울산,0
2025-03,LH,공공임대,세종,151
2025-03,LH,공공임대,강원,0
2025-03,LH,공공임대,충북,0
2025-03,LH,공공임대,충남,0
2025-03,LH,공공임대,전북,0
2025-03,LH,공공임대,전남,0
2025-03,LH,공공임대,경북,0
2025-03,LH,공공임대,경남,0
2025-03,LH,공공임대,제주,0
2025-03,LH,공공분양,전국,659
2025-03,LH,공공분양,서울,0
2025-03,LH,공공분양,인천,0
2025-03,LH,공공분양,경기,659
2025-03,LH,공공분양,부산,0
2025-03,LH,공공분양,대구,0
2025-03,LH,공공분양,광주,0
2025-03,LH,공공분양,대전,0
2025-03,LH,공공분양,울산,0
2025-03,LH,공공분양,세종,0
2025-03,LH,공공분양,강원,0
2025-03,LH,공공분양,충북,0
2025-03,LH,공공분양,충남,0
2025-03,LH,공공분양,전북,0
2025-03,LH,공공분양,전남,0
2025-03,LH,공공분양,경북,0
2025-03,LH,공공분양,경남,0
2025-03,LH,공공분양,제주,0
2025-03,주택업체,소계,전국,1,114
2025-03,주택업체,소계,서울,1,042
2025-03,주택업체,소계,인천,0
2025-03,주택업체,소계,경기,72
2025-03,주택업체,소계,부산,0
2025-03,주택업체,소계,대구,0
2025-03,주택업체,소계,광주,0
2025-03,주택업체,소계,대전,0
2025-03,주택업체,소계,울산,0
2025-03,주택업체,소계,세종,0
2025-03,주택업체,소계,강원,0
2025-03,주택업체,소계,충북,0
2025-03,주택업체,소계,충남,0
2025-03,주택업체,소계,전북,0
2025-03,주택업체,소계,전남,0
2025-03,주택업체,소계,경북,0
2025-03,주택업체,소계,경남,0
2025-03,주택업체,소계,제주,0
2025-03,주택업체,국민임대,전국,0
2025-03,주택업체,국민임대,서울,0
2025-03,주택업체,국민임대,인천,0
2025-03,주택업체,국민임대,경기,0
2025-03,주택업체,국민임대,부산,0
2025-03,주택업체,국민임대,대구,0
2025-03,주택업체,국민임대,광주,0
2025-03,주택업체,국민임대,대전,0
2025-03,주택업체,국민임대,울산,0
2025-03,주택업체,국민임대,세종,0
2025-03,주택업체,국민임대,강원,0
2025-03,주택업체,국민임대,충북,0
2025-03,주택업체,국민임대,충남,0
2025-03,주택업체,국민임대,전북,0
2025-03,주택업체,국민임대,전남,0
2025-03,주택업체,국민임대,경북,0
2025-03,주택업체,국민임대,경남,0
2025-03,주택업체,국민임대,제주,0
2025-03,주택업체,공공임대,전국,846
2025-03,주택업체,공공임대,서울,774
2025-03,주택업체,공공임대,인천,0
2025-03,주택업체,공공임대,경기,72
2025-03,주택업체,공공임대,부산,0
2025-03,주택업체,공공임대,대구,0
2025-03,주택업체,공공임대,광주,0
2025-03,주택업체,공공임대,대전,0
2025-03,주택업체,공공임대,울산,0
2025-03,주택업체,공공임대,세종,0
2025-03,주택업체,공공임대,강원,0
2025-03,주택업체,공공임대,충북,0
2025-03,주택업체,공공임대,충남,0
2025-03,주택업체,공공임대,전북,0
2025-03,주택업체,공공임대,전남,0
2025-03,주택업체,공공임대,경북,0
2025-03,주택업체,공공임대,경남,0
2025-03,주택업체,공공임대,제주,0
2025-03,주택업체,공공분양,전국,268
2025-03,주택업체,공공분양,서울,268
2025-03,주택업체,공공분양,인천,0
2025-03,주택업체,공공분양,경기,0
2025-03,주택업체,공공분양,부산,0
2025-03,주택업체,공공분양,대구,0
2025-03,주택업체,공공분양,광주,0
2025-03,주택업체,공공분양,대전,0
2025-03,주택업체,공공분양,울산,0
2025-03,주택업체,공공분양,세종,0
2025-03,주택업체,공공분양,강원,0
2025-03,주택업체,공공분양,충북,0
2025-03,주택업체,공공분양,충남,0
2025-03,주택업체,공공분양,전북,0
2025-03,주택업체,공공분양,전남,0
2025-03,주택업체,공공분양,경북,0
2025-03,주택업체,공공분양,경남,0
2025-03,주택업체,공공분양,제주,0
2025-03,민간부문,소계,전국,22,449
2025-03,민간부문,소계,서울,2,427
2025-03,민간부문,소계,인천,3,671
2025-03,민간부문,소계,경기,8,034
2025-03,민간부문,소계,부산,1,782
2025-03,민간부문,소계,대구,834
2025-03,민간부문,소계,광주,1,722
2025-03,민간부문,소계,대전,52
2025-03,민간부문,소계,울산,33
2025-03,민간부문,소계,세종,4
2025-03,민간부문,소계,강원,120
2025-03,민간부문,소계,충북,101
2025-03,민간부문,소계,충남,989
2025-03,민간부문,소계,전북,331
2025-03,민간부문,소계,전남,166
2025-03,민간부문,소계,경북,1,293
2025-03,민간부문,소계,경남,790
2025-03,민간부문,소계,제주,100
2025-03,민간,민간임대,전국,1,305
2025-03,민간,민간임대,서울,605
2025-03,민간,민간임대,인천,0
2025-03,민간,민간임대,경기,79
2025-03,민간,민간임대,부산,0
2025-03,민간,민간임대,대구,0
2025-03,민간,민간임대,광주,0
2025-03,민간,민간임대,대전,0
2025-03,민간,민간임대,울산,0
2025-03,민간,민간임대,세종,0
2025-03,민간,민간임대,강원,0
2025-03,민간,민간임대,충북,0
2025-03,민간,민간임대,충남,0
2025-03,민간,민간임대,전북,99
2025-03,민간,민간임대,전남,0
2025-03,민간,민간임대,경북,522
2025-03,민간,민간임대,경남,0
2025-03,민간,민간임대,제주,0
2025-03,민간,민간분양,전국,21,144
2025-03,민간,민간분양,서울,1,822
2025-03,민간,민간분양,인천,3,671
2025-03,민간,민간분양,경기,7,955
2025-03,민간,민간분양,부산,1,782
2025-03,민간,민간분양,대구,834
2025-03,민간,민간분양,광주,1,722
2025-03,민간,민간분양,대전,52
2025-03,민간,민간분양,울산,33
2025-03,민간,민간분양,세종,4
2025-03,민간,민간분양,강원,120
2025-03,민간,민간분양,충북,101
2025-03,민간,민간분양,충남,989
2025-03,민간,민간분양,전북,232
2025-03,민간,민간분양,전남,166
2025-03,민간,민간분양,경북,771
2025-03,민간,민간분양,경남,790
2025-03,민간,민간분양,제주,100
2025-04,총계,총계,전국,35,107
2025-04,총계,총계,서울,8,575
2025-04,총계,총계,인천,2,077
2025-04,총계,총계,경기,7,951
2025-04,총계,총계,부산,2,427
2025-04,총계,총계,대구,2,345
2025-04,총계,총계,광주,952
2025-04,총계,총계,대전,2,549
2025-04,총계,총계,울산,1,279
2025-04,총계,총계,세종,31
2025-04,총계,총계,강원,133
2025-04,총계,총계,충북,1,034
2025-04,총계,총계,충남,1,131
2025-04,총계,총계,전북,102
2025-04,총계,총계,전남,450
2025-04,총계,총계,경북,1,245
2025-04,총계,총계,경남,2,698
2025-04,총계,총계,제주,128
2025-04,공공부문,소계,전국,8,898
2025-04,공공부문,소계,서울,179
2025-04,공공부문,소계,인천,1,938
2025-04,공공부문,소계,경기,2,944
2025-04,공공부문,소계,부산,1,809
2025-04,공공부문,소계,대구,0
2025-04,공공부문,소계,광주,0
2025-04,공공부문,소계,대전,0
2025-04,공공부문,소계,울산,1,252
2025-04,공공부문,소계,세종,0
2025-04,공공부문,소계,강원,0
2025-04,공공부문,소계,충북,0
2025-04,공공부문,소계,충남,682
2025-04,공공부문,소계,전북,0
2025-04,공공부문,소계,전남,0
2025-04,공공부문,소계,경북,0
2025-04,공공부문,소계,경남,57
2025-04,공공부문,소계,제주,37
2025-04,합,국민임대,전국,593
2025-04,합,국민임대,서울,0
2025-04,합,국민임대,인천,593
2025-04,합,국민임대,경기,0
2025-04,합,국민임대,부산,0
2025-04,합,국민임대,대구,0
2025-04,합,국민임대,광주,0
2025-04,합,국민임대,대전,0
2025-04,합,국민임대,울산,0
2025-04,합,국민임대,세종,0
2025-04,합,국민임대,강원,0
2025-04,합,국민임대,충북,0
2025-04,합,국민임대,충남,0
2025-04,합,국민임대,전북,0
2025-04,합,국민임대,전남,0
2025-04,합,국민임대,경북,0
2025-04,합,국민임대,경남,0
2025-04,합,국민임대,제주,0
2025-04,합,공공임대,전국,3,967
2025-04,합,공공임대,서울,179
2025-04,합,공공임대,인천,1,345
2025-04,합,공공임대,경기,1,932
2025-04,합,공공임대,부산,0
2025-04,합,공공임대,대구,0
2025-04,합,공공임대,광주,0
2025-04,합,공공임대,대전,0
2025-04,합,공공임대,울산,417
2025-04,합,공공임대,세종,0
2025-04,합,공공임대,강원,0
2025-04,합,공공임대,충북,0
2025-04,합,공공임대,충남,0
2025-04,합,공공임대,전북,0
2025-04,합,공공임대,전남,0
2025-04,합,공공임대,경북,0
2025-04,합,공공임대,경남,57
2025-04,합,공공임대,제주,37
2025-04,합,공공분양,전국,4,338
2025-04,합,공공분양,서울,0
2025-04,합,공공분양,인천,0
2025-04,합,공공분양,경기,1,012
2025-04,합,공공분양,부산,1,809
2025-04,합,공공분양,대구,0
2025-04,합,공공분양,광주,0
2025-04,합,공공분양,대전,0
2025-04,합,공공분양,울산,835
2025-04,합,공공분양,세종,0
2025-04,합,공공분양,강원,0
2025-04,합,공공분양,충북,0
2025-04,합,공공분양,충남,682
2025-04,합,공공분양,전북,0
2025-04,합,공공분양,전남,0
2025-04,합,공공분양,경북,0
2025-04,합,공공분양,경남,0
2025-04,합,공공분양,제주,0
2025-04,지자체,소계,전국,1,854
2025-04,지자체,소계,서울,45
2025-04,지자체,소계,인천,0
2025-04,지자체,소계,경기,0
2025-04,지자체,소계,부산,1,809
2025-04,지자체,소계,대구,0
2025-04,지자체,소계,광주,0
2025-04,지자체,소계,대전,0
2025-04,지자체,소계,울산,0
2025-04,지자체,소계,세종,0
2025-04,지자체,소계,강원,0
2025-04,지자체,소계,충북,0
2025-04,지자체,소계,충남,0
2025-04,지자체,소계,전북,0
2025-04,지자체,소계,전남,0
2025-04,지자체,소계,경북,0
2025-04,지자체,소계,경남,0
2025-04,지자체,소계,제주,0
2025-04,지자체,국민임대,전국,0
2025-04,지자체,국민임대,서울,0
2025-04,지자체,국민임대,인천,0
2025-04,지자체,국민임대,경기,0
2025-04,지자체,국민임대,부산,0
2025-04,지자체,국민임대,대구,0
2025-04,지자체,국민임대,광주,0
2025-04,지자체,국민임대,대전,0
2025-04,지자체,국민임대,울산,0
2025-04,지자체,국민임대,세종,0
2025-04,지자체,국민임대,강원,0
2025-04,지자체,국민임대,충북,0
2025-04,지자체,국민임대,충남,0
2025-04,지자체,국민임대,전북,0
2025-04,지자체,국민임대,전남,0
2025-04,지자체,국민임대,경북,0
2025-04,지자체,국민임대,경남,0
2025-04,지자체,국민임대,제주,0
2025-04,지자체,공공임대,전국,45
2025-04,지자체,공공임대,서울,45
2025-04,지자체,공공임대,인천,0
2025-04,지자체,공공임대,경기,0
2025-04,지자체,공공임대,부산,0
2025-04,지자체,공공임대,대구,0
2025-04,지자체,공공임대,광주,0
2025-04,지자체,공공임대,대전,0
2025-04,지자체,공공임대,울산,0
2025-04,지자체,공공임대,세종,0
2025-04,지자체,공공임대,강원,0
2025-04,지자체,공공임대,충북,0
2025-04,지자체,공공임대,충남,0
2025-04,지자체,공공임대,전북,0
2025-04,지자체,공공임대,전남,0
2025-04,지자체,공공임대,경북,0
2025-04,지자체,공공임대,경남,0
2025-04,지자체,공공임대,제주,0
2025-04,지자체,공공분양,전국,1,809
2025-04,지자체,공공분양,서울,0
2025-04,지자체,공공분양,인천,0
2025-04,지자체,공공분양,경기,0
2025-04,지자체,공공분양,부산,1,809
2025-04,지자체,공공분양,대구,0
2025-04,지자체,공공분양,광주,0
2025-04,지자체,공공분양,대전,0
2025-04,지자체,공공분양,울산,0
2025-04,지자체,공공분양,세종,0
2025-04,지자체,공공분양,강원,0
2025-04,지자체,공공분양,충북,0
2025-04,지자체,공공분양,충남,0
2025-04,지자체,공공분양,전북,0
2025-04,지자체,공공분양,전남,0
2025-04,지자체,공공분양,경북,0
2025-04,지자체,공공분양,경남,0
2025-04,지자체,공공분양,제주,0
2025-04,LH,소계,전국,6,853
2025-04,LH,소계,서울,0
2025-04,LH,소계,인천,1,938
2025-04,LH,소계,경기,2,944
2025-04,LH,소계,부산,0
2025-04,LH,소계,대구,0
2025-04,LH,소계,광주,0
2025-04,LH,소계,대전,0
2025-04,LH,소계,울산,1,252
2025-04,LH,소계,세종,0
2025-04,LH,소계,강원,0
2025-04,LH,소계,충북,0
2025-04,LH,소계,충남,682
2025-04,LH,소계,전북,0
2025-04,LH,소계,전남,0
2025-04,LH,소계,경북,0
2025-04,LH,소계,경남,0
2025-04,LH,소계,제주,37
2025-04,LH,국민임대,전국,593
2025-04,LH,국민임대,서울,0
2025-04,LH,국민임대,인천,593
2025-04,LH,국민임대,경기,0
2025-04,LH,국민임대,부산,0
2025-04,LH,국민임대,대구,0
2025-04,LH,국민임대,광주,0
2025-04,LH,국민임대,대전,0
2025-04,LH,국민임대,울산,0
2025-04,LH,국민임대,세종,0
2025-04,LH,국민임대,강원,0
2025-04,LH,국민임대,충북,0
2025-04,LH,국민임대,충남,0
2025-04,LH,국민임대,전북,0
2025-04,LH,국민임대,전남,0
2025-04,LH,국민임대,경북,0
2025-04,LH,국민임대,경남,0
2025-04,LH,국민임대,제주,0
2025-04,LH,공공임대,전국,3,731
2025-04,LH,공공임대,서울,0
2025-04,LH,공공임대,인천,1,345
2025-04,LH,공공임대,경기,1,932
2025-04,LH,공공임대,부산,0
2025-04,LH,공공임대,대구,0
2025-04,LH,공공임대,광주,0
2025-04,LH,공공임대,대전,0
2025-04,LH,공공임대,울산,417
2025-04,LH,공공임대,세종,0
2025-04,LH,공공임대,강원,0
2025-04,LH,공공임대,충북,0
2025-04,LH,공공임대,충남,0
2025-04,LH,공공임대,전북,0
2025-04,LH,공공임대,전남,0
2025-04,LH,공공임대,경북,0
2025-04,LH,공공임대,경남,0
2025-04,LH,공공임대,제주,37
2025-04,LH,공공분양,전국,2,529
2025-04,LH,공공분양,서울,0
2025-04,LH,공공분양,인천,0
2025-04,LH,공공분양,경기,1,012
2025-04,LH,공공분양,부산,0
2025-04,LH,공공분양,대구,0
2025-04,LH,공공분양,광주,0
2025-04,LH,공공분양,대전,0
2025-04,LH,공공분양,울산,835
2025-04,LH,공공분양,세종,0
2025-04,LH,공공분양,강원,0
2025-04,LH,공공분양,충북,0
2025-04,LH,공공분양,충남,682
2025-04,LH,공공분양,전북,0
2025-04,LH,공공분양,전남,0
2025-04,LH,공공분양,경북,0
2025-04,LH,공공분양,경남,0
2025-04,LH,공공분양,제주,0
2025-04,주택업체,소계,전국,191
2025-04,주택업체,소계,서울,134
2025-04,주택업체,소계,인천,0
2025-04,주택업체,소계,경기,0
2025-04,주택업체,소계,부산,0
2025-04,주택업체,소계,대구,0
2025-04,주택업체,소계,광주,0
2025-04,주택업체,소계,대전,0
2025-04,주택업체,소계,울산,0
2025-04,주택업체,소계,세종,0
2025-04,주택업체,소계,강원,0
2025-04,주택업체,소계,충북,0
2025-04,주택업체,소계,충남,0
2025-04,주택업체,소계,전북,0
2025-04,주택업체,소계,전남,0
2025-04,주택업체,소계,경북,0
2025-04,주택업체,소계,경남,57
2025-04,주택업체,소계,제주,0
2025-04,주택업체,국민임대,전국,0
2025-04,주택업체,국민임대,서울,0
2025-04,주택업체,국민임대,인천,0
2025-04,주택업체,국민임대,경기,0
2025-04,주택업체,국민임대,부산,0
2025-04,주택업체,국민임대,대구,0
2025-04,주택업체,국민임대,광주,0
2025-04,주택업체,국민임대,대전,0
2025-04,주택업체,국민임대,울산,0
2025-04,주택업체,국민임대,세종,0
2025-04,주택업체,국민임대,강원,0
2025-04,주택업체,국민임대,충북,0
2025-04,주택업체,국민임대,충남,0
2025-04,주택업체,국민임대,전북,0
2025-04,주택업체,국민임대,전남,0
2025-04,주택업체,국민임대,경북,0
2025-04,주택업체,국민임대,경남,0
2025-04,주택업체,국민임대,제주,0
2025-04,주택업체,공공임대,전국,191
2025-04,주택업체,공공임대,서울,134
2025-04,주택업체,공공임대,인천,0
2025-04,주택업체,공공임대,경기,0
2025-04,주택업체,공공임대,부산,0
2025-04,주택업체,공공임대,대구,0
2025-04,주택업체,공공임대,광주,0
2025-04,주택업체,공공임대,대전,0
2025-04,주택업체,공공임대,울산,0
2025-04,주택업체,공공임대,세종,0
2025-04,주택업체,공공임대,강원,0
2025-04,주택업체,공공임대,충북,0
2025-04,주택업체,공공임대,충남,0
2025-04,주택업체,공공임대,전북,0
2025-04,주택업체,공공임대,전남,0
2025-04,주택업체,공공임대,경북,0
2025-04,주택업체,공공임대,경남,57
2025-04,주택업체,공공임대,제주,0
2025-04,주택업체,공공분양,전국,0
2025-04,주택업체,공공분양,서울,0
2025-04,주택업체,공공분양,인천,0
2025-04,주택업체,공공분양,경기,0
2025-04,주택업체,공공분양,부산,0
2025-04,주택업체,공공분양,대구,0
2025-04,주택업체,공공분양,광주,0
2025-04,주택업체,공공분양,대전,0
2025-04,주택업체,공공분양,울산,0
2025-04,주택업체,공공분양,세종,0
2025-04,주택업체,공공분양,강원,0
2025-04,주택업체,공공분양,충북,0
2025-04,주택업체,공공분양,충남,0
2025-04,주택업체,공공분양,전북,0
2025-04,주택업체,공공분양,전남,0
2025-04,주택업체,공공분양,경북,0
2025-04,주택업체,공공분양,경남,0
2025-04,주택업체,공공분양,제주,0
2025-04,민간부문,소계,전국,26,209
2025-04,민간부문,소계,서울,8,396
2025-04,민간부문,소계,인천,139
2025-04,민간부문,소계,경기,5,007
2025-04,민간부문,소계,부산,618
2025-04,민간부문,소계,대구,2,345
2025-04,민간부문,소계,광주,952
2025-04,민간부문,소계,대전,2,549
2025-04,민간부문,소계,울산,27
2025-04,민간부문,소계,세종,31
2025-04,민간부문,소계,강원,133
2025-04,민간부문,소계,충북,1,034
2025-04,민간부문,소계,충남,449
2025-04,민간부문,소계,전북,102
2025-04,민간부문,소계,전남,450
2025-04,민간부문,소계,경북,1,245
2025-04,민간부문,소계,경남,2,641
2025-04,민간부문,소계,제주,91
2025-04,민간,민간임대,전국,363
2025-04,민간,민간임대,서울,313
2025-04,민간,민간임대,인천,0
2025-04,민간,민간임대,경기,0
2025-04,민간,민간임대,부산,0
2025-04,민간,민간임대,대구,0
2025-04,민간,민간임대,광주,0
2025-04,민간,민간임대,대전,50
2025-04,민간,민간임대,울산,0
2025-04,민간,민간임대,세종,0
2025-04,민간,민간임대,강원,0
2025-04,민간,민간임대,충북,0
2025-04,민간,민간임대,충남,0
2025-04,민간,민간임대,전북,0
2025-04,민간,민간임대,전남,0
2025-04,민간,민간임대,경북,0
2025-04,민간,민간임대,경남,0
2025-04,민간,민간임대,제주,0
2025-04,민간,민간분양,전국,25,846
2025-04,민간,민간분양,서울,8,083
2025-04,민간,민간분양,인천,139
2025-04,민간,민간분양,경기,5,007
2025-04,민간,민간분양,부산,618
2025-04,민간,민간분양,대구,2,345
2025-04,민간,민간분양,광주,952
2025-04,민간,민간분양,대전,2,499
2025-04,민간,민간분양,울산,27
2025-04,민간,민간분양,세종,31
2025-04,민간,민간분양,강원,133
2025-04,민간,민간분양,충북,1,034
2025-04,민간,민간분양,충남,449
2025-04,민간,민간분양,전북,102
2025-04,민간,민간분양,전남,450
2025-04,민간,민간분양,경북,1,245
2025-04,민간,민간분양,경남,2,641
2025-04,민간,민간분양,제주,91
2025-05,총계,총계,전국,26,357
2025-05,총계,총계,서울,3,350
2025-05,총계,총계,인천,94
2025-05,총계,총계,경기,12,593
2025-05,총계,총계,부산,1,837
2025-05,총계,총계,대구,1,921
2025-05,총계,총계,광주,7
2025-05,총계,총계,대전,11
2025-05,총계,총계,울산,21
2025-05,총계,총계,세종,7
2025-05,총계,총계,강원,1,149
2025-05,총계,총계,충북,1,254
2025-05,총계,총계,충남,137
2025-05,총계,총계,전북,938
2025-05,총계,총계,전남,593
2025-05,총계,총계,경북,1,962
2025-05,총계,총계,경남,254
2025-05,총계,총계,제주,229
2025-05,공공부문,소계,전국,1,069
2025-05,공공부문,소계,서울,845
2025-05,공공부문,소계,인천,0
2025-05,공공부문,소계,경기,154
2025-05,공공부문,소계,부산,0
2025-05,공공부문,소계,대구,0
2025-05,공공부문,소계,광주,0
2025-05,공공부문,소계,대전,0
2025-05,공공부문,소계,울산,0
2025-05,공공부문,소계,세종,0
2025-05,공공부문,소계,강원,0
2025-05,공공부문,소계,충북,0
2025-05,공공부문,소계,충남,0
2025-05,공공부문,소계,전북,0
2025-05,공공부문,소계,전남,0
2025-05,공공부문,소계,경북,0
2025-05,공공부문,소계,경남,0
2025-05,공공부문,소계,제주,70
2025-05,합,국민임대,전국,0
2025-05,합,국민임대,서울,0
2025-05,합,국민임대,인천,0
2025-05,합,국민임대,경기,0
2025-05,합,국민임대,부산,0
2025-05,합,국민임대,대구,0
2025-05,합,국민임대,광주,0
2025-05,합,국민임대,대전,0
2025-05,합,국민임대,울산,0
2025-05,합,국민임대,세종,0
2025-05,합,국민임대,강원,0
2025-05,합,국민임대,충북,0
2025-05,합,국민임대,충남,0
2025-05,합,국민임대,전북,0
2025-05,합,국민임대,전남,0
2025-05,합,국민임대,경북,0
2025-05,합,국민임대,경남,0
2025-05,합,국민임대,제주,0
2025-05,합,공공임대,전국,1,069
2025-05,합,공공임대,서울,845
2025-05,합,공공임대,인천,0
2025-05,합,공공임대,경기,154
2025-05,합,공공임대,부산,0
2025-05,합,공공임대,대구,0
2025-05,합,공공임대,광주,0
2025-05,합,공공임대,대전,0
2025-05,합,공공임대,울산,0
2025-05,합,공공임대,세종,0
2025-05,합,공공임대,강원,0
2025-05,합,공공임대,충북,0
2025-05,합,공공임대,충남,0
2025-05,합,공공임대,전북,0
2025-05,합,공공임대,전남,0
2025-05,합,공공임대,경북,0
2025-05,합,공공임대,경남,0
2025-05,합,공공임대,제주,70
2025-05,합,공공분양,전국,0
2025-05,합,공공분양,서울,0
2025-05,합,공공분양,인천,0
2025-05,합,공공분양,경기,0
2025-05,합,공공분양,부산,0
2025-05,합,공공분양,대구,0
2025-05,합,공공분양,광주,0
2025-05,합,공공분양,대전,0
2025-05,합,공공분양,울산,0
2025-05,합,공공분양,세종,0
2025-05,합,공공분양,강원,0
2025-05,합,공공분양,충북,0
2025-05,합,공공분양,충남,0
2025-05,합,공공분양,전북,0
2025-05,합,공공분양,전남,0
2025-05,합,공공분양,경북,0
2025-05,합,공공분양,경남,0
2025-05,합,공공분양,제주,0
2025-05,지자체,소계,전국,816
2025-05,지자체,소계,서울,697
2025-05,지자체,소계,인천,0
2025-05,지자체,소계,경기,49
2025-05,지자체,소계,부산,0
2025-05,지자체,소계,대구,0
2025-05,지자체,소계,광주,0
2025-05,지자체,소계,대전,0
2025-05,지자체,소계,울산,0
2025-05,지자체,소계,세종,0
2025-05,지자체,소계,강원,0
2025-05,지자체,소계,충북,0
2025-05,지자체,소계,충남,0
2025-05,지자체,소계,전북,0
2025-05,지자체,소계,전남,0
2025-05,지자체,소계,경북,0
2025-05,지자체,소계,경남,0
2025-05,지자체,소계,제주,70
2025-05,지자체,국민임대,전국,0
2025-05,지자체,국민임대,서울,0
2025-05,지자체,국민임대,인천,0
2025-05,지자체,국민임대,경기,0
2025-05,지자체,국민임대,부산,0
2025-05,지자체,국민임대,대구,0
2025-05,지자체,국민임대,광주,0
2025-05,지자체,국민임대,대전,0
2025-05,지자체,국민임대,울산,0
2025-05,지자체,국민임대,세종,0
2025-05,지자체,국민임대,강원,0
2025-05,지자체,국민임대,충북,0
2025-05,지자체,국민임대,충남,0
2025-05,지자체,국민임대,전북,0
2025-05,지자체,국민임대,전남,0
2025-05,지자체,국민임대,경북,0
2025-05,지자체,국민임대,경남,0
2025-05,지자체,국민임대,제주,0
2025-05,지자체,공공임대,전국,816
2025-05,지자체,공공임대,서울,697
2025-05,지자체,공공임대,인천,0
2025-05,지자체,공공임대,경기,49
2025-05,지자체,공공임대,부산,0
2025-05,지자체,공공임대,대구,0
2025-05,지자체,공공임대,광주,0
2025-05,지자체,공공임대,대전,0
2025-05,지자체,공공임대,울산,0
2025-05,지자체,공공임대,세종,0
2025-05,지자체,공공임대,강원,0
2025-05,지자체,공공임대,충북,0
2025-05,지자체,공공임대,충남,0
2025-05,지자체,공공임대,전북,0
2025-05,지자체,공공임대,전남,0
2025-05,지자체,공공임대,경북,0
2025-05,지자체,공공임대,경남,0
2025-05,지자체,공공임대,제주,70
2025-05,지자체,공공분양,전국,0
2025-05,지자체,공공분양,서울,0
2025-05,지자체,공공분양,인천,0
2025-05,지자체,공공분양,경기,0
2025-05,지자체,공공분양,부산,0
2025-05,지자체,공공분양,대구,0
2025-05,지자체,공공분양,광주,0
2025-05,지자체,공공분양,대전,0
2025-05,지자체,공공분양,울산,0
2025-05,지자체,공공분양,세종,0
2025-05,지자체,공공분양,강원,0
2025-05,지자체,공공분양,충북,0
2025-05,지자체,공공분양,충남,0
2025-05,지자체,공공분양,전북,0
2025-05,지자체,공공분양,전남,0
2025-05,지자체,공공분양,경북,0
2025-05,지자체,공공분양,경남,0
2025-05,지자체,공공분양,제주,0
2025-05,LH,소계,전국,0
2025-05,LH,소계,서울,0
2025-05,LH,소계,인천,0
2025-05,LH,소계,경기,0
2025-05,LH,소계,부산,0
2025-05,LH,소계,대구,0
2025-05,LH,소계,광주,0
2025-05,LH,소계,대전,0
2025-05,LH,소계,울산,0
2025-05,LH,소계,세종,0
2025-05,LH,소계,강원,0
2025-05,LH,소계,충북,0
2025-05,LH,소계,충남,0
2025-05,LH,소계,전북,0
2025-05,LH,소계,전남,0
2025-05,LH,소계,경북,0
2025-05,LH,소계,경남,0
2025-05,LH,소계,제주,0
2025-05,LH,국민임대,전국,0
2025-05,LH,국민임대,서울,0
2025-05,LH,국민임대,인천,0
2025-05,LH,국민임대,경기,0
2025-05,LH,국민임대,부산,0
2025-05,LH,국민임대,대구,0
2025-05,LH,국민임대,광주,0
2025-05,LH,국민임대,대전,0
2025-05,LH,국민임대,울산,0
2025-05,LH,국민임대,세종,0
2025-05,LH,국민임대,강원,0
2025-05,LH,국민임대,충북,0
2025-05,LH,국민임대,충남,0
2025-05,LH,국민임대,전북,0
2025-05,LH,국민임대,전남,0
2025-05,LH,국민임대,경북,0
2025-05,LH,국민임대,경남,0
2025-05,LH,국민임대,제주,0
2025-05,LH,공공임대,전국,0
2025-05,LH,공공임대,서울,0
2025-05,LH,공공임대,인천,0
2025-05,LH,공공임대,경기,0
2025-05,LH,공공임대,부산,0
2025-05,LH,공공임대,대구,0
2025-05,LH,공공임대,광주,0
2025-05,LH,공공임대,대전,0
2025-05,LH,공공임대,울산,0
2025-05,LH,공공임대,세종,0
2025-05,LH,공공임대,강원,0
2025-05,LH,공공임대,충북,0
2025-05,LH,공공임대,충남,0
2025-05,LH,공공임대,전북,0
2025-05,LH,공공임대,전남,0
2025-05,LH,공공임대,경북,0
2025-05,LH,공공임대,경남,0
2025-05,LH,공공임대,제주,0
2025-05,LH,공공분양,전국,0
2025-05,LH,공공분양,서울,0
2025-05,LH,공공분양,인천,0
2025-05,LH,공공분양,경기,0
2025-05,LH,공공분양,부산,0
2025-05,LH,공공분양,대구,0
2025-05,LH,공공분양,광주,0
2025-05,LH,공공분양,대전,0
2025-05,LH,공공분양,울산,0
2025-05,LH,공공분양,세종,0
2025-05,LH,공공분양,강원,0
2025-05,LH,공공분양,충북,0
2025-05,LH,공공분양,충남,0
2025-05,LH,공공분양,전북,0
2025-05,LH,공공분양,전남,0
2025-05,LH,공공분양,경북,0
2025-05,LH,공공분양,경남,0
2025-05,LH,공공분양,제주,0
2025-05,주택업체,소계,전국,253
2025-05,주택업체,소계,서울,148
2025-05,주택업체,소계,인천,0
2025-05,주택업체,소계,경기,105
2025-05,주택업체,소계,부산,0
2025-05,주택업체,소계,대구,0
2025-05,주택업체,소계,광주,0
2025-05,주택업체,소계,대전,0
2025-05,주택업체,소계,울산,0
2025-05,주택업체,소계,세종,0
2025-05,주택업체,소계,강원,0
2025-05,주택업체,소계,충북,0
2025-05,주택업체,소계,충남,0
2025-05,주택업체,소계,전북,0
2025-05,주택업체,소계,전남,0
2025-05,주택업체,소계,경북,0
2025-05,주택업체,소계,경남,0
2025-05,주택업체,소계,제주,0
2025-05,주택업체,국민임대,전국,0
2025-05,주택업체,국민임대,서울,0
2025-05,주택업체,국민임대,인천,0
2025-05,주택업체,국민임대,경기,0
2025-05,주택업체,국민임대,부산,0
2025-05,주택업체,국민임대,대구,0
2025-05,주택업체,국민임대,광주,0
2025-05,주택업체,국민임대,대전,0
2025-05,주택업체,국민임대,울산,0
2025-05,주택업체,국민임대,세종,0
2025-05,주택업체,국민임대,강원,0
2025-05,주택업체,국민임대,충북,0
2025-05,주택업체,국민임대,충남,0
2025-05,주택업체,국민임대,전북,0
2025-05,주택업체,국민임대,전남,0
2025-05,주택업체,국민임대,경북,0
2025-05,주택업체,국민임대,경남,0
2025-05,주택업체,국민임대,제주,0
2025-05,주택업체,공공임대,전국,253
2025-05,주택업체,공공임대,서울,148
2025-05,주택업체,공공임대,인천,0
2025-05,주택업체,공공임대,경기,105
2025-05,주택업체,공공임대,부산,0
2025-05,주택업체,공공임대,대구,0
2025-05,주택업체,공공임대,광주,0
2025-05,주택업체,공공임대,대전,0
2025-05,주택업체,공공임대,울산,0
2025-05,주택업체,공공임대,세종,0
2025-05,주택업체,공공임대,강원,0
2025-05,주택업체,공공임대,충북,0
2025-05,주택업체,공공임대,충남,0
2025-05,주택업체,공공임대,전북,0
2025-05,주택업체,공공임대,전남,0
2025-05,주택업체,공공임대,경북,0
2025-05,주택업체,공공임대,경남,0
2025-05,주택업체,공공임대,제주,0
2025-05,주택업체,공공분양,전국,0
2025-05,주택업체,공공분양,서울,0
2025-05,주택업체,공공분양,인천,0
2025-05,주택업체,공공분양,경기,0
2025-05,주택업체,공공분양,부산,0
2025-05,주택업체,공공분양,대구,0
2025-05,주택업체,공공분양,광주,0
2025-05,주택업체,공공분양,대전,0
2025-05,주택업체,공공분양,울산,0
2025-05,주택업체,공공분양,세종,0
2025-05,주택업체,공공분양,강원,0
2025-05,주택업체,공공분양,충북,0
2025-05,주택업체,공공분양,충남,0
2025-05,주택업체,공공분양,전북,0
2025-05,주택업체,공공분양,전남,0
2025-05,주택업체,공공분양,경북,0
2025-05,주택업체,공공분양,경남,0
2025-05,주택업체,공공분양,제주,0
2025-05,민간부문,소계,전국,25,288
2025-05,민간부문,소계,서울,2,505
2025-05,민간부문,소계,인천,94
2025-05,민간부문,소계,경기,12,439
2025-05,민간부문,소계,부산,1,837
2025-05,민간부문,소계,대구,1,921
2025-05,민간부문,소계,광주,7
2025-05,민간부문,소계,대전,11
2025-05,민간부문,소계,울산,21
2025-05,민간부문,소계,세종,7
2025-05,민간부문,소계,강원,1,149
2025-05,민간부문,소계,충북,1,254
2025-05,민간부문,소계,충남,137
2025-05,민간부문,소계,전북,938
2025-05,민간부문,소계,전남,593
2025-05,민간부문,소계,경북,1,962
2025-05,민간부문,소계,경남,254
2025-05,민간부문,소계,제주,159
2025-05,민간,민간임대,전국,1,492
2025-05,민간,민간임대,서울,556
2025-05,민간,민간임대,인천,0
2025-05,민간,민간임대,경기,936
2025-05,민간,민간임대,부산,0
2025-05,민간,민간임대,대구,0
2025-05,민간,민간임대,광주,0
2025-05,민간,민간임대,대전,0
2025-05,민간,민간임대,울산,0
2025-05,민간,민간임대,세종,0
2025-05,민간,민간임대,강원,0
2025-05,민간,민간임대,충북,0
2025-05,민간,민간임대,충남,0
2025-05,민간,민간임대,전북,0
2025-05,민간,민간임대,전남,0
2025-05,민간,민간임대,경북,0
2025-05,민간,민간임대,경남,0
2025-05,민간,민간임대,제주,0
2025-05,민간,민간분양,전국,23,796
2025-05,민간,민간분양,서울,1,949
2025-05,민간,민간분양,인천,94
2025-05,민간,민간분양,경기,11,503
2025-05,민간,민간분양,부산,1,837
2025-05,민간,민간분양,대구,1,921
2025-05,민간,민간분양,광주,7
2025-05,민간,민간분양,대전,11
2025-05,민간,민간분양,울산,21
2025-05,민간,민간분양,세종,7
2025-05,민간,민간분양,강원,1,149
2025-05,민간,민간분양,충북,1,254
2025-05,민간,민간분양,충남,137
2025-05,민간,민간분양,전북,938
2025-05,민간,민간분양,전남,593
2025-05,민간,민간분양,경북,1,962
2025-05,민간,민간분양,경남,254
2025-05,민간,민간분양,제주,159
2025-06,총계,총계,전국,40,115
2025-06,총계,총계,서울,9,178
2025-06,총계,총계,인천,1,929
2025-06,총계,총계,경기,11,014
2025-06,총계,총계,부산,1,157
2025-06,총계,총계,대구,1,214
2025-06,총계,총계,광주,179
2025-06,총계,총계,대전,2,291
2025-06,총계,총계,울산,1,078
2025-06,총계,총계,세종,39
2025-06,총계,총계,강원,661
2025-06,총계,총계,충북,2,322
2025-06,총계,총계,충남,2,333
2025-06,총계,총계,전북,308
2025-06,총계,총계,전남,1,833
2025-06,총계,총계,경북,149
2025-06,총계,총계,경남,4,268
2025-06,총계,총계,제주,162
2025-06,공공부문,소계,전국,5,953
2025-06,공공부문,소계,서울,688
2025-06,공공부문,소계,인천,0
2025-06,공공부문,소계,경기,2,247
2025-06,공공부문,소계,부산,972
2025-06,공공부문,소계,대구,0
2025-06,공공부문,소계,광주,0
2025-06,공공부문,소계,대전,162
2025-06,공공부문,소계,울산,701
2025-06,공공부문,소계,세종,0
2025-06,공공부문,소계,강원,0
2025-06,공공부문,소계,충북,0
2025-06,공공부문,소계,충남,0
2025-06,공공부문,소계,전북,0
2025-06,공공부문,소계,전남,0
2025-06,공공부문,소계,경북,0
2025-06,공공부문,소계,경남,1,159
2025-06,공공부문,소계,제주,24
2025-06,합,국민임대,전국,1,084
2025-06,합,국민임대,서울,0
2025-06,합,국민임대,인천,0
2025-06,합,국민임대,경기,383
2025-06,합,국민임대,부산,0
2025-06,합,국민임대,대구,0
2025-06,합,국민임대,광주,0
2025-06,합,국민임대,대전,0
2025-06,합,국민임대,울산,701
2025-06,합,국민임대,세종,0
2025-06,합,국민임대,강원,0
2025-06,합,국민임대,충북,0
2025-06,합,국민임대,충남,0
2025-06,합,국민임대,전북,0
2025-06,합,국민임대,전남,0
2025-06,합,국민임대,경북,0
2025-06,합,국민임대,경남,0
2025-06,합,국민임대,제주,0
2025-06,합,공공임대,전국,2,911
2025-06,합,공공임대,서울,688
2025-06,합,공공임대,인천,0
2025-06,합,공공임대,경기,1,228
2025-06,합,공공임대,부산,0
2025-06,합,공공임대,대구,0
2025-06,합,공공임대,광주,0
2025-06,합,공공임대,대전,162
2025-06,합,공공임대,울산,0
2025-06,합,공공임대,세종,0
2025-06,합,공공임대,강원,0
2025-06,합,공공임대,충북,0
2025-06,합,공공임대,충남,0
2025-06,합,공공임대,전북,0
2025-06,합,공공임대,전남,0
2025-06,합,공공임대,경북,0
2025-06,합,공공임대,경남,809
2025-06,합,공공임대,제주,24
2025-06,합,공공분양,전국,1,958
2025-06,합,공공분양,서울,0
2025-06,합,공공분양,인천,0
2025-06,합,공공분양,경기,636
2025-06,합,공공분양,부산,972
2025-06,합,공공분양,대구,0
2025-06,합,공공분양,광주,0
2025-06,합,공공분양,대전,0
2025-06,합,공공분양,울산,0
2025-06,합,공공분양,세종,0
2025-06,합,공공분양,강원,0
2025-06,합,공공분양,충북,0
2025-06,합,공공분양,충남,0
2025-06,합,공공분양,전북,0
2025-06,합,공공분양,전남,0
2025-06,합,공공분양,경북,0
2025-06,합,공공분양,경남,350
2025-06,합,공공분양,제주,0
2025-06,지자체,소계,전국,2,635
2025-06,지자체,소계,서울,0
2025-06,지자체,소계,인천,0
2025-06,지자체,소계,경기,342
2025-06,지자체,소계,부산,972
2025-06,지자체,소계,대구,0
2025-06,지자체,소계,광주,0
2025-06,지자체,소계,대전,162
2025-06,지자체,소계,울산,0
2025-06,지자체,소계,세종,0
2025-06,지자체,소계,강원,0
2025-06,지자체,소계,충북,0
2025-06,지자체,소계,충남,0
2025-06,지자체,소계,전북,0
2025-06,지자체,소계,전남,0
2025-06,지자체,소계,경북,0
2025-06,지자체,소계,경남,1,159
2025-06,지자체,소계,제주,0
2025-06,지자체,국민임대,전국,0
2025-06,지자체,국민임대,서울,0
2025-06,지자체,국민임대,인천,0
2025-06,지자체,국민임대,경기,0
2025-06,지자체,국민임대,부산,0
2025-06,지자체,국민임대,대구,0
2025-06,지자체,국민임대,광주,0
2025-06,지자체,국민임대,대전,0
2025-06,지자체,국민임대,울산,0
2025-06,지자체,국민임대,세종,0
2025-06,지자체,국민임대,강원,0
2025-06,지자체,국민임대,충북,0
2025-06,지자체,국민임대,충남,0
2025-06,지자체,국민임대,전북,0
2025-06,지자체,국민임대,전남,0
2025-06,지자체,국민임대,경북,0
2025-06,지자체,국민임대,경남,0
2025-06,지자체,국민임대,제주,0
2025-06,지자체,공공임대,전국,1,071
2025-06,지자체,공공임대,서울,0
2025-06,지자체,공공임대,인천,0
2025-06,지자체,공공임대,경기,100
2025-06,지자체,공공임대,부산,0
2025-06,지자체,공공임대,대구,0
2025-06,지자체,공공임대,광주,0
2025-06,지자체,공공임대,대전,162
2025-06,지자체,공공임대,울산,0
2025-06,지자체,공공임대,세종,0
2025-06,지자체,공공임대,강원,0
2025-06,지자체,공공임대,충북,0
2025-06,지자체,공공임대,충남,0
2025-06,지자체,공공임대,전북,0
2025-06,지자체,공공임대,전남,0
2025-06,지자체,공공임대,경북,0
2025-06,지자체,공공임대,경남,809
2025-06,지자체,공공임대,제주,0
2025-06,지자체,공공분양,전국,1,564
2025-06,지자체,공공분양,서울,0
2025-06,지자체,공공분양,인천,0
2025-06,지자체,공공분양,경기,242
2025-06,지자체,공공분양,부산,972
2025-06,지자체,공공분양,대구,0
2025-06,지자체,공공분양,광주,0
2025-06,지자체,공공분양,대전,0
2025-06,지자체,공공분양,울산,0
2025-06,지자체,공공분양,세종,0
2025-06,지자체,공공분양,강원,0
2025-06,지자체,공공분양,충북,0
2025-06,지자체,공공분양,충남,0
2025-06,지자체,공공분양,전북,0
2025-06,지자체,공공분양,전남,0
2025-06,지자체,공공분양,경북,0
2025-06,지자체,공공분양,경남,350
2025-06,지자체,공공분양,제주,0
2025-06,LH,소계,전국,2,611
2025-06,LH,소계,서울,0
2025-06,LH,소계,인천,0
2025-06,LH,소계,경기,1,886
2025-06,LH,소계,부산,0
2025-06,LH,소계,대구,0
2025-06,LH,소계,광주,0
2025-06,LH,소계,대전,0
2025-06,LH,소계,울산,701
2025-06,LH,소계,세종,0
2025-06,LH,소계,강원,0
2025-06,LH,소계,충북,0
2025-06,LH,소계,충남,0
2025-06,LH,소계,전북,0
2025-06,LH,소계,전남,0
2025-06,LH,소계,경북,0
2025-06,LH,소계,경남,0
2025-06,LH,소계,제주,24
2025-06,LH,국민임대,전국,1,084
2025-06,LH,국민임대,서울,0
2025-06,LH,국민임대,인천,0
2025-06,LH,국민임대,경기,383
2025-06,LH,국민임대,부산,0
2025-06,LH,국민임대,대구,0
2025-06,LH,국민임대,광주,0
2025-06,LH,국민임대,대전,0
2025-06,LH,국민임대,울산,701
2025-06,LH,국민임대,세종,0
2025-06,LH,국민임대,강원,0
2025-06,LH,국민임대,충북,0
2025-06,LH,국민임대,충남,0
2025-06,LH,국민임대,전북,0
2025-06,LH,국민임대,전남,0
2025-06,LH,국민임대,경북,0
2025-06,LH,국민임대,경남,0
2025-06,LH,국민임대,제주,0
2025-06,LH,공공임대,전국,1,133
2025-06,LH,공공임대,서울,0
2025-06,LH,공공임대,인천,0
2025-06,LH,공공임대,경기,1,109
2025-06,LH,공공임대,부산,0
2025-06,LH,공공임대,대구,0
2025-06,LH,공공임대,광주,0
2025-06,LH,공공임대,대전,0
2025-06,LH,공공임대,울산,0
2025-06,LH,공공임대,세종,0
2025-06,LH,공공임대,강원,0
2025-06,LH,공공임대,충북,0
2025-06,LH,공공임대,충남,0
2025-06,LH,공공임대,전북,0
2025-06,LH,공공임대,전남,0
2025-06,LH,공공임대,경북,0
2025-06,LH,공공임대,경남,0
2025-06,LH,공공임대,제주,24
2025-06,LH,공공분양,전국,394
2025-06,LH,공공분양,서울,0
2025-06,LH,공공분양,인천,0
2025-06,LH,공공분양,경기,394
2025-06,LH,공공분양,부산,0
2025-06,LH,공공분양,대구,0
2025-06,LH,공공분양,광주,0
2025-06,LH,공공분양,대전,0
2025-06,LH,공공분양,울산,0
2025-06,LH,공공분양,세종,0
2025-06,LH,공공분양,강원,0
2025-06,LH,공공분양,충북,0
2025-06,LH,공공분양,충남,0
2025-06,LH,공공분양,전북,0
2025-06,LH,공공분양,전남,0
2025-06,LH,공공분양,경북,0
2025-06,LH,공공분양,경남,0
2025-06,LH,공공분양,제주,0
2025-06,주택업체,소계,전국,707
2025-06,주택업체,소계,서울,688
2025-06,주택업체,소계,인천,0
2025-06,주택업체,소계,경기,19
2025-06,주택업체,소계,부산,0
2025-06,주택업체,소계,대구,0
2025-06,주택업체,소계,광주,0
2025-06,주택업체,소계,대전,0
2025-06,주택업체,소계,울산,0
2025-06,주택업체,소계,세종,0
2025-06,주택업체,소계,강원,0
2025-06,주택업체,소계,충북,0
2025-06,주택업체,소계,충남,0
2025-06,주택업체,소계,전북,0
2025-06,주택업체,소계,전남,0
2025-06,주택업체,소계,경북,0
2025-06,주택업체,소계,경남,0
2025-06,주택업체,소계,제주,0
2025-06,주택업체,국민임대,전국,0
2025-06,주택업체,국민임대,서울,0
2025-06,주택업체,국민임대,인천,0
2025-06,주택업체,국민임대,경기,0
2025-06,주택업체,국민임대,부산,0
2025-06,주택업체,국민임대,대구,0
2025-06,주택업체,국민임대,광주,0
2025-06,주택업체,국민임대,대전,0
2025-06,주택업체,국민임대,울산,0
2025-06,주택업체,국민임대,세종,0
2025-06,주택업체,국민임대,강원,0
2025-06,주택업체,국민임대,충북,0
2025-06,주택업체,국민임대,충남,0
2025-06,주택업체,국민임대,전북,0
2025-06,주택업체,국민임대,전남,0
2025-06,주택업체,국민임대,경북,0
2025-06,주택업체,국민임대,경남,0
2025-06,주택업체,국민임대,제주,0
2025-06,주택업체,공공임대,전국,707
2025-06,주택업체,공공임대,서울,688
2025-06,주택업체,공공임대,인천,0
2025-06,주택업체,공공임대,경기,19
2025-06,주택업체,공공임대,부산,0
2025-06,주택업체,공공임대,대구,0
2025-06,주택업체,공공임대,광주,0
2025-06,주택업체,공공임대,대전,0
2025-06,주택업체,공공임대,울산,0
2025-06,주택업체,공공임대,세종,0
2025-06,주택업체,공공임대,강원,0
2025-06,주택업체,공공임대,충북,0
2025-06,주택업체,공공임대,충남,0
2025-06,주택업체,공공임대,전북,0
2025-06,주택업체,공공임대,전남,0
2025-06,주택업체,공공임대,경북,0
2025-06,주택업체,공공임대,경남,0
2025-06,주택업체,공공임대,제주,0
2025-06,주택업체,공공분양,전국,0
2025-06,주택업체,공공분양,서울,0
2025-06,주택업체,공공분양,인천,0
2025-06,주택업체,공공분양,경기,0
2025-06,주택업체,공공분양,부산,0
2025-06,주택업체,공공분양,대구,0
2025-06,주택업체,공공분양,광주,0
2025-06,주택업체,공공분양,대전,0
2025-06,주택업체,공공분양,울산,0
2025-06,주택업체,공공분양,세종,0
2025-06,주택업체,공공분양,강원,0
2025-06,주택업체,공공분양,충북,0
2025-06,주택업체,공공분양,충남,0
2025-06,주택업체,공공분양,전북,0
2025-06,주택업체,공공분양,전남,0
2025-06,주택업체,공공분양,경북,0
2025-06,주택업체,공공분양,경남,0
2025-06,주택업체,공공분양,제주,0
2025-06,민간부문,소계,전국,34,162
2025-06,민간부문,소계,서울,8,490
2025-06,민간부문,소계,인천,1,929
2025-06,민간부문,소계,경기,8,767
2025-06,민간부문,소계,부산,185
2025-06,민간부문,소계,대구,1,214
2025-06,민간부문,소계,광주,179
2025-06,민간부문,소계,대전,2,129
2025-06,민간부문,소계,울산,377
2025-06,민간부문,소계,세종,39
2025-06,민간부문,소계,강원,661
2025-06,민간부문,소계,충북,2,322
2025-06,민간부문,소계,충남,2,333
2025-06,민간부문,소계,전북,308
2025-06,민간부문,소계,전남,1,833
2025-06,민간부문,소계,경북,149
2025-06,민간부문,소계,경남,3,109
2025-06,민간부문,소계,제주,138
2025-06,민간,민간임대,전국,3,042
2025-06,민간,민간임대,서울,950
2025-06,민간,민간임대,인천,56
2025-06,민간,민간임대,경기,1,024
2025-06,민간,민간임대,부산,0
2025-06,민간,민간임대,대구,0
2025-06,민간,민간임대,광주,0
2025-06,민간,민간임대,대전,0
2025-06,민간,민간임대,울산,0
2025-06,민간,민간임대,세종,0
2025-06,민간,민간임대,강원,0
2025-06,민간,민간임대,충북,0
2025-06,민간,민간임대,충남,0
2025-06,민간,민간임대,전북,219
2025-06,민간,민간임대,전남,793
2025-06,민간,민간임대,경북,0
2025-06,민간,민간임대,경남,0
2025-06,민간,민간임대,제주,0
2025-06,민간,민간분양,전국,31,120
2025-06,민간,민간분양,서울,7,540
2025-06,민간,민간분양,인천,1,873
2025-06,민간,민간분양,경기,7,743
2025-06,민간,민간분양,부산,185
2025-06,민간,민간분양,대구,1,214
2025-06,민간,민간분양,광주,179
2025-06,민간,민간분양,대전,2,129
2025-06,민간,민간분양,울산,377
2025-06,민간,민간분양,세종,39
2025-06,민간,민간분양,강원,661
2025-06,민간,민간분양,충북,2,322
2025-06,민간,민간분양,충남,2,333
2025-06,민간,민간분양,전북,89
2025-06,민간,민간분양,전남,1,040
2025-06,민간,민간분양,경북,149
2025-06,민간,민간분양,경남,3,109
2025-06,민간,민간분양,제주,138
2025-07,총계,총계,전국,25,561
2025-07,총계,총계,서울,5,286
2025-07,총계,총계,인천,1,926
2025-07,총계,총계,경기,7,903
2025-07,총계,총계,부산,981
2025-07,총계,총계,대구,1,389
2025-07,총계,총계,광주,93
2025-07,총계,총계,대전,186
2025-07,총계,총계,울산,1,014
2025-07,총계,총계,세종,8
2025-07,총계,총계,강원,190
2025-07,총계,총계,충북,2,610
2025-07,총계,총계,충남,1,209
2025-07,총계,총계,전북,1,165
2025-07,총계,총계,전남,784
2025-07,총계,총계,경북,289
2025-07,총계,총계,경남,186
2025-07,총계,총계,제주,342
2025-07,공공부문,소계,전국,1,529
2025-07,공공부문,소계,서울,371
2025-07,공공부문,소계,인천,0
2025-07,공공부문,소계,경기,569
2025-07,공공부문,소계,부산,589
2025-07,공공부문,소계,대구,0
2025-07,공공부문,소계,광주,0
2025-07,공공부문,소계,대전,0
2025-07,공공부문,소계,울산,0
2025-07,공공부문,소계,세종,0
2025-07,공공부문,소계,강원,0
2025-07,공공부문,소계,충북,0
2025-07,공공부문,소계,충남,0
2025-07,공공부문,소계,전북,0
2025-07,공공부문,소계,전남,0
2025-07,공공부문,소계,경북,0
2025-07,공공부문,소계,경남,0
2025-07,공공부문,소계,제주,0
2025-07,합,국민임대,전국,0
2025-07,합,국민임대,서울,0
2025-07,합,국민임대,인천,0
2025-07,합,국민임대,경기,0
2025-07,합,국민임대,부산,0
2025-07,합,국민임대,대구,0
2025-07,합,국민임대,광주,0
2025-07,합,국민임대,대전,0
2025-07,합,국민임대,울산,0
2025-07,합,국민임대,세종,0
2025-07,합,국민임대,강원,0
2025-07,합,국민임대,충북,0
2025-07,합,국민임대,충남,0
2025-07,합,국민임대,전북,0
2025-07,합,국민임대,전남,0
2025-07,합,국민임대,경북,0
2025-07,합,국민임대,경남,0
2025-07,합,국민임대,제주,0
2025-07,합,공공임대,전국,960
2025-07,합,공공임대,서울,371
2025-07,합,공공임대,인천,0
2025-07,합,공공임대,경기,0
2025-07,합,공공임대,부산,589
2025-07,합,공공임대,대구,0
2025-07,합,공공임대,광주,0
2025-07,합,공공임대,대전,0
2025-07,합,공공임대,울산,0
2025-07,합,공공임대,세종,0
2025-07,합,공공임대,강원,0
2025-07,합,공공임대,충북,0
2025-07,합,공공임대,충남,0
2025-07,합,공공임대,전북,0
2025-07,합,공공임대,전남,0
2025-07,합,공공임대,경북,0
2025-07,합,공공임대,경남,0
2025-07,합,공공임대,제주,0
2025-07,합,공공분양,전국,569
2025-07,합,공공분양,서울,0
2025-07,합,공공분양,인천,0
2025-07,합,공공분양,경기,569
2025-07,합,공공분양,부산,0
2025-07,합,공공분양,대구,0
2025-07,합,공공분양,광주,0
2025-07,합,공공분양,대전,0
2025-07,합,공공분양,울산,0
2025-07,합,공공분양,세종,0
2025-07,합,공공분양,강원,0
2025-07,합,공공분양,충북,0
2025-07,합,공공분양,충남,0
2025-07,합,공공분양,전북,0
2025-07,합,공공분양,전남,0
2025-07,합,공공분양,경북,0
2025-07,합,공공분양,경남,0
2025-07,합,공공분양,제주,0
2025-07,지자체,소계,전국,1,158
2025-07,지자체,소계,서울,0
2025-07,지자체,소계,인천,0
2025-07,지자체,소계,경기,569
2025-07,지자체,소계,부산,589
2025-07,지자체,소계,대구,0
2025-07,지자체,소계,광주,0
2025-07,지자체,소계,대전,0
2025-07,지자체,소계,울산,0
2025-07,지자체,소계,세종,0
2025-07,지자체,소계,강원,0
2025-07,지자체,소계,충북,0
2025-07,지자체,소계,충남,0
2025-07,지자체,소계,전북,0
2025-07,지자체,소계,전남,0
2025-07,지자체,소계,경북,0
2025-07,지자체,소계,경남,0
2025-07,지자체,소계,제주,0
2025-07,지자체,국민임대,전국,0
2025-07,지자체,국민임대,서울,0
2025-07,지자체,국민임대,인천,0
2025-07,지자체,국민임대,경기,0
2025-07,지자체,국민임대,부산,0
2025-07,지자체,국민임대,대구,0
2025-07,지자체,국민임대,광주,0
2025-07,지자체,국민임대,대전,0
2025-07,지자체,국민임대,울산,0
2025-07,지자체,국민임대,세종,0
2025-07,지자체,국민임대,강원,0
2025-07,지자체,국민임대,충북,0
2025-07,지자체,국민임대,충남,0
2025-07,지자체,국민임대,전북,0
2025-07,지자체,국민임대,전남,0
2025-07,지자체,국민임대,경북,0
2025-07,지자체,국민임대,경남,0
2025-07,지자체,국민임대,제주,0
2025-07,지자체,공공임대,전국,589
2025-07,지자체,공공임대,서울,0
2025-07,지자체,공공임대,인천,0
2025-07,지자체,공공임대,경기,0
2025-07,지자체,공공임대,부산,589
2025-07,지자체,공공임대,대구,0
2025-07,지자체,공공임대,광주,0
2025-07,지자체,공공임대,대전,0
2025-07,지자체,공공임대,울산,0
2025-07,지자체,공공임대,세종,0
2025-07,지자체,공공임대,강원,0
2025-07,지자체,공공임대,충북,0
2025-07,지자체,공공임대,충남,0
2025-07,지자체,공공임대,전북,0
2025-07,지자체,공공임대,전남,0
2025-07,지자체,공공임대,경북,0
2025-07,지자체,공공임대,경남,0
2025-07,지자체,공공임대,제주,0
2025-07,지자체,공공분양,전국,569
2025-07,지자체,공공분양,서울,0
2025-07,지자체,공공분양,인천,0
2025-07,지자체,공공분양,경기,569
2025-07,지자체,공공분양,부산,0
2025-07,지자체,공공분양,대구,0
2025-07,지자체,공공분양,광주,0
2025-07,지자체,공공분양,대전,0
2025-07,지자체,공공분양,울산,0
2025-07,지자체,공공분양,세종,0
2025-07,지자체,공공분양,강원,0
2025-07,지자체,공공분양,충북,0
2025-07,지자체,공공분양,충남,0
2025-07,지자체,공공분양,전북,0
2025-07,지자체,공공분양,전남,0
2025-07,지자체,공공분양,경북,0
2025-07,지자체,공공분양,경남,0
2025-07,지자체,공공분양,제주,0
2025-07,LH,소계,전국,0
2025-07,LH,소계,서울,0
2025-07,LH,소계,인천,0
2025-07,LH,소계,경기,0
2025-07,LH,소계,부산,0
2025-07,LH,소계,대구,0
2025-07,LH,소계,광주,0
2025-07,LH,소계,대전,0
2025-07,LH,소계,울산,0
2025-07,LH,소계,세종,0
2025-07,LH,소계,강원,0
2025-07,LH,소계,충북,0
2025-07,LH,소계,충남,0
2025-07,LH,소계,전북,0
2025-07,LH,소계,전남,0
2025-07,LH,소계,경북,0
2025-07,LH,소계,경남,0
2025-07,LH,소계,제주,0
2025-07,LH,국민임대,전국,0
2025-07,LH,국민임대,서울,0
2025-07,LH,국민임대,인천,0
2025-07,LH,국민임대,경기,0
2025-07,LH,국민임대,부산,0
2025-07,LH,국민임대,대구,0
2025-07,LH,국민임대,광주,0
2025-07,LH,국민임대,대전,0
2025-07,LH,국민임대,울산,0
2025-07,LH,국민임대,세종,0
2025-07,LH,국민임대,강원,0
2025-07,LH,국민임대,충북,0
2025-07,LH,국민임대,충남,0
2025-07,LH,국민임대,전북,0
2025-07,LH,국민임대,전남,0
2025-07,LH,국민임대,경북,0
2025-07,LH,국민임대,경남,0
2025-07,LH,국민임대,제주,0
2025-07,LH,공공임대,전국,0
2025-07,LH,공공임대,서울,0
2025-07,LH,공공임대,인천,0
2025-07,LH,공공임대,경기,0
2025-07,LH,공공임대,부산,0
2025-07,LH,공공임대,대구,0
2025-07,LH,공공임대,광주,0
2025-07,LH,공공임대,대전,0
2025-07,LH,공공임대,울산,0
2025-07,LH,공공임대,세종,0
2025-07,LH,공공임대,강원,0
2025-07,LH,공공임대,충북,0
2025-07,LH,공공임대,충남,0
2025-07,LH,공공임대,전북,0
2025-07,LH,공공임대,전남,0
2025-07,LH,공공임대,경북,0
2025-07,LH,공공임대,경남,0
2025-07,LH,공공임대,제주,0
2025-07,LH,공공분양,전국,0
2025-07,LH,공공분양,서울,0
2025-07,LH,공공분양,인천,0
2025-07,LH,공공분양,경기,0
2025-07,LH,공공분양,부산,0
2025-07,LH,공공분양,대구,0
2025-07,LH,공공분양,광주,0
2025-07,LH,공공분양,대전,0
2025-07,LH,공공분양,울산,0
2025-07,LH,공공분양,세종,0
2025-07,LH,공공분양,강원,0
2025-07,LH,공공분양,충북,0
2025-07,LH,공공분양,충남,0
2025-07,LH,공공분양,전북,0
2025-07,LH,공공분양,전남,0
2025-07,LH,공공분양,경북,0
2025-07,LH,공공분양,경남,0
2025-07,LH,공공분양,제주,0
2025-07,주택업체,소계,전국,371
2025-07,주택업체,소계,서울,371
2025-07,주택업체,소계,인천,0
2025-07,주택업체,소계,경기,0
2025-07,주택업체,소계,부산,0
2025-07,주택업체,소계,대구,0
2025-07,주택업체,소계,광주,0
2025-07,주택업체,소계,대전,0
2025-07,주택업체,소계,울산,0
2025-07,주택업체,소계,세종,0
2025-07,주택업체,소계,강원,0
2025-07,주택업체,소계,충북,0
2025-07,주택업체,소계,충남,0
2025-07,주택업체,소계,전북,0
2025-07,주택업체,소계,전남,0
2025-07,주택업체,소계,경북,0
2025-07,주택업체,소계,경남,0
2025-07,주택업체,소계,제주,0
2025-07,주택업체,국민임대,전국,0
2025-07,주택업체,국민임대,서울,0
2025-07,주택업체,국민임대,인천,0
2025-07,주택업체,국민임대,경기,0
2025-07,주택업체,국민임대,부산,0
2025-07,주택업체,국민임대,대구,0
2025-07,주택업체,국민임대,광주,0
2025-07,주택업체,국민임대,대전,0
2025-07,주택업체,국민임대,울산,0
2025-07,주택업체,국민임대,세종,0
2025-07,주택업체,국민임대,강원,0
2025-07,주택업체,국민임대,충북,0
2025-07,주택업체,국민임대,충남,0
2025-07,주택업체,국민임대,전북,0
2025-07,주택업체,국민임대,전남,0
2025-07,주택업체,국민임대,경북,0
2025-07,주택업체,국민임대,경남,0
2025-07,주택업체,국민임대,제주,0
2025-07,주택업체,공공임대,전국,371
2025-07,주택업체,공공임대,서울,371
2025-07,주택업체,공공임대,인천,0
2025-07,주택업체,공공임대,경기,0
2025-07,주택업체,공공임대,부산,0
2025-07,주택업체,공공임대,대구,0
2025-07,주택업체,공공임대,광주,0
2025-07,주택업체,공공임대,대전,0
2025-07,주택업체,공공임대,울산,0
2025-07,주택업체,공공임대,세종,0
2025-07,주택업체,공공임대,강원,0
2025-07,주택업체,공공임대,충북,0
2025-07,주택업체,공공임대,충남,0
2025-07,주택업체,공공임대,전북,0
2025-07,주택업체,공공임대,전남,0
2025-07,주택업체,공공임대,경북,0
2025-07,주택업체,공공임대,경남,0
2025-07,주택업체,공공임대,제주,0
2025-07,주택업체,공공분양,전국,0
2025-07,주택업체,공공분양,서울,0
2025-07,주택업체,공공분양,인천,0
2025-07,주택업체,공공분양,경기,0
2025-07,주택업체,공공분양,부산,0
2025-07,주택업체,공공분양,대구,0
2025-07,주택업체,공공분양,광주,0
2025-07,주택업체,공공분양,대전,0
2025-07,주택업체,공공분양,울산,0
2025-07,주택업체,공공분양,세종,0
2025-07,주택업체,공공분양,강원,0
2025-07,주택업체,공공분양,충북,0
2025-07,주택업체,공공분양,충남,0
2025-07,주택업체,공공분양,전북,0
2025-07,주택업체,공공분양,전남,0
2025-07,주택업체,공공분양,경북,0
2025-07,주택업체,공공분양,경남,0
2025-07,주택업체,공공분양,제주,0
2025-07,민간부문,소계,전국,24,032
2025-07,민간부문,소계,서울,4,915
2025-07,민간부문,소계,인천,1,926
2025-07,민간부문,소계,경기,7,334
2025-07,민간부문,소계,부산,392
2025-07,민간부문,소계,대구,1,389
2025-07,민간부문,소계,광주,93
2025-07,민간부문,소계,대전,186
2025-07,민간부문,소계,울산,1,014
2025-07,민간부문,소계,세종,8
2025-07,민간부문,소계,강원,190
2025-07,민간부문,소계,충북,2,610
2025-07,민간부문,소계,충남,1,209
2025-07,민간부문,소계,전북,1,165
2025-07,민간부문,소계,전남,784
2025-07,민간부문,소계,경북,289
2025-07,민간부문,소계,경남,186
2025-07,민간부문,소계,제주,342
2025-07,민간,민간임대,전국,1,675
2025-07,민간,민간임대,서울,1,341
2025-07,민간,민간임대,인천,243
2025-07,민간,민간임대,경기,3
2025-07,민간,민간임대,부산,0
2025-07,민간,민간임대,대구,0
2025-07,민간,민간임대,광주,0
2025-07,민간,민간임대,대전,0
2025-07,민간,민간임대,울산,0
2025-07,민간,민간임대,세종,0
2025-07,민간,민간임대,강원,0
2025-07,민간,민간임대,충북,0
2025-07,민간,민간임대,충남,0
2025-07,민간,민간임대,전북,0
2025-07,민간,민간임대,전남,0
2025-07,민간,민간임대,경북,0
2025-07,민간,민간임대,경남,0
2025-07,민간,민간임대,제주,88
2025-07,민간,민간분양,전국,22,357
2025-07,민간,민간분양,서울,3,574
2025-07,민간,민간분양,인천,1,683
2025-07,민간,민간분양,경기,7,331
2025-07,민간,민간분양,부산,392
2025-07,민간,민간분양,대구,1,389
2025-07,민간,민간분양,광주,93
2025-07,민간,민간분양,대전,186
2025-07,민간,민간분양,울산,1,014
2025-07,민간,민간분양,세종,8
2025-07,민간,민간분양,강원,190
2025-07,민간,민간분양,충북,2,610
2025-07,민간,민간분양,충남,1,209
2025-07,민간,민간분양,전북,1,165
2025-07,민간,민간분양,전남,784
2025-07,민간,민간분양,경북,289
2025-07,민간,민간분양,경남,186
2025-07,민간,민간분양,제주,254
2025-08,총계,총계,전국,20,018
2025-08,총계,총계,서울,3,167
2025-08,총계,총계,인천,2,326
2025-08,총계,총계,경기,4,966
2025-08,총계,총계,부산,861
2025-08,총계,총계,대구,1,316
2025-08,총계,총계,광주,55
2025-08,총계,총계,대전,811
2025-08,총계,총계,울산,16
2025-08,총계,총계,세종,8
2025-08,총계,총계,강원,432
2025-08,총계,총계,충북,818
2025-08,총계,총계,충남,2,084
2025-08,총계,총계,전북,1,570
2025-08,총계,총계,전남,179
2025-08,총계,총계,경북,852
2025-08,총계,총계,경남,468
2025-08,총계,총계,제주,89
2025-08,공공부문,소계,전국,1,977
2025-08,공공부문,소계,서울,171
2025-08,공공부문,소계,인천,0
2025-08,공공부문,소계,경기,615
2025-08,공공부문,소계,부산,0
2025-08,공공부문,소계,대구,0
2025-08,공공부문,소계,광주,0
2025-08,공공부문,소계,대전,800
2025-08,공공부문,소계,울산,0
2025-08,공공부문,소계,세종,0
2025-08,공공부문,소계,강원,0
2025-08,공공부문,소계,충북,254
2025-08,공공부문,소계,충남,0
2025-08,공공부문,소계,전북,0
2025-08,공공부문,소계,전남,0
2025-08,공공부문,소계,경북,137
2025-08,공공부문,소계,경남,0
2025-08,공공부문,소계,제주,0
2025-08,합,국민임대,전국,0
2025-08,합,국민임대,서울,0
2025-08,합,국민임대,인천,0
2025-08,합,국민임대,경기,0
2025-08,합,국민임대,부산,0
2025-08,합,국민임대,대구,0
2025-08,합,국민임대,광주,0
2025-08,합,국민임대,대전,0
2025-08,합,국민임대,울산,0
2025-08,합,국민임대,세종,0
2025-08,합,국민임대,강원,0
2025-08,합,국민임대,충북,0
2025-08,합,국민임대,충남,0
2025-08,합,국민임대,전북,0
2025-08,합,국민임대,전남,0
2025-08,합,국민임대,경북,0
2025-08,합,국민임대,경남,0
2025-08,합,국민임대,제주,0
2025-08,합,공공임대,전국,1,362
2025-08,합,공공임대,서울,171
2025-08,합,공공임대,인천,0
2025-08,합,공공임대,경기,0
2025-08,합,공공임대,부산,0
2025-08,합,공공임대,대구,0
2025-08,합,공공임대,광주,0
2025-08,합,공공임대,대전,800
2025-08,합,공공임대,울산,0
2025-08,합,공공임대,세종,0
2025-08,합,공공임대,강원,0
2025-08,합,공공임대,충북,254
2025-08,합,공공임대,충남,0
2025-08,합,공공임대,전북,0
2025-08,합,공공임대,전남,0
2025-08,합,공공임대,경북,137
2025-08,합,공공임대,경남,0
2025-08,합,공공임대,제주,0
2025-08,합,공공분양,전국,615
2025-08,합,공공분양,서울,0
2025-08,합,공공분양,인천,0
2025-08,합,공공분양,경기,615
2025-08,합,공공분양,부산,0
2025-08,합,공공분양,대구,0
2025-08,합,공공분양,광주,0
2025-08,합,공공분양,대전,0
2025-08,합,공공분양,울산,0
2025-08,합,공공분양,세종,0
2025-08,합,공공분양,강원,0
2025-08,합,공공분양,충북,0
2025-08,합,공공분양,충남,0
2025-08,합,공공분양,전북,0
2025-08,합,공공분양,전남,0
2025-08,합,공공분양,경북,0
2025-08,합,공공분양,경남,0
2025-08,합,공공분양,제주,0
2025-08,지자체,소계,전국,0
2025-08,지자체,소계,서울,0
2025-08,지자체,소계,인천,0
2025-08,지자체,소계,경기,0
2025-08,지자체,소계,부산,0
2025-08,지자체,소계,대구,0
2025-08,지자체,소계,광주,0
2025-08,지자체,소계,대전,0
2025-08,지자체,소계,울산,0
2025-08,지자체,소계,세종,0
2025-08,지자체,소계,강원,0
2025-08,지자체,소계,충북,0
2025-08,지자체,소계,충남,0
2025-08,지자체,소계,전북,0
2025-08,지자체,소계,전남,0
2025-08,지자체,소계,경북,0
2025-08,지자체,소계,경남,0
2025-08,지자체,소계,제주,0
2025-08,지자체,국민임대,전국,0
2025-08,지자체,국민임대,서울,0
2025-08,지자체,국민임대,인천,0
2025-08,지자체,국민임대,경기,0
2025-08,지자체,국민임대,부산,0
2025-08,지자체,국민임대,대구,0
2025-08,지자체,국민임대,광주,0
2025-08,지자체,국민임대,대전,0
2025-08,지자체,국민임대,울산,0
2025-08,지자체,국민임대,세종,0
2025-08,지자체,국민임대,강원,0
2025-08,지자체,국민임대,충북,0
2025-08,지자체,국민임대,충남,0
2025-08,지자체,국민임대,전북,0
2025-08,지자체,국민임대,전남,0
2025-08,지자체,국민임대,경북,0
2025-08,지자체,국민임대,경남,0
2025-08,지자체,국민임대,제주,0
2025-08,지자체,공공임대,전국,0
2025-08,지자체,공공임대,서울,0
2025-08,지자체,공공임대,인천,0
2025-08,지자체,공공임대,경기,0
2025-08,지자체,공공임대,부산,0
2025-08,지자체,공공임대,대구,0
2025-08,지자체,공공임대,광주,0
2025-08,지자체,공공임대,대전,0
2025-08,지자체,공공임대,울산,0
2025-08,지자체,공공임대,세종,0
2025-08,지자체,공공임대,강원,0
2025-08,지자체,공공임대,충북,0
2025-08,지자체,공공임대,충남,0
2025-08,지자체,공공임대,전북,0
2025-08,지자체,공공임대,전남,0
2025-08,지자체,공공임대,경북,0
2025-08,지자체,공공임대,경남,0
2025-08,지자체,공공임대,제주,0
2025-08,지자체,공공분양,전국,0
2025-08,지자체,공공분양,서울,0
2025-08,지자체,공공분양,인천,0
2025-08,지자체,공공분양,경기,0
2025-08,지자체,공공분양,부산,0
2025-08,지자체,공공분양,대구,0
2025-08,지자체,공공분양,광주,0
2025-08,지자체,공공분양,대전,0
2025-08,지자체,공공분양,울산,0
2025-08,지자체,공공분양,세종,0
2025-08,지자체,공공분양,강원,0
2025-08,지자체,공공분양,충북,0
2025-08,지자체,공공분양,충남,0
2025-08,지자체,공공분양,전북,0
2025-08,지자체,공공분양,전남,0
2025-08,지자체,공공분양,경북,0
2025-08,지자체,공공분양,경남,0
2025-08,지자체,공공분양,제주,0
2025-08,LH,소계,전국,1,806
2025-08,LH,소계,서울,0
2025-08,LH,소계,인천,0
2025-08,LH,소계,경기,615
2025-08,LH,소계,부산,0
2025-08,LH,소계,대구,0
2025-08,LH,소계,광주,0
2025-08,LH,소계,대전,800
2025-08,LH,소계,울산,0
2025-08,LH,소계,세종,0
2025-08,LH,소계,강원,0
2025-08,LH,소계,충북,254
2025-08,LH,소계,충남,0
2025-08,LH,소계,전북,0
2025-08,LH,소계,전남,0
2025-08,LH,소계,경북,137
2025-08,LH,소계,경남,0
2025-08,LH,소계,제주,0
2025-08,LH,국민임대,전국,0
2025-08,LH,국민임대,서울,0
2025-08,LH,국민임대,인천,0
2025-08,LH,국민임대,경기,0
2025-08,LH,국민임대,부산,0
2025-08,LH,국민임대,대구,0
2025-08,LH,국민임대,광주,0
2025-08,LH,국민임대,대전,0
2025-08,LH,국민임대,울산,0
2025-08,LH,국민임대,세종,0
2025-08,LH,국민임대,강원,0
2025-08,LH,국민임대,충북,0
2025-08,LH,국민임대,충남,0
2025-08,LH,국민임대,전북,0
2025-08,LH,국민임대,전남,0
2025-08,LH,국민임대,경북,0
2025-08,LH,국민임대,경남,0
2025-08,LH,국민임대,제주,0
2025-08,LH,공공임대,전국,1,191
2025-08,LH,공공임대,서울,0
2025-08,LH,공공임대,인천,0
2025-08,LH,공공임대,경기,0
2025-08,LH,공공임대,부산,0
2025-08,LH,공공임대,대구,0
2025-08,LH,공공임대,광주,0
2025-08,LH,공공임대,대전,800
2025-08,LH,공공임대,울산,0
2025-08,LH,공공임대,세종,0
2025-08,LH,공공임대,강원,0
2025-08,LH,공공임대,충북,254
2025-08,LH,공공임대,충남,0
2025-08,LH,공공임대,전북,0
2025-08,LH,공공임대,전남,0
2025-08,LH,공공임대,경북,137
2025-08,LH,공공임대,경남,0
2025-08,LH,공공임대,제주,0
2025-08,LH,공공분양,전국,615
2025-08,LH,공공분양,서울,0
2025-08,LH,공공분양,인천,0
2025-08,LH,공공분양,경기,615
2025-08,LH,공공분양,부산,0
2025-08,LH,공공분양,대구,0
2025-08,LH,공공분양,광주,0
2025-08,LH,공공분양,대전,0
2025-08,LH,공공분양,울산,0
2025-08,LH,공공분양,세종,0
2025-08,LH,공공분양,강원,0
2025-08,LH,공공분양,충북,0
2025-08,LH,공공분양,충남,0
2025-08,LH,공공분양,전북,0
2025-08,LH,공공분양,전남,0
2025-08,LH,공공분양,경북,0
2025-08,LH,공공분양,경남,0
2025-08,LH,공공분양,제주,0
2025-08,주택업체,소계,전국,171
2025-08,주택업체,소계,서울,171
2025-08,주택업체,소계,인천,0
2025-08,주택업체,소계,경기,0
2025-08,주택업체,소계,부산,0
2025-08,주택업체,소계,대구,0
2025-08,주택업체,소계,광주,0
2025-08,주택업체,소계,대전,0
2025-08,주택업체,소계,울산,0
2025-08,주택업체,소계,세종,0
2025-08,주택업체,소계,강원,0
2025-08,주택업체,소계,충북,0
2025-08,주택업체,소계,충남,0
2025-08,주택업체,소계,전북,0
2025-08,주택업체,소계,전남,0
2025-08,주택업체,소계,경북,0
2025-08,주택업체,소계,경남,0
2025-08,주택업체,소계,제주,0
2025-08,주택업체,국민임대,전국,0
2025-08,주택업체,국민임대,서울,0
2025-08,주택업체,국민임대,인천,0
2025-08,주택업체,국민임대,경기,0
2025-08,주택업체,국민임대,부산,0
2025-08,주택업체,국민임대,대구,0
2025-08,주택업체,국민임대,광주,0
2025-08,주택업체,국민임대,대전,0
2025-08,주택업체,국민임대,울산,0
2025-08,주택업체,국민임대,세종,0
2025-08,주택업체,국민임대,강원,0
2025-08,주택업체,국민임대,충북,0
2025-08,주택업체,국민임대,충남,0
2025-08,주택업체,국민임대,전북,0
2025-08,주택업체,국민임대,전남,0
2025-08,주택업체,국민임대,경북,0
2025-08,주택업체,국민임대,경남,0
2025-08,주택업체,국민임대,제주,0
2025-08,주택업체,공공임대,전국,171
2025-08,주택업체,공공임대,서울,171
2025-08,주택업체,공공임대,인천,0
2025-08,주택업체,공공임대,경기,0
2025-08,주택업체,공공임대,부산,0
2025-08,주택업체,공공임대,대구,0
2025-08,주택업체,공공임대,광주,0
2025-08,주택업체,공공임대,대전,0
2025-08,주택업체,공공임대,울산,0
2025-08,주택업체,공공임대,세종,0
2025-08,주택업체,공공임대,강원,0
2025-08,주택업체,공공임대,충북,0
2025-08,주택업체,공공임대,충남,0
2025-08,주택업체,공공임대,전북,0
2025-08,주택업체,공공임대,전남,0
2025-08,주택업체,공공임대,경북,0
2025-08,주택업체,공공임대,경남,0
2025-08,주택업체,공공임대,제주,0
2025-08,주택업체,공공분양,전국,0
2025-08,주택업체,공공분양,서울,0
2025-08,주택업체,공공분양,인천,0
2025-08,주택업체,공공분양,경기,0
2025-08,주택업체,공공분양,부산,0
2025-08,주택업체,공공분양,대구,0
2025-08,주택업체,공공분양,광주,0
2025-08,주택업체,공공분양,대전,0
2025-08,주택업체,공공분양,울산,0
2025-08,주택업체,공공분양,세종,0
2025-08,주택업체,공공분양,강원,0
2025-08,주택업체,공공분양,충북,0
2025-08,주택업체,공공분양,충남,0
2025-08,주택업체,공공분양,전북,0
2025-08,주택업체,공공분양,전남,0
2025-08,주택업체,공공분양,경북,0
2025-08,주택업체,공공분양,경남,0
2025-08,주택업체,공공분양,제주,0
2025-08,민간부문,소계,전국,18,041
2025-08,민간부문,소계,서울,2,996
2025-08,민간부문,소계,인천,2,326
2025-08,민간부문,소계,경기,4,351
2025-08,민간부문,소계,부산,861
2025-08,민간부문,소계,대구,1,316
2025-08,민간부문,소계,광주,55
2025-08,민간부문,소계,대전,11
2025-08,민간부문,소계,울산,16
2025-08,민간부문,소계,세종,8
2025-08,민간부문,소계,강원,432
2025-08,민간부문,소계,충북,564
2025-08,민간부문,소계,충남,2,084
2025-08,민간부문,소계,전북,1,570
2025-08,민간부문,소계,전남,179
2025-08,민간부문,소계,경북,715
2025-08,민간부문,소계,경남,468
2025-08,민간부문,소계,제주,89
2025-08,민간,민간임대,전국,448
2025-08,민간,민간임대,서울,0
2025-08,민간,민간임대,인천,0
2025-08,민간,민간임대,경기,349
2025-08,민간,민간임대,부산,0
2025-08,민간,민간임대,대구,0
2025-08,민간,민간임대,광주,0
2025-08,민간,민간임대,대전,0
2025-08,민간,민간임대,울산,0
2025-08,민간,민간임대,세종,0
2025-08,민간,민간임대,강원,0
2025-08,민간,민간임대,충북,0
2025-08,민간,민간임대,충남,60
2025-08,민간,민간임대,전북,39
2025-08,민간,민간임대,전남,0
2025-08,민간,민간임대,경북,0
2025-08,민간,민간임대,경남,0
2025-08,민간,민간임대,제주,0
2025-08,민간,민간분양,전국,17,593
2025-08,민간,민간분양,서울,2,996
2025-08,민간,민간분양,인천,2,326
2025-08,민간,민간분양,경기,4,002
2025-08,민간,민간분양,부산,861
2025-08,민간,민간분양,대구,1,316
2025-08,민간,민간분양,광주,55
2025-08,민간,민간분양,대전,11
2025-08,민간,민간분양,울산,16
2025-08,민간,민간분양,세종,8
2025-08,민간,민간분양,강원,432
2025-08,민간,민간분양,충북,564
2025-08,민간,민간분양,충남,2,024
2025-08,민간,민간분양,전북,1,531
2025-08,민간,민간분양,전남,179
2025-08,민간,민간분양,경북,715
2025-08,민간,민간분양,경남,468
2025-08,민간,민간분양,제주,89
2025-09,총계,총계,전국,22,117
2025-09,총계,총계,서울,922
2025-09,총계,총계,인천,204
2025-09,총계,총계,경기,6,990
2025-09,총계,총계,부산,1,519
2025-09,총계,총계,대구,374
2025-09,총계,총계,광주,572
2025-09,총계,총계,대전,18
2025-09,총계,총계,울산,327
2025-09,총계,총계,세종,5
2025-09,총계,총계,강원,2,880
2025-09,총계,총계,충북,3,145
2025-09,총계,총계,충남,187
2025-09,총계,총계,전북,114
2025-09,총계,총계,전남,1,007
2025-09,총계,총계,경북,938
2025-09,총계,총계,경남,2,769
2025-09,총계,총계,제주,146
2025-09,공공부문,소계,전국,1,351
2025-09,공공부문,소계,서울,161
2025-09,공공부문,소계,인천,0
2025-09,공공부문,소계,경기,702
2025-09,공공부문,소계,부산,0
2025-09,공공부문,소계,대구,0
2025-09,공공부문,소계,광주,0
2025-09,공공부문,소계,대전,0
2025-09,공공부문,소계,울산,0
2025-09,공공부문,소계,세종,0
2025-09,공공부문,소계,강원,0
2025-09,공공부문,소계,충북,488
2025-09,공공부문,소계,충남,0
2025-09,공공부문,소계,전북,0
2025-09,공공부문,소계,전남,0
2025-09,공공부문,소계,경북,0
2025-09,공공부문,소계,경남,0
2025-09,공공부문,소계,제주,0
2025-09,합,국민임대,전국,0
2025-09,합,국민임대,서울,0
2025-09,합,국민임대,인천,0
2025-09,합,국민임대,경기,0
2025-09,합,국민임대,부산,0
2025-09,합,국민임대,대구,0
2025-09,합,국민임대,광주,0
2025-09,합,국민임대,대전,0
2025-09,합,국민임대,울산,0
2025-09,합,국민임대,세종,0
2025-09,합,국민임대,강원,0
2025-09,합,국민임대,충북,0
2025-09,합,국민임대,충남,0
2025-09,합,국민임대,전북,0
2025-09,합,국민임대,전남,0
2025-09,합,국민임대,경북,0
2025-09,합,국민임대,경남,0
2025-09,합,국민임대,제주,0
2025-09,합,공공임대,전국,883
2025-09,합,공공임대,서울,161
2025-09,합,공공임대,인천,0
2025-09,합,공공임대,경기,234
2025-09,합,공공임대,부산,0
2025-09,합,공공임대,대구,0
2025-09,합,공공임대,광주,0
2025-09,합,공공임대,대전,0
2025-09,합,공공임대,울산,0
2025-09,합,공공임대,세종,0
2025-09,합,공공임대,강원,0
2025-09,합,공공임대,충북,488
2025-09,합,공공임대,충남,0
2025-09,합,공공임대,전북,0
2025-09,합,공공임대,전남,0
2025-09,합,공공임대,경북,0
2025-09,합,공공임대,경남,0
2025-09,합,공공임대,제주,0
2025-09,합,공공분양,전국,468
2025-09,합,공공분양,서울,0
2025-09,합,공공분양,인천,0
2025-09,합,공공분양,경기,468
2025-09,합,공공분양,부산,0
2025-09,합,공공분양,대구,0
2025-09,합,공공분양,광주,0
2025-09,합,공공분양,대전,0
2025-09,합,공공분양,울산,0
2025-09,합,공공분양,세종,0
2025-09,합,공공분양,강원,0
2025-09,합,공공분양,충북,0
2025-09,합,공공분양,충남,0
2025-09,합,공공분양,전북,0
2025-09,합,공공분양,전남,0
2025-09,합,공공분양,경북,0
2025-09,합,공공분양,경남,0
2025-09,합,공공분양,제주,0
2025-09,지자체,소계,전국,0
2025-09,지자체,소계,서울,0
2025-09,지자체,소계,인천,0
2025-09,지자체,소계,경기,0
2025-09,지자체,소계,부산,0
2025-09,지자체,소계,대구,0
2025-09,지자체,소계,광주,0
2025-09,지자체,소계,대전,0
2025-09,지자체,소계,울산,0
2025-09,지자체,소계,세종,0
2025-09,지자체,소계,강원,0
2025-09,지자체,소계,충북,0
2025-09,지자체,소계,충남,0
2025-09,지자체,소계,전북,0
2025-09,지자체,소계,전남,0
2025-09,지자체,소계,경북,0
2025-09,지자체,소계,경남,0
2025-09,지자체,소계,제주,0
2025-09,지자체,국민임대,전국,0
2025-09,지자체,국민임대,서울,0
2025-09,지자체,국민임대,인천,0
2025-09,지자체,국민임대,경기,0
2025-09,지자체,국민임대,부산,0
2025-09,지자체,국민임대,대구,0
2025-09,지자체,국민임대,광주,0
2025-09,지자체,국민임대,대전,0
2025-09,지자체,국민임대,울산,0
2025-09,지자체,국민임대,세종,0
2025-09,지자체,국민임대,강원,0
2025-09,지자체,국민임대,충북,0
2025-09,지자체,국민임대,충남,0
2025-09,지자체,국민임대,전북,0
2025-09,지자체,국민임대,전남,0
2025-09,지자체,국민임대,경북,0
2025-09,지자체,국민임대,경남,0
2025-09,지자체,국민임대,제주,0
2025-09,지자체,공공임대,전국,0
2025-09,지자체,공공임대,서울,0
2025-09,지자체,공공임대,인천,0
2025-09,지자체,공공임대,경기,0
2025-09,지자체,공공임대,부산,0
2025-09,지자체,공공임대,대구,0
2025-09,지자체,공공임대,광주,0
2025-09,지자체,공공임대,대전,0
2025-09,지자체,공공임대,울산,0
2025-09,지자체,공공임대,세종,0
2025-09,지자체,공공임대,강원,0
2025-09,지자체,공공임대,충북,0
2025-09,지자체,공공임대,충남,0
2025-09,지자체,공공임대,전북,0
2025-09,지자체,공공임대,전남,0
2025-09,지자체,공공임대,경북,0
2025-09,지자체,공공임대,경남,0
2025-09,지자체,공공임대,제주,0
2025-09,지자체,공공분양,전국,0
2025-09,지자체,공공분양,서울,0
2025-09,지자체,공공분양,인천,0
2025-09,지자체,공공분양,경기,0
2025-09,지자체,공공분양,부산,0
2025-09,지자체,공공분양,대구,0
2025-09,지자체,공공분양,광주,0
2025-09,지자체,공공분양,대전,0
2025-09,지자체,공공분양,울산,0
2025-09,지자체,공공분양,세종,0
2025-09,지자체,공공분양,강원,0
2025-09,지자체,공공분양,충북,0
2025-09,지자체,공공분양,충남,0
2025-09,지자체,공공분양,전북,0
2025-09,지자체,공공분양,전남,0
2025-09,지자체,공공분양,경북,0
2025-09,지자체,공공분양,경남,0
2025-09,지자체,공공분양,제주,0
2025-09,LH,소계,전국,1,190
2025-09,LH,소계,서울,0
2025-09,LH,소계,인천,0
2025-09,LH,소계,경기,702
2025-09,LH,소계,부산,0
2025-09,LH,소계,대구,0
2025-09,LH,소계,광주,0
2025-09,LH,소계,대전,0
2025-09,LH,소계,울산,0
2025-09,LH,소계,세종,0
2025-09,LH,소계,강원,0
2025-09,LH,소계,충북,488
2025-09,LH,소계,충남,0
2025-09,LH,소계,전북,0
2025-09,LH,소계,전남,0
2025-09,LH,소계,경북,0
2025-09,LH,소계,경남,0
2025-09,LH,소계,제주,0
2025-09,LH,국민임대,전국,0
2025-09,LH,국민임대,서울,0
2025-09,LH,국민임대,인천,0
2025-09,LH,국민임대,경기,0
2025-09,LH,국민임대,부산,0
2025-09,LH,국민임대,대구,0
2025-09,LH,국민임대,광주,0
2025-09,LH,국민임대,대전,0
2025-09,LH,국민임대,울산,0
2025-09,LH,국민임대,세종,0
2025-09,LH,국민임대,강원,0
2025-09,LH,국민임대,충북,0
2025-09,LH,국민임대,충남,0
2025-09,LH,국민임대,전북,0
2025-09,LH,국민임대,전남,0
2025-09,LH,국민임대,경북,0
2025-09,LH,국민임대,경남,0
2025-09,LH,국민임대,제주,0
2025-09,LH,공공임대,전국,722
2025-09,LH,공공임대,서울,0
2025-09,LH,공공임대,인천,0
2025-09,LH,공공임대,경기,234
2025-09,LH,공공임대,부산,0
2025-09,LH,공공임대,대구,0
2025-09,LH,공공임대,광주,0
2025-09,LH,공공임대,대전,0
2025-09,LH,공공임대,울산,0
2025-09,LH,공공임대,세종,0
2025-09,LH,공공임대,강원,0
2025-09,LH,공공임대,충북,488
2025-09,LH,공공임대,충남,0
2025-09,LH,공공임대,전북,0
2025-09,LH,공공임대,전남,0
2025-09,LH,공공임대,경북,0
2025-09,LH,공공임대,경남,0
2025-09,LH,공공임대,제주,0
2025-09,LH,공공분양,전국,468
2025-09,LH,공공분양,서울,0
2025-09,LH,공공분양,인천,0
2025-09,LH,공공분양,경기,468
2025-09,LH,공공분양,부산,0
2025-09,LH,공공분양,대구,0
2025-09,LH,공공분양,광주,0
2025-09,LH,공공분양,대전,0
2025-09,LH,공공분양,울산,0
2025-09,LH,공공분양,세종,0
2025-09,LH,공공분양,강원,0
2025-09,LH,공공분양,충북,0
2025-09,LH,공공분양,충남,0
2025-09,LH,공공분양,전북,0
2025-09,LH,공공분양,전남,0
2025-09,LH,공공분양,경북,0
2025-09,LH,공공분양,경남,0
2025-09,LH,공공분양,제주,0
2025-09,주택업체,소계,전국,161
2025-09,주택업체,소계,서울,161
2025-09,주택업체,소계,인천,0
2025-09,주택업체,소계,경기,0
2025-09,주택업체,소계,부산,0
2025-09,주택업체,소계,대구,0
2025-09,주택업체,소계,광주,0
2025-09,주택업체,소계,대전,0
2025-09,주택업체,소계,울산,0
2025-09,주택업체,소계,세종,0
2025-09,주택업체,소계,강원,0
2025-09,주택업체,소계,충북,0
2025-09,주택업체,소계,충남,0
2025-09,주택업체,소계,전북,0
2025-09,주택업체,소계,전남,0
2025-09,주택업체,소계,경북,0
2025-09,주택업체,소계,경남,0
2025-09,주택업체,소계,제주,0
2025-09,주택업체,국민임대,전국,0
2025-09,주택업체,국민임대,서울,0
2025-09,주택업체,국민임대,인천,0
2025-09,주택업체,국민임대,경기,0
2025-09,주택업체,국민임대,부산,0
2025-09,주택업체,국민임대,대구,0
2025-09,주택업체,국민임대,광주,0
2025-09,주택업체,국민임대,대전,0
2025-09,주택업체,국민임대,울산,0
2025-09,주택업체,국민임대,세종,0
2025-09,주택업체,국민임대,강원,0
2025-09,주택업체,국민임대,충북,0
2025-09,주택업체,국민임대,충남,0
2025-09,주택업체,국민임대,전북,0
2025-09,주택업체,국민임대,전남,0
2025-09,주택업체,국민임대,경북,0
2025-09,주택업체,국민임대,경남,0
2025-09,주택업체,국민임대,제주,0
2025-09,주택업체,공공임대,전국,161
2025-09,주택업체,공공임대,서울,161
2025-09,주택업체,공공임대,인천,0
2025-09,주택업체,공공임대,경기,0
2025-09,주택업체,공공임대,부산,0
2025-09,주택업체,공공임대,대구,0
2025-09,주택업체,공공임대,광주,0
2025-09,주택업체,공공임대,대전,0
2025-09,주택업체,공공임대,울산,0
2025-09,주택업체,공공임대,세종,0
2025-09,주택업체,공공임대,강원,0
2025-09,주택업체,공공임대,충북,0
2025-09,주택업체,공공임대,충남,0
2025-09,주택업체,공공임대,전북,0
2025-09,주택업체,공공임대,전남,0
2025-09,주택업체,공공임대,경북,0
2025-09,주택업체,공공임대,경남,0
2025-09,주택업체,공공임대,제주,0
2025-09,주택업체,공공분양,전국,0
2025-09,주택업체,공공분양,서울,0
2025-09,주택업체,공공분양,인천,0
2025-09,주택업체,공공분양,경기,0
2025-09,주택업체,공공분양,부산,0
2025-09,주택업체,공공분양,대구,0
2025-09,주택업체,공공분양,광주,0
2025-09,주택업체,공공분양,대전,0
2025-09,주택업체,공공분양,울산,0
2025-09,주택업체,공공분양,세종,0
2025-09,주택업체,공공분양,강원,0
2025-09,주택업체,공공분양,충북,0
2025-09,주택업체,공공분양,충남,0
2025-09,주택업체,공공분양,전북,0
2025-09,주택업체,공공분양,전남,0
2025-09,주택업체,공공분양,경북,0
2025-09,주택업체,공공분양,경남,0
2025-09,주택업체,공공분양,제주,0
2025-09,민간부문,소계,전국,20,766
2025-09,민간부문,소계,서울,761
2025-09,민간부문,소계,인천,204
2025-09,민간부문,소계,경기,6,288
2025-09,민간부문,소계,부산,1,519
2025-09,민간부문,소계,대구,374
2025-09,민간부문,소계,광주,572
2025-09,민간부문,소계,대전,18
2025-09,민간부문,소계,울산,327
2025-09,민간부문,소계,세종,5
2025-09,민간부문,소계,강원,2,880
2025-09,민간부문,소계,충북,2,657
2025-09,민간부문,소계,충남,187
2025-09,민간부문,소계,전북,114
2025-09,민간부문,소계,전남,1,007
2025-09,민간부문,소계,경북,938
2025-09,민간부문,소계,경남,2,769
2025-09,민간부문,소계,제주,146
2025-09,민간,민간임대,전국,3,317
2025-09,민간,민간임대,서울,211
2025-09,민간,민간임대,인천,0
2025-09,민간,민간임대,경기,872
2025-09,민간,민간임대,부산,0
2025-09,민간,민간임대,대구,0
2025-09,민간,민간임대,광주,0
2025-09,민간,민간임대,대전,0
2025-09,민간,민간임대,울산,0
2025-09,민간,민간임대,세종,0
2025-09,민간,민간임대,강원,1,114
2025-09,민간,민간임대,충북,70
2025-09,민간,민간임대,충남,0
2025-09,민간,민간임대,전북,0
2025-09,민간,민간임대,전남,226
2025-09,민간,민간임대,경북,0
2025-09,민간,민간임대,경남,824
2025-09,민간,민간임대,제주,0
2025-09,민간,민간분양,전국,17,449
2025-09,민간,민간분양,서울,550
2025-09,민간,민간분양,인천,204
2025-09,민간,민간분양,경기,5,416
2025-09,민간,민간분양,부산,1,519
2025-09,민간,민간분양,대구,374
2025-09,민간,민간분양,광주,572
2025-09,민간,민간분양,대전,18
2025-09,민간,민간분양,울산,327
2025-09,민간,민간분양,세종,5
2025-09,민간,민간분양,강원,1,766
2025-09,민간,민간분양,충북,2,587
2025-09,민간,민간분양,충남,187
2025-09,민간,민간분양,전북,114
2025-09,민간,민간분양,전남,781
2025-09,민간,민간분양,경북,938
2025-09,민간,민간분양,경남,1,945
2025-09,민간,민간분양,제주,146
2025-10 p),총계,총계,전국,21,904
2025-10 p),총계,총계,서울,2,025
2025-10 p),총계,총계,인천,1,504
2025-10 p),총계,총계,경기,3,564
2025-10 p),총계,총계,부산,17
2025-10 p),총계,총계,대구,753
2025-10 p),총계,총계,광주,9
2025-10 p),총계,총계,대전,945
2025-10 p),총계,총계,울산,14
2025-10 p),총계,총계,세종,245
2025-10 p),총계,총계,강원,2,229
2025-10 p),총계,총계,충북,2,826
2025-10 p),총계,총계,충남,2,592
2025-10 p),총계,총계,전북,664
2025-10 p),총계,총계,전남,602
2025-10 p),총계,총계,경북,3,162
2025-10 p),총계,총계,경남,115
2025-10 p),총계,총계,제주,638
2025-10 p),공공부문,소계,전국,1,023
2025-10 p),공공부문,소계,서울,318
2025-10 p),공공부문,소계,인천,0
2025-10 p),공공부문,소계,경기,7
2025-10 p),공공부문,소계,부산,0
2025-10 p),공공부문,소계,대구,0
2025-10 p),공공부문,소계,광주,0
2025-10 p),공공부문,소계,대전,0
2025-10 p),공공부문,소계,울산,0
2025-10 p),공공부문,소계,세종,238
2025-10 p),공공부문,소계,강원,0
2025-10 p),공공부문,소계,충북,0
2025-10 p),공공부문,소계,충남,0
2025-10 p),공공부문,소계,전북,0
2025-10 p),공공부문,소계,전남,460
2025-10 p),공공부문,소계,경북,0
2025-10 p),공공부문,소계,경남,0
2025-10 p),공공부문,소계,제주,0
2025-10 p),합,국민임대,전국,400
2025-10 p),합,국민임대,서울,0
2025-10 p),합,국민임대,인천,0
2025-10 p),합,국민임대,경기,0
2025-10 p),합,국민임대,부산,0
2025-10 p),합,국민임대,대구,0
2025-10 p),합,국민임대,광주,0
2025-10 p),합,국민임대,대전,0
2025-10 p),합,국민임대,울산,0
2025-10 p),합,국민임대,세종,0
2025-10 p),합,국민임대,강원,0
2025-10 p),합,국민임대,충북,0
2025-10 p),합,국민임대,충남,0
2025-10 p),합,국민임대,전북,0
2025-10 p),합,국민임대,전남,400
2025-10 p),합,국민임대,경북,0
2025-10 p),합,국민임대,경남,0
2025-10 p),합,국민임대,제주,0
2025-10 p),합,공공임대,전국,623
2025-10 p),합,공공임대,서울,318
2025-10 p),합,공공임대,인천,0
2025-10 p),합,공공임대,경기,7
2025-10 p),합,공공임대,부산,0
2025-10 p),합,공공임대,대구,0
2025-10 p),합,공공임대,광주,0
2025-10 p),합,공공임대,대전,0
2025-10 p),합,공공임대,울산,0
2025-10 p),합,공공임대,세종,238
2025-10 p),합,공공임대,강원,0
2025-10 p),합,공공임대,충북,0
2025-10 p),합,공공임대,충남,0
2025-10 p),합,공공임대,전북,0
2025-10 p),합,공공임대,전남,60
2025-10 p),합,공공임대,경북,0
2025-10 p),합,공공임대,경남,0
2025-10 p),합,공공임대,제주,0
2025-10 p),합,공공분양,전국,0
2025-10 p),합,공공분양,서울,0
2025-10 p),합,공공분양,인천,0
2025-10 p),합,공공분양,경기,0
2025-10 p),합,공공분양,부산,0
2025-10 p),합,공공분양,대구,0
2025-10 p),합,공공분양,광주,0
2025-10 p),합,공공분양,대전,0
2025-10 p),합,공공분양,울산,0
2025-10 p),합,공공분양,세종,0
2025-10 p),합,공공분양,강원,0
2025-10 p),합,공공분양,충북,0
2025-10 p),합,공공분양,충남,0
2025-10 p),합,공공분양,전북,0
2025-10 p),합,공공분양,전남,0
2025-10 p),합,공공분양,경북,0
2025-10 p),합,공공분양,경남,0
2025-10 p),합,공공분양,제주,0
2025-10 p),지자체,소계,전국,0
2025-10 p),지자체,소계,서울,0
2025-10 p),지자체,소계,인천,0
2025-10 p),지자체,소계,경기,0
2025-10 p),지자체,소계,부산,0
2025-10 p),지자체,소계,대구,0
2025-10 p),지자체,소계,광주,0
2025-10 p),지자체,소계,대전,0
2025-10 p),지자체,소계,울산,0
2025-10 p),지자체,소계,세종,0
2025-10 p),지자체,소계,강원,0
2025-10 p),지자체,소계,충북,0
2025-10 p),지자체,소계,충남,0
2025-10 p),지자체,소계,전북,0
2025-10 p),지자체,소계,전남,0
2025-10 p),지자체,소계,경북,0
2025-10 p),지자체,소계,경남,0
2025-10 p),지자체,소계,제주,0
2025-10 p),지자체,국민임대,전국,0
2025-10 p),지자체,국민임대,서울,0
2025-10 p),지자체,국민임대,인천,0
2025-10 p),지자체,국민임대,경기,0
2025-10 p),지자체,국민임대,부산,0
2025-10 p),지자체,국민임대,대구,0
2025-10 p),지자체,국민임대,광주,0
2025-10 p),지자체,국민임대,대전,0
2025-10 p),지자체,국민임대,울산,0
2025-10 p),지자체,국민임대,세종,0
2025-10 p),지자체,국민임대,강원,0
2025-10 p),지자체,국민임대,충북,0
2025-10 p),지자체,국민임대,충남,0
2025-10 p),지자체,국민임대,전북,0
2025-10 p),지자체,국민임대,전남,0
2025-10 p),지자체,국민임대,경북,0
2025-10 p),지자체,국민임대,경남,0
2025-10 p),지자체,국민임대,제주,0
2025-10 p),지자체,공공임대,전국,0
2025-10 p),지자체,공공임대,서울,0
2025-10 p),지자체,공공임대,인천,0
2025-10 p),지자체,공공임대,경기,0
2025-10 p),지자체,공공임대,부산,0
2025-10 p),지자체,공공임대,대구,0
2025-10 p),지자체,공공임대,광주,0
2025-10 p),지자체,공공임대,대전,0
2025-10 p),지자체,공공임대,울산,0
2025-10 p),지자체,공공임대,세종,0
2025-10 p),지자체,공공임대,강원,0
2025-10 p),지자체,공공임대,충북,0
2025-10 p),지자체,공공임대,충남,0
2025-10 p),지자체,공공임대,전북,0
2025-10 p),지자체,공공임대,전남,0
2025-10 p),지자체,공공임대,경북,0
2025-10 p),지자체,공공임대,경남,0
2025-10 p),지자체,공공임대,제주,0
2025-10 p),지자체,공공분양,전국,0
2025-10 p),지자체,공공분양,서울,0
2025-10 p),지자체,공공분양,인천,0
2025-10 p),지자체,공공분양,경기,0
2025-10 p),지자체,공공분양,부산,0
2025-10 p),지자체,공공분양,대구,0
2025-10 p),지자체,공공분양,광주,0
2025-10 p),지자체,공공분양,대전,0
2025-10 p),지자체,공공분양,울산,0
2025-10 p),지자체,공공분양,세종,0
2025-10 p),지자체,공공분양,강원,0
2025-10 p),지자체,공공분양,충북,0
2025-10 p),지자체,공공분양,충남,0
2025-10 p),지자체,공공분양,전북,0
2025-10 p),지자체,공공분양,전남,0
2025-10 p),지자체,공공분양,경북,0
2025-10 p),지자체,공공분양,경남,0
2025-10 p),지자체,공공분양,제주,0
2025-10 p),LH,소계,전국,708
2025-10 p),LH,소계,서울,10
2025-10 p),LH,소계,인천,0
2025-10 p),LH,소계,경기,0
2025-10 p),LH,소계,부산,0
2025-10 p),LH,소계,대구,0
2025-10 p),LH,소계,광주,0
2025-10 p),LH,소계,대전,0
2025-10 p),LH,소계,울산,0
2025-10 p),LH,소계,세종,238
2025-10 p),LH,소계,강원,0
2025-10 p),LH,소계,충북,0
2025-10 p),LH,소계,충남,0
2025-10 p),LH,소계,전북,0
2025-10 p),LH,소계,전남,460
2025-10 p),LH,소계,경북,0
2025-10 p),LH,소계,경남,0
2025-10 p),LH,소계,제주,0
2025-10 p),LH,국민임대,전국,400
2025-10 p),LH,국민임대,서울,0
2025-10 p),LH,국민임대,인천,0
2025-10 p),LH,국민임대,경기,0
2025-10 p),LH,국민임대,부산,0
2025-10 p),LH,국민임대,대구,0
2025-10 p),LH,국민임대,광주,0
2025-10 p),LH,국민임대,대전,0
2025-10 p),LH,국민임대,울산,0
2025-10 p),LH,국민임대,세종,0
2025-10 p),LH,국민임대,강원,0
2025-10 p),LH,국민임대,충북,0
2025-10 p),LH,국민임대,충남,0
2025-10 p),LH,국민임대,전북,0
2025-10 p),LH,국민임대,전남,400
2025-10 p),LH,국민임대,경북,0
2025-10 p),LH,국민임대,경남,0
2025-10 p),LH,국민임대,제주,0
2025-10 p),LH,공공임대,전국,308
2025-10 p),LH,공공임대,서울,10
2025-10 p),LH,공공임대,인천,0
2025-10 p),LH,공공임대,경기,0
2025-10 p),LH,공공임대,부산,0
2025-10 p),LH,공공임대,대구,0
2025-10 p),LH,공공임대,광주,0
2025-10 p),LH,공공임대,대전,0
2025-10 p),LH,공공임대,울산,0
2025-10 p),LH,공공임대,세종,238
2025-10 p),LH,공공임대,강원,0
2025-10 p),LH,공공임대,충북,0
2025-10 p),LH,공공임대,충남,0
2025-10 p),LH,공공임대,전북,0
2025-10 p),LH,공공임대,전남,60
2025-10 p),LH,공공임대,경북,0
2025-10 p),LH,공공임대,경남,0
2025-10 p),LH,공공임대,제주,0
2025-10 p),LH,공공분양,전국,0
2025-10 p),LH,공공분양,서울,0
2025-10 p),LH,공공분양,인천,0
2025-10 p),LH,공공분양,경기,0
2025-10 p),LH,공공분양,부산,0
2025-10 p),LH,공공분양,대구,0
2025-10 p),LH,공공분양,광주,0
2025-10 p),LH,공공분양,대전,0
2025-10 p),LH,공공분양,울산,0
2025-10 p),LH,공공분양,세종,0
2025-10 p),LH,공공분양,강원,0
2025-10 p),LH,공공분양,충북,0
2025-10 p),LH,공공분양,충남,0
2025-10 p),LH,공공분양,전북,0
2025-10 p),LH,공공분양,전남,0
2025-10 p),LH,공공분양,경북,0
2025-10 p),LH,공공분양,경남,0
2025-10 p),LH,공공분양,제주,0
2025-10 p),주택업체,소계,전국,315
2025-10 p),주택업체,소계,서울,308
2025-10 p),주택업체,소계,인천,0
2025-10 p),주택업체,소계,경기,7
2025-10 p),주택업체,소계,부산,0
2025-10 p),주택업체,소계,대구,0
2025-10 p),주택업체,소계,광주,0
2025-10 p),주택업체,소계,대전,0
2025-10 p),주택업체,소계,울산,0
2025-10 p),주택업체,소계,세종,0
2025-10 p),주택업체,소계,강원,0
2025-10 p),주택업체,소계,충북,0
2025-10 p),주택업체,소계,충남,0
2025-10 p),주택업체,소계,전북,0
2025-10 p),주택업체,소계,전남,0
2025-10 p),주택업체,소계,경북,0
2025-10 p),주택업체,소계,경남,0
2025-10 p),주택업체,소계,제주,0
2025-10 p),주택업체,국민임대,전국,0
2025-10 p),주택업체,국민임대,서울,0
2025-10 p),주택업체,국민임대,인천,0
2025-10 p),주택업체,국민임대,경기,0
2025-10 p),주택업체,국민임대,부산,0
2025-10 p),주택업체,국민임대,대구,0
2025-10 p),주택업체,국민임대,광주,0
2025-10 p),주택업체,국민임대,대전,0
2025-10 p),주택업체,국민임대,울산,0
2025-10 p),주택업체,국민임대,세종,0
2025-10 p),주택업체,국민임대,강원,0
2025-10 p),주택업체,국민임대,충북,0
2025-10 p),주택업체,국민임대,충남,0
2025-10 p),주택업체,국민임대,전북,0
2025-10 p),주택업체,국민임대,전남,0
2025-10 p),주택업체,국민임대,경북,0
2025-10 p),주택업체,국민임대,경남,0
2025-10 p),주택업체,국민임대,제주,0
2025-10 p),주택업체,공공임대,전국,315
2025-10 p),주택업체,공공임대,서울,308
2025-10 p),주택업체,공공임대,인천,0
2025-10 p),주택업체,공공임대,경기,7
2025-10 p),주택업체,공공임대,부산,0
2025-10 p),주택업체,공공임대,대구,0
2025-10 p),주택업체,공공임대,광주,0
2025-10 p),주택업체,공공임대,대전,0
2025-10 p),주택업체,공공임대,울산,0
2025-10 p),주택업체,공공임대,세종,0
2025-10 p),주택업체,공공임대,강원,0
2025-10 p),주택업체,공공임대,충북,0
2025-10 p),주택업체,공공임대,충남,0
2025-10 p),주택업체,공공임대,전북,0
2025-10 p),주택업체,공공임대,전남,0
2025-10 p),주택업체,공공임대,경북,0
2025-10 p),주택업체,공공임대,경남,0
2025-10 p),주택업체,공공임대,제주,0
2025-10 p),주택업체,공공분양,전국,0
2025-10 p),주택업체,공공분양,서울,0
2025-10 p),주택업체,공공분양,인천,0
2025-10 p),주택업체,공공분양,경기,0
2025-10 p),주택업체,공공분양,부산,0
2025-10 p),주택업체,공공분양,대구,0
2025-10 p),주택업체,공공분양,광주,0
2025-10 p),주택업체,공공분양,대전,0
2025-10 p),주택업체,공공분양,울산,0
2025-10 p),주택업체,공공분양,세종,0
2025-10 p),주택업체,공공분양,강원,0
2025-10 p),주택업체,공공분양,충북,0
2025-10 p),주택업체,공공분양,충남,0
2025-10 p),주택업체,공공분양,전북,0
2025-10 p),주택업체,공공분양,전남,0
2025-10 p),주택업체,공공분양,경북,0
2025-10 p),주택업체,공공분양,경남,0
2025-10 p),주택업체,공공분양,제주,0
2025-10 p),민간부문,소계,전국,20,881
2025-10 p),민간부문,소계,서울,1,707
2025-10 p),민간부문,소계,인천,1,504
2025-10 p),민간부문,소계,경기,3,557
2025-10 p),민간부문,소계,부산,17
2025-10 p),민간부문,소계,대구,753
2025-10 p),민간부문,소계,광주,9
2025-10 p),민간부문,소계,대전,945
2025-10 p),민간부문,소계,울산,14
2025-10 p),민간부문,소계,세종,7
2025-10 p),민간부문,소계,강원,2,229
2025-10 p),민간부문,소계,충북,2,826
2025-10 p),민간부문,소계,충남,2,592
2025-10 p),민간부문,소계,전북,664
2025-10 p),민간부문,소계,전남,142
2025-10 p),민간부문,소계,경북,3,162
2025-10 p),민간부문,소계,경남,115
2025-10 p),민간부문,소계,제주,638
2025-10 p),민간,민간임대,전국,576
2025-10 p),민간,민간임대,서울,309
2025-10 p),민간,민간임대,인천,0
2025-10 p),민간,민간임대,경기,98
2025-10 p),민간,민간임대,부산,0
2025-10 p),민간,민간임대,대구,0
2025-10 p),민간,민간임대,광주,0
2025-10 p),민간,민간임대,대전,0
2025-10 p),민간,민간임대,울산,0
2025-10 p),민간,민간임대,세종,0
2025-10 p),민간,민간임대,강원,0
2025-10 p),민간,민간임대,충북,169
2025-10 p),민간,민간임대,충남,0
2025-10 p),민간,민간임대,전북,0
2025-10 p),민간,민간임대,전남,0
2025-10 p),민간,민간임대,경북,0
2025-10 p),민간,민간임대,경남,0
2025-10 p),민간,민간임대,제주,0
2025-10 p),민간,민간분양,전국,20,305
2025-10 p),민간,민간분양,서울,1,398
2025-10 p),민간,민간분양,인천,1,504
2025-10 p),민간,민간분양,경기,3,459
2025-10 p),민간,민간분양,부산,17
2025-10 p),민간,민간분양,대구,753
2025-10 p),민간,민간분양,광주,9
2025-10 p),민간,민간분양,대전,945
2025-10 p),민간,민간분양,울산,14
2025-10 p),민간,민간분양,세종,7
2025-10 p),민간,민간분양,강원,2,229
2025-10 p),민간,민간분양,충북,2,657
2025-10 p),민간,민간분양,충남,2,592
2025-10 p),민간,민간분양,전북,664
2025-10 p),민간,민간분양,전남,142
2025-10 p),민간,민간분양,경북,3,162
2025-10 p),민간,민간분양,경남,115
2025-10 p),민간,민간분양,제주,638