월(Monthly),구  분,부문명,시도별,사용검사실적
2019-01,총계,총계,전국,47,921
2019-01,총계,총계,서울,3,893
2019-01,총계,총계,인천,1,299
2019-01,총계,총계,경기,17,297
2019-01,총계,총계,부산,1,707
2019-01,총계,총계,대구,264
2019-01,총계,총계,광주,1,797
2019-01,총계,총계,대전,156
2019-01,총계,총계,울산,2,558
2019-01,총계,총계,세종,442
2019-01,총계,총계,강원,2,138
2019-01,총계,총계,충북,984
2019-01,총계,총계,충남,1,722
2019-01,총계,총계,전북,3,620
2019-01,총계,총계,전남,1,333
2019-01,총계,총계,경북,5,071
2019-01,총계,총계,경남,2,438
2019-01,총계,총계,제주,1,202
2019-01,공공부문,소계,전국,5,698
2019-01,공공부문,소계,서울,453
2019-01,공공부문,소계,인천,0
2019-01,공공부문,소계,경기,607
2019-01,공공부문,소계,부산,0
2019-01,공공부문,소계,대구,0
2019-01,공공부문,소계,광주,0
2019-01,공공부문,소계,대전,0
2019-01,공공부문,소계,울산,1,715
2019-01,공공부문,소계,세종,60
2019-01,공공부문,소계,강원,0
2019-01,공공부문,소계,충북,602
2019-01,공공부문,소계,충남,770
2019-01,공공부문,소계,전북,625
2019-01,공공부문,소계,전남,0
2019-01,공공부문,소계,경북,866
2019-01,공공부문,소계,경남,0
2019-01,공공부문,소계,제주,0
2019-01,합,국민임대,전국,0
2019-01,합,국민임대,서울,0
2019-01,합,국민임대,인천,0
2019-01,합,국민임대,경기,0
2019-01,합,국민임대,부산,0
2019-01,합,국민임대,대구,0
2019-01,합,국민임대,광주,0
2019-01,합,국민임대,대전,0
2019-01,합,국민임대,울산,0
2019-01,합,국민임대,세종,0
2019-01,합,국민임대,강원,0
2019-01,합,국민임대,충북,0
2019-01,합,국민임대,충남,0
2019-01,합,국민임대,전북,0
2019-01,합,국민임대,전남,0
2019-01,합,국민임대,경북,0
2019-01,합,국민임대,경남,0
2019-01,합,국민임대,제주,0
2019-01,합,공공임대,전국,4,362
2019-01,합,공공임대,서울,453
2019-01,합,공공임대,인천,0
2019-01,합,공공임대,경기,41
2019-01,합,공공임대,부산,0
2019-01,합,공공임대,대구,0
2019-01,합,공공임대,광주,0
2019-01,합,공공임대,대전,0
2019-01,합,공공임대,울산,1,715
2019-01,합,공공임대,세종,60
2019-01,합,공공임대,강원,0
2019-01,합,공공임대,충북,602
2019-01,합,공공임대,충남,0
2019-01,합,공공임대,전북,625
2019-01,합,공공임대,전남,0
2019-01,합,공공임대,경북,866
2019-01,합,공공임대,경남,0
2019-01,합,공공임대,제주,0
2019-01,합,공공분양,전국,1,336
2019-01,합,공공분양,서울,0
2019-01,합,공공분양,인천,0
2019-01,합,공공분양,경기,566
2019-01,합,공공분양,부산,0
2019-01,합,공공분양,대구,0
2019-01,합,공공분양,광주,0
2019-01,합,공공분양,대전,0
2019-01,합,공공분양,울산,0
2019-01,합,공공분양,세종,0
2019-01,합,공공분양,강원,0
2019-01,합,공공분양,충북,0
2019-01,합,공공분양,충남,770
2019-01,합,공공분양,전북,0
2019-01,합,공공분양,전남,0
2019-01,합,공공분양,경북,0
2019-01,합,공공분양,경남,0
2019-01,합,공공분양,제주,0
2019-01,지자체,소계,전국,0
2019-01,지자체,소계,서울,0
2019-01,지자체,소계,인천,0
2019-01,지자체,소계,경기,0
2019-01,지자체,소계,부산,0
2019-01,지자체,소계,대구,0
2019-01,지자체,소계,광주,0
2019-01,지자체,소계,대전,0
2019-01,지자체,소계,울산,0
2019-01,지자체,소계,세종,0
2019-01,지자체,소계,강원,0
2019-01,지자체,소계,충북,0
2019-01,지자체,소계,충남,0
2019-01,지자체,소계,전북,0
2019-01,지자체,소계,전남,0
2019-01,지자체,소계,경북,0
2019-01,지자체,소계,경남,0
2019-01,지자체,소계,제주,0
2019-01,지자체,국민임대,전국,0
2019-01,지자체,국민임대,서울,0
2019-01,지자체,국민임대,인천,0
2019-01,지자체,국민임대,경기,0
2019-01,지자체,국민임대,부산,0
2019-01,지자체,국민임대,대구,0
2019-01,지자체,국민임대,광주,0
2019-01,지자체,국민임대,대전,0
2019-01,지자체,국민임대,울산,0
2019-01,지자체,국민임대,세종,0
2019-01,지자체,국민임대,강원,0
2019-01,지자체,국민임대,충북,0
2019-01,지자체,국민임대,충남,0
2019-01,지자체,국민임대,전북,0
2019-01,지자체,국민임대,전남,0
2019-01,지자체,국민임대,경북,0
2019-01,지자체,국민임대,경남,0
2019-01,지자체,국민임대,제주,0
2019-01,지자체,공공임대,전국,0
2019-01,지자체,공공임대,서울,0
2019-01,지자체,공공임대,인천,0
2019-01,지자체,공공임대,경기,0
2019-01,지자체,공공임대,부산,0
2019-01,지자체,공공임대,대구,0
2019-01,지자체,공공임대,광주,0
2019-01,지자체,공공임대,대전,0
2019-01,지자체,공공임대,울산,0
2019-01,지자체,공공임대,세종,0
2019-01,지자체,공공임대,강원,0
2019-01,지자체,공공임대,충북,0
2019-01,지자체,공공임대,충남,0
2019-01,지자체,공공임대,전북,0
2019-01,지자체,공공임대,전남,0
2019-01,지자체,공공임대,경북,0
2019-01,지자체,공공임대,경남,0
2019-01,지자체,공공임대,제주,0
2019-01,지자체,공공분양,전국,0
2019-01,지자체,공공분양,서울,0
2019-01,지자체,공공분양,인천,0
2019-01,지자체,공공분양,경기,0
2019-01,지자체,공공분양,부산,0
2019-01,지자체,공공분양,대구,0
2019-01,지자체,공공분양,광주,0
2019-01,지자체,공공분양,대전,0
2019-01,지자체,공공분양,울산,0
2019-01,지자체,공공분양,세종,0
2019-01,지자체,공공분양,강원,0
2019-01,지자체,공공분양,충북,0
2019-01,지자체,공공분양,충남,0
2019-01,지자체,공공분양,전북,0
2019-01,지자체,공공분양,전남,0
2019-01,지자체,공공분양,경북,0
2019-01,지자체,공공분양,경남,0
2019-01,지자체,공공분양,제주,0
2019-01,LH,소계,전국,1,339
2019-01,LH,소계,서울,0
2019-01,LH,소계,인천,0
2019-01,LH,소계,경기,567
2019-01,LH,소계,부산,0
2019-01,LH,소계,대구,0
2019-01,LH,소계,광주,0
2019-01,LH,소계,대전,0
2019-01,LH,소계,울산,0
2019-01,LH,소계,세종,0
2019-01,LH,소계,강원,0
2019-01,LH,소계,충북,2
2019-01,LH,소계,충남,770
2019-01,LH,소계,전북,0
2019-01,LH,소계,전남,0
2019-01,LH,소계,경북,0
2019-01,LH,소계,경남,0
2019-01,LH,소계,제주,0
2019-01,LH,국민임대,전국,0
2019-01,LH,국민임대,서울,0
2019-01,LH,국민임대,인천,0
2019-01,LH,국민임대,경기,0
2019-01,LH,국민임대,부산,0
2019-01,LH,국민임대,대구,0
2019-01,LH,국민임대,광주,0
2019-01,LH,국민임대,대전,0
2019-01,LH,국민임대,울산,0
2019-01,LH,국민임대,세종,0
2019-01,LH,국민임대,강원,0
2019-01,LH,국민임대,충북,0
2019-01,LH,국민임대,충남,0
2019-01,LH,국민임대,전북,0
2019-01,LH,국민임대,전남,0
2019-01,LH,국민임대,경북,0
2019-01,LH,국민임대,경남,0
2019-01,LH,국민임대,제주,0
2019-01,LH,공공임대,전국,3
2019-01,LH,공공임대,서울,0
2019-01,LH,공공임대,인천,0
2019-01,LH,공공임대,경기,1
2019-01,LH,공공임대,부산,0
2019-01,LH,공공임대,대구,0
2019-01,LH,공공임대,광주,0
2019-01,LH,공공임대,대전,0
2019-01,LH,공공임대,울산,0
2019-01,LH,공공임대,세종,0
2019-01,LH,공공임대,강원,0
2019-01,LH,공공임대,충북,2
2019-01,LH,공공임대,충남,0
2019-01,LH,공공임대,전북,0
2019-01,LH,공공임대,전남,0
2019-01,LH,공공임대,경북,0
2019-01,LH,공공임대,경남,0
2019-01,LH,공공임대,제주,0
2019-01,LH,공공분양,전국,1,336
2019-01,LH,공공분양,서울,0
2019-01,LH,공공분양,인천,0
2019-01,LH,공공분양,경기,566
2019-01,LH,공공분양,부산,0
2019-01,LH,공공분양,대구,0
2019-01,LH,공공분양,광주,0
2019-01,LH,공공분양,대전,0
2019-01,LH,공공분양,울산,0
2019-01,LH,공공분양,세종,0
2019-01,LH,공공분양,강원,0
2019-01,LH,공공분양,충북,0
2019-01,LH,공공분양,충남,770
2019-01,LH,공공분양,전북,0
2019-01,LH,공공분양,전남,0
2019-01,LH,공공분양,경북,0
2019-01,LH,공공분양,경남,0
2019-01,LH,공공분양,제주,0
2019-01,주택업체,소계,전국,4,359
2019-01,주택업체,소계,서울,453
2019-01,주택업체,소계,인천,0
2019-01,주택업체,소계,경기,40
2019-01,주택업체,소계,부산,0
2019-01,주택업체,소계,대구,0
2019-01,주택업체,소계,광주,0
2019-01,주택업체,소계,대전,0
2019-01,주택업체,소계,울산,1,715
2019-01,주택업체,소계,세종,60
2019-01,주택업체,소계,강원,0
2019-01,주택업체,소계,충북,600
2019-01,주택업체,소계,충남,0
2019-01,주택업체,소계,전북,625
2019-01,주택업체,소계,전남,0
2019-01,주택업체,소계,경북,866
2019-01,주택업체,소계,경남,0
2019-01,주택업체,소계,제주,0
2019-01,주택업체,국민임대,전국,0
2019-01,주택업체,국민임대,서울,0
2019-01,주택업체,국민임대,인천,0
2019-01,주택업체,국민임대,경기,0
2019-01,주택업체,국민임대,부산,0
2019-01,주택업체,국민임대,대구,0
2019-01,주택업체,국민임대,광주,0
2019-01,주택업체,국민임대,대전,0
2019-01,주택업체,국민임대,울산,0
2019-01,주택업체,국민임대,세종,0
2019-01,주택업체,국민임대,강원,0
2019-01,주택업체,국민임대,충북,0
2019-01,주택업체,국민임대,충남,0
2019-01,주택업체,국민임대,전북,0
2019-01,주택업체,국민임대,전남,0
2019-01,주택업체,국민임대,경북,0
2019-01,주택업체,국민임대,경남,0
2019-01,주택업체,국민임대,제주,0
2019-01,주택업체,공공임대,전국,4,359
2019-01,주택업체,공공임대,서울,453
2019-01,주택업체,공공임대,인천,0
2019-01,주택업체,공공임대,경기,40
2019-01,주택업체,공공임대,부산,0
2019-01,주택업체,공공임대,대구,0
2019-01,주택업체,공공임대,광주,0
2019-01,주택업체,공공임대,대전,0
2019-01,주택업체,공공임대,울산,1,715
2019-01,주택업체,공공임대,세종,60
2019-01,주택업체,공공임대,강원,0
2019-01,주택업체,공공임대,충북,600
2019-01,주택업체,공공임대,충남,0
2019-01,주택업체,공공임대,전북,625
2019-01,주택업체,공공임대,전남,0
2019-01,주택업체,공공임대,경북,866
2019-01,주택업체,공공임대,경남,0
2019-01,주택업체,공공임대,제주,0
2019-01,주택업체,공공분양,전국,0
2019-01,주택업체,공공분양,서울,0
2019-01,주택업체,공공분양,인천,0
2019-01,주택업체,공공분양,경기,0
2019-01,주택업체,공공분양,부산,0
2019-01,주택업체,공공분양,대구,0
2019-01,주택업체,공공분양,광주,0
2019-01,주택업체,공공분양,대전,0
2019-01,주택업체,공공분양,울산,0
2019-01,주택업체,공공분양,세종,0
2019-01,주택업체,공공분양,강원,0
2019-01,주택업체,공공분양,충북,0
2019-01,주택업체,공공분양,충남,0
2019-01,주택업체,공공분양,전북,0
2019-01,주택업체,공공분양,전남,0
2019-01,주택업체,공공분양,경북,0
2019-01,주택업체,공공분양,경남,0
2019-01,주택업체,공공분양,제주,0
2019-01,민간부문,소계,전국,42,223
2019-01,민간부문,소계,서울,3,440
2019-01,민간부문,소계,인천,1,299
2019-01,민간부문,소계,경기,16,690
2019-01,민간부문,소계,부산,1,707
2019-01,민간부문,소계,대구,264
2019-01,민간부문,소계,광주,1,797
2019-01,민간부문,소계,대전,156
2019-01,민간부문,소계,울산,843
2019-01,민간부문,소계,세종,382
2019-01,민간부문,소계,강원,2,138
2019-01,민간부문,소계,충북,382
2019-01,민간부문,소계,충남,952
2019-01,민간부문,소계,전북,2,995
2019-01,민간부문,소계,전남,1,333
2019-01,민간부문,소계,경북,4,205
2019-01,민간부문,소계,경남,2,438
2019-01,민간부문,소계,제주,1,202
2019-01,민간,민간임대,전국,1,728
2019-01,민간,민간임대,서울,0
2019-01,민간,민간임대,인천,0
2019-01,민간,민간임대,경기,0
2019-01,민간,민간임대,부산,0
2019-01,민간,민간임대,대구,0
2019-01,민간,민간임대,광주,0
2019-01,민간,민간임대,대전,0
2019-01,민간,민간임대,울산,0
2019-01,민간,민간임대,세종,0
2019-01,민간,민간임대,강원,0
2019-01,민간,민간임대,충북,0
2019-01,민간,민간임대,충남,0
2019-01,민간,민간임대,전북,711
2019-01,민간,민간임대,전남,749
2019-01,민간,민간임대,경북,0
2019-01,민간,민간임대,경남,0
2019-01,민간,민간임대,제주,268
2019-01,민간,민간분양,전국,40,495
2019-01,민간,민간분양,서울,3,440
2019-01,민간,민간분양,인천,1,299
2019-01,민간,민간분양,경기,16,690
2019-01,민간,민간분양,부산,1,707
2019-01,민간,민간분양,대구,264
2019-01,민간,민간분양,광주,1,797
2019-01,민간,민간분양,대전,156
2019-01,민간,민간분양,울산,843
2019-01,민간,민간분양,세종,382
2019-01,민간,민간분양,강원,2,138
2019-01,민간,민간분양,충북,382
2019-01,민간,민간분양,충남,952
2019-01,민간,민간분양,전북,2,284
2019-01,민간,민간분양,전남,584
2019-01,민간,민간분양,경북,4,205
2019-01,민간,민간분양,경남,2,438
2019-01,민간,민간분양,제주,934
2019-02,총계,총계,전국,53,040
2019-02,총계,총계,서울,12,912
2019-02,총계,총계,인천,1,508
2019-02,총계,총계,경기,12,782
2019-02,총계,총계,부산,2,943
2019-02,총계,총계,대구,845
2019-02,총계,총계,광주,2,051
2019-02,총계,총계,대전,299
2019-02,총계,총계,울산,2,753
2019-02,총계,총계,세종,1,455
2019-02,총계,총계,강원,1,603
2019-02,총계,총계,충북,338
2019-02,총계,총계,충남,378
2019-02,총계,총계,전북,1,974
2019-02,총계,총계,전남,362
2019-02,총계,총계,경북,2,864
2019-02,총계,총계,경남,7,527
2019-02,총계,총계,제주,446
2019-02,공공부문,소계,전국,5,876
2019-02,공공부문,소계,서울,2,890
2019-02,공공부문,소계,인천,0
2019-02,공공부문,소계,경기,1,710
2019-02,공공부문,소계,부산,498
2019-02,공공부문,소계,대구,0
2019-02,공공부문,소계,광주,288
2019-02,공공부문,소계,대전,0
2019-02,공공부문,소계,울산,100
2019-02,공공부문,소계,세종,0
2019-02,공공부문,소계,강원,0
2019-02,공공부문,소계,충북,1
2019-02,공공부문,소계,충남,0
2019-02,공공부문,소계,전북,0
2019-02,공공부문,소계,전남,0
2019-02,공공부문,소계,경북,389
2019-02,공공부문,소계,경남,0
2019-02,공공부문,소계,제주,0
2019-02,합,국민임대,전국,0
2019-02,합,국민임대,서울,0
2019-02,합,국민임대,인천,0
2019-02,합,국민임대,경기,0
2019-02,합,국민임대,부산,0
2019-02,합,국민임대,대구,0
2019-02,합,국민임대,광주,0
2019-02,합,국민임대,대전,0
2019-02,합,국민임대,울산,0
2019-02,합,국민임대,세종,0
2019-02,합,국민임대,강원,0
2019-02,합,국민임대,충북,0
2019-02,합,국민임대,충남,0
2019-02,합,국민임대,전북,0
2019-02,합,국민임대,전남,0
2019-02,합,국민임대,경북,0
2019-02,합,국민임대,경남,0
2019-02,합,국민임대,제주,0
2019-02,합,공공임대,전국,4,706
2019-02,합,공공임대,서울,1,720
2019-02,합,공공임대,인천,0
2019-02,합,공공임대,경기,1,710
2019-02,합,공공임대,부산,498
2019-02,합,공공임대,대구,0
2019-02,합,공공임대,광주,288
2019-02,합,공공임대,대전,0
2019-02,합,공공임대,울산,100
2019-02,합,공공임대,세종,0
2019-02,합,공공임대,강원,0
2019-02,합,공공임대,충북,1
2019-02,합,공공임대,충남,0
2019-02,합,공공임대,전북,0
2019-02,합,공공임대,전남,0
2019-02,합,공공임대,경북,389
2019-02,합,공공임대,경남,0
2019-02,합,공공임대,제주,0
2019-02,합,공공분양,전국,1,170
2019-02,합,공공분양,서울,1,170
2019-02,합,공공분양,인천,0
2019-02,합,공공분양,경기,0
2019-02,합,공공분양,부산,0
2019-02,합,공공분양,대구,0
2019-02,합,공공분양,광주,0
2019-02,합,공공분양,대전,0
2019-02,합,공공분양,울산,0
2019-02,합,공공분양,세종,0
2019-02,합,공공분양,강원,0
2019-02,합,공공분양,충북,0
2019-02,합,공공분양,충남,0
2019-02,합,공공분양,전북,0
2019-02,합,공공분양,전남,0
2019-02,합,공공분양,경북,0
2019-02,합,공공분양,경남,0
2019-02,합,공공분양,제주,0
2019-02,지자체,소계,전국,0
2019-02,지자체,소계,서울,0
2019-02,지자체,소계,인천,0
2019-02,지자체,소계,경기,0
2019-02,지자체,소계,부산,0
2019-02,지자체,소계,대구,0
2019-02,지자체,소계,광주,0
2019-02,지자체,소계,대전,0
2019-02,지자체,소계,울산,0
2019-02,지자체,소계,세종,0
2019-02,지자체,소계,강원,0
2019-02,지자체,소계,충북,0
2019-02,지자체,소계,충남,0
2019-02,지자체,소계,전북,0
2019-02,지자체,소계,전남,0
2019-02,지자체,소계,경북,0
2019-02,지자체,소계,경남,0
2019-02,지자체,소계,제주,0
2019-02,지자체,국민임대,전국,0
2019-02,지자체,국민임대,서울,0
2019-02,지자체,국민임대,인천,0
2019-02,지자체,국민임대,경기,0
2019-02,지자체,국민임대,부산,0
2019-02,지자체,국민임대,대구,0
2019-02,지자체,국민임대,광주,0
2019-02,지자체,국민임대,대전,0
2019-02,지자체,국민임대,울산,0
2019-02,지자체,국민임대,세종,0
2019-02,지자체,국민임대,강원,0
2019-02,지자체,국민임대,충북,0
2019-02,지자체,국민임대,충남,0
2019-02,지자체,국민임대,전북,0
2019-02,지자체,국민임대,전남,0
2019-02,지자체,국민임대,경북,0
2019-02,지자체,국민임대,경남,0
2019-02,지자체,국민임대,제주,0
2019-02,지자체,공공임대,전국,0
2019-02,지자체,공공임대,서울,0
2019-02,지자체,공공임대,인천,0
2019-02,지자체,공공임대,경기,0
2019-02,지자체,공공임대,부산,0
2019-02,지자체,공공임대,대구,0
2019-02,지자체,공공임대,광주,0
2019-02,지자체,공공임대,대전,0
2019-02,지자체,공공임대,울산,0
2019-02,지자체,공공임대,세종,0
2019-02,지자체,공공임대,강원,0
2019-02,지자체,공공임대,충북,0
2019-02,지자체,공공임대,충남,0
2019-02,지자체,공공임대,전북,0
2019-02,지자체,공공임대,전남,0
2019-02,지자체,공공임대,경북,0
2019-02,지자체,공공임대,경남,0
2019-02,지자체,공공임대,제주,0
2019-02,지자체,공공분양,전국,0
2019-02,지자체,공공분양,서울,0
2019-02,지자체,공공분양,인천,0
2019-02,지자체,공공분양,경기,0
2019-02,지자체,공공분양,부산,0
2019-02,지자체,공공분양,대구,0
2019-02,지자체,공공분양,광주,0
2019-02,지자체,공공분양,대전,0
2019-02,지자체,공공분양,울산,0
2019-02,지자체,공공분양,세종,0
2019-02,지자체,공공분양,강원,0
2019-02,지자체,공공분양,충북,0
2019-02,지자체,공공분양,충남,0
2019-02,지자체,공공분양,전북,0
2019-02,지자체,공공분양,전남,0
2019-02,지자체,공공분양,경북,0
2019-02,지자체,공공분양,경남,0
2019-02,지자체,공공분양,제주,0
2019-02,LH,소계,전국,559
2019-02,LH,소계,서울,0
2019-02,LH,소계,인천,0
2019-02,LH,소계,경기,458
2019-02,LH,소계,부산,0
2019-02,LH,소계,대구,0
2019-02,LH,소계,광주,0
2019-02,LH,소계,대전,0
2019-02,LH,소계,울산,100
2019-02,LH,소계,세종,0
2019-02,LH,소계,강원,0
2019-02,LH,소계,충북,1
2019-02,LH,소계,충남,0
2019-02,LH,소계,전북,0
2019-02,LH,소계,전남,0
2019-02,LH,소계,경북,0
2019-02,LH,소계,경남,0
2019-02,LH,소계,제주,0
2019-02,LH,국민임대,전국,0
2019-02,LH,국민임대,서울,0
2019-02,LH,국민임대,인천,0
2019-02,LH,국민임대,경기,0
2019-02,LH,국민임대,부산,0
2019-02,LH,국민임대,대구,0
2019-02,LH,국민임대,광주,0
2019-02,LH,국민임대,대전,0
2019-02,LH,국민임대,울산,0
2019-02,LH,국민임대,세종,0
2019-02,LH,국민임대,강원,0
2019-02,LH,국민임대,충북,0
2019-02,LH,국민임대,충남,0
2019-02,LH,국민임대,전북,0
2019-02,LH,국민임대,전남,0
2019-02,LH,국민임대,경북,0
2019-02,LH,국민임대,경남,0
2019-02,LH,국민임대,제주,0
2019-02,LH,공공임대,전국,559
2019-02,LH,공공임대,서울,0
2019-02,LH,공공임대,인천,0
2019-02,LH,공공임대,경기,458
2019-02,LH,공공임대,부산,0
2019-02,LH,공공임대,대구,0
2019-02,LH,공공임대,광주,0
2019-02,LH,공공임대,대전,0
2019-02,LH,공공임대,울산,100
2019-02,LH,공공임대,세종,0
2019-02,LH,공공임대,강원,0
2019-02,LH,공공임대,충북,1
2019-02,LH,공공임대,충남,0
2019-02,LH,공공임대,전북,0
2019-02,LH,공공임대,전남,0
2019-02,LH,공공임대,경북,0
2019-02,LH,공공임대,경남,0
2019-02,LH,공공임대,제주,0
2019-02,LH,공공분양,전국,0
2019-02,LH,공공분양,서울,0
2019-02,LH,공공분양,인천,0
2019-02,LH,공공분양,경기,0
2019-02,LH,공공분양,부산,0
2019-02,LH,공공분양,대구,0
2019-02,LH,공공분양,광주,0
2019-02,LH,공공분양,대전,0
2019-02,LH,공공분양,울산,0
2019-02,LH,공공분양,세종,0
2019-02,LH,공공분양,강원,0
2019-02,LH,공공분양,충북,0
2019-02,LH,공공분양,충남,0
2019-02,LH,공공분양,전북,0
2019-02,LH,공공분양,전남,0
2019-02,LH,공공분양,경북,0
2019-02,LH,공공분양,경남,0
2019-02,LH,공공분양,제주,0
2019-02,주택업체,소계,전국,5,317
2019-02,주택업체,소계,서울,2,890
2019-02,주택업체,소계,인천,0
2019-02,주택업체,소계,경기,1,252
2019-02,주택업체,소계,부산,498
2019-02,주택업체,소계,대구,0
2019-02,주택업체,소계,광주,288
2019-02,주택업체,소계,대전,0
2019-02,주택업체,소계,울산,0
2019-02,주택업체,소계,세종,0
2019-02,주택업체,소계,강원,0
2019-02,주택업체,소계,충북,0
2019-02,주택업체,소계,충남,0
2019-02,주택업체,소계,전북,0
2019-02,주택업체,소계,전남,0
2019-02,주택업체,소계,경북,389
2019-02,주택업체,소계,경남,0
2019-02,주택업체,소계,제주,0
2019-02,주택업체,국민임대,전국,0
2019-02,주택업체,국민임대,서울,0
2019-02,주택업체,국민임대,인천,0
2019-02,주택업체,국민임대,경기,0
2019-02,주택업체,국민임대,부산,0
2019-02,주택업체,국민임대,대구,0
2019-02,주택업체,국민임대,광주,0
2019-02,주택업체,국민임대,대전,0
2019-02,주택업체,국민임대,울산,0
2019-02,주택업체,국민임대,세종,0
2019-02,주택업체,국민임대,강원,0
2019-02,주택업체,국민임대,충북,0
2019-02,주택업체,국민임대,충남,0
2019-02,주택업체,국민임대,전북,0
2019-02,주택업체,국민임대,전남,0
2019-02,주택업체,국민임대,경북,0
2019-02,주택업체,국민임대,경남,0
2019-02,주택업체,국민임대,제주,0
2019-02,주택업체,공공임대,전국,4,147
2019-02,주택업체,공공임대,서울,1,720
2019-02,주택업체,공공임대,인천,0
2019-02,주택업체,공공임대,경기,1,252
2019-02,주택업체,공공임대,부산,498
2019-02,주택업체,공공임대,대구,0
2019-02,주택업체,공공임대,광주,288
2019-02,주택업체,공공임대,대전,0
2019-02,주택업체,공공임대,울산,0
2019-02,주택업체,공공임대,세종,0
2019-02,주택업체,공공임대,강원,0
2019-02,주택업체,공공임대,충북,0
2019-02,주택업체,공공임대,충남,0
2019-02,주택업체,공공임대,전북,0
2019-02,주택업체,공공임대,전남,0
2019-02,주택업체,공공임대,경북,389
2019-02,주택업체,공공임대,경남,0
2019-02,주택업체,공공임대,제주,0
2019-02,주택업체,공공분양,전국,1,170
2019-02,주택업체,공공분양,서울,1,170
2019-02,주택업체,공공분양,인천,0
2019-02,주택업체,공공분양,경기,0
2019-02,주택업체,공공분양,부산,0
2019-02,주택업체,공공분양,대구,0
2019-02,주택업체,공공분양,광주,0
2019-02,주택업체,공공분양,대전,0
2019-02,주택업체,공공분양,울산,0
2019-02,주택업체,공공분양,세종,0
2019-02,주택업체,공공분양,강원,0
2019-02,주택업체,공공분양,충북,0
2019-02,주택업체,공공분양,충남,0
2019-02,주택업체,공공분양,전북,0
2019-02,주택업체,공공분양,전남,0
2019-02,주택업체,공공분양,경북,0
2019-02,주택업체,공공분양,경남,0
2019-02,주택업체,공공분양,제주,0
2019-02,민간부문,소계,전국,47,164
2019-02,민간부문,소계,서울,10,022
2019-02,민간부문,소계,인천,1,508
2019-02,민간부문,소계,경기,11,072
2019-02,민간부문,소계,부산,2,445
2019-02,민간부문,소계,대구,845
2019-02,민간부문,소계,광주,1,763
2019-02,민간부문,소계,대전,299
2019-02,민간부문,소계,울산,2,653
2019-02,민간부문,소계,세종,1,455
2019-02,민간부문,소계,강원,1,603
2019-02,민간부문,소계,충북,337
2019-02,민간부문,소계,충남,378
2019-02,민간부문,소계,전북,1,974
2019-02,민간부문,소계,전남,362
2019-02,민간부문,소계,경북,2,475
2019-02,민간부문,소계,경남,7,527
2019-02,민간부문,소계,제주,446
2019-02,민간,민간임대,전국,1,778
2019-02,민간,민간임대,서울,0
2019-02,민간,민간임대,인천,1,212
2019-02,민간,민간임대,경기,566
2019-02,민간,민간임대,부산,0
2019-02,민간,민간임대,대구,0
2019-02,민간,민간임대,광주,0
2019-02,민간,민간임대,대전,0
2019-02,민간,민간임대,울산,0
2019-02,민간,민간임대,세종,0
2019-02,민간,민간임대,강원,0
2019-02,민간,민간임대,충북,0
2019-02,민간,민간임대,충남,0
2019-02,민간,민간임대,전북,0
2019-02,민간,민간임대,전남,0
2019-02,민간,민간임대,경북,0
2019-02,민간,민간임대,경남,0
2019-02,민간,민간임대,제주,0
2019-02,민간,민간분양,전국,45,386
2019-02,민간,민간분양,서울,10,022
2019-02,민간,민간분양,인천,296
2019-02,민간,민간분양,경기,10,506
2019-02,민간,민간분양,부산,2,445
2019-02,민간,민간분양,대구,845
2019-02,민간,민간분양,광주,1,763
2019-02,민간,민간분양,대전,299
2019-02,민간,민간분양,울산,2,653
2019-02,민간,민간분양,세종,1,455
2019-02,민간,민간분양,강원,1,603
2019-02,민간,민간분양,충북,337
2019-02,민간,민간분양,충남,378
2019-02,민간,민간분양,전북,1,974
2019-02,민간,민간분양,전남,362
2019-02,민간,민간분양,경북,2,475
2019-02,민간,민간분양,경남,7,527
2019-02,민간,민간분양,제주,446
2019-03,총계,총계,전국,36,914
2019-03,총계,총계,서울,2,876
2019-03,총계,총계,인천,1,765
2019-03,총계,총계,경기,16,451
2019-03,총계,총계,부산,2,530
2019-03,총계,총계,대구,137
2019-03,총계,총계,광주,1,152
2019-03,총계,총계,대전,48
2019-03,총계,총계,울산,77
2019-03,총계,총계,세종,207
2019-03,총계,총계,강원,1,266
2019-03,총계,총계,충북,1,394
2019-03,총계,총계,충남,658
2019-03,총계,총계,전북,843
2019-03,총계,총계,전남,2,361
2019-03,총계,총계,경북,3,980
2019-03,총계,총계,경남,538
2019-03,총계,총계,제주,631
2019-03,공공부문,소계,전국,7,070
2019-03,공공부문,소계,서울,0
2019-03,공공부문,소계,인천,0
2019-03,공공부문,소계,경기,2,708
2019-03,공공부문,소계,부산,0
2019-03,공공부문,소계,대구,0
2019-03,공공부문,소계,광주,0
2019-03,공공부문,소계,대전,0
2019-03,공공부문,소계,울산,0
2019-03,공공부문,소계,세종,0
2019-03,공공부문,소계,강원,0
2019-03,공공부문,소계,충북,702
2019-03,공공부문,소계,충남,0
2019-03,공공부문,소계,전북,1
2019-03,공공부문,소계,전남,0
2019-03,공공부문,소계,경북,3,650
2019-03,공공부문,소계,경남,9
2019-03,공공부문,소계,제주,0
2019-03,합,국민임대,전국,0
2019-03,합,국민임대,서울,0
2019-03,합,국민임대,인천,0
2019-03,합,국민임대,경기,0
2019-03,합,국민임대,부산,0
2019-03,합,국민임대,대구,0
2019-03,합,국민임대,광주,0
2019-03,합,국민임대,대전,0
2019-03,합,국민임대,울산,0
2019-03,합,국민임대,세종,0
2019-03,합,국민임대,강원,0
2019-03,합,국민임대,충북,0
2019-03,합,국민임대,충남,0
2019-03,합,국민임대,전북,0
2019-03,합,국민임대,전남,0
2019-03,합,국민임대,경북,0
2019-03,합,국민임대,경남,0
2019-03,합,국민임대,제주,0
2019-03,합,공공임대,전국,7,070
2019-03,합,공공임대,서울,0
2019-03,합,공공임대,인천,0
2019-03,합,공공임대,경기,2,708
2019-03,합,공공임대,부산,0
2019-03,합,공공임대,대구,0
2019-03,합,공공임대,광주,0
2019-03,합,공공임대,대전,0
2019-03,합,공공임대,울산,0
2019-03,합,공공임대,세종,0
2019-03,합,공공임대,강원,0
2019-03,합,공공임대,충북,702
2019-03,합,공공임대,충남,0
2019-03,합,공공임대,전북,1
2019-03,합,공공임대,전남,0
2019-03,합,공공임대,경북,3,650
2019-03,합,공공임대,경남,9
2019-03,합,공공임대,제주,0
2019-03,합,공공분양,전국,0
2019-03,합,공공분양,서울,0
2019-03,합,공공분양,인천,0
2019-03,합,공공분양,경기,0
2019-03,합,공공분양,부산,0
2019-03,합,공공분양,대구,0
2019-03,합,공공분양,광주,0
2019-03,합,공공분양,대전,0
2019-03,합,공공분양,울산,0
2019-03,합,공공분양,세종,0
2019-03,합,공공분양,강원,0
2019-03,합,공공분양,충북,0
2019-03,합,공공분양,충남,0
2019-03,합,공공분양,전북,0
2019-03,합,공공분양,전남,0
2019-03,합,공공분양,경북,0
2019-03,합,공공분양,경남,0
2019-03,합,공공분양,제주,0
2019-03,지자체,소계,전국,0
2019-03,지자체,소계,서울,0
2019-03,지자체,소계,인천,0
2019-03,지자체,소계,경기,0
2019-03,지자체,소계,부산,0
2019-03,지자체,소계,대구,0
2019-03,지자체,소계,광주,0
2019-03,지자체,소계,대전,0
2019-03,지자체,소계,울산,0
2019-03,지자체,소계,세종,0
2019-03,지자체,소계,강원,0
2019-03,지자체,소계,충북,0
2019-03,지자체,소계,충남,0
2019-03,지자체,소계,전북,0
2019-03,지자체,소계,전남,0
2019-03,지자체,소계,경북,0
2019-03,지자체,소계,경남,0
2019-03,지자체,소계,제주,0
2019-03,지자체,국민임대,전국,0
2019-03,지자체,국민임대,서울,0
2019-03,지자체,국민임대,인천,0
2019-03,지자체,국민임대,경기,0
2019-03,지자체,국민임대,부산,0
2019-03,지자체,국민임대,대구,0
2019-03,지자체,국민임대,광주,0
2019-03,지자체,국민임대,대전,0
2019-03,지자체,국민임대,울산,0
2019-03,지자체,국민임대,세종,0
2019-03,지자체,국민임대,강원,0
2019-03,지자체,국민임대,충북,0
2019-03,지자체,국민임대,충남,0
2019-03,지자체,국민임대,전북,0
2019-03,지자체,국민임대,전남,0
2019-03,지자체,국민임대,경북,0
2019-03,지자체,국민임대,경남,0
2019-03,지자체,국민임대,제주,0
2019-03,지자체,공공임대,전국,0
2019-03,지자체,공공임대,서울,0
2019-03,지자체,공공임대,인천,0
2019-03,지자체,공공임대,경기,0
2019-03,지자체,공공임대,부산,0
2019-03,지자체,공공임대,대구,0
2019-03,지자체,공공임대,광주,0
2019-03,지자체,공공임대,대전,0
2019-03,지자체,공공임대,울산,0
2019-03,지자체,공공임대,세종,0
2019-03,지자체,공공임대,강원,0
2019-03,지자체,공공임대,충북,0
2019-03,지자체,공공임대,충남,0
2019-03,지자체,공공임대,전북,0
2019-03,지자체,공공임대,전남,0
2019-03,지자체,공공임대,경북,0
2019-03,지자체,공공임대,경남,0
2019-03,지자체,공공임대,제주,0
2019-03,지자체,공공분양,전국,0
2019-03,지자체,공공분양,서울,0
2019-03,지자체,공공분양,인천,0
2019-03,지자체,공공분양,경기,0
2019-03,지자체,공공분양,부산,0
2019-03,지자체,공공분양,대구,0
2019-03,지자체,공공분양,광주,0
2019-03,지자체,공공분양,대전,0
2019-03,지자체,공공분양,울산,0
2019-03,지자체,공공분양,세종,0
2019-03,지자체,공공분양,강원,0
2019-03,지자체,공공분양,충북,0
2019-03,지자체,공공분양,충남,0
2019-03,지자체,공공분양,전북,0
2019-03,지자체,공공분양,전남,0
2019-03,지자체,공공분양,경북,0
2019-03,지자체,공공분양,경남,0
2019-03,지자체,공공분양,제주,0
2019-03,LH,소계,전국,935
2019-03,LH,소계,서울,0
2019-03,LH,소계,인천,0
2019-03,LH,소계,경기,925
2019-03,LH,소계,부산,0
2019-03,LH,소계,대구,0
2019-03,LH,소계,광주,0
2019-03,LH,소계,대전,0
2019-03,LH,소계,울산,0
2019-03,LH,소계,세종,0
2019-03,LH,소계,강원,0
2019-03,LH,소계,충북,0
2019-03,LH,소계,충남,0
2019-03,LH,소계,전북,1
2019-03,LH,소계,전남,0
2019-03,LH,소계,경북,0
2019-03,LH,소계,경남,9
2019-03,LH,소계,제주,0
2019-03,LH,국민임대,전국,0
2019-03,LH,국민임대,서울,0
2019-03,LH,국민임대,인천,0
2019-03,LH,국민임대,경기,0
2019-03,LH,국민임대,부산,0
2019-03,LH,국민임대,대구,0
2019-03,LH,국민임대,광주,0
2019-03,LH,국민임대,대전,0
2019-03,LH,국민임대,울산,0
2019-03,LH,국민임대,세종,0
2019-03,LH,국민임대,강원,0
2019-03,LH,국민임대,충북,0
2019-03,LH,국민임대,충남,0
2019-03,LH,국민임대,전북,0
2019-03,LH,국민임대,전남,0
2019-03,LH,국민임대,경북,0
2019-03,LH,국민임대,경남,0
2019-03,LH,국민임대,제주,0
2019-03,LH,공공임대,전국,935
2019-03,LH,공공임대,서울,0
2019-03,LH,공공임대,인천,0
2019-03,LH,공공임대,경기,925
2019-03,LH,공공임대,부산,0
2019-03,LH,공공임대,대구,0
2019-03,LH,공공임대,광주,0
2019-03,LH,공공임대,대전,0
2019-03,LH,공공임대,울산,0
2019-03,LH,공공임대,세종,0
2019-03,LH,공공임대,강원,0
2019-03,LH,공공임대,충북,0
2019-03,LH,공공임대,충남,0
2019-03,LH,공공임대,전북,1
2019-03,LH,공공임대,전남,0
2019-03,LH,공공임대,경북,0
2019-03,LH,공공임대,경남,9
2019-03,LH,공공임대,제주,0
2019-03,LH,공공분양,전국,0
2019-03,LH,공공분양,서울,0
2019-03,LH,공공분양,인천,0
2019-03,LH,공공분양,경기,0
2019-03,LH,공공분양,부산,0
2019-03,LH,공공분양,대구,0
2019-03,LH,공공분양,광주,0
2019-03,LH,공공분양,대전,0
2019-03,LH,공공분양,울산,0
2019-03,LH,공공분양,세종,0
2019-03,LH,공공분양,강원,0
2019-03,LH,공공분양,충북,0
2019-03,LH,공공분양,충남,0
2019-03,LH,공공분양,전북,0
2019-03,LH,공공분양,전남,0
2019-03,LH,공공분양,경북,0
2019-03,LH,공공분양,경남,0
2019-03,LH,공공분양,제주,0
2019-03,주택업체,소계,전국,6,135
2019-03,주택업체,소계,서울,0
2019-03,주택업체,소계,인천,0
2019-03,주택업체,소계,경기,1,783
2019-03,주택업체,소계,부산,0
2019-03,주택업체,소계,대구,0
2019-03,주택업체,소계,광주,0
2019-03,주택업체,소계,대전,0
2019-03,주택업체,소계,울산,0
2019-03,주택업체,소계,세종,0
2019-03,주택업체,소계,강원,0
2019-03,주택업체,소계,충북,702
2019-03,주택업체,소계,충남,0
2019-03,주택업체,소계,전북,0
2019-03,주택업체,소계,전남,0
2019-03,주택업체,소계,경북,3,650
2019-03,주택업체,소계,경남,0
2019-03,주택업체,소계,제주,0
2019-03,주택업체,국민임대,전국,0
2019-03,주택업체,국민임대,서울,0
2019-03,주택업체,국민임대,인천,0
2019-03,주택업체,국민임대,경기,0
2019-03,주택업체,국민임대,부산,0
2019-03,주택업체,국민임대,대구,0
2019-03,주택업체,국민임대,광주,0
2019-03,주택업체,국민임대,대전,0
2019-03,주택업체,국민임대,울산,0
2019-03,주택업체,국민임대,세종,0
2019-03,주택업체,국민임대,강원,0
2019-03,주택업체,국민임대,충북,0
2019-03,주택업체,국민임대,충남,0
2019-03,주택업체,국민임대,전북,0
2019-03,주택업체,국민임대,전남,0
2019-03,주택업체,국민임대,경북,0
2019-03,주택업체,국민임대,경남,0
2019-03,주택업체,국민임대,제주,0
2019-03,주택업체,공공임대,전국,6,135
2019-03,주택업체,공공임대,서울,0
2019-03,주택업체,공공임대,인천,0
2019-03,주택업체,공공임대,경기,1,783
2019-03,주택업체,공공임대,부산,0
2019-03,주택업체,공공임대,대구,0
2019-03,주택업체,공공임대,광주,0
2019-03,주택업체,공공임대,대전,0
2019-03,주택업체,공공임대,울산,0
2019-03,주택업체,공공임대,세종,0
2019-03,주택업체,공공임대,강원,0
2019-03,주택업체,공공임대,충북,702
2019-03,주택업체,공공임대,충남,0
2019-03,주택업체,공공임대,전북,0
2019-03,주택업체,공공임대,전남,0
2019-03,주택업체,공공임대,경북,3,650
2019-03,주택업체,공공임대,경남,0
2019-03,주택업체,공공임대,제주,0
2019-03,주택업체,공공분양,전국,0
2019-03,주택업체,공공분양,서울,0
2019-03,주택업체,공공분양,인천,0
2019-03,주택업체,공공분양,경기,0
2019-03,주택업체,공공분양,부산,0
2019-03,주택업체,공공분양,대구,0
2019-03,주택업체,공공분양,광주,0
2019-03,주택업체,공공분양,대전,0
2019-03,주택업체,공공분양,울산,0
2019-03,주택업체,공공분양,세종,0
2019-03,주택업체,공공분양,강원,0
2019-03,주택업체,공공분양,충북,0
2019-03,주택업체,공공분양,충남,0
2019-03,주택업체,공공분양,전북,0
2019-03,주택업체,공공분양,전남,0
2019-03,주택업체,공공분양,경북,0
2019-03,주택업체,공공분양,경남,0
2019-03,주택업체,공공분양,제주,0
2019-03,민간부문,소계,전국,29,844
2019-03,민간부문,소계,서울,2,876
2019-03,민간부문,소계,인천,1,765
2019-03,민간부문,소계,경기,13,743
2019-03,민간부문,소계,부산,2,530
2019-03,민간부문,소계,대구,137
2019-03,민간부문,소계,광주,1,152
2019-03,민간부문,소계,대전,48
2019-03,민간부문,소계,울산,77
2019-03,민간부문,소계,세종,207
2019-03,민간부문,소계,강원,1,266
2019-03,민간부문,소계,충북,692
2019-03,민간부문,소계,충남,658
2019-03,민간부문,소계,전북,842
2019-03,민간부문,소계,전남,2,361
2019-03,민간부문,소계,경북,330
2019-03,민간부문,소계,경남,529
2019-03,민간부문,소계,제주,631
2019-03,민간,민간임대,전국,293
2019-03,민간,민간임대,서울,0
2019-03,민간,민간임대,인천,0
2019-03,민간,민간임대,경기,0
2019-03,민간,민간임대,부산,0
2019-03,민간,민간임대,대구,0
2019-03,민간,민간임대,광주,0
2019-03,민간,민간임대,대전,0
2019-03,민간,민간임대,울산,0
2019-03,민간,민간임대,세종,0
2019-03,민간,민간임대,강원,0
2019-03,민간,민간임대,충북,0
2019-03,민간,민간임대,충남,0
2019-03,민간,민간임대,전북,0
2019-03,민간,민간임대,전남,293
2019-03,민간,민간임대,경북,0
2019-03,민간,민간임대,경남,0
2019-03,민간,민간임대,제주,0
2019-03,민간,민간분양,전국,29,551
2019-03,민간,민간분양,서울,2,876
2019-03,민간,민간분양,인천,1,765
2019-03,민간,민간분양,경기,13,743
2019-03,민간,민간분양,부산,2,530
2019-03,민간,민간분양,대구,137
2019-03,민간,민간분양,광주,1,152
2019-03,민간,민간분양,대전,48
2019-03,민간,민간분양,울산,77
2019-03,민간,민간분양,세종,207
2019-03,민간,민간분양,강원,1,266
2019-03,민간,민간분양,충북,692
2019-03,민간,민간분양,충남,658
2019-03,민간,민간분양,전북,842
2019-03,민간,민간분양,전남,2,068
2019-03,민간,민간분양,경북,330
2019-03,민간,민간분양,경남,529
2019-03,민간,민간분양,제주,631
2019-04,총계,총계,전국,39,769
2019-04,총계,총계,서울,4,588
2019-04,총계,총계,인천,709
2019-04,총계,총계,경기,13,150
2019-04,총계,총계,부산,2,410
2019-04,총계,총계,대구,2,353
2019-04,총계,총계,광주,690
2019-04,총계,총계,대전,810
2019-04,총계,총계,울산,1,241
2019-04,총계,총계,세종,1,468
2019-04,총계,총계,강원,2,302
2019-04,총계,총계,충북,1,122
2019-04,총계,총계,충남,1,462
2019-04,총계,총계,전북,297
2019-04,총계,총계,전남,1,406
2019-04,총계,총계,경북,2,718
2019-04,총계,총계,경남,2,481
2019-04,총계,총계,제주,562
2019-04,공공부문,소계,전국,9,639
2019-04,공공부문,소계,서울,478
2019-04,공공부문,소계,인천,0
2019-04,공공부문,소계,경기,3,235
2019-04,공공부문,소계,부산,0
2019-04,공공부문,소계,대구,591
2019-04,공공부문,소계,광주,460
2019-04,공공부문,소계,대전,690
2019-04,공공부문,소계,울산,0
2019-04,공공부문,소계,세종,450
2019-04,공공부문,소계,강원,0
2019-04,공공부문,소계,충북,0
2019-04,공공부문,소계,충남,1,148
2019-04,공공부문,소계,전북,78
2019-04,공공부문,소계,전남,420
2019-04,공공부문,소계,경북,553
2019-04,공공부문,소계,경남,1,536
2019-04,공공부문,소계,제주,0
2019-04,합,국민임대,전국,528
2019-04,합,국민임대,서울,0
2019-04,합,국민임대,인천,0
2019-04,합,국민임대,경기,120
2019-04,합,국민임대,부산,0
2019-04,합,국민임대,대구,0
2019-04,합,국민임대,광주,0
2019-04,합,국민임대,대전,0
2019-04,합,국민임대,울산,0
2019-04,합,국민임대,세종,0
2019-04,합,국민임대,강원,0
2019-04,합,국민임대,충북,0
2019-04,합,국민임대,충남,408
2019-04,합,국민임대,전북,0
2019-04,합,국민임대,전남,0
2019-04,합,국민임대,경북,0
2019-04,합,국민임대,경남,0
2019-04,합,국민임대,제주,0
2019-04,합,공공임대,전국,9,111
2019-04,합,공공임대,서울,478
2019-04,합,공공임대,인천,0
2019-04,합,공공임대,경기,3,115
2019-04,합,공공임대,부산,0
2019-04,합,공공임대,대구,591
2019-04,합,공공임대,광주,460
2019-04,합,공공임대,대전,690
2019-04,합,공공임대,울산,0
2019-04,합,공공임대,세종,450
2019-04,합,공공임대,강원,0
2019-04,합,공공임대,충북,0
2019-04,합,공공임대,충남,740
2019-04,합,공공임대,전북,78
2019-04,합,공공임대,전남,420
2019-04,합,공공임대,경북,553
2019-04,합,공공임대,경남,1,536
2019-04,합,공공임대,제주,0
2019-04,합,공공분양,전국,0
2019-04,합,공공분양,서울,0
2019-04,합,공공분양,인천,0
2019-04,합,공공분양,경기,0
2019-04,합,공공분양,부산,0
2019-04,합,공공분양,대구,0
2019-04,합,공공분양,광주,0
2019-04,합,공공분양,대전,0
2019-04,합,공공분양,울산,0
2019-04,합,공공분양,세종,0
2019-04,합,공공분양,강원,0
2019-04,합,공공분양,충북,0
2019-04,합,공공분양,충남,0
2019-04,합,공공분양,전북,0
2019-04,합,공공분양,전남,0
2019-04,합,공공분양,경북,0
2019-04,합,공공분양,경남,0
2019-04,합,공공분양,제주,0
2019-04,지자체,소계,전국,0
2019-04,지자체,소계,서울,0
2019-04,지자체,소계,인천,0
2019-04,지자체,소계,경기,0
2019-04,지자체,소계,부산,0
2019-04,지자체,소계,대구,0
2019-04,지자체,소계,광주,0
2019-04,지자체,소계,대전,0
2019-04,지자체,소계,울산,0
2019-04,지자체,소계,세종,0
2019-04,지자체,소계,강원,0
2019-04,지자체,소계,충북,0
2019-04,지자체,소계,충남,0
2019-04,지자체,소계,전북,0
2019-04,지자체,소계,전남,0
2019-04,지자체,소계,경북,0
2019-04,지자체,소계,경남,0
2019-04,지자체,소계,제주,0
2019-04,지자체,국민임대,전국,0
2019-04,지자체,국민임대,서울,0
2019-04,지자체,국민임대,인천,0
2019-04,지자체,국민임대,경기,0
2019-04,지자체,국민임대,부산,0
2019-04,지자체,국민임대,대구,0
2019-04,지자체,국민임대,광주,0
2019-04,지자체,국민임대,대전,0
2019-04,지자체,국민임대,울산,0
2019-04,지자체,국민임대,세종,0
2019-04,지자체,국민임대,강원,0
2019-04,지자체,국민임대,충북,0
2019-04,지자체,국민임대,충남,0
2019-04,지자체,국민임대,전북,0
2019-04,지자체,국민임대,전남,0
2019-04,지자체,국민임대,경북,0
2019-04,지자체,국민임대,경남,0
2019-04,지자체,국민임대,제주,0
2019-04,지자체,공공임대,전국,0
2019-04,지자체,공공임대,서울,0
2019-04,지자체,공공임대,인천,0
2019-04,지자체,공공임대,경기,0
2019-04,지자체,공공임대,부산,0
2019-04,지자체,공공임대,대구,0
2019-04,지자체,공공임대,광주,0
2019-04,지자체,공공임대,대전,0
2019-04,지자체,공공임대,울산,0
2019-04,지자체,공공임대,세종,0
2019-04,지자체,공공임대,강원,0
2019-04,지자체,공공임대,충북,0
2019-04,지자체,공공임대,충남,0
2019-04,지자체,공공임대,전북,0
2019-04,지자체,공공임대,전남,0
2019-04,지자체,공공임대,경북,0
2019-04,지자체,공공임대,경남,0
2019-04,지자체,공공임대,제주,0
2019-04,지자체,공공분양,전국,0
2019-04,지자체,공공분양,서울,0
2019-04,지자체,공공분양,인천,0
2019-04,지자체,공공분양,경기,0
2019-04,지자체,공공분양,부산,0
2019-04,지자체,공공분양,대구,0
2019-04,지자체,공공분양,광주,0
2019-04,지자체,공공분양,대전,0
2019-04,지자체,공공분양,울산,0
2019-04,지자체,공공분양,세종,0
2019-04,지자체,공공분양,강원,0
2019-04,지자체,공공분양,충북,0
2019-04,지자체,공공분양,충남,0
2019-04,지자체,공공분양,전북,0
2019-04,지자체,공공분양,전남,0
2019-04,지자체,공공분양,경북,0
2019-04,지자체,공공분양,경남,0
2019-04,지자체,공공분양,제주,0
2019-04,LH,소계,전국,5,532
2019-04,LH,소계,서울,0
2019-04,LH,소계,인천,0
2019-04,LH,소계,경기,2,041
2019-04,LH,소계,부산,0
2019-04,LH,소계,대구,0
2019-04,LH,소계,광주,0
2019-04,LH,소계,대전,690
2019-04,LH,소계,울산,0
2019-04,LH,소계,세종,450
2019-04,LH,소계,강원,0
2019-04,LH,소계,충북,0
2019-04,LH,소계,충남,1,148
2019-04,LH,소계,전북,3
2019-04,LH,소계,전남,0
2019-04,LH,소계,경북,0
2019-04,LH,소계,경남,1,200
2019-04,LH,소계,제주,0
2019-04,LH,국민임대,전국,528
2019-04,LH,국민임대,서울,0
2019-04,LH,국민임대,인천,0
2019-04,LH,국민임대,경기,120
2019-04,LH,국민임대,부산,0
2019-04,LH,국민임대,대구,0
2019-04,LH,국민임대,광주,0
2019-04,LH,국민임대,대전,0
2019-04,LH,국민임대,울산,0
2019-04,LH,국민임대,세종,0
2019-04,LH,국민임대,강원,0
2019-04,LH,국민임대,충북,0
2019-04,LH,국민임대,충남,408
2019-04,LH,국민임대,전북,0
2019-04,LH,국민임대,전남,0
2019-04,LH,국민임대,경북,0
2019-04,LH,국민임대,경남,0
2019-04,LH,국민임대,제주,0
2019-04,LH,공공임대,전국,5,004
2019-04,LH,공공임대,서울,0
2019-04,LH,공공임대,인천,0
2019-04,LH,공공임대,경기,1,921
2019-04,LH,공공임대,부산,0
2019-04,LH,공공임대,대구,0
2019-04,LH,공공임대,광주,0
2019-04,LH,공공임대,대전,690
2019-04,LH,공공임대,울산,0
2019-04,LH,공공임대,세종,450
2019-04,LH,공공임대,강원,0
2019-04,LH,공공임대,충북,0
2019-04,LH,공공임대,충남,740
2019-04,LH,공공임대,전북,3
2019-04,LH,공공임대,전남,0
2019-04,LH,공공임대,경북,0
2019-04,LH,공공임대,경남,1,200
2019-04,LH,공공임대,제주,0
2019-04,LH,공공분양,전국,0
2019-04,LH,공공분양,서울,0
2019-04,LH,공공분양,인천,0
2019-04,LH,공공분양,경기,0
2019-04,LH,공공분양,부산,0
2019-04,LH,공공분양,대구,0
2019-04,LH,공공분양,광주,0
2019-04,LH,공공분양,대전,0
2019-04,LH,공공분양,울산,0
2019-04,LH,공공분양,세종,0
2019-04,LH,공공분양,강원,0
2019-04,LH,공공분양,충북,0
2019-04,LH,공공분양,충남,0
2019-04,LH,공공분양,전북,0
2019-04,LH,공공분양,전남,0
2019-04,LH,공공분양,경북,0
2019-04,LH,공공분양,경남,0
2019-04,LH,공공분양,제주,0
2019-04,주택업체,소계,전국,4,107
2019-04,주택업체,소계,서울,478
2019-04,주택업체,소계,인천,0
2019-04,주택업체,소계,경기,1,194
2019-04,주택업체,소계,부산,0
2019-04,주택업체,소계,대구,591
2019-04,주택업체,소계,광주,460
2019-04,주택업체,소계,대전,0
2019-04,주택업체,소계,울산,0
2019-04,주택업체,소계,세종,0
2019-04,주택업체,소계,강원,0
2019-04,주택업체,소계,충북,0
2019-04,주택업체,소계,충남,0
2019-04,주택업체,소계,전북,75
2019-04,주택업체,소계,전남,420
2019-04,주택업체,소계,경북,553
2019-04,주택업체,소계,경남,336
2019-04,주택업체,소계,제주,0
2019-04,주택업체,국민임대,전국,0
2019-04,주택업체,국민임대,서울,0
2019-04,주택업체,국민임대,인천,0
2019-04,주택업체,국민임대,경기,0
2019-04,주택업체,국민임대,부산,0
2019-04,주택업체,국민임대,대구,0
2019-04,주택업체,국민임대,광주,0
2019-04,주택업체,국민임대,대전,0
2019-04,주택업체,국민임대,울산,0
2019-04,주택업체,국민임대,세종,0
2019-04,주택업체,국민임대,강원,0
2019-04,주택업체,국민임대,충북,0
2019-04,주택업체,국민임대,충남,0
2019-04,주택업체,국민임대,전북,0
2019-04,주택업체,국민임대,전남,0
2019-04,주택업체,국민임대,경북,0
2019-04,주택업체,국민임대,경남,0
2019-04,주택업체,국민임대,제주,0
2019-04,주택업체,공공임대,전국,4,107
2019-04,주택업체,공공임대,서울,478
2019-04,주택업체,공공임대,인천,0
2019-04,주택업체,공공임대,경기,1,194
2019-04,주택업체,공공임대,부산,0
2019-04,주택업체,공공임대,대구,591
2019-04,주택업체,공공임대,광주,460
2019-04,주택업체,공공임대,대전,0
2019-04,주택업체,공공임대,울산,0
2019-04,주택업체,공공임대,세종,0
2019-04,주택업체,공공임대,강원,0
2019-04,주택업체,공공임대,충북,0
2019-04,주택업체,공공임대,충남,0
2019-04,주택업체,공공임대,전북,75
2019-04,주택업체,공공임대,전남,420
2019-04,주택업체,공공임대,경북,553
2019-04,주택업체,공공임대,경남,336
2019-04,주택업체,공공임대,제주,0
2019-04,주택업체,공공분양,전국,0
2019-04,주택업체,공공분양,서울,0
2019-04,주택업체,공공분양,인천,0
2019-04,주택업체,공공분양,경기,0
2019-04,주택업체,공공분양,부산,0
2019-04,주택업체,공공분양,대구,0
2019-04,주택업체,공공분양,광주,0
2019-04,주택업체,공공분양,대전,0
2019-04,주택업체,공공분양,울산,0
2019-04,주택업체,공공분양,세종,0
2019-04,주택업체,공공분양,강원,0
2019-04,주택업체,공공분양,충북,0
2019-04,주택업체,공공분양,충남,0
2019-04,주택업체,공공분양,전북,0
2019-04,주택업체,공공분양,전남,0
2019-04,주택업체,공공분양,경북,0
2019-04,주택업체,공공분양,경남,0
2019-04,주택업체,공공분양,제주,0
2019-04,민간부문,소계,전국,30,130
2019-04,민간부문,소계,서울,4,110
2019-04,민간부문,소계,인천,709
2019-04,민간부문,소계,경기,9,915
2019-04,민간부문,소계,부산,2,410
2019-04,민간부문,소계,대구,1,762
2019-04,민간부문,소계,광주,230
2019-04,민간부문,소계,대전,120
2019-04,민간부문,소계,울산,1,241
2019-04,민간부문,소계,세종,1,018
2019-04,민간부문,소계,강원,2,302
2019-04,민간부문,소계,충북,1,122
2019-04,민간부문,소계,충남,314
2019-04,민간부문,소계,전북,219
2019-04,민간부문,소계,전남,986
2019-04,민간부문,소계,경북,2,165
2019-04,민간부문,소계,경남,945
2019-04,민간부문,소계,제주,562
2019-04,민간,민간임대,전국,65
2019-04,민간,민간임대,서울,65
2019-04,민간,민간임대,인천,0
2019-04,민간,민간임대,경기,0
2019-04,민간,민간임대,부산,0
2019-04,민간,민간임대,대구,0
2019-04,민간,민간임대,광주,0
2019-04,민간,민간임대,대전,0
2019-04,민간,민간임대,울산,0
2019-04,민간,민간임대,세종,0
2019-04,민간,민간임대,강원,0
2019-04,민간,민간임대,충북,0
2019-04,민간,민간임대,충남,0
2019-04,민간,민간임대,전북,0
2019-04,민간,민간임대,전남,0
2019-04,민간,민간임대,경북,0
2019-04,민간,민간임대,경남,0
2019-04,민간,민간임대,제주,0
2019-04,민간,민간분양,전국,30,065
2019-04,민간,민간분양,서울,4,045
2019-04,민간,민간분양,인천,709
2019-04,민간,민간분양,경기,9,915
2019-04,민간,민간분양,부산,2,410
2019-04,민간,민간분양,대구,1,762
2019-04,민간,민간분양,광주,230
2019-04,민간,민간분양,대전,120
2019-04,민간,민간분양,울산,1,241
2019-04,민간,민간분양,세종,1,018
2019-04,민간,민간분양,강원,2,302
2019-04,민간,민간분양,충북,1,122
2019-04,민간,민간분양,충남,314
2019-04,민간,민간분양,전북,219
2019-04,민간,민간분양,전남,986
2019-04,민간,민간분양,경북,2,165
2019-04,민간,민간분양,경남,945
2019-04,민간,민간분양,제주,562
2019-05,총계,총계,전국,43,394
2019-05,총계,총계,서울,4,229
2019-05,총계,총계,인천,1,657
2019-05,총계,총계,경기,19,040
2019-05,총계,총계,부산,3,470
2019-05,총계,총계,대구,93
2019-05,총계,총계,광주,941
2019-05,총계,총계,대전,71
2019-05,총계,총계,울산,1,874
2019-05,총계,총계,세종,2,068
2019-05,총계,총계,강원,887
2019-05,총계,총계,충북,366
2019-05,총계,총계,충남,1,379
2019-05,총계,총계,전북,300
2019-05,총계,총계,전남,974
2019-05,총계,총계,경북,1,090
2019-05,총계,총계,경남,4,055
2019-05,총계,총계,제주,900
2019-05,공공부문,소계,전국,15,484
2019-05,공공부문,소계,서울,297
2019-05,공공부문,소계,인천,266
2019-05,공공부문,소계,경기,9,192
2019-05,공공부문,소계,부산,0
2019-05,공공부문,소계,대구,0
2019-05,공공부문,소계,광주,528
2019-05,공공부문,소계,대전,0
2019-05,공공부문,소계,울산,946
2019-05,공공부문,소계,세종,1,258
2019-05,공공부문,소계,강원,0
2019-05,공공부문,소계,충북,120
2019-05,공공부문,소계,충남,72
2019-05,공공부문,소계,전북,0
2019-05,공공부문,소계,전남,361
2019-05,공공부문,소계,경북,0
2019-05,공공부문,소계,경남,2,390
2019-05,공공부문,소계,제주,54
2019-05,합,국민임대,전국,1,636
2019-05,합,국민임대,서울,0
2019-05,합,국민임대,인천,0
2019-05,합,국민임대,경기,1,372
2019-05,합,국민임대,부산,0
2019-05,합,국민임대,대구,0
2019-05,합,국민임대,광주,264
2019-05,합,국민임대,대전,0
2019-05,합,국민임대,울산,0
2019-05,합,국민임대,세종,0
2019-05,합,국민임대,강원,0
2019-05,합,국민임대,충북,0
2019-05,합,국민임대,충남,0
2019-05,합,국민임대,전북,0
2019-05,합,국민임대,전남,0
2019-05,합,국민임대,경북,0
2019-05,합,국민임대,경남,0
2019-05,합,국민임대,제주,0
2019-05,합,공공임대,전국,10,487
2019-05,합,공공임대,서울,297
2019-05,합,공공임대,인천,0
2019-05,합,공공임대,경기,7,228
2019-05,합,공공임대,부산,0
2019-05,합,공공임대,대구,0
2019-05,합,공공임대,광주,264
2019-05,합,공공임대,대전,0
2019-05,합,공공임대,울산,946
2019-05,합,공공임대,세종,0
2019-05,합,공공임대,강원,0
2019-05,합,공공임대,충북,120
2019-05,합,공공임대,충남,72
2019-05,합,공공임대,전북,0
2019-05,합,공공임대,전남,361
2019-05,합,공공임대,경북,0
2019-05,합,공공임대,경남,1,145
2019-05,합,공공임대,제주,54
2019-05,합,공공분양,전국,3,361
2019-05,합,공공분양,서울,0
2019-05,합,공공분양,인천,266
2019-05,합,공공분양,경기,592
2019-05,합,공공분양,부산,0
2019-05,합,공공분양,대구,0
2019-05,합,공공분양,광주,0
2019-05,합,공공분양,대전,0
2019-05,합,공공분양,울산,0
2019-05,합,공공분양,세종,1,258
2019-05,합,공공분양,강원,0
2019-05,합,공공분양,충북,0
2019-05,합,공공분양,충남,0
2019-05,합,공공분양,전북,0
2019-05,합,공공분양,전남,0
2019-05,합,공공분양,경북,0
2019-05,합,공공분양,경남,1,245
2019-05,합,공공분양,제주,0
2019-05,지자체,소계,전국,0
2019-05,지자체,소계,서울,0
2019-05,지자체,소계,인천,0
2019-05,지자체,소계,경기,0
2019-05,지자체,소계,부산,0
2019-05,지자체,소계,대구,0
2019-05,지자체,소계,광주,0
2019-05,지자체,소계,대전,0
2019-05,지자체,소계,울산,0
2019-05,지자체,소계,세종,0
2019-05,지자체,소계,강원,0
2019-05,지자체,소계,충북,0
2019-05,지자체,소계,충남,0
2019-05,지자체,소계,전북,0
2019-05,지자체,소계,전남,0
2019-05,지자체,소계,경북,0
2019-05,지자체,소계,경남,0
2019-05,지자체,소계,제주,0
2019-05,지자체,국민임대,전국,0
2019-05,지자체,국민임대,서울,0
2019-05,지자체,국민임대,인천,0
2019-05,지자체,국민임대,경기,0
2019-05,지자체,국민임대,부산,0
2019-05,지자체,국민임대,대구,0
2019-05,지자체,국민임대,광주,0
2019-05,지자체,국민임대,대전,0
2019-05,지자체,국민임대,울산,0
2019-05,지자체,국민임대,세종,0
2019-05,지자체,국민임대,강원,0
2019-05,지자체,국민임대,충북,0
2019-05,지자체,국민임대,충남,0
2019-05,지자체,국민임대,전북,0
2019-05,지자체,국민임대,전남,0
2019-05,지자체,국민임대,경북,0
2019-05,지자체,국민임대,경남,0
2019-05,지자체,국민임대,제주,0
2019-05,지자체,공공임대,전국,0
2019-05,지자체,공공임대,서울,0
2019-05,지자체,공공임대,인천,0
2019-05,지자체,공공임대,경기,0
2019-05,지자체,공공임대,부산,0
2019-05,지자체,공공임대,대구,0
2019-05,지자체,공공임대,광주,0
2019-05,지자체,공공임대,대전,0
2019-05,지자체,공공임대,울산,0
2019-05,지자체,공공임대,세종,0
2019-05,지자체,공공임대,강원,0
2019-05,지자체,공공임대,충북,0
2019-05,지자체,공공임대,충남,0
2019-05,지자체,공공임대,전북,0
2019-05,지자체,공공임대,전남,0
2019-05,지자체,공공임대,경북,0
2019-05,지자체,공공임대,경남,0
2019-05,지자체,공공임대,제주,0
2019-05,지자체,공공분양,전국,0
2019-05,지자체,공공분양,서울,0
2019-05,지자체,공공분양,인천,0
2019-05,지자체,공공분양,경기,0
2019-05,지자체,공공분양,부산,0
2019-05,지자체,공공분양,대구,0
2019-05,지자체,공공분양,광주,0
2019-05,지자체,공공분양,대전,0
2019-05,지자체,공공분양,울산,0
2019-05,지자체,공공분양,세종,0
2019-05,지자체,공공분양,강원,0
2019-05,지자체,공공분양,충북,0
2019-05,지자체,공공분양,충남,0
2019-05,지자체,공공분양,전북,0
2019-05,지자체,공공분양,전남,0
2019-05,지자체,공공분양,경북,0
2019-05,지자체,공공분양,경남,0
2019-05,지자체,공공분양,제주,0
2019-05,LH,소계,전국,10,309
2019-05,LH,소계,서울,0
2019-05,LH,소계,인천,0
2019-05,LH,소계,경기,6,330
2019-05,LH,소계,부산,0
2019-05,LH,소계,대구,0
2019-05,LH,소계,광주,528
2019-05,LH,소계,대전,0
2019-05,LH,소계,울산,946
2019-05,LH,소계,세종,1,258
2019-05,LH,소계,강원,0
2019-05,LH,소계,충북,0
2019-05,LH,소계,충남,0
2019-05,LH,소계,전북,0
2019-05,LH,소계,전남,0
2019-05,LH,소계,경북,0
2019-05,LH,소계,경남,1,247
2019-05,LH,소계,제주,0
2019-05,LH,국민임대,전국,1,636
2019-05,LH,국민임대,서울,0
2019-05,LH,국민임대,인천,0
2019-05,LH,국민임대,경기,1,372
2019-05,LH,국민임대,부산,0
2019-05,LH,국민임대,대구,0
2019-05,LH,국민임대,광주,264
2019-05,LH,국민임대,대전,0
2019-05,LH,국민임대,울산,0
2019-05,LH,국민임대,세종,0
2019-05,LH,국민임대,강원,0
2019-05,LH,국민임대,충북,0
2019-05,LH,국민임대,충남,0
2019-05,LH,국민임대,전북,0
2019-05,LH,국민임대,전남,0
2019-05,LH,국민임대,경북,0
2019-05,LH,국민임대,경남,0
2019-05,LH,국민임대,제주,0
2019-05,LH,공공임대,전국,5,578
2019-05,LH,공공임대,서울,0
2019-05,LH,공공임대,인천,0
2019-05,LH,공공임대,경기,4,366
2019-05,LH,공공임대,부산,0
2019-05,LH,공공임대,대구,0
2019-05,LH,공공임대,광주,264
2019-05,LH,공공임대,대전,0
2019-05,LH,공공임대,울산,946
2019-05,LH,공공임대,세종,0
2019-05,LH,공공임대,강원,0
2019-05,LH,공공임대,충북,0
2019-05,LH,공공임대,충남,0
2019-05,LH,공공임대,전북,0
2019-05,LH,공공임대,전남,0
2019-05,LH,공공임대,경북,0
2019-05,LH,공공임대,경남,2
2019-05,LH,공공임대,제주,0
2019-05,LH,공공분양,전국,3,095
2019-05,LH,공공분양,서울,0
2019-05,LH,공공분양,인천,0
2019-05,LH,공공분양,경기,592
2019-05,LH,공공분양,부산,0
2019-05,LH,공공분양,대구,0
2019-05,LH,공공분양,광주,0
2019-05,LH,공공분양,대전,0
2019-05,LH,공공분양,울산,0
2019-05,LH,공공분양,세종,1,258
2019-05,LH,공공분양,강원,0
2019-05,LH,공공분양,충북,0
2019-05,LH,공공분양,충남,0
2019-05,LH,공공분양,전북,0
2019-05,LH,공공분양,전남,0
2019-05,LH,공공분양,경북,0
2019-05,LH,공공분양,경남,1,245
2019-05,LH,공공분양,제주,0
2019-05,주택업체,소계,전국,5,175
2019-05,주택업체,소계,서울,297
2019-05,주택업체,소계,인천,266
2019-05,주택업체,소계,경기,2,862
2019-05,주택업체,소계,부산,0
2019-05,주택업체,소계,대구,0
2019-05,주택업체,소계,광주,0
2019-05,주택업체,소계,대전,0
2019-05,주택업체,소계,울산,0
2019-05,주택업체,소계,세종,0
2019-05,주택업체,소계,강원,0
2019-05,주택업체,소계,충북,120
2019-05,주택업체,소계,충남,72
2019-05,주택업체,소계,전북,0
2019-05,주택업체,소계,전남,361
2019-05,주택업체,소계,경북,0
2019-05,주택업체,소계,경남,1,143
2019-05,주택업체,소계,제주,54
2019-05,주택업체,국민임대,전국,0
2019-05,주택업체,국민임대,서울,0
2019-05,주택업체,국민임대,인천,0
2019-05,주택업체,국민임대,경기,0
2019-05,주택업체,국민임대,부산,0
2019-05,주택업체,국민임대,대구,0
2019-05,주택업체,국민임대,광주,0
2019-05,주택업체,국민임대,대전,0
2019-05,주택업체,국민임대,울산,0
2019-05,주택업체,국민임대,세종,0
2019-05,주택업체,국민임대,강원,0
2019-05,주택업체,국민임대,충북,0
2019-05,주택업체,국민임대,충남,0
2019-05,주택업체,국민임대,전북,0
2019-05,주택업체,국민임대,전남,0
2019-05,주택업체,국민임대,경북,0
2019-05,주택업체,국민임대,경남,0
2019-05,주택업체,국민임대,제주,0
2019-05,주택업체,공공임대,전국,4,909
2019-05,주택업체,공공임대,서울,297
2019-05,주택업체,공공임대,인천,0
2019-05,주택업체,공공임대,경기,2,862
2019-05,주택업체,공공임대,부산,0
2019-05,주택업체,공공임대,대구,0
2019-05,주택업체,공공임대,광주,0
2019-05,주택업체,공공임대,대전,0
2019-05,주택업체,공공임대,울산,0
2019-05,주택업체,공공임대,세종,0
2019-05,주택업체,공공임대,강원,0
2019-05,주택업체,공공임대,충북,120
2019-05,주택업체,공공임대,충남,72
2019-05,주택업체,공공임대,전북,0
2019-05,주택업체,공공임대,전남,361
2019-05,주택업체,공공임대,경북,0
2019-05,주택업체,공공임대,경남,1,143
2019-05,주택업체,공공임대,제주,54
2019-05,주택업체,공공분양,전국,266
2019-05,주택업체,공공분양,서울,0
2019-05,주택업체,공공분양,인천,266
2019-05,주택업체,공공분양,경기,0
2019-05,주택업체,공공분양,부산,0
2019-05,주택업체,공공분양,대구,0
2019-05,주택업체,공공분양,광주,0
2019-05,주택업체,공공분양,대전,0
2019-05,주택업체,공공분양,울산,0
2019-05,주택업체,공공분양,세종,0
2019-05,주택업체,공공분양,강원,0
2019-05,주택업체,공공분양,충북,0
2019-05,주택업체,공공분양,충남,0
2019-05,주택업체,공공분양,전북,0
2019-05,주택업체,공공분양,전남,0
2019-05,주택업체,공공분양,경북,0
2019-05,주택업체,공공분양,경남,0
2019-05,주택업체,공공분양,제주,0
2019-05,민간부문,소계,전국,27,910
2019-05,민간부문,소계,서울,3,932
2019-05,민간부문,소계,인천,1,391
2019-05,민간부문,소계,경기,9,848
2019-05,민간부문,소계,부산,3,470
2019-05,민간부문,소계,대구,93
2019-05,민간부문,소계,광주,413
2019-05,민간부문,소계,대전,71
2019-05,민간부문,소계,울산,928
2019-05,민간부문,소계,세종,810
2019-05,민간부문,소계,강원,887
2019-05,민간부문,소계,충북,246
2019-05,민간부문,소계,충남,1,307
2019-05,민간부문,소계,전북,300
2019-05,민간부문,소계,전남,613
2019-05,민간부문,소계,경북,1,090
2019-05,민간부문,소계,경남,1,665
2019-05,민간부문,소계,제주,846
2019-05,민간,민간임대,전국,1,512
2019-05,민간,민간임대,서울,299
2019-05,민간,민간임대,인천,0
2019-05,민간,민간임대,경기,1,080
2019-05,민간,민간임대,부산,0
2019-05,민간,민간임대,대구,0
2019-05,민간,민간임대,광주,0
2019-05,민간,민간임대,대전,0
2019-05,민간,민간임대,울산,0
2019-05,민간,민간임대,세종,0
2019-05,민간,민간임대,강원,0
2019-05,민간,민간임대,충북,0
2019-05,민간,민간임대,충남,0
2019-05,민간,민간임대,전북,0
2019-05,민간,민간임대,전남,133
2019-05,민간,민간임대,경북,0
2019-05,민간,민간임대,경남,0
2019-05,민간,민간임대,제주,0
2019-05,민간,민간분양,전국,26,398
2019-05,민간,민간분양,서울,3,633
2019-05,민간,민간분양,인천,1,391
2019-05,민간,민간분양,경기,8,768
2019-05,민간,민간분양,부산,3,470
2019-05,민간,민간분양,대구,93
2019-05,민간,민간분양,광주,413
2019-05,민간,민간분양,대전,71
2019-05,민간,민간분양,울산,928
2019-05,민간,민간분양,세종,810
2019-05,민간,민간분양,강원,887
2019-05,민간,민간분양,충북,246
2019-05,민간,민간분양,충남,1,307
2019-05,민간,민간분양,전북,300
2019-05,민간,민간분양,전남,480
2019-05,민간,민간분양,경북,1,090
2019-05,민간,민간분양,경남,1,665
2019-05,민간,민간분양,제주,846
2019-06,총계,총계,전국,54,568
2019-06,총계,총계,서울,7,144
2019-06,총계,총계,인천,411
2019-06,총계,총계,경기,27,378
2019-06,총계,총계,부산,2,288
2019-06,총계,총계,대구,999
2019-06,총계,총계,광주,4,471
2019-06,총계,총계,대전,1,144
2019-06,총계,총계,울산,714
2019-06,총계,총계,세종,1,218
2019-06,총계,총계,강원,742
2019-06,총계,총계,충북,498
2019-06,총계,총계,충남,1,164
2019-06,총계,총계,전북,1,537
2019-06,총계,총계,전남,737
2019-06,총계,총계,경북,396
2019-06,총계,총계,경남,3,216
2019-06,총계,총계,제주,511
2019-06,공공부문,소계,전국,8,872
2019-06,공공부문,소계,서울,718
2019-06,공공부문,소계,인천,0
2019-06,공공부문,소계,경기,5,785
2019-06,공공부문,소계,부산,219
2019-06,공공부문,소계,대구,442
2019-06,공공부문,소계,광주,700
2019-06,공공부문,소계,대전,0
2019-06,공공부문,소계,울산,660
2019-06,공공부문,소계,세종,0
2019-06,공공부문,소계,강원,0
2019-06,공공부문,소계,충북,0
2019-06,공공부문,소계,충남,40
2019-06,공공부문,소계,전북,0
2019-06,공공부문,소계,전남,308
2019-06,공공부문,소계,경북,0
2019-06,공공부문,소계,경남,0
2019-06,공공부문,소계,제주,0
2019-06,합,국민임대,전국,480
2019-06,합,국민임대,서울,0
2019-06,합,국민임대,인천,0
2019-06,합,국민임대,경기,480
2019-06,합,국민임대,부산,0
2019-06,합,국민임대,대구,0
2019-06,합,국민임대,광주,0
2019-06,합,국민임대,대전,0
2019-06,합,국민임대,울산,0
2019-06,합,국민임대,세종,0
2019-06,합,국민임대,강원,0
2019-06,합,국민임대,충북,0
2019-06,합,국민임대,충남,0
2019-06,합,국민임대,전북,0
2019-06,합,국민임대,전남,0
2019-06,합,국민임대,경북,0
2019-06,합,국민임대,경남,0
2019-06,합,국민임대,제주,0
2019-06,합,공공임대,전국,5,874
2019-06,합,공공임대,서울,718
2019-06,합,공공임대,인천,0
2019-06,합,공공임대,경기,3,095
2019-06,합,공공임대,부산,219
2019-06,합,공공임대,대구,442
2019-06,합,공공임대,광주,700
2019-06,합,공공임대,대전,0
2019-06,합,공공임대,울산,660
2019-06,합,공공임대,세종,0
2019-06,합,공공임대,강원,0
2019-06,합,공공임대,충북,0
2019-06,합,공공임대,충남,40
2019-06,합,공공임대,전북,0
2019-06,합,공공임대,전남,0
2019-06,합,공공임대,경북,0
2019-06,합,공공임대,경남,0
2019-06,합,공공임대,제주,0
2019-06,합,공공분양,전국,2,518
2019-06,합,공공분양,서울,0
2019-06,합,공공분양,인천,0
2019-06,합,공공분양,경기,2,210
2019-06,합,공공분양,부산,0
2019-06,합,공공분양,대구,0
2019-06,합,공공분양,광주,0
2019-06,합,공공분양,대전,0
2019-06,합,공공분양,울산,0
2019-06,합,공공분양,세종,0
2019-06,합,공공분양,강원,0
2019-06,합,공공분양,충북,0
2019-06,합,공공분양,충남,0
2019-06,합,공공분양,전북,0
2019-06,합,공공분양,전남,308
2019-06,합,공공분양,경북,0
2019-06,합,공공분양,경남,0
2019-06,합,공공분양,제주,0
2019-06,지자체,소계,전국,0
2019-06,지자체,소계,서울,0
2019-06,지자체,소계,인천,0
2019-06,지자체,소계,경기,0
2019-06,지자체,소계,부산,0
2019-06,지자체,소계,대구,0
2019-06,지자체,소계,광주,0
2019-06,지자체,소계,대전,0
2019-06,지자체,소계,울산,0
2019-06,지자체,소계,세종,0
2019-06,지자체,소계,강원,0
2019-06,지자체,소계,충북,0
2019-06,지자체,소계,충남,0
2019-06,지자체,소계,전북,0
2019-06,지자체,소계,전남,0
2019-06,지자체,소계,경북,0
2019-06,지자체,소계,경남,0
2019-06,지자체,소계,제주,0
2019-06,지자체,국민임대,전국,0
2019-06,지자체,국민임대,서울,0
2019-06,지자체,국민임대,인천,0
2019-06,지자체,국민임대,경기,0
2019-06,지자체,국민임대,부산,0
2019-06,지자체,국민임대,대구,0
2019-06,지자체,국민임대,광주,0
2019-06,지자체,국민임대,대전,0
2019-06,지자체,국민임대,울산,0
2019-06,지자체,국민임대,세종,0
2019-06,지자체,국민임대,강원,0
2019-06,지자체,국민임대,충북,0
2019-06,지자체,국민임대,충남,0
2019-06,지자체,국민임대,전북,0
2019-06,지자체,국민임대,전남,0
2019-06,지자체,국민임대,경북,0
2019-06,지자체,국민임대,경남,0
2019-06,지자체,국민임대,제주,0
2019-06,지자체,공공임대,전국,0
2019-06,지자체,공공임대,서울,0
2019-06,지자체,공공임대,인천,0
2019-06,지자체,공공임대,경기,0
2019-06,지자체,공공임대,부산,0
2019-06,지자체,공공임대,대구,0
2019-06,지자체,공공임대,광주,0
2019-06,지자체,공공임대,대전,0
2019-06,지자체,공공임대,울산,0
2019-06,지자체,공공임대,세종,0
2019-06,지자체,공공임대,강원,0
2019-06,지자체,공공임대,충북,0
2019-06,지자체,공공임대,충남,0
2019-06,지자체,공공임대,전북,0
2019-06,지자체,공공임대,전남,0
2019-06,지자체,공공임대,경북,0
2019-06,지자체,공공임대,경남,0
2019-06,지자체,공공임대,제주,0
2019-06,지자체,공공분양,전국,0
2019-06,지자체,공공분양,서울,0
2019-06,지자체,공공분양,인천,0
2019-06,지자체,공공분양,경기,0
2019-06,지자체,공공분양,부산,0
2019-06,지자체,공공분양,대구,0
2019-06,지자체,공공분양,광주,0
2019-06,지자체,공공분양,대전,0
2019-06,지자체,공공분양,울산,0
2019-06,지자체,공공분양,세종,0
2019-06,지자체,공공분양,강원,0
2019-06,지자체,공공분양,충북,0
2019-06,지자체,공공분양,충남,0
2019-06,지자체,공공분양,전북,0
2019-06,지자체,공공분양,전남,0
2019-06,지자체,공공분양,경북,0
2019-06,지자체,공공분양,경남,0
2019-06,지자체,공공분양,제주,0
2019-06,LH,소계,전국,5,151
2019-06,LH,소계,서울,0
2019-06,LH,소계,인천,0
2019-06,LH,소계,경기,4,361
2019-06,LH,소계,부산,0
2019-06,LH,소계,대구,442
2019-06,LH,소계,광주,0
2019-06,LH,소계,대전,0
2019-06,LH,소계,울산,0
2019-06,LH,소계,세종,0
2019-06,LH,소계,강원,0
2019-06,LH,소계,충북,0
2019-06,LH,소계,충남,40
2019-06,LH,소계,전북,0
2019-06,LH,소계,전남,308
2019-06,LH,소계,경북,0
2019-06,LH,소계,경남,0
2019-06,LH,소계,제주,0
2019-06,LH,국민임대,전국,480
2019-06,LH,국민임대,서울,0
2019-06,LH,국민임대,인천,0
2019-06,LH,국민임대,경기,480
2019-06,LH,국민임대,부산,0
2019-06,LH,국민임대,대구,0
2019-06,LH,국민임대,광주,0
2019-06,LH,국민임대,대전,0
2019-06,LH,국민임대,울산,0
2019-06,LH,국민임대,세종,0
2019-06,LH,국민임대,강원,0
2019-06,LH,국민임대,충북,0
2019-06,LH,국민임대,충남,0
2019-06,LH,국민임대,전북,0
2019-06,LH,국민임대,전남,0
2019-06,LH,국민임대,경북,0
2019-06,LH,국민임대,경남,0
2019-06,LH,국민임대,제주,0
2019-06,LH,공공임대,전국,2,644
2019-06,LH,공공임대,서울,0
2019-06,LH,공공임대,인천,0
2019-06,LH,공공임대,경기,2,162
2019-06,LH,공공임대,부산,0
2019-06,LH,공공임대,대구,442
2019-06,LH,공공임대,광주,0
2019-06,LH,공공임대,대전,0
2019-06,LH,공공임대,울산,0
2019-06,LH,공공임대,세종,0
2019-06,LH,공공임대,강원,0
2019-06,LH,공공임대,충북,0
2019-06,LH,공공임대,충남,40
2019-06,LH,공공임대,전북,0
2019-06,LH,공공임대,전남,0
2019-06,LH,공공임대,경북,0
2019-06,LH,공공임대,경남,0
2019-06,LH,공공임대,제주,0
2019-06,LH,공공분양,전국,2,027
2019-06,LH,공공분양,서울,0
2019-06,LH,공공분양,인천,0
2019-06,LH,공공분양,경기,1,719
2019-06,LH,공공분양,부산,0
2019-06,LH,공공분양,대구,0
2019-06,LH,공공분양,광주,0
2019-06,LH,공공분양,대전,0
2019-06,LH,공공분양,울산,0
2019-06,LH,공공분양,세종,0
2019-06,LH,공공분양,강원,0
2019-06,LH,공공분양,충북,0
2019-06,LH,공공분양,충남,0
2019-06,LH,공공분양,전북,0
2019-06,LH,공공분양,전남,308
2019-06,LH,공공분양,경북,0
2019-06,LH,공공분양,경남,0
2019-06,LH,공공분양,제주,0
2019-06,주택업체,소계,전국,3,721
2019-06,주택업체,소계,서울,718
2019-06,주택업체,소계,인천,0
2019-06,주택업체,소계,경기,1,424
2019-06,주택업체,소계,부산,219
2019-06,주택업체,소계,대구,0
2019-06,주택업체,소계,광주,700
2019-06,주택업체,소계,대전,0
2019-06,주택업체,소계,울산,660
2019-06,주택업체,소계,세종,0
2019-06,주택업체,소계,강원,0
2019-06,주택업체,소계,충북,0
2019-06,주택업체,소계,충남,0
2019-06,주택업체,소계,전북,0
2019-06,주택업체,소계,전남,0
2019-06,주택업체,소계,경북,0
2019-06,주택업체,소계,경남,0
2019-06,주택업체,소계,제주,0
2019-06,주택업체,국민임대,전국,0
2019-06,주택업체,국민임대,서울,0
2019-06,주택업체,국민임대,인천,0
2019-06,주택업체,국민임대,경기,0
2019-06,주택업체,국민임대,부산,0
2019-06,주택업체,국민임대,대구,0
2019-06,주택업체,국민임대,광주,0
2019-06,주택업체,국민임대,대전,0
2019-06,주택업체,국민임대,울산,0
2019-06,주택업체,국민임대,세종,0
2019-06,주택업체,국민임대,강원,0
2019-06,주택업체,국민임대,충북,0
2019-06,주택업체,국민임대,충남,0
2019-06,주택업체,국민임대,전북,0
2019-06,주택업체,국민임대,전남,0
2019-06,주택업체,국민임대,경북,0
2019-06,주택업체,국민임대,경남,0
2019-06,주택업체,국민임대,제주,0
2019-06,주택업체,공공임대,전국,3,230
2019-06,주택업체,공공임대,서울,718
2019-06,주택업체,공공임대,인천,0
2019-06,주택업체,공공임대,경기,933
2019-06,주택업체,공공임대,부산,219
2019-06,주택업체,공공임대,대구,0
2019-06,주택업체,공공임대,광주,700
2019-06,주택업체,공공임대,대전,0
2019-06,주택업체,공공임대,울산,660
2019-06,주택업체,공공임대,세종,0
2019-06,주택업체,공공임대,강원,0
2019-06,주택업체,공공임대,충북,0
2019-06,주택업체,공공임대,충남,0
2019-06,주택업체,공공임대,전북,0
2019-06,주택업체,공공임대,전남,0
2019-06,주택업체,공공임대,경북,0
2019-06,주택업체,공공임대,경남,0
2019-06,주택업체,공공임대,제주,0
2019-06,주택업체,공공분양,전국,491
2019-06,주택업체,공공분양,서울,0
2019-06,주택업체,공공분양,인천,0
2019-06,주택업체,공공분양,경기,491
2019-06,주택업체,공공분양,부산,0
2019-06,주택업체,공공분양,대구,0
2019-06,주택업체,공공분양,광주,0
2019-06,주택업체,공공분양,대전,0
2019-06,주택업체,공공분양,울산,0
2019-06,주택업체,공공분양,세종,0
2019-06,주택업체,공공분양,강원,0
2019-06,주택업체,공공분양,충북,0
2019-06,주택업체,공공분양,충남,0
2019-06,주택업체,공공분양,전북,0
2019-06,주택업체,공공분양,전남,0
2019-06,주택업체,공공분양,경북,0
2019-06,주택업체,공공분양,경남,0
2019-06,주택업체,공공분양,제주,0
2019-06,민간부문,소계,전국,45,696
2019-06,민간부문,소계,서울,6,426
2019-06,민간부문,소계,인천,411
2019-06,민간부문,소계,경기,21,593
2019-06,민간부문,소계,부산,2,069
2019-06,민간부문,소계,대구,557
2019-06,민간부문,소계,광주,3,771
2019-06,민간부문,소계,대전,1,144
2019-06,민간부문,소계,울산,54
2019-06,민간부문,소계,세종,1,218
2019-06,민간부문,소계,강원,742
2019-06,민간부문,소계,충북,498
2019-06,민간부문,소계,충남,1,124
2019-06,민간부문,소계,전북,1,537
2019-06,민간부문,소계,전남,429
2019-06,민간부문,소계,경북,396
2019-06,민간부문,소계,경남,3,216
2019-06,민간부문,소계,제주,511
2019-06,민간,민간임대,전국,1,413
2019-06,민간,민간임대,서울,0
2019-06,민간,민간임대,인천,0
2019-06,민간,민간임대,경기,651
2019-06,민간,민간임대,부산,0
2019-06,민간,민간임대,대구,0
2019-06,민간,민간임대,광주,762
2019-06,민간,민간임대,대전,0
2019-06,민간,민간임대,울산,0
2019-06,민간,민간임대,세종,0
2019-06,민간,민간임대,강원,0
2019-06,민간,민간임대,충북,0
2019-06,민간,민간임대,충남,0
2019-06,민간,민간임대,전북,0
2019-06,민간,민간임대,전남,0
2019-06,민간,민간임대,경북,0
2019-06,민간,민간임대,경남,0
2019-06,민간,민간임대,제주,0
2019-06,민간,민간분양,전국,44,283
2019-06,민간,민간분양,서울,6,426
2019-06,민간,민간분양,인천,411
2019-06,민간,민간분양,경기,20,942
2019-06,민간,민간분양,부산,2,069
2019-06,민간,민간분양,대구,557
2019-06,민간,민간분양,광주,3,009
2019-06,민간,민간분양,대전,1,144
2019-06,민간,민간분양,울산,54
2019-06,민간,민간분양,세종,1,218
2019-06,민간,민간분양,강원,742
2019-06,민간,민간분양,충북,498
2019-06,민간,민간분양,충남,1,124
2019-06,민간,민간분양,전북,1,537
2019-06,민간,민간분양,전남,429
2019-06,민간,민간분양,경북,396
2019-06,민간,민간분양,경남,3,216
2019-06,민간,민간분양,제주,511
2019-07,총계,총계,전국,39,742
2019-07,총계,총계,서울,5,156
2019-07,총계,총계,인천,723
2019-07,총계,총계,경기,14,501
2019-07,총계,총계,부산,3,616
2019-07,총계,총계,대구,519
2019-07,총계,총계,광주,159
2019-07,총계,총계,대전,620
2019-07,총계,총계,울산,497
2019-07,총계,총계,세종,1,098
2019-07,총계,총계,강원,1,550
2019-07,총계,총계,충북,2,979
2019-07,총계,총계,충남,3,332
2019-07,총계,총계,전북,425
2019-07,총계,총계,전남,1,876
2019-07,총계,총계,경북,1,200
2019-07,총계,총계,경남,766
2019-07,총계,총계,제주,725
2019-07,공공부문,소계,전국,9,567
2019-07,공공부문,소계,서울,1,211
2019-07,공공부문,소계,인천,0
2019-07,공공부문,소계,경기,3,152
2019-07,공공부문,소계,부산,0
2019-07,공공부문,소계,대구,395
2019-07,공공부문,소계,광주,0
2019-07,공공부문,소계,대전,0
2019-07,공공부문,소계,울산,0
2019-07,공공부문,소계,세종,1,080
2019-07,공공부문,소계,강원,1,075
2019-07,공공부문,소계,충북,100
2019-07,공공부문,소계,충남,0
2019-07,공공부문,소계,전북,0
2019-07,공공부문,소계,전남,1,360
2019-07,공공부문,소계,경북,702
2019-07,공공부문,소계,경남,339
2019-07,공공부문,소계,제주,153
2019-07,합,국민임대,전국,72
2019-07,합,국민임대,서울,0
2019-07,합,국민임대,인천,0
2019-07,합,국민임대,경기,0
2019-07,합,국민임대,부산,0
2019-07,합,국민임대,대구,0
2019-07,합,국민임대,광주,0
2019-07,합,국민임대,대전,0
2019-07,합,국민임대,울산,0
2019-07,합,국민임대,세종,0
2019-07,합,국민임대,강원,0
2019-07,합,국민임대,충북,0
2019-07,합,국민임대,충남,0
2019-07,합,국민임대,전북,0
2019-07,합,국민임대,전남,0
2019-07,합,국민임대,경북,72
2019-07,합,국민임대,경남,0
2019-07,합,국민임대,제주,0
2019-07,합,공공임대,전국,7,346
2019-07,합,공공임대,서울,1,211
2019-07,합,공공임대,인천,0
2019-07,합,공공임대,경기,1,003
2019-07,합,공공임대,부산,0
2019-07,합,공공임대,대구,395
2019-07,합,공공임대,광주,0
2019-07,합,공공임대,대전,0
2019-07,합,공공임대,울산,0
2019-07,합,공공임대,세종,1,080
2019-07,합,공공임대,강원,1,075
2019-07,합,공공임대,충북,100
2019-07,합,공공임대,충남,0
2019-07,합,공공임대,전북,0
2019-07,합,공공임대,전남,1,360
2019-07,합,공공임대,경북,630
2019-07,합,공공임대,경남,339
2019-07,합,공공임대,제주,153
2019-07,합,공공분양,전국,2,149
2019-07,합,공공분양,서울,0
2019-07,합,공공분양,인천,0
2019-07,합,공공분양,경기,2,149
2019-07,합,공공분양,부산,0
2019-07,합,공공분양,대구,0
2019-07,합,공공분양,광주,0
2019-07,합,공공분양,대전,0
2019-07,합,공공분양,울산,0
2019-07,합,공공분양,세종,0
2019-07,합,공공분양,강원,0
2019-07,합,공공분양,충북,0
2019-07,합,공공분양,충남,0
2019-07,합,공공분양,전북,0
2019-07,합,공공분양,전남,0
2019-07,합,공공분양,경북,0
2019-07,합,공공분양,경남,0
2019-07,합,공공분양,제주,0
2019-07,지자체,소계,전국,0
2019-07,지자체,소계,서울,0
2019-07,지자체,소계,인천,0
2019-07,지자체,소계,경기,0
2019-07,지자체,소계,부산,0
2019-07,지자체,소계,대구,0
2019-07,지자체,소계,광주,0
2019-07,지자체,소계,대전,0
2019-07,지자체,소계,울산,0
2019-07,지자체,소계,세종,0
2019-07,지자체,소계,강원,0
2019-07,지자체,소계,충북,0
2019-07,지자체,소계,충남,0
2019-07,지자체,소계,전북,0
2019-07,지자체,소계,전남,0
2019-07,지자체,소계,경북,0
2019-07,지자체,소계,경남,0
2019-07,지자체,소계,제주,0
2019-07,지자체,국민임대,전국,0
2019-07,지자체,국민임대,서울,0
2019-07,지자체,국민임대,인천,0
2019-07,지자체,국민임대,경기,0
2019-07,지자체,국민임대,부산,0
2019-07,지자체,국민임대,대구,0
2019-07,지자체,국민임대,광주,0
2019-07,지자체,국민임대,대전,0
2019-07,지자체,국민임대,울산,0
2019-07,지자체,국민임대,세종,0
2019-07,지자체,국민임대,강원,0
2019-07,지자체,국민임대,충북,0
2019-07,지자체,국민임대,충남,0
2019-07,지자체,국민임대,전북,0
2019-07,지자체,국민임대,전남,0
2019-07,지자체,국민임대,경북,0
2019-07,지자체,국민임대,경남,0
2019-07,지자체,국민임대,제주,0
2019-07,지자체,공공임대,전국,0
2019-07,지자체,공공임대,서울,0
2019-07,지자체,공공임대,인천,0
2019-07,지자체,공공임대,경기,0
2019-07,지자체,공공임대,부산,0
2019-07,지자체,공공임대,대구,0
2019-07,지자체,공공임대,광주,0
2019-07,지자체,공공임대,대전,0
2019-07,지자체,공공임대,울산,0
2019-07,지자체,공공임대,세종,0
2019-07,지자체,공공임대,강원,0
2019-07,지자체,공공임대,충북,0
2019-07,지자체,공공임대,충남,0
2019-07,지자체,공공임대,전북,0
2019-07,지자체,공공임대,전남,0
2019-07,지자체,공공임대,경북,0
2019-07,지자체,공공임대,경남,0
2019-07,지자체,공공임대,제주,0
2019-07,지자체,공공분양,전국,0
2019-07,지자체,공공분양,서울,0
2019-07,지자체,공공분양,인천,0
2019-07,지자체,공공분양,경기,0
2019-07,지자체,공공분양,부산,0
2019-07,지자체,공공분양,대구,0
2019-07,지자체,공공분양,광주,0
2019-07,지자체,공공분양,대전,0
2019-07,지자체,공공분양,울산,0
2019-07,지자체,공공분양,세종,0
2019-07,지자체,공공분양,강원,0
2019-07,지자체,공공분양,충북,0
2019-07,지자체,공공분양,충남,0
2019-07,지자체,공공분양,전북,0
2019-07,지자체,공공분양,전남,0
2019-07,지자체,공공분양,경북,0
2019-07,지자체,공공분양,경남,0
2019-07,지자체,공공분양,제주,0
2019-07,LH,소계,전국,2,550
2019-07,LH,소계,서울,0
2019-07,LH,소계,인천,0
2019-07,LH,소계,경기,1,003
2019-07,LH,소계,부산,0
2019-07,LH,소계,대구,395
2019-07,LH,소계,광주,0
2019-07,LH,소계,대전,0
2019-07,LH,소계,울산,0
2019-07,LH,소계,세종,1,080
2019-07,LH,소계,강원,0
2019-07,LH,소계,충북,0
2019-07,LH,소계,충남,0
2019-07,LH,소계,전북,0
2019-07,LH,소계,전남,0
2019-07,LH,소계,경북,72
2019-07,LH,소계,경남,0
2019-07,LH,소계,제주,0
2019-07,LH,국민임대,전국,72
2019-07,LH,국민임대,서울,0
2019-07,LH,국민임대,인천,0
2019-07,LH,국민임대,경기,0
2019-07,LH,국민임대,부산,0
2019-07,LH,국민임대,대구,0
2019-07,LH,국민임대,광주,0
2019-07,LH,국민임대,대전,0
2019-07,LH,국민임대,울산,0
2019-07,LH,국민임대,세종,0
2019-07,LH,국민임대,강원,0
2019-07,LH,국민임대,충북,0
2019-07,LH,국민임대,충남,0
2019-07,LH,국민임대,전북,0
2019-07,LH,국민임대,전남,0
2019-07,LH,국민임대,경북,72
2019-07,LH,국민임대,경남,0
2019-07,LH,국민임대,제주,0
2019-07,LH,공공임대,전국,2,478
2019-07,LH,공공임대,서울,0
2019-07,LH,공공임대,인천,0
2019-07,LH,공공임대,경기,1,003
2019-07,LH,공공임대,부산,0
2019-07,LH,공공임대,대구,395
2019-07,LH,공공임대,광주,0
2019-07,LH,공공임대,대전,0
2019-07,LH,공공임대,울산,0
2019-07,LH,공공임대,세종,1,080
2019-07,LH,공공임대,강원,0
2019-07,LH,공공임대,충북,0
2019-07,LH,공공임대,충남,0
2019-07,LH,공공임대,전북,0
2019-07,LH,공공임대,전남,0
2019-07,LH,공공임대,경북,0
2019-07,LH,공공임대,경남,0
2019-07,LH,공공임대,제주,0
2019-07,LH,공공분양,전국,0
2019-07,LH,공공분양,서울,0
2019-07,LH,공공분양,인천,0
2019-07,LH,공공분양,경기,0
2019-07,LH,공공분양,부산,0
2019-07,LH,공공분양,대구,0
2019-07,LH,공공분양,광주,0
2019-07,LH,공공분양,대전,0
2019-07,LH,공공분양,울산,0
2019-07,LH,공공분양,세종,0
2019-07,LH,공공분양,강원,0
2019-07,LH,공공분양,충북,0
2019-07,LH,공공분양,충남,0
2019-07,LH,공공분양,전북,0
2019-07,LH,공공분양,전남,0
2019-07,LH,공공분양,경북,0
2019-07,LH,공공분양,경남,0
2019-07,LH,공공분양,제주,0
2019-07,주택업체,소계,전국,7,017
2019-07,주택업체,소계,서울,1,211
2019-07,주택업체,소계,인천,0
2019-07,주택업체,소계,경기,2,149
2019-07,주택업체,소계,부산,0
2019-07,주택업체,소계,대구,0
2019-07,주택업체,소계,광주,0
2019-07,주택업체,소계,대전,0
2019-07,주택업체,소계,울산,0
2019-07,주택업체,소계,세종,0
2019-07,주택업체,소계,강원,1,075
2019-07,주택업체,소계,충북,100
2019-07,주택업체,소계,충남,0
2019-07,주택업체,소계,전북,0
2019-07,주택업체,소계,전남,1,360
2019-07,주택업체,소계,경북,630
2019-07,주택업체,소계,경남,339
2019-07,주택업체,소계,제주,153
2019-07,주택업체,국민임대,전국,0
2019-07,주택업체,국민임대,서울,0
2019-07,주택업체,국민임대,인천,0
2019-07,주택업체,국민임대,경기,0
2019-07,주택업체,국민임대,부산,0
2019-07,주택업체,국민임대,대구,0
2019-07,주택업체,국민임대,광주,0
2019-07,주택업체,국민임대,대전,0
2019-07,주택업체,국민임대,울산,0
2019-07,주택업체,국민임대,세종,0
2019-07,주택업체,국민임대,강원,0
2019-07,주택업체,국민임대,충북,0
2019-07,주택업체,국민임대,충남,0
2019-07,주택업체,국민임대,전북,0
2019-07,주택업체,국민임대,전남,0
2019-07,주택업체,국민임대,경북,0
2019-07,주택업체,국민임대,경남,0
2019-07,주택업체,국민임대,제주,0
2019-07,주택업체,공공임대,전국,4,868
2019-07,주택업체,공공임대,서울,1,211
2019-07,주택업체,공공임대,인천,0
2019-07,주택업체,공공임대,경기,0
2019-07,주택업체,공공임대,부산,0
2019-07,주택업체,공공임대,대구,0
2019-07,주택업체,공공임대,광주,0
2019-07,주택업체,공공임대,대전,0
2019-07,주택업체,공공임대,울산,0
2019-07,주택업체,공공임대,세종,0
2019-07,주택업체,공공임대,강원,1,075
2019-07,주택업체,공공임대,충북,100
2019-07,주택업체,공공임대,충남,0
2019-07,주택업체,공공임대,전북,0
2019-07,주택업체,공공임대,전남,1,360
2019-07,주택업체,공공임대,경북,630
2019-07,주택업체,공공임대,경남,339
2019-07,주택업체,공공임대,제주,153
2019-07,주택업체,공공분양,전국,2,149
2019-07,주택업체,공공분양,서울,0
2019-07,주택업체,공공분양,인천,0
2019-07,주택업체,공공분양,경기,2,149
2019-07,주택업체,공공분양,부산,0
2019-07,주택업체,공공분양,대구,0
2019-07,주택업체,공공분양,광주,0
2019-07,주택업체,공공분양,대전,0
2019-07,주택업체,공공분양,울산,0
2019-07,주택업체,공공분양,세종,0
2019-07,주택업체,공공분양,강원,0
2019-07,주택업체,공공분양,충북,0
2019-07,주택업체,공공분양,충남,0
2019-07,주택업체,공공분양,전북,0
2019-07,주택업체,공공분양,전남,0
2019-07,주택업체,공공분양,경북,0
2019-07,주택업체,공공분양,경남,0
2019-07,주택업체,공공분양,제주,0
2019-07,민간부문,소계,전국,30,175
2019-07,민간부문,소계,서울,3,945
2019-07,민간부문,소계,인천,723
2019-07,민간부문,소계,경기,11,349
2019-07,민간부문,소계,부산,3,616
2019-07,민간부문,소계,대구,124
2019-07,민간부문,소계,광주,159
2019-07,민간부문,소계,대전,620
2019-07,민간부문,소계,울산,497
2019-07,민간부문,소계,세종,18
2019-07,민간부문,소계,강원,475
2019-07,민간부문,소계,충북,2,879
2019-07,민간부문,소계,충남,3,332
2019-07,민간부문,소계,전북,425
2019-07,민간부문,소계,전남,516
2019-07,민간부문,소계,경북,498
2019-07,민간부문,소계,경남,427
2019-07,민간부문,소계,제주,572
2019-07,민간,민간임대,전국,899
2019-07,민간,민간임대,서울,0
2019-07,민간,민간임대,인천,82
2019-07,민간,민간임대,경기,774
2019-07,민간,민간임대,부산,0
2019-07,민간,민간임대,대구,0
2019-07,민간,민간임대,광주,0
2019-07,민간,민간임대,대전,43
2019-07,민간,민간임대,울산,0
2019-07,민간,민간임대,세종,0
2019-07,민간,민간임대,강원,0
2019-07,민간,민간임대,충북,0
2019-07,민간,민간임대,충남,0
2019-07,민간,민간임대,전북,0
2019-07,민간,민간임대,전남,0
2019-07,민간,민간임대,경북,0
2019-07,민간,민간임대,경남,0
2019-07,민간,민간임대,제주,0
2019-07,민간,민간분양,전국,29,276
2019-07,민간,민간분양,서울,3,945
2019-07,민간,민간분양,인천,641
2019-07,민간,민간분양,경기,10,575
2019-07,민간,민간분양,부산,3,616
2019-07,민간,민간분양,대구,124
2019-07,민간,민간분양,광주,159
2019-07,민간,민간분양,대전,577
2019-07,민간,민간분양,울산,497
2019-07,민간,민간분양,세종,18
2019-07,민간,민간분양,강원,475
2019-07,민간,민간분양,충북,2,879
2019-07,민간,민간분양,충남,3,332
2019-07,민간,민간분양,전북,425
2019-07,민간,민간분양,전남,516
2019-07,민간,민간분양,경북,498
2019-07,민간,민간분양,경남,427
2019-07,민간,민간분양,제주,572
2019-08,총계,총계,전국,37,636
2019-08,총계,총계,서울,4,564
2019-08,총계,총계,인천,1,202
2019-08,총계,총계,경기,13,447
2019-08,총계,총계,부산,2,324
2019-08,총계,총계,대구,436
2019-08,총계,총계,광주,911
2019-08,총계,총계,대전,2,329
2019-08,총계,총계,울산,132
2019-08,총계,총계,세종,1,434
2019-08,총계,총계,강원,2,031
2019-08,총계,총계,충북,1,695
2019-08,총계,총계,충남,988
2019-08,총계,총계,전북,414
2019-08,총계,총계,전남,1,283
2019-08,총계,총계,경북,1,458
2019-08,총계,총계,경남,2,534
2019-08,총계,총계,제주,454
2019-08,공공부문,소계,전국,8,688
2019-08,공공부문,소계,서울,0
2019-08,공공부문,소계,인천,616
2019-08,공공부문,소계,경기,4,371
2019-08,공공부문,소계,부산,142
2019-08,공공부문,소계,대구,0
2019-08,공공부문,소계,광주,0
2019-08,공공부문,소계,대전,0
2019-08,공공부문,소계,울산,0
2019-08,공공부문,소계,세종,0
2019-08,공공부문,소계,강원,1,599
2019-08,공공부문,소계,충북,1,348
2019-08,공공부문,소계,충남,480
2019-08,공공부문,소계,전북,112
2019-08,공공부문,소계,전남,0
2019-08,공공부문,소계,경북,0
2019-08,공공부문,소계,경남,20
2019-08,공공부문,소계,제주,0
2019-08,합,국민임대,전국,0
2019-08,합,국민임대,서울,0
2019-08,합,국민임대,인천,0
2019-08,합,국민임대,경기,0
2019-08,합,국민임대,부산,0
2019-08,합,국민임대,대구,0
2019-08,합,국민임대,광주,0
2019-08,합,국민임대,대전,0
2019-08,합,국민임대,울산,0
2019-08,합,국민임대,세종,0
2019-08,합,국민임대,강원,0
2019-08,합,국민임대,충북,0
2019-08,합,국민임대,충남,0
2019-08,합,국민임대,전북,0
2019-08,합,국민임대,전남,0
2019-08,합,국민임대,경북,0
2019-08,합,국민임대,경남,0
2019-08,합,국민임대,제주,0
2019-08,합,공공임대,전국,7,032
2019-08,합,공공임대,서울,0
2019-08,합,공공임대,인천,0
2019-08,합,공공임대,경기,3,473
2019-08,합,공공임대,부산,0
2019-08,합,공공임대,대구,0
2019-08,합,공공임대,광주,0
2019-08,합,공공임대,대전,0
2019-08,합,공공임대,울산,0
2019-08,합,공공임대,세종,0
2019-08,합,공공임대,강원,1,599
2019-08,합,공공임대,충북,1,348
2019-08,합,공공임대,충남,480
2019-08,합,공공임대,전북,112
2019-08,합,공공임대,전남,0
2019-08,합,공공임대,경북,0
2019-08,합,공공임대,경남,20
2019-08,합,공공임대,제주,0
2019-08,합,공공분양,전국,1,656
2019-08,합,공공분양,서울,0
2019-08,합,공공분양,인천,616
2019-08,합,공공분양,경기,898
2019-08,합,공공분양,부산,142
2019-08,합,공공분양,대구,0
2019-08,합,공공분양,광주,0
2019-08,합,공공분양,대전,0
2019-08,합,공공분양,울산,0
2019-08,합,공공분양,세종,0
2019-08,합,공공분양,강원,0
2019-08,합,공공분양,충북,0
2019-08,합,공공분양,충남,0
2019-08,합,공공분양,전북,0
2019-08,합,공공분양,전남,0
2019-08,합,공공분양,경북,0
2019-08,합,공공분양,경남,0
2019-08,합,공공분양,제주,0
2019-08,지자체,소계,전국,0
2019-08,지자체,소계,서울,0
2019-08,지자체,소계,인천,0
2019-08,지자체,소계,경기,0
2019-08,지자체,소계,부산,0
2019-08,지자체,소계,대구,0
2019-08,지자체,소계,광주,0
2019-08,지자체,소계,대전,0
2019-08,지자체,소계,울산,0
2019-08,지자체,소계,세종,0
2019-08,지자체,소계,강원,0
2019-08,지자체,소계,충북,0
2019-08,지자체,소계,충남,0
2019-08,지자체,소계,전북,0
2019-08,지자체,소계,전남,0
2019-08,지자체,소계,경북,0
2019-08,지자체,소계,경남,0
2019-08,지자체,소계,제주,0
2019-08,지자체,국민임대,전국,0
2019-08,지자체,국민임대,서울,0
2019-08,지자체,국민임대,인천,0
2019-08,지자체,국민임대,경기,0
2019-08,지자체,국민임대,부산,0
2019-08,지자체,국민임대,대구,0
2019-08,지자체,국민임대,광주,0
2019-08,지자체,국민임대,대전,0
2019-08,지자체,국민임대,울산,0
2019-08,지자체,국민임대,세종,0
2019-08,지자체,국민임대,강원,0
2019-08,지자체,국민임대,충북,0
2019-08,지자체,국민임대,충남,0
2019-08,지자체,국민임대,전북,0
2019-08,지자체,국민임대,전남,0
2019-08,지자체,국민임대,경북,0
2019-08,지자체,국민임대,경남,0
2019-08,지자체,국민임대,제주,0
2019-08,지자체,공공임대,전국,0
2019-08,지자체,공공임대,서울,0
2019-08,지자체,공공임대,인천,0
2019-08,지자체,공공임대,경기,0
2019-08,지자체,공공임대,부산,0
2019-08,지자체,공공임대,대구,0
2019-08,지자체,공공임대,광주,0
2019-08,지자체,공공임대,대전,0
2019-08,지자체,공공임대,울산,0
2019-08,지자체,공공임대,세종,0
2019-08,지자체,공공임대,강원,0
2019-08,지자체,공공임대,충북,0
2019-08,지자체,공공임대,충남,0
2019-08,지자체,공공임대,전북,0
2019-08,지자체,공공임대,전남,0
2019-08,지자체,공공임대,경북,0
2019-08,지자체,공공임대,경남,0
2019-08,지자체,공공임대,제주,0
2019-08,지자체,공공분양,전국,0
2019-08,지자체,공공분양,서울,0
2019-08,지자체,공공분양,인천,0
2019-08,지자체,공공분양,경기,0
2019-08,지자체,공공분양,부산,0
2019-08,지자체,공공분양,대구,0
2019-08,지자체,공공분양,광주,0
2019-08,지자체,공공분양,대전,0
2019-08,지자체,공공분양,울산,0
2019-08,지자체,공공분양,세종,0
2019-08,지자체,공공분양,강원,0
2019-08,지자체,공공분양,충북,0
2019-08,지자체,공공분양,충남,0
2019-08,지자체,공공분양,전북,0
2019-08,지자체,공공분양,전남,0
2019-08,지자체,공공분양,경북,0
2019-08,지자체,공공분양,경남,0
2019-08,지자체,공공분양,제주,0
2019-08,LH,소계,전국,2,722
2019-08,LH,소계,서울,0
2019-08,LH,소계,인천,616
2019-08,LH,소계,경기,1,518
2019-08,LH,소계,부산,0
2019-08,LH,소계,대구,0
2019-08,LH,소계,광주,0
2019-08,LH,소계,대전,0
2019-08,LH,소계,울산,0
2019-08,LH,소계,세종,0
2019-08,LH,소계,강원,0
2019-08,LH,소계,충북,456
2019-08,LH,소계,충남,0
2019-08,LH,소계,전북,112
2019-08,LH,소계,전남,0
2019-08,LH,소계,경북,0
2019-08,LH,소계,경남,20
2019-08,LH,소계,제주,0
2019-08,LH,국민임대,전국,0
2019-08,LH,국민임대,서울,0
2019-08,LH,국민임대,인천,0
2019-08,LH,국민임대,경기,0
2019-08,LH,국민임대,부산,0
2019-08,LH,국민임대,대구,0
2019-08,LH,국민임대,광주,0
2019-08,LH,국민임대,대전,0
2019-08,LH,국민임대,울산,0
2019-08,LH,국민임대,세종,0
2019-08,LH,국민임대,강원,0
2019-08,LH,국민임대,충북,0
2019-08,LH,국민임대,충남,0
2019-08,LH,국민임대,전북,0
2019-08,LH,국민임대,전남,0
2019-08,LH,국민임대,경북,0
2019-08,LH,국민임대,경남,0
2019-08,LH,국민임대,제주,0
2019-08,LH,공공임대,전국,1,208
2019-08,LH,공공임대,서울,0
2019-08,LH,공공임대,인천,0
2019-08,LH,공공임대,경기,620
2019-08,LH,공공임대,부산,0
2019-08,LH,공공임대,대구,0
2019-08,LH,공공임대,광주,0
2019-08,LH,공공임대,대전,0
2019-08,LH,공공임대,울산,0
2019-08,LH,공공임대,세종,0
2019-08,LH,공공임대,강원,0
2019-08,LH,공공임대,충북,456
2019-08,LH,공공임대,충남,0
2019-08,LH,공공임대,전북,112
2019-08,LH,공공임대,전남,0
2019-08,LH,공공임대,경북,0
2019-08,LH,공공임대,경남,20
2019-08,LH,공공임대,제주,0
2019-08,LH,공공분양,전국,1,514
2019-08,LH,공공분양,서울,0
2019-08,LH,공공분양,인천,616
2019-08,LH,공공분양,경기,898
2019-08,LH,공공분양,부산,0
2019-08,LH,공공분양,대구,0
2019-08,LH,공공분양,광주,0
2019-08,LH,공공분양,대전,0
2019-08,LH,공공분양,울산,0
2019-08,LH,공공분양,세종,0
2019-08,LH,공공분양,강원,0
2019-08,LH,공공분양,충북,0
2019-08,LH,공공분양,충남,0
2019-08,LH,공공분양,전북,0
2019-08,LH,공공분양,전남,0
2019-08,LH,공공분양,경북,0
2019-08,LH,공공분양,경남,0
2019-08,LH,공공분양,제주,0
2019-08,주택업체,소계,전국,5,966
2019-08,주택업체,소계,서울,0
2019-08,주택업체,소계,인천,0
2019-08,주택업체,소계,경기,2,853
2019-08,주택업체,소계,부산,142
2019-08,주택업체,소계,대구,0
2019-08,주택업체,소계,광주,0
2019-08,주택업체,소계,대전,0
2019-08,주택업체,소계,울산,0
2019-08,주택업체,소계,세종,0
2019-08,주택업체,소계,강원,1,599
2019-08,주택업체,소계,충북,892
2019-08,주택업체,소계,충남,480
2019-08,주택업체,소계,전북,0
2019-08,주택업체,소계,전남,0
2019-08,주택업체,소계,경북,0
2019-08,주택업체,소계,경남,0
2019-08,주택업체,소계,제주,0
2019-08,주택업체,국민임대,전국,0
2019-08,주택업체,국민임대,서울,0
2019-08,주택업체,국민임대,인천,0
2019-08,주택업체,국민임대,경기,0
2019-08,주택업체,국민임대,부산,0
2019-08,주택업체,국민임대,대구,0
2019-08,주택업체,국민임대,광주,0
2019-08,주택업체,국민임대,대전,0
2019-08,주택업체,국민임대,울산,0
2019-08,주택업체,국민임대,세종,0
2019-08,주택업체,국민임대,강원,0
2019-08,주택업체,국민임대,충북,0
2019-08,주택업체,국민임대,충남,0
2019-08,주택업체,국민임대,전북,0
2019-08,주택업체,국민임대,전남,0
2019-08,주택업체,국민임대,경북,0
2019-08,주택업체,국민임대,경남,0
2019-08,주택업체,국민임대,제주,0
2019-08,주택업체,공공임대,전국,5,824
2019-08,주택업체,공공임대,서울,0
2019-08,주택업체,공공임대,인천,0
2019-08,주택업체,공공임대,경기,2,853
2019-08,주택업체,공공임대,부산,0
2019-08,주택업체,공공임대,대구,0
2019-08,주택업체,공공임대,광주,0
2019-08,주택업체,공공임대,대전,0
2019-08,주택업체,공공임대,울산,0
2019-08,주택업체,공공임대,세종,0
2019-08,주택업체,공공임대,강원,1,599
2019-08,주택업체,공공임대,충북,892
2019-08,주택업체,공공임대,충남,480
2019-08,주택업체,공공임대,전북,0
2019-08,주택업체,공공임대,전남,0
2019-08,주택업체,공공임대,경북,0
2019-08,주택업체,공공임대,경남,0
2019-08,주택업체,공공임대,제주,0
2019-08,주택업체,공공분양,전국,142
2019-08,주택업체,공공분양,서울,0
2019-08,주택업체,공공분양,인천,0
2019-08,주택업체,공공분양,경기,0
2019-08,주택업체,공공분양,부산,142
2019-08,주택업체,공공분양,대구,0
2019-08,주택업체,공공분양,광주,0
2019-08,주택업체,공공분양,대전,0
2019-08,주택업체,공공분양,울산,0
2019-08,주택업체,공공분양,세종,0
2019-08,주택업체,공공분양,강원,0
2019-08,주택업체,공공분양,충북,0
2019-08,주택업체,공공분양,충남,0
2019-08,주택업체,공공분양,전북,0
2019-08,주택업체,공공분양,전남,0
2019-08,주택업체,공공분양,경북,0
2019-08,주택업체,공공분양,경남,0
2019-08,주택업체,공공분양,제주,0
2019-08,민간부문,소계,전국,28,948
2019-08,민간부문,소계,서울,4,564
2019-08,민간부문,소계,인천,586
2019-08,민간부문,소계,경기,9,076
2019-08,민간부문,소계,부산,2,182
2019-08,민간부문,소계,대구,436
2019-08,민간부문,소계,광주,911
2019-08,민간부문,소계,대전,2,329
2019-08,민간부문,소계,울산,132
2019-08,민간부문,소계,세종,1,434
2019-08,민간부문,소계,강원,432
2019-08,민간부문,소계,충북,347
2019-08,민간부문,소계,충남,508
2019-08,민간부문,소계,전북,302
2019-08,민간부문,소계,전남,1,283
2019-08,민간부문,소계,경북,1,458
2019-08,민간부문,소계,경남,2,514
2019-08,민간부문,소계,제주,454
2019-08,민간,민간임대,전국,274
2019-08,민간,민간임대,서울,0
2019-08,민간,민간임대,인천,49
2019-08,민간,민간임대,경기,0
2019-08,민간,민간임대,부산,0
2019-08,민간,민간임대,대구,0
2019-08,민간,민간임대,광주,0
2019-08,민간,민간임대,대전,0
2019-08,민간,민간임대,울산,0
2019-08,민간,민간임대,세종,0
2019-08,민간,민간임대,강원,0
2019-08,민간,민간임대,충북,0
2019-08,민간,민간임대,충남,0
2019-08,민간,민간임대,전북,0
2019-08,민간,민간임대,전남,225
2019-08,민간,민간임대,경북,0
2019-08,민간,민간임대,경남,0
2019-08,민간,민간임대,제주,0
2019-08,민간,민간분양,전국,28,674
2019-08,민간,민간분양,서울,4,564
2019-08,민간,민간분양,인천,537
2019-08,민간,민간분양,경기,9,076
2019-08,민간,민간분양,부산,2,182
2019-08,민간,민간분양,대구,436
2019-08,민간,민간분양,광주,911
2019-08,민간,민간분양,대전,2,329
2019-08,민간,민간분양,울산,132
2019-08,민간,민간분양,세종,1,434
2019-08,민간,민간분양,강원,432
2019-08,민간,민간분양,충북,347
2019-08,민간,민간분양,충남,508
2019-08,민간,민간분양,전북,302
2019-08,민간,민간분양,전남,1,058
2019-08,민간,민간분양,경북,1,458
2019-08,민간,민간분양,경남,2,514
2019-08,민간,민간분양,제주,454
2019-09,총계,총계,전국,44,005
2019-09,총계,총계,서울,11,269
2019-09,총계,총계,인천,751
2019-09,총계,총계,경기,10,723
2019-09,총계,총계,부산,2,410
2019-09,총계,총계,대구,786
2019-09,총계,총계,광주,1,920
2019-09,총계,총계,대전,547
2019-09,총계,총계,울산,1,330
2019-09,총계,총계,세종,1,761
2019-09,총계,총계,강원,1,181
2019-09,총계,총계,충북,3,109
2019-09,총계,총계,충남,493
2019-09,총계,총계,전북,2,895
2019-09,총계,총계,전남,976
2019-09,총계,총계,경북,516
2019-09,총계,총계,경남,2,677
2019-09,총계,총계,제주,661
2019-09,공공부문,소계,전국,9,210
2019-09,공공부문,소계,서울,100
2019-09,공공부문,소계,인천,88
2019-09,공공부문,소계,경기,3,334
2019-09,공공부문,소계,부산,1,677
2019-09,공공부문,소계,대구,0
2019-09,공공부문,소계,광주,361
2019-09,공공부문,소계,대전,238
2019-09,공공부문,소계,울산,0
2019-09,공공부문,소계,세종,80
2019-09,공공부문,소계,강원,220
2019-09,공공부문,소계,충북,132
2019-09,공공부문,소계,충남,0
2019-09,공공부문,소계,전북,2,250
2019-09,공공부문,소계,전남,630
2019-09,공공부문,소계,경북,100
2019-09,공공부문,소계,경남,0
2019-09,공공부문,소계,제주,0
2019-09,합,국민임대,전국,625
2019-09,합,국민임대,서울,0
2019-09,합,국민임대,인천,0
2019-09,합,국민임대,경기,431
2019-09,합,국민임대,부산,0
2019-09,합,국민임대,대구,0
2019-09,합,국민임대,광주,0
2019-09,합,국민임대,대전,0
2019-09,합,국민임대,울산,0
2019-09,합,국민임대,세종,0
2019-09,합,국민임대,강원,0
2019-09,합,국민임대,충북,114
2019-09,합,국민임대,충남,0
2019-09,합,국민임대,전북,0
2019-09,합,국민임대,전남,0
2019-09,합,국민임대,경북,80
2019-09,합,국민임대,경남,0
2019-09,합,국민임대,제주,0
2019-09,합,공공임대,전국,6,908
2019-09,합,공공임대,서울,100
2019-09,합,공공임대,인천,88
2019-09,합,공공임대,경기,2,903
2019-09,합,공공임대,부산,0
2019-09,합,공공임대,대구,0
2019-09,합,공공임대,광주,361
2019-09,합,공공임대,대전,238
2019-09,합,공공임대,울산,0
2019-09,합,공공임대,세종,80
2019-09,합,공공임대,강원,220
2019-09,합,공공임대,충북,18
2019-09,합,공공임대,충남,0
2019-09,합,공공임대,전북,2,250
2019-09,합,공공임대,전남,630
2019-09,합,공공임대,경북,20
2019-09,합,공공임대,경남,0
2019-09,합,공공임대,제주,0
2019-09,합,공공분양,전국,1,677
2019-09,합,공공분양,서울,0
2019-09,합,공공분양,인천,0
2019-09,합,공공분양,경기,0
2019-09,합,공공분양,부산,1,677
2019-09,합,공공분양,대구,0
2019-09,합,공공분양,광주,0
2019-09,합,공공분양,대전,0
2019-09,합,공공분양,울산,0
2019-09,합,공공분양,세종,0
2019-09,합,공공분양,강원,0
2019-09,합,공공분양,충북,0
2019-09,합,공공분양,충남,0
2019-09,합,공공분양,전북,0
2019-09,합,공공분양,전남,0
2019-09,합,공공분양,경북,0
2019-09,합,공공분양,경남,0
2019-09,합,공공분양,제주,0
2019-09,지자체,소계,전국,0
2019-09,지자체,소계,서울,0
2019-09,지자체,소계,인천,0
2019-09,지자체,소계,경기,0
2019-09,지자체,소계,부산,0
2019-09,지자체,소계,대구,0
2019-09,지자체,소계,광주,0
2019-09,지자체,소계,대전,0
2019-09,지자체,소계,울산,0
2019-09,지자체,소계,세종,0
2019-09,지자체,소계,강원,0
2019-09,지자체,소계,충북,0
2019-09,지자체,소계,충남,0
2019-09,지자체,소계,전북,0
2019-09,지자체,소계,전남,0
2019-09,지자체,소계,경북,0
2019-09,지자체,소계,경남,0
2019-09,지자체,소계,제주,0
2019-09,지자체,국민임대,전국,0
2019-09,지자체,국민임대,서울,0
2019-09,지자체,국민임대,인천,0
2019-09,지자체,국민임대,경기,0
2019-09,지자체,국민임대,부산,0
2019-09,지자체,국민임대,대구,0
2019-09,지자체,국민임대,광주,0
2019-09,지자체,국민임대,대전,0
2019-09,지자체,국민임대,울산,0
2019-09,지자체,국민임대,세종,0
2019-09,지자체,국민임대,강원,0
2019-09,지자체,국민임대,충북,0
2019-09,지자체,국민임대,충남,0
2019-09,지자체,국민임대,전북,0
2019-09,지자체,국민임대,전남,0
2019-09,지자체,국민임대,경북,0
2019-09,지자체,국민임대,경남,0
2019-09,지자체,국민임대,제주,0
2019-09,지자체,공공임대,전국,0
2019-09,지자체,공공임대,서울,0
2019-09,지자체,공공임대,인천,0
2019-09,지자체,공공임대,경기,0
2019-09,지자체,공공임대,부산,0
2019-09,지자체,공공임대,대구,0
2019-09,지자체,공공임대,광주,0
2019-09,지자체,공공임대,대전,0
2019-09,지자체,공공임대,울산,0
2019-09,지자체,공공임대,세종,0
2019-09,지자체,공공임대,강원,0
2019-09,지자체,공공임대,충북,0
2019-09,지자체,공공임대,충남,0
2019-09,지자체,공공임대,전북,0
2019-09,지자체,공공임대,전남,0
2019-09,지자체,공공임대,경북,0
2019-09,지자체,공공임대,경남,0
2019-09,지자체,공공임대,제주,0
2019-09,지자체,공공분양,전국,0
2019-09,지자체,공공분양,서울,0
2019-09,지자체,공공분양,인천,0
2019-09,지자체,공공분양,경기,0
2019-09,지자체,공공분양,부산,0
2019-09,지자체,공공분양,대구,0
2019-09,지자체,공공분양,광주,0
2019-09,지자체,공공분양,대전,0
2019-09,지자체,공공분양,울산,0
2019-09,지자체,공공분양,세종,0
2019-09,지자체,공공분양,강원,0
2019-09,지자체,공공분양,충북,0
2019-09,지자체,공공분양,충남,0
2019-09,지자체,공공분양,전북,0
2019-09,지자체,공공분양,전남,0
2019-09,지자체,공공분양,경북,0
2019-09,지자체,공공분양,경남,0
2019-09,지자체,공공분양,제주,0
2019-09,LH,소계,전국,5,648
2019-09,LH,소계,서울,100
2019-09,LH,소계,인천,0
2019-09,LH,소계,경기,1,372
2019-09,LH,소계,부산,1,677
2019-09,LH,소계,대구,0
2019-09,LH,소계,광주,361
2019-09,LH,소계,대전,238
2019-09,LH,소계,울산,0
2019-09,LH,소계,세종,0
2019-09,LH,소계,강원,0
2019-09,LH,소계,충북,132
2019-09,LH,소계,충남,0
2019-09,LH,소계,전북,1,418
2019-09,LH,소계,전남,250
2019-09,LH,소계,경북,100
2019-09,LH,소계,경남,0
2019-09,LH,소계,제주,0
2019-09,LH,국민임대,전국,625
2019-09,LH,국민임대,서울,0
2019-09,LH,국민임대,인천,0
2019-09,LH,국민임대,경기,431
2019-09,LH,국민임대,부산,0
2019-09,LH,국민임대,대구,0
2019-09,LH,국민임대,광주,0
2019-09,LH,국민임대,대전,0
2019-09,LH,국민임대,울산,0
2019-09,LH,국민임대,세종,0
2019-09,LH,국민임대,강원,0
2019-09,LH,국민임대,충북,114
2019-09,LH,국민임대,충남,0
2019-09,LH,국민임대,전북,0
2019-09,LH,국민임대,전남,0
2019-09,LH,국민임대,경북,80
2019-09,LH,국민임대,경남,0
2019-09,LH,국민임대,제주,0
2019-09,LH,공공임대,전국,3,346
2019-09,LH,공공임대,서울,100
2019-09,LH,공공임대,인천,0
2019-09,LH,공공임대,경기,941
2019-09,LH,공공임대,부산,0
2019-09,LH,공공임대,대구,0
2019-09,LH,공공임대,광주,361
2019-09,LH,공공임대,대전,238
2019-09,LH,공공임대,울산,0
2019-09,LH,공공임대,세종,0
2019-09,LH,공공임대,강원,0
2019-09,LH,공공임대,충북,18
2019-09,LH,공공임대,충남,0
2019-09,LH,공공임대,전북,1,418
2019-09,LH,공공임대,전남,250
2019-09,LH,공공임대,경북,20
2019-09,LH,공공임대,경남,0
2019-09,LH,공공임대,제주,0
2019-09,LH,공공분양,전국,1,677
2019-09,LH,공공분양,서울,0
2019-09,LH,공공분양,인천,0
2019-09,LH,공공분양,경기,0
2019-09,LH,공공분양,부산,1,677
2019-09,LH,공공분양,대구,0
2019-09,LH,공공분양,광주,0
2019-09,LH,공공분양,대전,0
2019-09,LH,공공분양,울산,0
2019-09,LH,공공분양,세종,0
2019-09,LH,공공분양,강원,0
2019-09,LH,공공분양,충북,0
2019-09,LH,공공분양,충남,0
2019-09,LH,공공분양,전북,0
2019-09,LH,공공분양,전남,0
2019-09,LH,공공분양,경북,0
2019-09,LH,공공분양,경남,0
2019-09,LH,공공분양,제주,0
2019-09,주택업체,소계,전국,3,562
2019-09,주택업체,소계,서울,0
2019-09,주택업체,소계,인천,88
2019-09,주택업체,소계,경기,1,962
2019-09,주택업체,소계,부산,0
2019-09,주택업체,소계,대구,0
2019-09,주택업체,소계,광주,0
2019-09,주택업체,소계,대전,0
2019-09,주택업체,소계,울산,0
2019-09,주택업체,소계,세종,80
2019-09,주택업체,소계,강원,220
2019-09,주택업체,소계,충북,0
2019-09,주택업체,소계,충남,0
2019-09,주택업체,소계,전북,832
2019-09,주택업체,소계,전남,380
2019-09,주택업체,소계,경북,0
2019-09,주택업체,소계,경남,0
2019-09,주택업체,소계,제주,0
2019-09,주택업체,국민임대,전국,0
2019-09,주택업체,국민임대,서울,0
2019-09,주택업체,국민임대,인천,0
2019-09,주택업체,국민임대,경기,0
2019-09,주택업체,국민임대,부산,0
2019-09,주택업체,국민임대,대구,0
2019-09,주택업체,국민임대,광주,0
2019-09,주택업체,국민임대,대전,0
2019-09,주택업체,국민임대,울산,0
2019-09,주택업체,국민임대,세종,0
2019-09,주택업체,국민임대,강원,0
2019-09,주택업체,국민임대,충북,0
2019-09,주택업체,국민임대,충남,0
2019-09,주택업체,국민임대,전북,0
2019-09,주택업체,국민임대,전남,0
2019-09,주택업체,국민임대,경북,0
2019-09,주택업체,국민임대,경남,0
2019-09,주택업체,국민임대,제주,0
2019-09,주택업체,공공임대,전국,3,562
2019-09,주택업체,공공임대,서울,0
2019-09,주택업체,공공임대,인천,88
2019-09,주택업체,공공임대,경기,1,962
2019-09,주택업체,공공임대,부산,0
2019-09,주택업체,공공임대,대구,0
2019-09,주택업체,공공임대,광주,0
2019-09,주택업체,공공임대,대전,0
2019-09,주택업체,공공임대,울산,0
2019-09,주택업체,공공임대,세종,80
2019-09,주택업체,공공임대,강원,220
2019-09,주택업체,공공임대,충북,0
2019-09,주택업체,공공임대,충남,0
2019-09,주택업체,공공임대,전북,832
2019-09,주택업체,공공임대,전남,380
2019-09,주택업체,공공임대,경북,0
2019-09,주택업체,공공임대,경남,0
2019-09,주택업체,공공임대,제주,0
2019-09,주택업체,공공분양,전국,0
2019-09,주택업체,공공분양,서울,0
2019-09,주택업체,공공분양,인천,0
2019-09,주택업체,공공분양,경기,0
2019-09,주택업체,공공분양,부산,0
2019-09,주택업체,공공분양,대구,0
2019-09,주택업체,공공분양,광주,0
2019-09,주택업체,공공분양,대전,0
2019-09,주택업체,공공분양,울산,0
2019-09,주택업체,공공분양,세종,0
2019-09,주택업체,공공분양,강원,0
2019-09,주택업체,공공분양,충북,0
2019-09,주택업체,공공분양,충남,0
2019-09,주택업체,공공분양,전북,0
2019-09,주택업체,공공분양,전남,0
2019-09,주택업체,공공분양,경북,0
2019-09,주택업체,공공분양,경남,0
2019-09,주택업체,공공분양,제주,0
2019-09,민간부문,소계,전국,34,795
2019-09,민간부문,소계,서울,11,169
2019-09,민간부문,소계,인천,663
2019-09,민간부문,소계,경기,7,389
2019-09,민간부문,소계,부산,733
2019-09,민간부문,소계,대구,786
2019-09,민간부문,소계,광주,1,559
2019-09,민간부문,소계,대전,309
2019-09,민간부문,소계,울산,1,330
2019-09,민간부문,소계,세종,1,681
2019-09,민간부문,소계,강원,961
2019-09,민간부문,소계,충북,2,977
2019-09,민간부문,소계,충남,493
2019-09,민간부문,소계,전북,645
2019-09,민간부문,소계,전남,346
2019-09,민간부문,소계,경북,416
2019-09,민간부문,소계,경남,2,677
2019-09,민간부문,소계,제주,661
2019-09,민간,민간임대,전국,610
2019-09,민간,민간임대,서울,0
2019-09,민간,민간임대,인천,0
2019-09,민간,민간임대,경기,0
2019-09,민간,민간임대,부산,0
2019-09,민간,민간임대,대구,0
2019-09,민간,민간임대,광주,610
2019-09,민간,민간임대,대전,0
2019-09,민간,민간임대,울산,0
2019-09,민간,민간임대,세종,0
2019-09,민간,민간임대,강원,0
2019-09,민간,민간임대,충북,0
2019-09,민간,민간임대,충남,0
2019-09,민간,민간임대,전북,0
2019-09,민간,민간임대,전남,0
2019-09,민간,민간임대,경북,0
2019-09,민간,민간임대,경남,0
2019-09,민간,민간임대,제주,0
2019-09,민간,민간분양,전국,34,185
2019-09,민간,민간분양,서울,11,169
2019-09,민간,민간분양,인천,663
2019-09,민간,민간분양,경기,7,389
2019-09,민간,민간분양,부산,733
2019-09,민간,민간분양,대구,786
2019-09,민간,민간분양,광주,949
2019-09,민간,민간분양,대전,309
2019-09,민간,민간분양,울산,1,330
2019-09,민간,민간분양,세종,1,681
2019-09,민간,민간분양,강원,961
2019-09,민간,민간분양,충북,2,977
2019-09,민간,민간분양,충남,493
2019-09,민간,민간분양,전북,645
2019-09,민간,민간분양,전남,346
2019-09,민간,민간분양,경북,416
2019-09,민간,민간분양,경남,2,677
2019-09,민간,민간분양,제주,661
2019-10,총계,총계,전국,32,461
2019-10,총계,총계,서울,3,675
2019-10,총계,총계,인천,1,317
2019-10,총계,총계,경기,7,204
2019-10,총계,총계,부산,2,253
2019-10,총계,총계,대구,1,629
2019-10,총계,총계,광주,473
2019-10,총계,총계,대전,1,300
2019-10,총계,총계,울산,372
2019-10,총계,총계,세종,15
2019-10,총계,총계,강원,3,416
2019-10,총계,총계,충북,1,655
2019-10,총계,총계,충남,573
2019-10,총계,총계,전북,1,394
2019-10,총계,총계,전남,911
2019-10,총계,총계,경북,2,483
2019-10,총계,총계,경남,3,349
2019-10,총계,총계,제주,442
2019-10,공공부문,소계,전국,8,896
2019-10,공공부문,소계,서울,229
2019-10,공공부문,소계,인천,0
2019-10,공공부문,소계,경기,2,530
2019-10,공공부문,소계,부산,504
2019-10,공공부문,소계,대구,1,038
2019-10,공공부문,소계,광주,147
2019-10,공공부문,소계,대전,0
2019-10,공공부문,소계,울산,0
2019-10,공공부문,소계,세종,0
2019-10,공공부문,소계,강원,2,835
2019-10,공공부문,소계,충북,0
2019-10,공공부문,소계,충남,0
2019-10,공공부문,소계,전북,0
2019-10,공공부문,소계,전남,0
2019-10,공공부문,소계,경북,842
2019-10,공공부문,소계,경남,771
2019-10,공공부문,소계,제주,0
2019-10,합,국민임대,전국,575
2019-10,합,국민임대,서울,0
2019-10,합,국민임대,인천,0
2019-10,합,국민임대,경기,0
2019-10,합,국민임대,부산,0
2019-10,합,국민임대,대구,0
2019-10,합,국민임대,광주,0
2019-10,합,국민임대,대전,0
2019-10,합,국민임대,울산,0
2019-10,합,국민임대,세종,0
2019-10,합,국민임대,강원,0
2019-10,합,국민임대,충북,0
2019-10,합,국민임대,충남,0
2019-10,합,국민임대,전북,0
2019-10,합,국민임대,전남,0
2019-10,합,국민임대,경북,0
2019-10,합,국민임대,경남,575
2019-10,합,국민임대,제주,0
2019-10,합,공공임대,전국,6,639
2019-10,합,공공임대,서울,229
2019-10,합,공공임대,인천,0
2019-10,합,공공임대,경기,1,332
2019-10,합,공공임대,부산,504
2019-10,합,공공임대,대구,1,038
2019-10,합,공공임대,광주,147
2019-10,합,공공임대,대전,0
2019-10,합,공공임대,울산,0
2019-10,합,공공임대,세종,0
2019-10,합,공공임대,강원,2,835
2019-10,합,공공임대,충북,0
2019-10,합,공공임대,충남,0
2019-10,합,공공임대,전북,0
2019-10,합,공공임대,전남,0
2019-10,합,공공임대,경북,358
2019-10,합,공공임대,경남,196
2019-10,합,공공임대,제주,0
2019-10,합,공공분양,전국,1,682
2019-10,합,공공분양,서울,0
2019-10,합,공공분양,인천,0
2019-10,합,공공분양,경기,1,198
2019-10,합,공공분양,부산,0
2019-10,합,공공분양,대구,0
2019-10,합,공공분양,광주,0
2019-10,합,공공분양,대전,0
2019-10,합,공공분양,울산,0
2019-10,합,공공분양,세종,0
2019-10,합,공공분양,강원,0
2019-10,합,공공분양,충북,0
2019-10,합,공공분양,충남,0
2019-10,합,공공분양,전북,0
2019-10,합,공공분양,전남,0
2019-10,합,공공분양,경북,484
2019-10,합,공공분양,경남,0
2019-10,합,공공분양,제주,0
2019-10,지자체,소계,전국,0
2019-10,지자체,소계,서울,0
2019-10,지자체,소계,인천,0
2019-10,지자체,소계,경기,0
2019-10,지자체,소계,부산,0
2019-10,지자체,소계,대구,0
2019-10,지자체,소계,광주,0
2019-10,지자체,소계,대전,0
2019-10,지자체,소계,울산,0
2019-10,지자체,소계,세종,0
2019-10,지자체,소계,강원,0
2019-10,지자체,소계,충북,0
2019-10,지자체,소계,충남,0
2019-10,지자체,소계,전북,0
2019-10,지자체,소계,전남,0
2019-10,지자체,소계,경북,0
2019-10,지자체,소계,경남,0
2019-10,지자체,소계,제주,0
2019-10,지자체,국민임대,전국,0
2019-10,지자체,국민임대,서울,0
2019-10,지자체,국민임대,인천,0
2019-10,지자체,국민임대,경기,0
2019-10,지자체,국민임대,부산,0
2019-10,지자체,국민임대,대구,0
2019-10,지자체,국민임대,광주,0
2019-10,지자체,국민임대,대전,0
2019-10,지자체,국민임대,울산,0
2019-10,지자체,국민임대,세종,0
2019-10,지자체,국민임대,강원,0
2019-10,지자체,국민임대,충북,0
2019-10,지자체,국민임대,충남,0
2019-10,지자체,국민임대,전북,0
2019-10,지자체,국민임대,전남,0
2019-10,지자체,국민임대,경북,0
2019-10,지자체,국민임대,경남,0
2019-10,지자체,국민임대,제주,0
2019-10,지자체,공공임대,전국,0
2019-10,지자체,공공임대,서울,0
2019-10,지자체,공공임대,인천,0
2019-10,지자체,공공임대,경기,0
2019-10,지자체,공공임대,부산,0
2019-10,지자체,공공임대,대구,0
2019-10,지자체,공공임대,광주,0
2019-10,지자체,공공임대,대전,0
2019-10,지자체,공공임대,울산,0
2019-10,지자체,공공임대,세종,0
2019-10,지자체,공공임대,강원,0
2019-10,지자체,공공임대,충북,0
2019-10,지자체,공공임대,충남,0
2019-10,지자체,공공임대,전북,0
2019-10,지자체,공공임대,전남,0
2019-10,지자체,공공임대,경북,0
2019-10,지자체,공공임대,경남,0
2019-10,지자체,공공임대,제주,0
2019-10,지자체,공공분양,전국,0
2019-10,지자체,공공분양,서울,0
2019-10,지자체,공공분양,인천,0
2019-10,지자체,공공분양,경기,0
2019-10,지자체,공공분양,부산,0
2019-10,지자체,공공분양,대구,0
2019-10,지자체,공공분양,광주,0
2019-10,지자체,공공분양,대전,0
2019-10,지자체,공공분양,울산,0
2019-10,지자체,공공분양,세종,0
2019-10,지자체,공공분양,강원,0
2019-10,지자체,공공분양,충북,0
2019-10,지자체,공공분양,충남,0
2019-10,지자체,공공분양,전북,0
2019-10,지자체,공공분양,전남,0
2019-10,지자체,공공분양,경북,0
2019-10,지자체,공공분양,경남,0
2019-10,지자체,공공분양,제주,0
2019-10,LH,소계,전국,3,504
2019-10,LH,소계,서울,0
2019-10,LH,소계,인천,0
2019-10,LH,소계,경기,2,466
2019-10,LH,소계,부산,0
2019-10,LH,소계,대구,0
2019-10,LH,소계,광주,0
2019-10,LH,소계,대전,0
2019-10,LH,소계,울산,0
2019-10,LH,소계,세종,0
2019-10,LH,소계,강원,0
2019-10,LH,소계,충북,0
2019-10,LH,소계,충남,0
2019-10,LH,소계,전북,0
2019-10,LH,소계,전남,0
2019-10,LH,소계,경북,842
2019-10,LH,소계,경남,196
2019-10,LH,소계,제주,0
2019-10,LH,국민임대,전국,0
2019-10,LH,국민임대,서울,0
2019-10,LH,국민임대,인천,0
2019-10,LH,국민임대,경기,0
2019-10,LH,국민임대,부산,0
2019-10,LH,국민임대,대구,0
2019-10,LH,국민임대,광주,0
2019-10,LH,국민임대,대전,0
2019-10,LH,국민임대,울산,0
2019-10,LH,국민임대,세종,0
2019-10,LH,국민임대,강원,0
2019-10,LH,국민임대,충북,0
2019-10,LH,국민임대,충남,0
2019-10,LH,국민임대,전북,0
2019-10,LH,국민임대,전남,0
2019-10,LH,국민임대,경북,0
2019-10,LH,국민임대,경남,0
2019-10,LH,국민임대,제주,0
2019-10,LH,공공임대,전국,1,822
2019-10,LH,공공임대,서울,0
2019-10,LH,공공임대,인천,0
2019-10,LH,공공임대,경기,1,268
2019-10,LH,공공임대,부산,0
2019-10,LH,공공임대,대구,0
2019-10,LH,공공임대,광주,0
2019-10,LH,공공임대,대전,0
2019-10,LH,공공임대,울산,0
2019-10,LH,공공임대,세종,0
2019-10,LH,공공임대,강원,0
2019-10,LH,공공임대,충북,0
2019-10,LH,공공임대,충남,0
2019-10,LH,공공임대,전북,0
2019-10,LH,공공임대,전남,0
2019-10,LH,공공임대,경북,358
2019-10,LH,공공임대,경남,196
2019-10,LH,공공임대,제주,0
2019-10,LH,공공분양,전국,1,682
2019-10,LH,공공분양,서울,0
2019-10,LH,공공분양,인천,0
2019-10,LH,공공분양,경기,1,198
2019-10,LH,공공분양,부산,0
2019-10,LH,공공분양,대구,0
2019-10,LH,공공분양,광주,0
2019-10,LH,공공분양,대전,0
2019-10,LH,공공분양,울산,0
2019-10,LH,공공분양,세종,0
2019-10,LH,공공분양,강원,0
2019-10,LH,공공분양,충북,0
2019-10,LH,공공분양,충남,0
2019-10,LH,공공분양,전북,0
2019-10,LH,공공분양,전남,0
2019-10,LH,공공분양,경북,484
2019-10,LH,공공분양,경남,0
2019-10,LH,공공분양,제주,0
2019-10,주택업체,소계,전국,5,392
2019-10,주택업체,소계,서울,229
2019-10,주택업체,소계,인천,0
2019-10,주택업체,소계,경기,64
2019-10,주택업체,소계,부산,504
2019-10,주택업체,소계,대구,1,038
2019-10,주택업체,소계,광주,147
2019-10,주택업체,소계,대전,0
2019-10,주택업체,소계,울산,0
2019-10,주택업체,소계,세종,0
2019-10,주택업체,소계,강원,2,835
2019-10,주택업체,소계,충북,0
2019-10,주택업체,소계,충남,0
2019-10,주택업체,소계,전북,0
2019-10,주택업체,소계,전남,0
2019-10,주택업체,소계,경북,0
2019-10,주택업체,소계,경남,575
2019-10,주택업체,소계,제주,0
2019-10,주택업체,국민임대,전국,575
2019-10,주택업체,국민임대,서울,0
2019-10,주택업체,국민임대,인천,0
2019-10,주택업체,국민임대,경기,0
2019-10,주택업체,국민임대,부산,0
2019-10,주택업체,국민임대,대구,0
2019-10,주택업체,국민임대,광주,0
2019-10,주택업체,국민임대,대전,0
2019-10,주택업체,국민임대,울산,0
2019-10,주택업체,국민임대,세종,0
2019-10,주택업체,국민임대,강원,0
2019-10,주택업체,국민임대,충북,0
2019-10,주택업체,국민임대,충남,0
2019-10,주택업체,국민임대,전북,0
2019-10,주택업체,국민임대,전남,0
2019-10,주택업체,국민임대,경북,0
2019-10,주택업체,국민임대,경남,575
2019-10,주택업체,국민임대,제주,0
2019-10,주택업체,공공임대,전국,4,817
2019-10,주택업체,공공임대,서울,229
2019-10,주택업체,공공임대,인천,0
2019-10,주택업체,공공임대,경기,64
2019-10,주택업체,공공임대,부산,504
2019-10,주택업체,공공임대,대구,1,038
2019-10,주택업체,공공임대,광주,147
2019-10,주택업체,공공임대,대전,0
2019-10,주택업체,공공임대,울산,0
2019-10,주택업체,공공임대,세종,0
2019-10,주택업체,공공임대,강원,2,835
2019-10,주택업체,공공임대,충북,0
2019-10,주택업체,공공임대,충남,0
2019-10,주택업체,공공임대,전북,0
2019-10,주택업체,공공임대,전남,0
2019-10,주택업체,공공임대,경북,0
2019-10,주택업체,공공임대,경남,0
2019-10,주택업체,공공임대,제주,0
2019-10,주택업체,공공분양,전국,0
2019-10,주택업체,공공분양,서울,0
2019-10,주택업체,공공분양,인천,0
2019-10,주택업체,공공분양,경기,0
2019-10,주택업체,공공분양,부산,0
2019-10,주택업체,공공분양,대구,0
2019-10,주택업체,공공분양,광주,0
2019-10,주택업체,공공분양,대전,0
2019-10,주택업체,공공분양,울산,0
2019-10,주택업체,공공분양,세종,0
2019-10,주택업체,공공분양,강원,0
2019-10,주택업체,공공분양,충북,0
2019-10,주택업체,공공분양,충남,0
2019-10,주택업체,공공분양,전북,0
2019-10,주택업체,공공분양,전남,0
2019-10,주택업체,공공분양,경북,0
2019-10,주택업체,공공분양,경남,0
2019-10,주택업체,공공분양,제주,0
2019-10,민간부문,소계,전국,23,565
2019-10,민간부문,소계,서울,3,446
2019-10,민간부문,소계,인천,1,317
2019-10,민간부문,소계,경기,4,674
2019-10,민간부문,소계,부산,1,749
2019-10,민간부문,소계,대구,591
2019-10,민간부문,소계,광주,326
2019-10,민간부문,소계,대전,1,300
2019-10,민간부문,소계,울산,372
2019-10,민간부문,소계,세종,15
2019-10,민간부문,소계,강원,581
2019-10,민간부문,소계,충북,1,655
2019-10,민간부문,소계,충남,573
2019-10,민간부문,소계,전북,1,394
2019-10,민간부문,소계,전남,911
2019-10,민간부문,소계,경북,1,641
2019-10,민간부문,소계,경남,2,578
2019-10,민간부문,소계,제주,442
2019-10,민간,민간임대,전국,1,128
2019-10,민간,민간임대,서울,0
2019-10,민간,민간임대,인천,0
2019-10,민간,민간임대,경기,0
2019-10,민간,민간임대,부산,0
2019-10,민간,민간임대,대구,0
2019-10,민간,민간임대,광주,0
2019-10,민간,민간임대,대전,0
2019-10,민간,민간임대,울산,304
2019-10,민간,민간임대,세종,0
2019-10,민간,민간임대,강원,0
2019-10,민간,민간임대,충북,0
2019-10,민간,민간임대,충남,0
2019-10,민간,민간임대,전북,0
2019-10,민간,민간임대,전남,0
2019-10,민간,민간임대,경북,824
2019-10,민간,민간임대,경남,0
2019-10,민간,민간임대,제주,0
2019-10,민간,민간분양,전국,22,437
2019-10,민간,민간분양,서울,3,446
2019-10,민간,민간분양,인천,1,317
2019-10,민간,민간분양,경기,4,674
2019-10,민간,민간분양,부산,1,749
2019-10,민간,민간분양,대구,591
2019-10,민간,민간분양,광주,326
2019-10,민간,민간분양,대전,1,300
2019-10,민간,민간분양,울산,68
2019-10,민간,민간분양,세종,15
2019-10,민간,민간분양,강원,581
2019-10,민간,민간분양,충북,1,655
2019-10,민간,민간분양,충남,573
2019-10,민간,민간분양,전북,1,394
2019-10,민간,민간분양,전남,911
2019-10,민간,민간분양,경북,817
2019-10,민간,민간분양,경남,2,578
2019-10,민간,민간분양,제주,442
2019-11,총계,총계,전국,36,127
2019-11,총계,총계,서울,6,257
2019-11,총계,총계,인천,526
2019-11,총계,총계,경기,10,824
2019-11,총계,총계,부산,2,547
2019-11,총계,총계,대구,913
2019-11,총계,총계,광주,787
2019-11,총계,총계,대전,212
2019-11,총계,총계,울산,532
2019-11,총계,총계,세종,24
2019-11,총계,총계,강원,553
2019-11,총계,총계,충북,290
2019-11,총계,총계,충남,1,298
2019-11,총계,총계,전북,2,671
2019-11,총계,총계,전남,735
2019-11,총계,총계,경북,1,104
2019-11,총계,총계,경남,6,230
2019-11,총계,총계,제주,624
2019-11,공공부문,소계,전국,7,898
2019-11,공공부문,소계,서울,0
2019-11,공공부문,소계,인천,0
2019-11,공공부문,소계,경기,2,229
2019-11,공공부문,소계,부산,882
2019-11,공공부문,소계,대구,40
2019-11,공공부문,소계,광주,0
2019-11,공공부문,소계,대전,0
2019-11,공공부문,소계,울산,404
2019-11,공공부문,소계,세종,0
2019-11,공공부문,소계,강원,52
2019-11,공공부문,소계,충북,0
2019-11,공공부문,소계,충남,517
2019-11,공공부문,소계,전북,1,313
2019-11,공공부문,소계,전남,150
2019-11,공공부문,소계,경북,0
2019-11,공공부문,소계,경남,2,311
2019-11,공공부문,소계,제주,0
2019-11,합,국민임대,전국,1,976
2019-11,합,국민임대,서울,0
2019-11,합,국민임대,인천,0
2019-11,합,국민임대,경기,0
2019-11,합,국민임대,부산,0
2019-11,합,국민임대,대구,0
2019-11,합,국민임대,광주,0
2019-11,합,국민임대,대전,0
2019-11,합,국민임대,울산,0
2019-11,합,국민임대,세종,0
2019-11,합,국민임대,강원,52
2019-11,합,국민임대,충북,0
2019-11,합,국민임대,충남,0
2019-11,합,국민임대,전북,372
2019-11,합,국민임대,전남,110
2019-11,합,국민임대,경북,0
2019-11,합,국민임대,경남,1,442
2019-11,합,국민임대,제주,0
2019-11,합,공공임대,전국,5,922
2019-11,합,공공임대,서울,0
2019-11,합,공공임대,인천,0
2019-11,합,공공임대,경기,2,229
2019-11,합,공공임대,부산,882
2019-11,합,공공임대,대구,40
2019-11,합,공공임대,광주,0
2019-11,합,공공임대,대전,0
2019-11,합,공공임대,울산,404
2019-11,합,공공임대,세종,0
2019-11,합,공공임대,강원,0
2019-11,합,공공임대,충북,0
2019-11,합,공공임대,충남,517
2019-11,합,공공임대,전북,941
2019-11,합,공공임대,전남,40
2019-11,합,공공임대,경북,0
2019-11,합,공공임대,경남,869
2019-11,합,공공임대,제주,0
2019-11,합,공공분양,전국,0
2019-11,합,공공분양,서울,0
2019-11,합,공공분양,인천,0
2019-11,합,공공분양,경기,0
2019-11,합,공공분양,부산,0
2019-11,합,공공분양,대구,0
2019-11,합,공공분양,광주,0
2019-11,합,공공분양,대전,0
2019-11,합,공공분양,울산,0
2019-11,합,공공분양,세종,0
2019-11,합,공공분양,강원,0
2019-11,합,공공분양,충북,0
2019-11,합,공공분양,충남,0
2019-11,합,공공분양,전북,0
2019-11,합,공공분양,전남,0
2019-11,합,공공분양,경북,0
2019-11,합,공공분양,경남,0
2019-11,합,공공분양,제주,0
2019-11,지자체,소계,전국,0
2019-11,지자체,소계,서울,0
2019-11,지자체,소계,인천,0
2019-11,지자체,소계,경기,0
2019-11,지자체,소계,부산,0
2019-11,지자체,소계,대구,0
2019-11,지자체,소계,광주,0
2019-11,지자체,소계,대전,0
2019-11,지자체,소계,울산,0
2019-11,지자체,소계,세종,0
2019-11,지자체,소계,강원,0
2019-11,지자체,소계,충북,0
2019-11,지자체,소계,충남,0
2019-11,지자체,소계,전북,0
2019-11,지자체,소계,전남,0
2019-11,지자체,소계,경북,0
2019-11,지자체,소계,경남,0
2019-11,지자체,소계,제주,0
2019-11,지자체,국민임대,전국,0
2019-11,지자체,국민임대,서울,0
2019-11,지자체,국민임대,인천,0
2019-11,지자체,국민임대,경기,0
2019-11,지자체,국민임대,부산,0
2019-11,지자체,국민임대,대구,0
2019-11,지자체,국민임대,광주,0
2019-11,지자체,국민임대,대전,0
2019-11,지자체,국민임대,울산,0
2019-11,지자체,국민임대,세종,0
2019-11,지자체,국민임대,강원,0
2019-11,지자체,국민임대,충북,0
2019-11,지자체,국민임대,충남,0
2019-11,지자체,국민임대,전북,0
2019-11,지자체,국민임대,전남,0
2019-11,지자체,국민임대,경북,0
2019-11,지자체,국민임대,경남,0
2019-11,지자체,국민임대,제주,0
2019-11,지자체,공공임대,전국,0
2019-11,지자체,공공임대,서울,0
2019-11,지자체,공공임대,인천,0
2019-11,지자체,공공임대,경기,0
2019-11,지자체,공공임대,부산,0
2019-11,지자체,공공임대,대구,0
2019-11,지자체,공공임대,광주,0
2019-11,지자체,공공임대,대전,0
2019-11,지자체,공공임대,울산,0
2019-11,지자체,공공임대,세종,0
2019-11,지자체,공공임대,강원,0
2019-11,지자체,공공임대,충북,0
2019-11,지자체,공공임대,충남,0
2019-11,지자체,공공임대,전북,0
2019-11,지자체,공공임대,전남,0
2019-11,지자체,공공임대,경북,0
2019-11,지자체,공공임대,경남,0
2019-11,지자체,공공임대,제주,0
2019-11,지자체,공공분양,전국,0
2019-11,지자체,공공분양,서울,0
2019-11,지자체,공공분양,인천,0
2019-11,지자체,공공분양,경기,0
2019-11,지자체,공공분양,부산,0
2019-11,지자체,공공분양,대구,0
2019-11,지자체,공공분양,광주,0
2019-11,지자체,공공분양,대전,0
2019-11,지자체,공공분양,울산,0
2019-11,지자체,공공분양,세종,0
2019-11,지자체,공공분양,강원,0
2019-11,지자체,공공분양,충북,0
2019-11,지자체,공공분양,충남,0
2019-11,지자체,공공분양,전북,0
2019-11,지자체,공공분양,전남,0
2019-11,지자체,공공분양,경북,0
2019-11,지자체,공공분양,경남,0
2019-11,지자체,공공분양,제주,0
2019-11,LH,소계,전국,4,702
2019-11,LH,소계,서울,0
2019-11,LH,소계,인천,0
2019-11,LH,소계,경기,1,749
2019-11,LH,소계,부산,0
2019-11,LH,소계,대구,40
2019-11,LH,소계,광주,0
2019-11,LH,소계,대전,0
2019-11,LH,소계,울산,404
2019-11,LH,소계,세종,0
2019-11,LH,소계,강원,0
2019-11,LH,소계,충북,0
2019-11,LH,소계,충남,0
2019-11,LH,소계,전북,917
2019-11,LH,소계,전남,150
2019-11,LH,소계,경북,0
2019-11,LH,소계,경남,1,442
2019-11,LH,소계,제주,0
2019-11,LH,국민임대,전국,1,924
2019-11,LH,국민임대,서울,0
2019-11,LH,국민임대,인천,0
2019-11,LH,국민임대,경기,0
2019-11,LH,국민임대,부산,0
2019-11,LH,국민임대,대구,0
2019-11,LH,국민임대,광주,0
2019-11,LH,국민임대,대전,0
2019-11,LH,국민임대,울산,0
2019-11,LH,국민임대,세종,0
2019-11,LH,국민임대,강원,0
2019-11,LH,국민임대,충북,0
2019-11,LH,국민임대,충남,0
2019-11,LH,국민임대,전북,372
2019-11,LH,국민임대,전남,110
2019-11,LH,국민임대,경북,0
2019-11,LH,국민임대,경남,1,442
2019-11,LH,국민임대,제주,0
2019-11,LH,공공임대,전국,2,778
2019-11,LH,공공임대,서울,0
2019-11,LH,공공임대,인천,0
2019-11,LH,공공임대,경기,1,749
2019-11,LH,공공임대,부산,0
2019-11,LH,공공임대,대구,40
2019-11,LH,공공임대,광주,0
2019-11,LH,공공임대,대전,0
2019-11,LH,공공임대,울산,404
2019-11,LH,공공임대,세종,0
2019-11,LH,공공임대,강원,0
2019-11,LH,공공임대,충북,0
2019-11,LH,공공임대,충남,0
2019-11,LH,공공임대,전북,545
2019-11,LH,공공임대,전남,40
2019-11,LH,공공임대,경북,0
2019-11,LH,공공임대,경남,0
2019-11,LH,공공임대,제주,0
2019-11,LH,공공분양,전국,0
2019-11,LH,공공분양,서울,0
2019-11,LH,공공분양,인천,0
2019-11,LH,공공분양,경기,0
2019-11,LH,공공분양,부산,0
2019-11,LH,공공분양,대구,0
2019-11,LH,공공분양,광주,0
2019-11,LH,공공분양,대전,0
2019-11,LH,공공분양,울산,0
2019-11,LH,공공분양,세종,0
2019-11,LH,공공분양,강원,0
2019-11,LH,공공분양,충북,0
2019-11,LH,공공분양,충남,0
2019-11,LH,공공분양,전북,0
2019-11,LH,공공분양,전남,0
2019-11,LH,공공분양,경북,0
2019-11,LH,공공분양,경남,0
2019-11,LH,공공분양,제주,0
2019-11,주택업체,소계,전국,3,196
2019-11,주택업체,소계,서울,0
2019-11,주택업체,소계,인천,0
2019-11,주택업체,소계,경기,480
2019-11,주택업체,소계,부산,882
2019-11,주택업체,소계,대구,0
2019-11,주택업체,소계,광주,0
2019-11,주택업체,소계,대전,0
2019-11,주택업체,소계,울산,0
2019-11,주택업체,소계,세종,0
2019-11,주택업체,소계,강원,52
2019-11,주택업체,소계,충북,0
2019-11,주택업체,소계,충남,517
2019-11,주택업체,소계,전북,396
2019-11,주택업체,소계,전남,0
2019-11,주택업체,소계,경북,0
2019-11,주택업체,소계,경남,869
2019-11,주택업체,소계,제주,0
2019-11,주택업체,국민임대,전국,52
2019-11,주택업체,국민임대,서울,0
2019-11,주택업체,국민임대,인천,0
2019-11,주택업체,국민임대,경기,0
2019-11,주택업체,국민임대,부산,0
2019-11,주택업체,국민임대,대구,0
2019-11,주택업체,국민임대,광주,0
2019-11,주택업체,국민임대,대전,0
2019-11,주택업체,국민임대,울산,0
2019-11,주택업체,국민임대,세종,0
2019-11,주택업체,국민임대,강원,52
2019-11,주택업체,국민임대,충북,0
2019-11,주택업체,국민임대,충남,0
2019-11,주택업체,국민임대,전북,0
2019-11,주택업체,국민임대,전남,0
2019-11,주택업체,국민임대,경북,0
2019-11,주택업체,국민임대,경남,0
2019-11,주택업체,국민임대,제주,0
2019-11,주택업체,공공임대,전국,3,144
2019-11,주택업체,공공임대,서울,0
2019-11,주택업체,공공임대,인천,0
2019-11,주택업체,공공임대,경기,480
2019-11,주택업체,공공임대,부산,882
2019-11,주택업체,공공임대,대구,0
2019-11,주택업체,공공임대,광주,0
2019-11,주택업체,공공임대,대전,0
2019-11,주택업체,공공임대,울산,0
2019-11,주택업체,공공임대,세종,0
2019-11,주택업체,공공임대,강원,0
2019-11,주택업체,공공임대,충북,0
2019-11,주택업체,공공임대,충남,517
2019-11,주택업체,공공임대,전북,396
2019-11,주택업체,공공임대,전남,0
2019-11,주택업체,공공임대,경북,0
2019-11,주택업체,공공임대,경남,869
2019-11,주택업체,공공임대,제주,0
2019-11,주택업체,공공분양,전국,0
2019-11,주택업체,공공분양,서울,0
2019-11,주택업체,공공분양,인천,0
2019-11,주택업체,공공분양,경기,0
2019-11,주택업체,공공분양,부산,0
2019-11,주택업체,공공분양,대구,0
2019-11,주택업체,공공분양,광주,0
2019-11,주택업체,공공분양,대전,0
2019-11,주택업체,공공분양,울산,0
2019-11,주택업체,공공분양,세종,0
2019-11,주택업체,공공분양,강원,0
2019-11,주택업체,공공분양,충북,0
2019-11,주택업체,공공분양,충남,0
2019-11,주택업체,공공분양,전북,0
2019-11,주택업체,공공분양,전남,0
2019-11,주택업체,공공분양,경북,0
2019-11,주택업체,공공분양,경남,0
2019-11,주택업체,공공분양,제주,0
2019-11,민간부문,소계,전국,28,229
2019-11,민간부문,소계,서울,6,257
2019-11,민간부문,소계,인천,526
2019-11,민간부문,소계,경기,8,595
2019-11,민간부문,소계,부산,1,665
2019-11,민간부문,소계,대구,873
2019-11,민간부문,소계,광주,787
2019-11,민간부문,소계,대전,212
2019-11,민간부문,소계,울산,128
2019-11,민간부문,소계,세종,24
2019-11,민간부문,소계,강원,501
2019-11,민간부문,소계,충북,290
2019-11,민간부문,소계,충남,781
2019-11,민간부문,소계,전북,1,358
2019-11,민간부문,소계,전남,585
2019-11,민간부문,소계,경북,1,104
2019-11,민간부문,소계,경남,3,919
2019-11,민간부문,소계,제주,624
2019-11,민간,민간임대,전국,4,348
2019-11,민간,민간임대,서울,341
2019-11,민간,민간임대,인천,0
2019-11,민간,민간임대,경기,1,022
2019-11,민간,민간임대,부산,0
2019-11,민간,민간임대,대구,774
2019-11,민간,민간임대,광주,158
2019-11,민간,민간임대,대전,0
2019-11,민간,민간임대,울산,0
2019-11,민간,민간임대,세종,0
2019-11,민간,민간임대,강원,0
2019-11,민간,민간임대,충북,0
2019-11,민간,민간임대,충남,0
2019-11,민간,민간임대,전북,752
2019-11,민간,민간임대,전남,0
2019-11,민간,민간임대,경북,615
2019-11,민간,민간임대,경남,686
2019-11,민간,민간임대,제주,0
2019-11,민간,민간분양,전국,23,881
2019-11,민간,민간분양,서울,5,916
2019-11,민간,민간분양,인천,526
2019-11,민간,민간분양,경기,7,573
2019-11,민간,민간분양,부산,1,665
2019-11,민간,민간분양,대구,99
2019-11,민간,민간분양,광주,629
2019-11,민간,민간분양,대전,212
2019-11,민간,민간분양,울산,128
2019-11,민간,민간분양,세종,24
2019-11,민간,민간분양,강원,501
2019-11,민간,민간분양,충북,290
2019-11,민간,민간분양,충남,781
2019-11,민간,민간분양,전북,606
2019-11,민간,민간분양,전남,585
2019-11,민간,민간분양,경북,489
2019-11,민간,민간분양,경남,3,233
2019-11,민간,민간분양,제주,624
2019-12,총계,총계,전국,53,308
2019-12,총계,총계,서울,8,985
2019-12,총계,총계,인천,1,827
2019-12,총계,총계,경기,12,042
2019-12,총계,총계,부산,1,995
2019-12,총계,총계,대구,1,730
2019-12,총계,총계,광주,2,262
2019-12,총계,총계,대전,235
2019-12,총계,총계,울산,893
2019-12,총계,총계,세종,13
2019-12,총계,총계,강원,4,942
2019-12,총계,총계,충북,1,757
2019-12,총계,총계,충남,1,443
2019-12,총계,총계,전북,683
2019-12,총계,총계,전남,704
2019-12,총계,총계,경북,2,034
2019-12,총계,총계,경남,11,329
2019-12,총계,총계,제주,434
2019-12,공공부문,소계,전국,12,736
2019-12,공공부문,소계,서울,2,276
2019-12,공공부문,소계,인천,1,400
2019-12,공공부문,소계,경기,4,319
2019-12,공공부문,소계,부산,1,135
2019-12,공공부문,소계,대구,916
2019-12,공공부문,소계,광주,664
2019-12,공공부문,소계,대전,0
2019-12,공공부문,소계,울산,0
2019-12,공공부문,소계,세종,0
2019-12,공공부문,소계,강원,1,014
2019-12,공공부문,소계,충북,0
2019-12,공공부문,소계,충남,854
2019-12,공공부문,소계,전북,158
2019-12,공공부문,소계,전남,0
2019-12,공공부문,소계,경북,0
2019-12,공공부문,소계,경남,0
2019-12,공공부문,소계,제주,0
2019-12,합,국민임대,전국,1,737
2019-12,합,국민임대,서울,419
2019-12,합,국민임대,인천,0
2019-12,합,국민임대,경기,0
2019-12,합,국민임대,부산,0
2019-12,합,국민임대,대구,684
2019-12,합,국민임대,광주,0
2019-12,합,국민임대,대전,0
2019-12,합,국민임대,울산,0
2019-12,합,국민임대,세종,0
2019-12,합,국민임대,강원,0
2019-12,합,국민임대,충북,0
2019-12,합,국민임대,충남,604
2019-12,합,국민임대,전북,30
2019-12,합,국민임대,전남,0
2019-12,합,국민임대,경북,0
2019-12,합,국민임대,경남,0
2019-12,합,국민임대,제주,0
2019-12,합,공공임대,전국,10,410
2019-12,합,공공임대,서울,1,857
2019-12,합,공공임대,인천,1,400
2019-12,합,공공임대,경기,3,730
2019-12,합,공공임대,부산,1,135
2019-12,합,공공임대,대구,232
2019-12,합,공공임대,광주,664
2019-12,합,공공임대,대전,0
2019-12,합,공공임대,울산,0
2019-12,합,공공임대,세종,0
2019-12,합,공공임대,강원,1,014
2019-12,합,공공임대,충북,0
2019-12,합,공공임대,충남,250
2019-12,합,공공임대,전북,128
2019-12,합,공공임대,전남,0
2019-12,합,공공임대,경북,0
2019-12,합,공공임대,경남,0
2019-12,합,공공임대,제주,0
2019-12,합,공공분양,전국,589
2019-12,합,공공분양,서울,0
2019-12,합,공공분양,인천,0
2019-12,합,공공분양,경기,589
2019-12,합,공공분양,부산,0
2019-12,합,공공분양,대구,0
2019-12,합,공공분양,광주,0
2019-12,합,공공분양,대전,0
2019-12,합,공공분양,울산,0
2019-12,합,공공분양,세종,0
2019-12,합,공공분양,강원,0
2019-12,합,공공분양,충북,0
2019-12,합,공공분양,충남,0
2019-12,합,공공분양,전북,0
2019-12,합,공공분양,전남,0
2019-12,합,공공분양,경북,0
2019-12,합,공공분양,경남,0
2019-12,합,공공분양,제주,0
2019-12,지자체,소계,전국,0
2019-12,지자체,소계,서울,0
2019-12,지자체,소계,인천,0
2019-12,지자체,소계,경기,0
2019-12,지자체,소계,부산,0
2019-12,지자체,소계,대구,0
2019-12,지자체,소계,광주,0
2019-12,지자체,소계,대전,0
2019-12,지자체,소계,울산,0
2019-12,지자체,소계,세종,0
2019-12,지자체,소계,강원,0
2019-12,지자체,소계,충북,0
2019-12,지자체,소계,충남,0
2019-12,지자체,소계,전북,0
2019-12,지자체,소계,전남,0
2019-12,지자체,소계,경북,0
2019-12,지자체,소계,경남,0
2019-12,지자체,소계,제주,0
2019-12,지자체,국민임대,전국,0
2019-12,지자체,국민임대,서울,0
2019-12,지자체,국민임대,인천,0
2019-12,지자체,국민임대,경기,0
2019-12,지자체,국민임대,부산,0
2019-12,지자체,국민임대,대구,0
2019-12,지자체,국민임대,광주,0
2019-12,지자체,국민임대,대전,0
2019-12,지자체,국민임대,울산,0
2019-12,지자체,국민임대,세종,0
2019-12,지자체,국민임대,강원,0
2019-12,지자체,국민임대,충북,0
2019-12,지자체,국민임대,충남,0
2019-12,지자체,국민임대,전북,0
2019-12,지자체,국민임대,전남,0
2019-12,지자체,국민임대,경북,0
2019-12,지자체,국민임대,경남,0
2019-12,지자체,국민임대,제주,0
2019-12,지자체,공공임대,전국,0
2019-12,지자체,공공임대,서울,0
2019-12,지자체,공공임대,인천,0
2019-12,지자체,공공임대,경기,0
2019-12,지자체,공공임대,부산,0
2019-12,지자체,공공임대,대구,0
2019-12,지자체,공공임대,광주,0
2019-12,지자체,공공임대,대전,0
2019-12,지자체,공공임대,울산,0
2019-12,지자체,공공임대,세종,0
2019-12,지자체,공공임대,강원,0
2019-12,지자체,공공임대,충북,0
2019-12,지자체,공공임대,충남,0
2019-12,지자체,공공임대,전북,0
2019-12,지자체,공공임대,전남,0
2019-12,지자체,공공임대,경북,0
2019-12,지자체,공공임대,경남,0
2019-12,지자체,공공임대,제주,0
2019-12,지자체,공공분양,전국,0
2019-12,지자체,공공분양,서울,0
2019-12,지자체,공공분양,인천,0
2019-12,지자체,공공분양,경기,0
2019-12,지자체,공공분양,부산,0
2019-12,지자체,공공분양,대구,0
2019-12,지자체,공공분양,광주,0
2019-12,지자체,공공분양,대전,0
2019-12,지자체,공공분양,울산,0
2019-12,지자체,공공분양,세종,0
2019-12,지자체,공공분양,강원,0
2019-12,지자체,공공분양,충북,0
2019-12,지자체,공공분양,충남,0
2019-12,지자체,공공분양,전북,0
2019-12,지자체,공공분양,전남,0
2019-12,지자체,공공분양,경북,0
2019-12,지자체,공공분양,경남,0
2019-12,지자체,공공분양,제주,0
2019-12,LH,소계,전국,8,153
2019-12,LH,소계,서울,0
2019-12,LH,소계,인천,1,400
2019-12,LH,소계,경기,4,319
2019-12,LH,소계,부산,0
2019-12,LH,소계,대구,916
2019-12,LH,소계,광주,664
2019-12,LH,소계,대전,0
2019-12,LH,소계,울산,0
2019-12,LH,소계,세종,0
2019-12,LH,소계,강원,0
2019-12,LH,소계,충북,0
2019-12,LH,소계,충남,854
2019-12,LH,소계,전북,0
2019-12,LH,소계,전남,0
2019-12,LH,소계,경북,0
2019-12,LH,소계,경남,0
2019-12,LH,소계,제주,0
2019-12,LH,국민임대,전국,1,288
2019-12,LH,국민임대,서울,0
2019-12,LH,국민임대,인천,0
2019-12,LH,국민임대,경기,0
2019-12,LH,국민임대,부산,0
2019-12,LH,국민임대,대구,684
2019-12,LH,국민임대,광주,0
2019-12,LH,국민임대,대전,0
2019-12,LH,국민임대,울산,0
2019-12,LH,국민임대,세종,0
2019-12,LH,국민임대,강원,0
2019-12,LH,국민임대,충북,0
2019-12,LH,국민임대,충남,604
2019-12,LH,국민임대,전북,0
2019-12,LH,국민임대,전남,0
2019-12,LH,국민임대,경북,0
2019-12,LH,국민임대,경남,0
2019-12,LH,국민임대,제주,0
2019-12,LH,공공임대,전국,6,276
2019-12,LH,공공임대,서울,0
2019-12,LH,공공임대,인천,1,400
2019-12,LH,공공임대,경기,3,730
2019-12,LH,공공임대,부산,0
2019-12,LH,공공임대,대구,232
2019-12,LH,공공임대,광주,664
2019-12,LH,공공임대,대전,0
2019-12,LH,공공임대,울산,0
2019-12,LH,공공임대,세종,0
2019-12,LH,공공임대,강원,0
2019-12,LH,공공임대,충북,0
2019-12,LH,공공임대,충남,250
2019-12,LH,공공임대,전북,0
2019-12,LH,공공임대,전남,0
2019-12,LH,공공임대,경북,0
2019-12,LH,공공임대,경남,0
2019-12,LH,공공임대,제주,0
2019-12,LH,공공분양,전국,589
2019-12,LH,공공분양,서울,0
2019-12,LH,공공분양,인천,0
2019-12,LH,공공분양,경기,589
2019-12,LH,공공분양,부산,0
2019-12,LH,공공분양,대구,0
2019-12,LH,공공분양,광주,0
2019-12,LH,공공분양,대전,0
2019-12,LH,공공분양,울산,0
2019-12,LH,공공분양,세종,0
2019-12,LH,공공분양,강원,0
2019-12,LH,공공분양,충북,0
2019-12,LH,공공분양,충남,0
2019-12,LH,공공분양,전북,0
2019-12,LH,공공분양,전남,0
2019-12,LH,공공분양,경북,0
2019-12,LH,공공분양,경남,0
2019-12,LH,공공분양,제주,0
2019-12,주택업체,소계,전국,4,583
2019-12,주택업체,소계,서울,2,276
2019-12,주택업체,소계,인천,0
2019-12,주택업체,소계,경기,0
2019-12,주택업체,소계,부산,1,135
2019-12,주택업체,소계,대구,0
2019-12,주택업체,소계,광주,0
2019-12,주택업체,소계,대전,0
2019-12,주택업체,소계,울산,0
2019-12,주택업체,소계,세종,0
2019-12,주택업체,소계,강원,1,014
2019-12,주택업체,소계,충북,0
2019-12,주택업체,소계,충남,0
2019-12,주택업체,소계,전북,158
2019-12,주택업체,소계,전남,0
2019-12,주택업체,소계,경북,0
2019-12,주택업체,소계,경남,0
2019-12,주택업체,소계,제주,0
2019-12,주택업체,국민임대,전국,449
2019-12,주택업체,국민임대,서울,419
2019-12,주택업체,국민임대,인천,0
2019-12,주택업체,국민임대,경기,0
2019-12,주택업체,국민임대,부산,0
2019-12,주택업체,국민임대,대구,0
2019-12,주택업체,국민임대,광주,0
2019-12,주택업체,국민임대,대전,0
2019-12,주택업체,국민임대,울산,0
2019-12,주택업체,국민임대,세종,0
2019-12,주택업체,국민임대,강원,0
2019-12,주택업체,국민임대,충북,0
2019-12,주택업체,국민임대,충남,0
2019-12,주택업체,국민임대,전북,30
2019-12,주택업체,국민임대,전남,0
2019-12,주택업체,국민임대,경북,0
2019-12,주택업체,국민임대,경남,0
2019-12,주택업체,국민임대,제주,0
2019-12,주택업체,공공임대,전국,4,134
2019-12,주택업체,공공임대,서울,1,857
2019-12,주택업체,공공임대,인천,0
2019-12,주택업체,공공임대,경기,0
2019-12,주택업체,공공임대,부산,1,135
2019-12,주택업체,공공임대,대구,0
2019-12,주택업체,공공임대,광주,0
2019-12,주택업체,공공임대,대전,0
2019-12,주택업체,공공임대,울산,0
2019-12,주택업체,공공임대,세종,0
2019-12,주택업체,공공임대,강원,1,014
2019-12,주택업체,공공임대,충북,0
2019-12,주택업체,공공임대,충남,0
2019-12,주택업체,공공임대,전북,128
2019-12,주택업체,공공임대,전남,0
2019-12,주택업체,공공임대,경북,0
2019-12,주택업체,공공임대,경남,0
2019-12,주택업체,공공임대,제주,0
2019-12,주택업체,공공분양,전국,0
2019-12,주택업체,공공분양,서울,0
2019-12,주택업체,공공분양,인천,0
2019-12,주택업체,공공분양,경기,0
2019-12,주택업체,공공분양,부산,0
2019-12,주택업체,공공분양,대구,0
2019-12,주택업체,공공분양,광주,0
2019-12,주택업체,공공분양,대전,0
2019-12,주택업체,공공분양,울산,0
2019-12,주택업체,공공분양,세종,0
2019-12,주택업체,공공분양,강원,0
2019-12,주택업체,공공분양,충북,0
2019-12,주택업체,공공분양,충남,0
2019-12,주택업체,공공분양,전북,0
2019-12,주택업체,공공분양,전남,0
2019-12,주택업체,공공분양,경북,0
2019-12,주택업체,공공분양,경남,0
2019-12,주택업체,공공분양,제주,0
2019-12,민간부문,소계,전국,40,572
2019-12,민간부문,소계,서울,6,709
2019-12,민간부문,소계,인천,427
2019-12,민간부문,소계,경기,7,723
2019-12,민간부문,소계,부산,860
2019-12,민간부문,소계,대구,814
2019-12,민간부문,소계,광주,1,598
2019-12,민간부문,소계,대전,235
2019-12,민간부문,소계,울산,893
2019-12,민간부문,소계,세종,13
2019-12,민간부문,소계,강원,3,928
2019-12,민간부문,소계,충북,1,757
2019-12,민간부문,소계,충남,589
2019-12,민간부문,소계,전북,525
2019-12,민간부문,소계,전남,704
2019-12,민간부문,소계,경북,2,034
2019-12,민간부문,소계,경남,11,329
2019-12,민간부문,소계,제주,434
2019-12,민간,민간임대,전국,911
2019-12,민간,민간임대,서울,0
2019-12,민간,민간임대,인천,0
2019-12,민간,민간임대,경기,0
2019-12,민간,민간임대,부산,0
2019-12,민간,민간임대,대구,0
2019-12,민간,민간임대,광주,604
2019-12,민간,민간임대,대전,0
2019-12,민간,민간임대,울산,173
2019-12,민간,민간임대,세종,0
2019-12,민간,민간임대,강원,0
2019-12,민간,민간임대,충북,0
2019-12,민간,민간임대,충남,0
2019-12,민간,민간임대,전북,0
2019-12,민간,민간임대,전남,134
2019-12,민간,민간임대,경북,0
2019-12,민간,민간임대,경남,0
2019-12,민간,민간임대,제주,0
2019-12,민간,민간분양,전국,39,661
2019-12,민간,민간분양,서울,6,709
2019-12,민간,민간분양,인천,427
2019-12,민간,민간분양,경기,7,723
2019-12,민간,민간분양,부산,860
2019-12,민간,민간분양,대구,814
2019-12,민간,민간분양,광주,994
2019-12,민간,민간분양,대전,235
2019-12,민간,민간분양,울산,720
2019-12,민간,민간분양,세종,13
2019-12,민간,민간분양,강원,3,928
2019-12,민간,민간분양,충북,1,757
2019-12,민간,민간분양,충남,589
2019-12,민간,민간분양,전북,525
2019-12,민간,민간분양,전남,570
2019-12,민간,민간분양,경북,2,034
2019-12,민간,민간분양,경남,11,329
2019-12,민간,민간분양,제주,434
2020-01,총계,총계,전국,29,755
2020-01,총계,총계,서울,5,856
2020-01,총계,총계,인천,328
2020-01,총계,총계,경기,10,651
2020-01,총계,총계,부산,3,893
2020-01,총계,총계,대구,845
2020-01,총계,총계,광주,158
2020-01,총계,총계,대전,149
2020-01,총계,총계,울산,40
2020-01,총계,총계,세종,13
2020-01,총계,총계,강원,626
2020-01,총계,총계,충북,713
2020-01,총계,총계,충남,1,003
2020-01,총계,총계,전북,1,927
2020-01,총계,총계,전남,412
2020-01,총계,총계,경북,2,340
2020-01,총계,총계,경남,391
2020-01,총계,총계,제주,410
2020-01,공공부문,소계,전국,6,694
2020-01,공공부문,소계,서울,985
2020-01,공공부문,소계,인천,0
2020-01,공공부문,소계,경기,644
2020-01,공공부문,소계,부산,2,460
2020-01,공공부문,소계,대구,745
2020-01,공공부문,소계,광주,0
2020-01,공공부문,소계,대전,0
2020-01,공공부문,소계,울산,0
2020-01,공공부문,소계,세종,0
2020-01,공공부문,소계,강원,0
2020-01,공공부문,소계,충북,133
2020-01,공공부문,소계,충남,599
2020-01,공공부문,소계,전북,1,128
2020-01,공공부문,소계,전남,0
2020-01,공공부문,소계,경북,0
2020-01,공공부문,소계,경남,0
2020-01,공공부문,소계,제주,0
2020-01,합,국민임대,전국,0
2020-01,합,국민임대,서울,0
2020-01,합,국민임대,인천,0
2020-01,합,국민임대,경기,0
2020-01,합,국민임대,부산,0
2020-01,합,국민임대,대구,0
2020-01,합,국민임대,광주,0
2020-01,합,국민임대,대전,0
2020-01,합,국민임대,울산,0
2020-01,합,국민임대,세종,0
2020-01,합,국민임대,강원,0
2020-01,합,국민임대,충북,0
2020-01,합,국민임대,충남,0
2020-01,합,국민임대,전북,0
2020-01,합,국민임대,전남,0
2020-01,합,국민임대,경북,0
2020-01,합,국민임대,경남,0
2020-01,합,국민임대,제주,0
2020-01,합,공공임대,전국,4,234
2020-01,합,공공임대,서울,985
2020-01,합,공공임대,인천,0
2020-01,합,공공임대,경기,644
2020-01,합,공공임대,부산,0
2020-01,합,공공임대,대구,745
2020-01,합,공공임대,광주,0
2020-01,합,공공임대,대전,0
2020-01,합,공공임대,울산,0
2020-01,합,공공임대,세종,0
2020-01,합,공공임대,강원,0
2020-01,합,공공임대,충북,133
2020-01,합,공공임대,충남,599
2020-01,합,공공임대,전북,1,128
2020-01,합,공공임대,전남,0
2020-01,합,공공임대,경북,0
2020-01,합,공공임대,경남,0
2020-01,합,공공임대,제주,0
2020-01,합,공공분양,전국,2,460
2020-01,합,공공분양,서울,0
2020-01,합,공공분양,인천,0
2020-01,합,공공분양,경기,0
2020-01,합,공공분양,부산,2,460
2020-01,합,공공분양,대구,0
2020-01,합,공공분양,광주,0
2020-01,합,공공분양,대전,0
2020-01,합,공공분양,울산,0
2020-01,합,공공분양,세종,0
2020-01,합,공공분양,강원,0
2020-01,합,공공분양,충북,0
2020-01,합,공공분양,충남,0
2020-01,합,공공분양,전북,0
2020-01,합,공공분양,전남,0
2020-01,합,공공분양,경북,0
2020-01,합,공공분양,경남,0
2020-01,합,공공분양,제주,0
2020-01,지자체,소계,전국,0
2020-01,지자체,소계,서울,0
2020-01,지자체,소계,인천,0
2020-01,지자체,소계,경기,0
2020-01,지자체,소계,부산,0
2020-01,지자체,소계,대구,0
2020-01,지자체,소계,광주,0
2020-01,지자체,소계,대전,0
2020-01,지자체,소계,울산,0
2020-01,지자체,소계,세종,0
2020-01,지자체,소계,강원,0
2020-01,지자체,소계,충북,0
2020-01,지자체,소계,충남,0
2020-01,지자체,소계,전북,0
2020-01,지자체,소계,전남,0
2020-01,지자체,소계,경북,0
2020-01,지자체,소계,경남,0
2020-01,지자체,소계,제주,0
2020-01,지자체,국민임대,전국,0
2020-01,지자체,국민임대,서울,0
2020-01,지자체,국민임대,인천,0
2020-01,지자체,국민임대,경기,0
2020-01,지자체,국민임대,부산,0
2020-01,지자체,국민임대,대구,0
2020-01,지자체,국민임대,광주,0
2020-01,지자체,국민임대,대전,0
2020-01,지자체,국민임대,울산,0
2020-01,지자체,국민임대,세종,0
2020-01,지자체,국민임대,강원,0
2020-01,지자체,국민임대,충북,0
2020-01,지자체,국민임대,충남,0
2020-01,지자체,국민임대,전북,0
2020-01,지자체,국민임대,전남,0
2020-01,지자체,국민임대,경북,0
2020-01,지자체,국민임대,경남,0
2020-01,지자체,국민임대,제주,0
2020-01,지자체,공공임대,전국,0
2020-01,지자체,공공임대,서울,0
2020-01,지자체,공공임대,인천,0
2020-01,지자체,공공임대,경기,0
2020-01,지자체,공공임대,부산,0
2020-01,지자체,공공임대,대구,0
2020-01,지자체,공공임대,광주,0
2020-01,지자체,공공임대,대전,0
2020-01,지자체,공공임대,울산,0
2020-01,지자체,공공임대,세종,0
2020-01,지자체,공공임대,강원,0
2020-01,지자체,공공임대,충북,0
2020-01,지자체,공공임대,충남,0
2020-01,지자체,공공임대,전북,0
2020-01,지자체,공공임대,전남,0
2020-01,지자체,공공임대,경북,0
2020-01,지자체,공공임대,경남,0
2020-01,지자체,공공임대,제주,0
2020-01,지자체,공공분양,전국,0
2020-01,지자체,공공분양,서울,0
2020-01,지자체,공공분양,인천,0
2020-01,지자체,공공분양,경기,0
2020-01,지자체,공공분양,부산,0
2020-01,지자체,공공분양,대구,0
2020-01,지자체,공공분양,광주,0
2020-01,지자체,공공분양,대전,0
2020-01,지자체,공공분양,울산,0
2020-01,지자체,공공분양,세종,0
2020-01,지자체,공공분양,강원,0
2020-01,지자체,공공분양,충북,0
2020-01,지자체,공공분양,충남,0
2020-01,지자체,공공분양,전북,0
2020-01,지자체,공공분양,전남,0
2020-01,지자체,공공분양,경북,0
2020-01,지자체,공공분양,경남,0
2020-01,지자체,공공분양,제주,0
2020-01,LH,소계,전국,133
2020-01,LH,소계,서울,0
2020-01,LH,소계,인천,0
2020-01,LH,소계,경기,0
2020-01,LH,소계,부산,0
2020-01,LH,소계,대구,0
2020-01,LH,소계,광주,0
2020-01,LH,소계,대전,0
2020-01,LH,소계,울산,0
2020-01,LH,소계,세종,0
2020-01,LH,소계,강원,0
2020-01,LH,소계,충북,133
2020-01,LH,소계,충남,0
2020-01,LH,소계,전북,0
2020-01,LH,소계,전남,0
2020-01,LH,소계,경북,0
2020-01,LH,소계,경남,0
2020-01,LH,소계,제주,0
2020-01,LH,국민임대,전국,0
2020-01,LH,국민임대,서울,0
2020-01,LH,국민임대,인천,0
2020-01,LH,국민임대,경기,0
2020-01,LH,국민임대,부산,0
2020-01,LH,국민임대,대구,0
2020-01,LH,국민임대,광주,0
2020-01,LH,국민임대,대전,0
2020-01,LH,국민임대,울산,0
2020-01,LH,국민임대,세종,0
2020-01,LH,국민임대,강원,0
2020-01,LH,국민임대,충북,0
2020-01,LH,국민임대,충남,0
2020-01,LH,국민임대,전북,0
2020-01,LH,국민임대,전남,0
2020-01,LH,국민임대,경북,0
2020-01,LH,국민임대,경남,0
2020-01,LH,국민임대,제주,0
2020-01,LH,공공임대,전국,133
2020-01,LH,공공임대,서울,0
2020-01,LH,공공임대,인천,0
2020-01,LH,공공임대,경기,0
2020-01,LH,공공임대,부산,0
2020-01,LH,공공임대,대구,0
2020-01,LH,공공임대,광주,0
2020-01,LH,공공임대,대전,0
2020-01,LH,공공임대,울산,0
2020-01,LH,공공임대,세종,0
2020-01,LH,공공임대,강원,0
2020-01,LH,공공임대,충북,133
2020-01,LH,공공임대,충남,0
2020-01,LH,공공임대,전북,0
2020-01,LH,공공임대,전남,0
2020-01,LH,공공임대,경북,0
2020-01,LH,공공임대,경남,0
2020-01,LH,공공임대,제주,0
2020-01,LH,공공분양,전국,0
2020-01,LH,공공분양,서울,0
2020-01,LH,공공분양,인천,0
2020-01,LH,공공분양,경기,0
2020-01,LH,공공분양,부산,0
2020-01,LH,공공분양,대구,0
2020-01,LH,공공분양,광주,0
2020-01,LH,공공분양,대전,0
2020-01,LH,공공분양,울산,0
2020-01,LH,공공분양,세종,0
2020-01,LH,공공분양,강원,0
2020-01,LH,공공분양,충북,0
2020-01,LH,공공분양,충남,0
2020-01,LH,공공분양,전북,0
2020-01,LH,공공분양,전남,0
2020-01,LH,공공분양,경북,0
2020-01,LH,공공분양,경남,0
2020-01,LH,공공분양,제주,0
2020-01,주택업체,소계,전국,6,561
2020-01,주택업체,소계,서울,985
2020-01,주택업체,소계,인천,0
2020-01,주택업체,소계,경기,644
2020-01,주택업체,소계,부산,2,460
2020-01,주택업체,소계,대구,745
2020-01,주택업체,소계,광주,0
2020-01,주택업체,소계,대전,0
2020-01,주택업체,소계,울산,0
2020-01,주택업체,소계,세종,0
2020-01,주택업체,소계,강원,0
2020-01,주택업체,소계,충북,0
2020-01,주택업체,소계,충남,599
2020-01,주택업체,소계,전북,1,128
2020-01,주택업체,소계,전남,0
2020-01,주택업체,소계,경북,0
2020-01,주택업체,소계,경남,0
2020-01,주택업체,소계,제주,0
2020-01,주택업체,국민임대,전국,0
2020-01,주택업체,국민임대,서울,0
2020-01,주택업체,국민임대,인천,0
2020-01,주택업체,국민임대,경기,0
2020-01,주택업체,국민임대,부산,0
2020-01,주택업체,국민임대,대구,0
2020-01,주택업체,국민임대,광주,0
2020-01,주택업체,국민임대,대전,0
2020-01,주택업체,국민임대,울산,0
2020-01,주택업체,국민임대,세종,0
2020-01,주택업체,국민임대,강원,0
2020-01,주택업체,국민임대,충북,0
2020-01,주택업체,국민임대,충남,0
2020-01,주택업체,국민임대,전북,0
2020-01,주택업체,국민임대,전남,0
2020-01,주택업체,국민임대,경북,0
2020-01,주택업체,국민임대,경남,0
2020-01,주택업체,국민임대,제주,0
2020-01,주택업체,공공임대,전국,4,101
2020-01,주택업체,공공임대,서울,985
2020-01,주택업체,공공임대,인천,0
2020-01,주택업체,공공임대,경기,644
2020-01,주택업체,공공임대,부산,0
2020-01,주택업체,공공임대,대구,745
2020-01,주택업체,공공임대,광주,0
2020-01,주택업체,공공임대,대전,0
2020-01,주택업체,공공임대,울산,0
2020-01,주택업체,공공임대,세종,0
2020-01,주택업체,공공임대,강원,0
2020-01,주택업체,공공임대,충북,0
2020-01,주택업체,공공임대,충남,599
2020-01,주택업체,공공임대,전북,1,128
2020-01,주택업체,공공임대,전남,0
2020-01,주택업체,공공임대,경북,0
2020-01,주택업체,공공임대,경남,0
2020-01,주택업체,공공임대,제주,0
2020-01,주택업체,공공분양,전국,2,460
2020-01,주택업체,공공분양,서울,0
2020-01,주택업체,공공분양,인천,0
2020-01,주택업체,공공분양,경기,0
2020-01,주택업체,공공분양,부산,2,460
2020-01,주택업체,공공분양,대구,0
2020-01,주택업체,공공분양,광주,0
2020-01,주택업체,공공분양,대전,0
2020-01,주택업체,공공분양,울산,0
2020-01,주택업체,공공분양,세종,0
2020-01,주택업체,공공분양,강원,0
2020-01,주택업체,공공분양,충북,0
2020-01,주택업체,공공분양,충남,0
2020-01,주택업체,공공분양,전북,0
2020-01,주택업체,공공분양,전남,0
2020-01,주택업체,공공분양,경북,0
2020-01,주택업체,공공분양,경남,0
2020-01,주택업체,공공분양,제주,0
2020-01,민간부문,소계,전국,23,061
2020-01,민간부문,소계,서울,4,871
2020-01,민간부문,소계,인천,328
2020-01,민간부문,소계,경기,10,007
2020-01,민간부문,소계,부산,1,433
2020-01,민간부문,소계,대구,100
2020-01,민간부문,소계,광주,158
2020-01,민간부문,소계,대전,149
2020-01,민간부문,소계,울산,40
2020-01,민간부문,소계,세종,13
2020-01,민간부문,소계,강원,626
2020-01,민간부문,소계,충북,580
2020-01,민간부문,소계,충남,404
2020-01,민간부문,소계,전북,799
2020-01,민간부문,소계,전남,412
2020-01,민간부문,소계,경북,2,340
2020-01,민간부문,소계,경남,391
2020-01,민간부문,소계,제주,410
2020-01,민간,민간임대,전국,1,790
2020-01,민간,민간임대,서울,499
2020-01,민간,민간임대,인천,0
2020-01,민간,민간임대,경기,811
2020-01,민간,민간임대,부산,0
2020-01,민간,민간임대,대구,0
2020-01,민간,민간임대,광주,0
2020-01,민간,민간임대,대전,0
2020-01,민간,민간임대,울산,0
2020-01,민간,민간임대,세종,0
2020-01,민간,민간임대,강원,0
2020-01,민간,민간임대,충북,0
2020-01,민간,민간임대,충남,0
2020-01,민간,민간임대,전북,480
2020-01,민간,민간임대,전남,0
2020-01,민간,민간임대,경북,0
2020-01,민간,민간임대,경남,0
2020-01,민간,민간임대,제주,0
2020-01,민간,민간분양,전국,21,271
2020-01,민간,민간분양,서울,4,372
2020-01,민간,민간분양,인천,328
2020-01,민간,민간분양,경기,9,196
2020-01,민간,민간분양,부산,1,433
2020-01,민간,민간분양,대구,100
2020-01,민간,민간분양,광주,158
2020-01,민간,민간분양,대전,149
2020-01,민간,민간분양,울산,40
2020-01,민간,민간분양,세종,13
2020-01,민간,민간분양,강원,626
2020-01,민간,민간분양,충북,580
2020-01,민간,민간분양,충남,404
2020-01,민간,민간분양,전북,319
2020-01,민간,민간분양,전남,412
2020-01,민간,민간분양,경북,2,340
2020-01,민간,민간분양,경남,391
2020-01,민간,민간분양,제주,410
2020-02,총계,총계,전국,39,420
2020-02,총계,총계,서울,8,611
2020-02,총계,총계,인천,390
2020-02,총계,총계,경기,13,162
2020-02,총계,총계,부산,2,305
2020-02,총계,총계,대구,1,525
2020-02,총계,총계,광주,1,829
2020-02,총계,총계,대전,241
2020-02,총계,총계,울산,841
2020-02,총계,총계,세종,572
2020-02,총계,총계,강원,1,393
2020-02,총계,총계,충북,2,272
2020-02,총계,총계,충남,424
2020-02,총계,총계,전북,571
2020-02,총계,총계,전남,1,382
2020-02,총계,총계,경북,2,247
2020-02,총계,총계,경남,1,311
2020-02,총계,총계,제주,344
2020-02,공공부문,소계,전국,6,683
2020-02,공공부문,소계,서울,1,892
2020-02,공공부문,소계,인천,0
2020-02,공공부문,소계,경기,1,952
2020-02,공공부문,소계,부산,0
2020-02,공공부문,소계,대구,688
2020-02,공공부문,소계,광주,0
2020-02,공공부문,소계,대전,0
2020-02,공공부문,소계,울산,0
2020-02,공공부문,소계,세종,0
2020-02,공공부문,소계,강원,0
2020-02,공공부문,소계,충북,0
2020-02,공공부문,소계,충남,0
2020-02,공공부문,소계,전북,249
2020-02,공공부문,소계,전남,411
2020-02,공공부문,소계,경북,1,491
2020-02,공공부문,소계,경남,0
2020-02,공공부문,소계,제주,0
2020-02,합,국민임대,전국,0
2020-02,합,국민임대,서울,0
2020-02,합,국민임대,인천,0
2020-02,합,국민임대,경기,0
2020-02,합,국민임대,부산,0
2020-02,합,국민임대,대구,0
2020-02,합,국민임대,광주,0
2020-02,합,국민임대,대전,0
2020-02,합,국민임대,울산,0
2020-02,합,국민임대,세종,0
2020-02,합,국민임대,강원,0
2020-02,합,국민임대,충북,0
2020-02,합,국민임대,충남,0
2020-02,합,국민임대,전북,0
2020-02,합,국민임대,전남,0
2020-02,합,국민임대,경북,0
2020-02,합,국민임대,경남,0
2020-02,합,국민임대,제주,0
2020-02,합,공공임대,전국,3,501
2020-02,합,공공임대,서울,1,593
2020-02,합,공공임대,인천,0
2020-02,합,공공임대,경기,1,248
2020-02,합,공공임대,부산,0
2020-02,합,공공임대,대구,0
2020-02,합,공공임대,광주,0
2020-02,합,공공임대,대전,0
2020-02,합,공공임대,울산,0
2020-02,합,공공임대,세종,0
2020-02,합,공공임대,강원,0
2020-02,합,공공임대,충북,0
2020-02,합,공공임대,충남,0
2020-02,합,공공임대,전북,249
2020-02,합,공공임대,전남,411
2020-02,합,공공임대,경북,0
2020-02,합,공공임대,경남,0
2020-02,합,공공임대,제주,0
2020-02,합,공공분양,전국,3,182
2020-02,합,공공분양,서울,299
2020-02,합,공공분양,인천,0
2020-02,합,공공분양,경기,704
2020-02,합,공공분양,부산,0
2020-02,합,공공분양,대구,688
2020-02,합,공공분양,광주,0
2020-02,합,공공분양,대전,0
2020-02,합,공공분양,울산,0
2020-02,합,공공분양,세종,0
2020-02,합,공공분양,강원,0
2020-02,합,공공분양,충북,0
2020-02,합,공공분양,충남,0
2020-02,합,공공분양,전북,0
2020-02,합,공공분양,전남,0
2020-02,합,공공분양,경북,1,491
2020-02,합,공공분양,경남,0
2020-02,합,공공분양,제주,0
2020-02,지자체,소계,전국,0
2020-02,지자체,소계,서울,0
2020-02,지자체,소계,인천,0
2020-02,지자체,소계,경기,0
2020-02,지자체,소계,부산,0
2020-02,지자체,소계,대구,0
2020-02,지자체,소계,광주,0
2020-02,지자체,소계,대전,0
2020-02,지자체,소계,울산,0
2020-02,지자체,소계,세종,0
2020-02,지자체,소계,강원,0
2020-02,지자체,소계,충북,0
2020-02,지자체,소계,충남,0
2020-02,지자체,소계,전북,0
2020-02,지자체,소계,전남,0
2020-02,지자체,소계,경북,0
2020-02,지자체,소계,경남,0
2020-02,지자체,소계,제주,0
2020-02,지자체,국민임대,전국,0
2020-02,지자체,국민임대,서울,0
2020-02,지자체,국민임대,인천,0
2020-02,지자체,국민임대,경기,0
2020-02,지자체,국민임대,부산,0
2020-02,지자체,국민임대,대구,0
2020-02,지자체,국민임대,광주,0
2020-02,지자체,국민임대,대전,0
2020-02,지자체,국민임대,울산,0
2020-02,지자체,국민임대,세종,0
2020-02,지자체,국민임대,강원,0
2020-02,지자체,국민임대,충북,0
2020-02,지자체,국민임대,충남,0
2020-02,지자체,국민임대,전북,0
2020-02,지자체,국민임대,전남,0
2020-02,지자체,국민임대,경북,0
2020-02,지자체,국민임대,경남,0
2020-02,지자체,국민임대,제주,0
2020-02,지자체,공공임대,전국,0
2020-02,지자체,공공임대,서울,0
2020-02,지자체,공공임대,인천,0
2020-02,지자체,공공임대,경기,0
2020-02,지자체,공공임대,부산,0
2020-02,지자체,공공임대,대구,0
2020-02,지자체,공공임대,광주,0
2020-02,지자체,공공임대,대전,0
2020-02,지자체,공공임대,울산,0
2020-02,지자체,공공임대,세종,0
2020-02,지자체,공공임대,강원,0
2020-02,지자체,공공임대,충북,0
2020-02,지자체,공공임대,충남,0
2020-02,지자체,공공임대,전북,0
2020-02,지자체,공공임대,전남,0
2020-02,지자체,공공임대,경북,0
2020-02,지자체,공공임대,경남,0
2020-02,지자체,공공임대,제주,0
2020-02,지자체,공공분양,전국,0
2020-02,지자체,공공분양,서울,0
2020-02,지자체,공공분양,인천,0
2020-02,지자체,공공분양,경기,0
2020-02,지자체,공공분양,부산,0
2020-02,지자체,공공분양,대구,0
2020-02,지자체,공공분양,광주,0
2020-02,지자체,공공분양,대전,0
2020-02,지자체,공공분양,울산,0
2020-02,지자체,공공분양,세종,0
2020-02,지자체,공공분양,강원,0
2020-02,지자체,공공분양,충북,0
2020-02,지자체,공공분양,충남,0
2020-02,지자체,공공분양,전북,0
2020-02,지자체,공공분양,전남,0
2020-02,지자체,공공분양,경북,0
2020-02,지자체,공공분양,경남,0
2020-02,지자체,공공분양,제주,0
2020-02,LH,소계,전국,1,717
2020-02,LH,소계,서울,0
2020-02,LH,소계,인천,0
2020-02,LH,소계,경기,1,029
2020-02,LH,소계,부산,0
2020-02,LH,소계,대구,688
2020-02,LH,소계,광주,0
2020-02,LH,소계,대전,0
2020-02,LH,소계,울산,0
2020-02,LH,소계,세종,0
2020-02,LH,소계,강원,0
2020-02,LH,소계,충북,0
2020-02,LH,소계,충남,0
2020-02,LH,소계,전북,0
2020-02,LH,소계,전남,0
2020-02,LH,소계,경북,0
2020-02,LH,소계,경남,0
2020-02,LH,소계,제주,0
2020-02,LH,국민임대,전국,0
2020-02,LH,국민임대,서울,0
2020-02,LH,국민임대,인천,0
2020-02,LH,국민임대,경기,0
2020-02,LH,국민임대,부산,0
2020-02,LH,국민임대,대구,0
2020-02,LH,국민임대,광주,0
2020-02,LH,국민임대,대전,0
2020-02,LH,국민임대,울산,0
2020-02,LH,국민임대,세종,0
2020-02,LH,국민임대,강원,0
2020-02,LH,국민임대,충북,0
2020-02,LH,국민임대,충남,0
2020-02,LH,국민임대,전북,0
2020-02,LH,국민임대,전남,0
2020-02,LH,국민임대,경북,0
2020-02,LH,국민임대,경남,0
2020-02,LH,국민임대,제주,0
2020-02,LH,공공임대,전국,1,029
2020-02,LH,공공임대,서울,0
2020-02,LH,공공임대,인천,0
2020-02,LH,공공임대,경기,1,029
2020-02,LH,공공임대,부산,0
2020-02,LH,공공임대,대구,0
2020-02,LH,공공임대,광주,0
2020-02,LH,공공임대,대전,0
2020-02,LH,공공임대,울산,0
2020-02,LH,공공임대,세종,0
2020-02,LH,공공임대,강원,0
2020-02,LH,공공임대,충북,0
2020-02,LH,공공임대,충남,0
2020-02,LH,공공임대,전북,0
2020-02,LH,공공임대,전남,0
2020-02,LH,공공임대,경북,0
2020-02,LH,공공임대,경남,0
2020-02,LH,공공임대,제주,0
2020-02,LH,공공분양,전국,688
2020-02,LH,공공분양,서울,0
2020-02,LH,공공분양,인천,0
2020-02,LH,공공분양,경기,0
2020-02,LH,공공분양,부산,0
2020-02,LH,공공분양,대구,688
2020-02,LH,공공분양,광주,0
2020-02,LH,공공분양,대전,0
2020-02,LH,공공분양,울산,0
2020-02,LH,공공분양,세종,0
2020-02,LH,공공분양,강원,0
2020-02,LH,공공분양,충북,0
2020-02,LH,공공분양,충남,0
2020-02,LH,공공분양,전북,0
2020-02,LH,공공분양,전남,0
2020-02,LH,공공분양,경북,0
2020-02,LH,공공분양,경남,0
2020-02,LH,공공분양,제주,0
2020-02,주택업체,소계,전국,4,966
2020-02,주택업체,소계,서울,1,892
2020-02,주택업체,소계,인천,0
2020-02,주택업체,소계,경기,923
2020-02,주택업체,소계,부산,0
2020-02,주택업체,소계,대구,0
2020-02,주택업체,소계,광주,0
2020-02,주택업체,소계,대전,0
2020-02,주택업체,소계,울산,0
2020-02,주택업체,소계,세종,0
2020-02,주택업체,소계,강원,0
2020-02,주택업체,소계,충북,0
2020-02,주택업체,소계,충남,0
2020-02,주택업체,소계,전북,249
2020-02,주택업체,소계,전남,411
2020-02,주택업체,소계,경북,1,491
2020-02,주택업체,소계,경남,0
2020-02,주택업체,소계,제주,0
2020-02,주택업체,국민임대,전국,0
2020-02,주택업체,국민임대,서울,0
2020-02,주택업체,국민임대,인천,0
2020-02,주택업체,국민임대,경기,0
2020-02,주택업체,국민임대,부산,0
2020-02,주택업체,국민임대,대구,0
2020-02,주택업체,국민임대,광주,0
2020-02,주택업체,국민임대,대전,0
2020-02,주택업체,국민임대,울산,0
2020-02,주택업체,국민임대,세종,0
2020-02,주택업체,국민임대,강원,0
2020-02,주택업체,국민임대,충북,0
2020-02,주택업체,국민임대,충남,0
2020-02,주택업체,국민임대,전북,0
2020-02,주택업체,국민임대,전남,0
2020-02,주택업체,국민임대,경북,0
2020-02,주택업체,국민임대,경남,0
2020-02,주택업체,국민임대,제주,0
2020-02,주택업체,공공임대,전국,2,472
2020-02,주택업체,공공임대,서울,1,593
2020-02,주택업체,공공임대,인천,0
2020-02,주택업체,공공임대,경기,219
2020-02,주택업체,공공임대,부산,0
2020-02,주택업체,공공임대,대구,0
2020-02,주택업체,공공임대,광주,0
2020-02,주택업체,공공임대,대전,0
2020-02,주택업체,공공임대,울산,0
2020-02,주택업체,공공임대,세종,0
2020-02,주택업체,공공임대,강원,0
2020-02,주택업체,공공임대,충북,0
2020-02,주택업체,공공임대,충남,0
2020-02,주택업체,공공임대,전북,249
2020-02,주택업체,공공임대,전남,411
2020-02,주택업체,공공임대,경북,0
2020-02,주택업체,공공임대,경남,0
2020-02,주택업체,공공임대,제주,0
2020-02,주택업체,공공분양,전국,2,494
2020-02,주택업체,공공분양,서울,299
2020-02,주택업체,공공분양,인천,0
2020-02,주택업체,공공분양,경기,704
2020-02,주택업체,공공분양,부산,0
2020-02,주택업체,공공분양,대구,0
2020-02,주택업체,공공분양,광주,0
2020-02,주택업체,공공분양,대전,0
2020-02,주택업체,공공분양,울산,0
2020-02,주택업체,공공분양,세종,0
2020-02,주택업체,공공분양,강원,0
2020-02,주택업체,공공분양,충북,0
2020-02,주택업체,공공분양,충남,0
2020-02,주택업체,공공분양,전북,0
2020-02,주택업체,공공분양,전남,0
2020-02,주택업체,공공분양,경북,1,491
2020-02,주택업체,공공분양,경남,0
2020-02,주택업체,공공분양,제주,0
2020-02,민간부문,소계,전국,32,737
2020-02,민간부문,소계,서울,6,719
2020-02,민간부문,소계,인천,390
2020-02,민간부문,소계,경기,11,210
2020-02,민간부문,소계,부산,2,305
2020-02,민간부문,소계,대구,837
2020-02,민간부문,소계,광주,1,829
2020-02,민간부문,소계,대전,241
2020-02,민간부문,소계,울산,841
2020-02,민간부문,소계,세종,572
2020-02,민간부문,소계,강원,1,393
2020-02,민간부문,소계,충북,2,272
2020-02,민간부문,소계,충남,424
2020-02,민간부문,소계,전북,322
2020-02,민간부문,소계,전남,971
2020-02,민간부문,소계,경북,756
2020-02,민간부문,소계,경남,1,311
2020-02,민간부문,소계,제주,344
2020-02,민간,민간임대,전국,1,030
2020-02,민간,민간임대,서울,0
2020-02,민간,민간임대,인천,0
2020-02,민간,민간임대,경기,0
2020-02,민간,민간임대,부산,0
2020-02,민간,민간임대,대구,0
2020-02,민간,민간임대,광주,0
2020-02,민간,민간임대,대전,0
2020-02,민간,민간임대,울산,0
2020-02,민간,민간임대,세종,0
2020-02,민간,민간임대,강원,0
2020-02,민간,민간임대,충북,0
2020-02,민간,민간임대,충남,0
2020-02,민간,민간임대,전북,0
2020-02,민간,민간임대,전남,0
2020-02,민간,민간임대,경북,0
2020-02,민간,민간임대,경남,974
2020-02,민간,민간임대,제주,56
2020-02,민간,민간분양,전국,31,707
2020-02,민간,민간분양,서울,6,719
2020-02,민간,민간분양,인천,390
2020-02,민간,민간분양,경기,11,210
2020-02,민간,민간분양,부산,2,305
2020-02,민간,민간분양,대구,837
2020-02,민간,민간분양,광주,1,829
2020-02,민간,민간분양,대전,241
2020-02,민간,민간분양,울산,841
2020-02,민간,민간분양,세종,572
2020-02,민간,민간분양,강원,1,393
2020-02,민간,민간분양,충북,2,272
2020-02,민간,민간분양,충남,424
2020-02,민간,민간분양,전북,322
2020-02,민간,민간분양,전남,971
2020-02,민간,민간분양,경북,756
2020-02,민간,민간분양,경남,337
2020-02,민간,민간분양,제주,288
2020-03,총계,총계,전국,30,945
2020-03,총계,총계,서울,6,754
2020-03,총계,총계,인천,850
2020-03,총계,총계,경기,9,069
2020-03,총계,총계,부산,3,285
2020-03,총계,총계,대구,778
2020-03,총계,총계,광주,2,344
2020-03,총계,총계,대전,263
2020-03,총계,총계,울산,98
2020-03,총계,총계,세종,23
2020-03,총계,총계,강원,703
2020-03,총계,총계,충북,1,235
2020-03,총계,총계,충남,706
2020-03,총계,총계,전북,1,239
2020-03,총계,총계,전남,920
2020-03,총계,총계,경북,447
2020-03,총계,총계,경남,1,933
2020-03,총계,총계,제주,298
2020-03,공공부문,소계,전국,12,330
2020-03,공공부문,소계,서울,3,971
2020-03,공공부문,소계,인천,369
2020-03,공공부문,소계,경기,1,700
2020-03,공공부문,소계,부산,701
2020-03,공공부문,소계,대구,477
2020-03,공공부문,소계,광주,1,660
2020-03,공공부문,소계,대전,0
2020-03,공공부문,소계,울산,0
2020-03,공공부문,소계,세종,0
2020-03,공공부문,소계,강원,464
2020-03,공공부문,소계,충북,998
2020-03,공공부문,소계,충남,346
2020-03,공공부문,소계,전북,2
2020-03,공공부문,소계,전남,0
2020-03,공공부문,소계,경북,0
2020-03,공공부문,소계,경남,1,642
2020-03,공공부문,소계,제주,0
2020-03,합,국민임대,전국,1,258
2020-03,합,국민임대,서울,0
2020-03,합,국민임대,인천,0
2020-03,합,국민임대,경기,0
2020-03,합,국민임대,부산,0
2020-03,합,국민임대,대구,0
2020-03,합,국민임대,광주,0
2020-03,합,국민임대,대전,0
2020-03,합,국민임대,울산,0
2020-03,합,국민임대,세종,0
2020-03,합,국민임대,강원,464
2020-03,합,국민임대,충북,0
2020-03,합,국민임대,충남,0
2020-03,합,국민임대,전북,0
2020-03,합,국민임대,전남,0
2020-03,합,국민임대,경북,0
2020-03,합,국민임대,경남,794
2020-03,합,국민임대,제주,0
2020-03,합,공공임대,전국,10,991
2020-03,합,공공임대,서울,3,971
2020-03,합,공공임대,인천,369
2020-03,합,공공임대,경기,1,619
2020-03,합,공공임대,부산,701
2020-03,합,공공임대,대구,477
2020-03,합,공공임대,광주,1,660
2020-03,합,공공임대,대전,0
2020-03,합,공공임대,울산,0
2020-03,합,공공임대,세종,0
2020-03,합,공공임대,강원,0
2020-03,합,공공임대,충북,998
2020-03,합,공공임대,충남,346
2020-03,합,공공임대,전북,2
2020-03,합,공공임대,전남,0
2020-03,합,공공임대,경북,0
2020-03,합,공공임대,경남,848
2020-03,합,공공임대,제주,0
2020-03,합,공공분양,전국,81
2020-03,합,공공분양,서울,0
2020-03,합,공공분양,인천,0
2020-03,합,공공분양,경기,81
2020-03,합,공공분양,부산,0
2020-03,합,공공분양,대구,0
2020-03,합,공공분양,광주,0
2020-03,합,공공분양,대전,0
2020-03,합,공공분양,울산,0
2020-03,합,공공분양,세종,0
2020-03,합,공공분양,강원,0
2020-03,합,공공분양,충북,0
2020-03,합,공공분양,충남,0
2020-03,합,공공분양,전북,0
2020-03,합,공공분양,전남,0
2020-03,합,공공분양,경북,0
2020-03,합,공공분양,경남,0
2020-03,합,공공분양,제주,0
2020-03,지자체,소계,전국,0
2020-03,지자체,소계,서울,0
2020-03,지자체,소계,인천,0
2020-03,지자체,소계,경기,0
2020-03,지자체,소계,부산,0
2020-03,지자체,소계,대구,0
2020-03,지자체,소계,광주,0
2020-03,지자체,소계,대전,0
2020-03,지자체,소계,울산,0
2020-03,지자체,소계,세종,0
2020-03,지자체,소계,강원,0
2020-03,지자체,소계,충북,0
2020-03,지자체,소계,충남,0
2020-03,지자체,소계,전북,0
2020-03,지자체,소계,전남,0
2020-03,지자체,소계,경북,0
2020-03,지자체,소계,경남,0
2020-03,지자체,소계,제주,0
2020-03,지자체,국민임대,전국,0
2020-03,지자체,국민임대,서울,0
2020-03,지자체,국민임대,인천,0
2020-03,지자체,국민임대,경기,0
2020-03,지자체,국민임대,부산,0
2020-03,지자체,국민임대,대구,0
2020-03,지자체,국민임대,광주,0
2020-03,지자체,국민임대,대전,0
2020-03,지자체,국민임대,울산,0
2020-03,지자체,국민임대,세종,0
2020-03,지자체,국민임대,강원,0
2020-03,지자체,국민임대,충북,0
2020-03,지자체,국민임대,충남,0
2020-03,지자체,국민임대,전북,0
2020-03,지자체,국민임대,전남,0
2020-03,지자체,국민임대,경북,0
2020-03,지자체,국민임대,경남,0
2020-03,지자체,국민임대,제주,0
2020-03,지자체,공공임대,전국,0
2020-03,지자체,공공임대,서울,0
2020-03,지자체,공공임대,인천,0
2020-03,지자체,공공임대,경기,0
2020-03,지자체,공공임대,부산,0
2020-03,지자체,공공임대,대구,0
2020-03,지자체,공공임대,광주,0
2020-03,지자체,공공임대,대전,0
2020-03,지자체,공공임대,울산,0
2020-03,지자체,공공임대,세종,0
2020-03,지자체,공공임대,강원,0
2020-03,지자체,공공임대,충북,0
2020-03,지자체,공공임대,충남,0
2020-03,지자체,공공임대,전북,0
2020-03,지자체,공공임대,전남,0
2020-03,지자체,공공임대,경북,0
2020-03,지자체,공공임대,경남,0
2020-03,지자체,공공임대,제주,0
2020-03,지자체,공공분양,전국,0
2020-03,지자체,공공분양,서울,0
2020-03,지자체,공공분양,인천,0
2020-03,지자체,공공분양,경기,0
2020-03,지자체,공공분양,부산,0
2020-03,지자체,공공분양,대구,0
2020-03,지자체,공공분양,광주,0
2020-03,지자체,공공분양,대전,0
2020-03,지자체,공공분양,울산,0
2020-03,지자체,공공분양,세종,0
2020-03,지자체,공공분양,강원,0
2020-03,지자체,공공분양,충북,0
2020-03,지자체,공공분양,충남,0
2020-03,지자체,공공분양,전북,0
2020-03,지자체,공공분양,전남,0
2020-03,지자체,공공분양,경북,0
2020-03,지자체,공공분양,경남,0
2020-03,지자체,공공분양,제주,0
2020-03,LH,소계,전국,3,172
2020-03,LH,소계,서울,0
2020-03,LH,소계,인천,0
2020-03,LH,소계,경기,1,700
2020-03,LH,소계,부산,0
2020-03,LH,소계,대구,0
2020-03,LH,소계,광주,0
2020-03,LH,소계,대전,0
2020-03,LH,소계,울산,0
2020-03,LH,소계,세종,0
2020-03,LH,소계,강원,464
2020-03,LH,소계,충북,998
2020-03,LH,소계,충남,0
2020-03,LH,소계,전북,2
2020-03,LH,소계,전남,0
2020-03,LH,소계,경북,0
2020-03,LH,소계,경남,8
2020-03,LH,소계,제주,0
2020-03,LH,국민임대,전국,464
2020-03,LH,국민임대,서울,0
2020-03,LH,국민임대,인천,0
2020-03,LH,국민임대,경기,0
2020-03,LH,국민임대,부산,0
2020-03,LH,국민임대,대구,0
2020-03,LH,국민임대,광주,0
2020-03,LH,국민임대,대전,0
2020-03,LH,국민임대,울산,0
2020-03,LH,국민임대,세종,0
2020-03,LH,국민임대,강원,464
2020-03,LH,국민임대,충북,0
2020-03,LH,국민임대,충남,0
2020-03,LH,국민임대,전북,0
2020-03,LH,국민임대,전남,0
2020-03,LH,국민임대,경북,0
2020-03,LH,국민임대,경남,0
2020-03,LH,국민임대,제주,0
2020-03,LH,공공임대,전국,2,627
2020-03,LH,공공임대,서울,0
2020-03,LH,공공임대,인천,0
2020-03,LH,공공임대,경기,1,619
2020-03,LH,공공임대,부산,0
2020-03,LH,공공임대,대구,0
2020-03,LH,공공임대,광주,0
2020-03,LH,공공임대,대전,0
2020-03,LH,공공임대,울산,0
2020-03,LH,공공임대,세종,0
2020-03,LH,공공임대,강원,0
2020-03,LH,공공임대,충북,998
2020-03,LH,공공임대,충남,0
2020-03,LH,공공임대,전북,2
2020-03,LH,공공임대,전남,0
2020-03,LH,공공임대,경북,0
2020-03,LH,공공임대,경남,8
2020-03,LH,공공임대,제주,0
2020-03,LH,공공분양,전국,81
2020-03,LH,공공분양,서울,0
2020-03,LH,공공분양,인천,0
2020-03,LH,공공분양,경기,81
2020-03,LH,공공분양,부산,0
2020-03,LH,공공분양,대구,0
2020-03,LH,공공분양,광주,0
2020-03,LH,공공분양,대전,0
2020-03,LH,공공분양,울산,0
2020-03,LH,공공분양,세종,0
2020-03,LH,공공분양,강원,0
2020-03,LH,공공분양,충북,0
2020-03,LH,공공분양,충남,0
2020-03,LH,공공분양,전북,0
2020-03,LH,공공분양,전남,0
2020-03,LH,공공분양,경북,0
2020-03,LH,공공분양,경남,0
2020-03,LH,공공분양,제주,0
2020-03,주택업체,소계,전국,9,158
2020-03,주택업체,소계,서울,3,971
2020-03,주택업체,소계,인천,369
2020-03,주택업체,소계,경기,0
2020-03,주택업체,소계,부산,701
2020-03,주택업체,소계,대구,477
2020-03,주택업체,소계,광주,1,660
2020-03,주택업체,소계,대전,0
2020-03,주택업체,소계,울산,0
2020-03,주택업체,소계,세종,0
2020-03,주택업체,소계,강원,0
2020-03,주택업체,소계,충북,0
2020-03,주택업체,소계,충남,346
2020-03,주택업체,소계,전북,0
2020-03,주택업체,소계,전남,0
2020-03,주택업체,소계,경북,0
2020-03,주택업체,소계,경남,1,634
2020-03,주택업체,소계,제주,0
2020-03,주택업체,국민임대,전국,794
2020-03,주택업체,국민임대,서울,0
2020-03,주택업체,국민임대,인천,0
2020-03,주택업체,국민임대,경기,0
2020-03,주택업체,국민임대,부산,0
2020-03,주택업체,국민임대,대구,0
2020-03,주택업체,국민임대,광주,0
2020-03,주택업체,국민임대,대전,0
2020-03,주택업체,국민임대,울산,0
2020-03,주택업체,국민임대,세종,0
2020-03,주택업체,국민임대,강원,0
2020-03,주택업체,국민임대,충북,0
2020-03,주택업체,국민임대,충남,0
2020-03,주택업체,국민임대,전북,0
2020-03,주택업체,국민임대,전남,0
2020-03,주택업체,국민임대,경북,0
2020-03,주택업체,국민임대,경남,794
2020-03,주택업체,국민임대,제주,0
2020-03,주택업체,공공임대,전국,8,364
2020-03,주택업체,공공임대,서울,3,971
2020-03,주택업체,공공임대,인천,369
2020-03,주택업체,공공임대,경기,0
2020-03,주택업체,공공임대,부산,701
2020-03,주택업체,공공임대,대구,477
2020-03,주택업체,공공임대,광주,1,660
2020-03,주택업체,공공임대,대전,0
2020-03,주택업체,공공임대,울산,0
2020-03,주택업체,공공임대,세종,0
2020-03,주택업체,공공임대,강원,0
2020-03,주택업체,공공임대,충북,0
2020-03,주택업체,공공임대,충남,346
2020-03,주택업체,공공임대,전북,0
2020-03,주택업체,공공임대,전남,0
2020-03,주택업체,공공임대,경북,0
2020-03,주택업체,공공임대,경남,840
2020-03,주택업체,공공임대,제주,0
2020-03,주택업체,공공분양,전국,0
2020-03,주택업체,공공분양,서울,0
2020-03,주택업체,공공분양,인천,0
2020-03,주택업체,공공분양,경기,0
2020-03,주택업체,공공분양,부산,0
2020-03,주택업체,공공분양,대구,0
2020-03,주택업체,공공분양,광주,0
2020-03,주택업체,공공분양,대전,0
2020-03,주택업체,공공분양,울산,0
2020-03,주택업체,공공분양,세종,0
2020-03,주택업체,공공분양,강원,0
2020-03,주택업체,공공분양,충북,0
2020-03,주택업체,공공분양,충남,0
2020-03,주택업체,공공분양,전북,0
2020-03,주택업체,공공분양,전남,0
2020-03,주택업체,공공분양,경북,0
2020-03,주택업체,공공분양,경남,0
2020-03,주택업체,공공분양,제주,0
2020-03,민간부문,소계,전국,18,615
2020-03,민간부문,소계,서울,2,783
2020-03,민간부문,소계,인천,481
2020-03,민간부문,소계,경기,7,369
2020-03,민간부문,소계,부산,2,584
2020-03,민간부문,소계,대구,301
2020-03,민간부문,소계,광주,684
2020-03,민간부문,소계,대전,263
2020-03,민간부문,소계,울산,98
2020-03,민간부문,소계,세종,23
2020-03,민간부문,소계,강원,239
2020-03,민간부문,소계,충북,237
2020-03,민간부문,소계,충남,360
2020-03,민간부문,소계,전북,1,237
2020-03,민간부문,소계,전남,920
2020-03,민간부문,소계,경북,447
2020-03,민간부문,소계,경남,291
2020-03,민간부문,소계,제주,298
2020-03,민간,민간임대,전국,1,416
2020-03,민간,민간임대,서울,499
2020-03,민간,민간임대,인천,0
2020-03,민간,민간임대,경기,0
2020-03,민간,민간임대,부산,0
2020-03,민간,민간임대,대구,0
2020-03,민간,민간임대,광주,0
2020-03,민간,민간임대,대전,0
2020-03,민간,민간임대,울산,0
2020-03,민간,민간임대,세종,0
2020-03,민간,민간임대,강원,0
2020-03,민간,민간임대,충북,0
2020-03,민간,민간임대,충남,0
2020-03,민간,민간임대,전북,917
2020-03,민간,민간임대,전남,0
2020-03,민간,민간임대,경북,0
2020-03,민간,민간임대,경남,0
2020-03,민간,민간임대,제주,0
2020-03,민간,민간분양,전국,17,199
2020-03,민간,민간분양,서울,2,284
2020-03,민간,민간분양,인천,481
2020-03,민간,민간분양,경기,7,369
2020-03,민간,민간분양,부산,2,584
2020-03,민간,민간분양,대구,301
2020-03,민간,민간분양,광주,684
2020-03,민간,민간분양,대전,263
2020-03,민간,민간분양,울산,98
2020-03,민간,민간분양,세종,23
2020-03,민간,민간분양,강원,239
2020-03,민간,민간분양,충북,237
2020-03,민간,민간분양,충남,360
2020-03,민간,민간분양,전북,320
2020-03,민간,민간분양,전남,920
2020-03,민간,민간분양,경북,447
2020-03,민간,민간분양,경남,291
2020-03,민간,민간분양,제주,298
2020-04,총계,총계,전국,35,695
2020-04,총계,총계,서울,6,907
2020-04,총계,총계,인천,385
2020-04,총계,총계,경기,10,767
2020-04,총계,총계,부산,894
2020-04,총계,총계,대구,2,297
2020-04,총계,총계,광주,818
2020-04,총계,총계,대전,1,867
2020-04,총계,총계,울산,45
2020-04,총계,총계,세종,42
2020-04,총계,총계,강원,2,716
2020-04,총계,총계,충북,244
2020-04,총계,총계,충남,3,104
2020-04,총계,총계,전북,2,019
2020-04,총계,총계,전남,1,153
2020-04,총계,총계,경북,1,693
2020-04,총계,총계,경남,323
2020-04,총계,총계,제주,421
2020-04,공공부문,소계,전국,10,760
2020-04,공공부문,소계,서울,802
2020-04,공공부문,소계,인천,0
2020-04,공공부문,소계,경기,4,581
2020-04,공공부문,소계,부산,0
2020-04,공공부문,소계,대구,911
2020-04,공공부문,소계,광주,0
2020-04,공공부문,소계,대전,0
2020-04,공공부문,소계,울산,0
2020-04,공공부문,소계,세종,0
2020-04,공공부문,소계,강원,1,388
2020-04,공공부문,소계,충북,0
2020-04,공공부문,소계,충남,250
2020-04,공공부문,소계,전북,1,390
2020-04,공공부문,소계,전남,410
2020-04,공공부문,소계,경북,1,028
2020-04,공공부문,소계,경남,0
2020-04,공공부문,소계,제주,0
2020-04,합,국민임대,전국,1,069
2020-04,합,국민임대,서울,0
2020-04,합,국민임대,인천,0
2020-04,합,국민임대,경기,329
2020-04,합,국민임대,부산,0
2020-04,합,국민임대,대구,0
2020-04,합,국민임대,광주,0
2020-04,합,국민임대,대전,0
2020-04,합,국민임대,울산,0
2020-04,합,국민임대,세종,0
2020-04,합,국민임대,강원,0
2020-04,합,국민임대,충북,0
2020-04,합,국민임대,충남,0
2020-04,합,국민임대,전북,420
2020-04,합,국민임대,전남,320
2020-04,합,국민임대,경북,0
2020-04,합,국민임대,경남,0
2020-04,합,국민임대,제주,0
2020-04,합,공공임대,전국,9,691
2020-04,합,공공임대,서울,802
2020-04,합,공공임대,인천,0
2020-04,합,공공임대,경기,4,252
2020-04,합,공공임대,부산,0
2020-04,합,공공임대,대구,911
2020-04,합,공공임대,광주,0
2020-04,합,공공임대,대전,0
2020-04,합,공공임대,울산,0
2020-04,합,공공임대,세종,0
2020-04,합,공공임대,강원,1,388
2020-04,합,공공임대,충북,0
2020-04,합,공공임대,충남,250
2020-04,합,공공임대,전북,970
2020-04,합,공공임대,전남,90
2020-04,합,공공임대,경북,1,028
2020-04,합,공공임대,경남,0
2020-04,합,공공임대,제주,0
2020-04,합,공공분양,전국,0
2020-04,합,공공분양,서울,0
2020-04,합,공공분양,인천,0
2020-04,합,공공분양,경기,0
2020-04,합,공공분양,부산,0
2020-04,합,공공분양,대구,0
2020-04,합,공공분양,광주,0
2020-04,합,공공분양,대전,0
2020-04,합,공공분양,울산,0
2020-04,합,공공분양,세종,0
2020-04,합,공공분양,강원,0
2020-04,합,공공분양,충북,0
2020-04,합,공공분양,충남,0
2020-04,합,공공분양,전북,0
2020-04,합,공공분양,전남,0
2020-04,합,공공분양,경북,0
2020-04,합,공공분양,경남,0
2020-04,합,공공분양,제주,0
2020-04,지자체,소계,전국,0
2020-04,지자체,소계,서울,0
2020-04,지자체,소계,인천,0
2020-04,지자체,소계,경기,0
2020-04,지자체,소계,부산,0
2020-04,지자체,소계,대구,0
2020-04,지자체,소계,광주,0
2020-04,지자체,소계,대전,0
2020-04,지자체,소계,울산,0
2020-04,지자체,소계,세종,0
2020-04,지자체,소계,강원,0
2020-04,지자체,소계,충북,0
2020-04,지자체,소계,충남,0
2020-04,지자체,소계,전북,0
2020-04,지자체,소계,전남,0
2020-04,지자체,소계,경북,0
2020-04,지자체,소계,경남,0
2020-04,지자체,소계,제주,0
2020-04,지자체,국민임대,전국,0
2020-04,지자체,국민임대,서울,0
2020-04,지자체,국민임대,인천,0
2020-04,지자체,국민임대,경기,0
2020-04,지자체,국민임대,부산,0
2020-04,지자체,국민임대,대구,0
2020-04,지자체,국민임대,광주,0
2020-04,지자체,국민임대,대전,0
2020-04,지자체,국민임대,울산,0
2020-04,지자체,국민임대,세종,0
2020-04,지자체,국민임대,강원,0
2020-04,지자체,국민임대,충북,0
2020-04,지자체,국민임대,충남,0
2020-04,지자체,국민임대,전북,0
2020-04,지자체,국민임대,전남,0
2020-04,지자체,국민임대,경북,0
2020-04,지자체,국민임대,경남,0
2020-04,지자체,국민임대,제주,0
2020-04,지자체,공공임대,전국,0
2020-04,지자체,공공임대,서울,0
2020-04,지자체,공공임대,인천,0
2020-04,지자체,공공임대,경기,0
2020-04,지자체,공공임대,부산,0
2020-04,지자체,공공임대,대구,0
2020-04,지자체,공공임대,광주,0
2020-04,지자체,공공임대,대전,0
2020-04,지자체,공공임대,울산,0
2020-04,지자체,공공임대,세종,0
2020-04,지자체,공공임대,강원,0
2020-04,지자체,공공임대,충북,0
2020-04,지자체,공공임대,충남,0
2020-04,지자체,공공임대,전북,0
2020-04,지자체,공공임대,전남,0
2020-04,지자체,공공임대,경북,0
2020-04,지자체,공공임대,경남,0
2020-04,지자체,공공임대,제주,0
2020-04,지자체,공공분양,전국,0
2020-04,지자체,공공분양,서울,0
2020-04,지자체,공공분양,인천,0
2020-04,지자체,공공분양,경기,0
2020-04,지자체,공공분양,부산,0
2020-04,지자체,공공분양,대구,0
2020-04,지자체,공공분양,광주,0
2020-04,지자체,공공분양,대전,0
2020-04,지자체,공공분양,울산,0
2020-04,지자체,공공분양,세종,0
2020-04,지자체,공공분양,강원,0
2020-04,지자체,공공분양,충북,0
2020-04,지자체,공공분양,충남,0
2020-04,지자체,공공분양,전북,0
2020-04,지자체,공공분양,전남,0
2020-04,지자체,공공분양,경북,0
2020-04,지자체,공공분양,경남,0
2020-04,지자체,공공분양,제주,0
2020-04,LH,소계,전국,6,271
2020-04,LH,소계,서울,0
2020-04,LH,소계,인천,0
2020-04,LH,소계,경기,3,968
2020-04,LH,소계,부산,0
2020-04,LH,소계,대구,823
2020-04,LH,소계,광주,0
2020-04,LH,소계,대전,0
2020-04,LH,소계,울산,0
2020-04,LH,소계,세종,0
2020-04,LH,소계,강원,0
2020-04,LH,소계,충북,0
2020-04,LH,소계,충남,250
2020-04,LH,소계,전북,820
2020-04,LH,소계,전남,410
2020-04,LH,소계,경북,0
2020-04,LH,소계,경남,0
2020-04,LH,소계,제주,0
2020-04,LH,국민임대,전국,1,069
2020-04,LH,국민임대,서울,0
2020-04,LH,국민임대,인천,0
2020-04,LH,국민임대,경기,329
2020-04,LH,국민임대,부산,0
2020-04,LH,국민임대,대구,0
2020-04,LH,국민임대,광주,0
2020-04,LH,국민임대,대전,0
2020-04,LH,국민임대,울산,0
2020-04,LH,국민임대,세종,0
2020-04,LH,국민임대,강원,0
2020-04,LH,국민임대,충북,0
2020-04,LH,국민임대,충남,0
2020-04,LH,국민임대,전북,420
2020-04,LH,국민임대,전남,320
2020-04,LH,국민임대,경북,0
2020-04,LH,국민임대,경남,0
2020-04,LH,국민임대,제주,0
2020-04,LH,공공임대,전국,5,202
2020-04,LH,공공임대,서울,0
2020-04,LH,공공임대,인천,0
2020-04,LH,공공임대,경기,3,639
2020-04,LH,공공임대,부산,0
2020-04,LH,공공임대,대구,823
2020-04,LH,공공임대,광주,0
2020-04,LH,공공임대,대전,0
2020-04,LH,공공임대,울산,0
2020-04,LH,공공임대,세종,0
2020-04,LH,공공임대,강원,0
2020-04,LH,공공임대,충북,0
2020-04,LH,공공임대,충남,250
2020-04,LH,공공임대,전북,400
2020-04,LH,공공임대,전남,90
2020-04,LH,공공임대,경북,0
2020-04,LH,공공임대,경남,0
2020-04,LH,공공임대,제주,0
2020-04,LH,공공분양,전국,0
2020-04,LH,공공분양,서울,0
2020-04,LH,공공분양,인천,0
2020-04,LH,공공분양,경기,0
2020-04,LH,공공분양,부산,0
2020-04,LH,공공분양,대구,0
2020-04,LH,공공분양,광주,0
2020-04,LH,공공분양,대전,0
2020-04,LH,공공분양,울산,0
2020-04,LH,공공분양,세종,0
2020-04,LH,공공분양,강원,0
2020-04,LH,공공분양,충북,0
2020-04,LH,공공분양,충남,0
2020-04,LH,공공분양,전북,0
2020-04,LH,공공분양,전남,0
2020-04,LH,공공분양,경북,0
2020-04,LH,공공분양,경남,0
2020-04,LH,공공분양,제주,0
2020-04,주택업체,소계,전국,4,489
2020-04,주택업체,소계,서울,802
2020-04,주택업체,소계,인천,0
2020-04,주택업체,소계,경기,613
2020-04,주택업체,소계,부산,0
2020-04,주택업체,소계,대구,88
2020-04,주택업체,소계,광주,0
2020-04,주택업체,소계,대전,0
2020-04,주택업체,소계,울산,0
2020-04,주택업체,소계,세종,0
2020-04,주택업체,소계,강원,1,388
2020-04,주택업체,소계,충북,0
2020-04,주택업체,소계,충남,0
2020-04,주택업체,소계,전북,570
2020-04,주택업체,소계,전남,0
2020-04,주택업체,소계,경북,1,028
2020-04,주택업체,소계,경남,0
2020-04,주택업체,소계,제주,0
2020-04,주택업체,국민임대,전국,0
2020-04,주택업체,국민임대,서울,0
2020-04,주택업체,국민임대,인천,0
2020-04,주택업체,국민임대,경기,0
2020-04,주택업체,국민임대,부산,0
2020-04,주택업체,국민임대,대구,0
2020-04,주택업체,국민임대,광주,0
2020-04,주택업체,국민임대,대전,0
2020-04,주택업체,국민임대,울산,0
2020-04,주택업체,국민임대,세종,0
2020-04,주택업체,국민임대,강원,0
2020-04,주택업체,국민임대,충북,0
2020-04,주택업체,국민임대,충남,0
2020-04,주택업체,국민임대,전북,0
2020-04,주택업체,국민임대,전남,0
2020-04,주택업체,국민임대,경북,0
2020-04,주택업체,국민임대,경남,0
2020-04,주택업체,국민임대,제주,0
2020-04,주택업체,공공임대,전국,4,489
2020-04,주택업체,공공임대,서울,802
2020-04,주택업체,공공임대,인천,0
2020-04,주택업체,공공임대,경기,613
2020-04,주택업체,공공임대,부산,0
2020-04,주택업체,공공임대,대구,88
2020-04,주택업체,공공임대,광주,0
2020-04,주택업체,공공임대,대전,0
2020-04,주택업체,공공임대,울산,0
2020-04,주택업체,공공임대,세종,0
2020-04,주택업체,공공임대,강원,1,388
2020-04,주택업체,공공임대,충북,0
2020-04,주택업체,공공임대,충남,0
2020-04,주택업체,공공임대,전북,570
2020-04,주택업체,공공임대,전남,0
2020-04,주택업체,공공임대,경북,1,028
2020-04,주택업체,공공임대,경남,0
2020-04,주택업체,공공임대,제주,0
2020-04,주택업체,공공분양,전국,0
2020-04,주택업체,공공분양,서울,0
2020-04,주택업체,공공분양,인천,0
2020-04,주택업체,공공분양,경기,0
2020-04,주택업체,공공분양,부산,0
2020-04,주택업체,공공분양,대구,0
2020-04,주택업체,공공분양,광주,0
2020-04,주택업체,공공분양,대전,0
2020-04,주택업체,공공분양,울산,0
2020-04,주택업체,공공분양,세종,0
2020-04,주택업체,공공분양,강원,0
2020-04,주택업체,공공분양,충북,0
2020-04,주택업체,공공분양,충남,0
2020-04,주택업체,공공분양,전북,0
2020-04,주택업체,공공분양,전남,0
2020-04,주택업체,공공분양,경북,0
2020-04,주택업체,공공분양,경남,0
2020-04,주택업체,공공분양,제주,0
2020-04,민간부문,소계,전국,24,935
2020-04,민간부문,소계,서울,6,105
2020-04,민간부문,소계,인천,385
2020-04,민간부문,소계,경기,6,186
2020-04,민간부문,소계,부산,894
2020-04,민간부문,소계,대구,1,386
2020-04,민간부문,소계,광주,818
2020-04,민간부문,소계,대전,1,867
2020-04,민간부문,소계,울산,45
2020-04,민간부문,소계,세종,42
2020-04,민간부문,소계,강원,1,328
2020-04,민간부문,소계,충북,244
2020-04,민간부문,소계,충남,2,854
2020-04,민간부문,소계,전북,629
2020-04,민간부문,소계,전남,743
2020-04,민간부문,소계,경북,665
2020-04,민간부문,소계,경남,323
2020-04,민간부문,소계,제주,421
2020-04,민간,민간임대,전국,2,198
2020-04,민간,민간임대,서울,972
2020-04,민간,민간임대,인천,0
2020-04,민간,민간임대,경기,543
2020-04,민간,민간임대,부산,0
2020-04,민간,민간임대,대구,0
2020-04,민간,민간임대,광주,544
2020-04,민간,민간임대,대전,0
2020-04,민간,민간임대,울산,0
2020-04,민간,민간임대,세종,0
2020-04,민간,민간임대,강원,0
2020-04,민간,민간임대,충북,0
2020-04,민간,민간임대,충남,0
2020-04,민간,민간임대,전북,0
2020-04,민간,민간임대,전남,139
2020-04,민간,민간임대,경북,0
2020-04,민간,민간임대,경남,0
2020-04,민간,민간임대,제주,0
2020-04,민간,민간분양,전국,22,737
2020-04,민간,민간분양,서울,5,133
2020-04,민간,민간분양,인천,385
2020-04,민간,민간분양,경기,5,643
2020-04,민간,민간분양,부산,894
2020-04,민간,민간분양,대구,1,386
2020-04,민간,민간분양,광주,274
2020-04,민간,민간분양,대전,1,867
2020-04,민간,민간분양,울산,45
2020-04,민간,민간분양,세종,42
2020-04,민간,민간분양,강원,1,328
2020-04,민간,민간분양,충북,244
2020-04,민간,민간분양,충남,2,854
2020-04,민간,민간분양,전북,629
2020-04,민간,민간분양,전남,604
2020-04,민간,민간분양,경북,665
2020-04,민간,민간분양,경남,323
2020-04,민간,민간분양,제주,421
2020-05,총계,총계,전국,26,662
2020-05,총계,총계,서울,5,112
2020-05,총계,총계,인천,504
2020-05,총계,총계,경기,8,123
2020-05,총계,총계,부산,643
2020-05,총계,총계,대구,473
2020-05,총계,총계,광주,1,295
2020-05,총계,총계,대전,114
2020-05,총계,총계,울산,35
2020-05,총계,총계,세종,11
2020-05,총계,총계,강원,1,373
2020-05,총계,총계,충북,1,727
2020-05,총계,총계,충남,1,557
2020-05,총계,총계,전북,1,893
2020-05,총계,총계,전남,503
2020-05,총계,총계,경북,1,627
2020-05,총계,총계,경남,1,405
2020-05,총계,총계,제주,267
2020-05,공공부문,소계,전국,6,996
2020-05,공공부문,소계,서울,2,569
2020-05,공공부문,소계,인천,0
2020-05,공공부문,소계,경기,3,008
2020-05,공공부문,소계,부산,0
2020-05,공공부문,소계,대구,0
2020-05,공공부문,소계,광주,0
2020-05,공공부문,소계,대전,0
2020-05,공공부문,소계,울산,0
2020-05,공공부문,소계,세종,0
2020-05,공공부문,소계,강원,0
2020-05,공공부문,소계,충북,550
2020-05,공공부문,소계,충남,0
2020-05,공공부문,소계,전북,0
2020-05,공공부문,소계,전남,0
2020-05,공공부문,소계,경북,869
2020-05,공공부문,소계,경남,0
2020-05,공공부문,소계,제주,0
2020-05,합,국민임대,전국,447
2020-05,합,국민임대,서울,0
2020-05,합,국민임대,인천,0
2020-05,합,국민임대,경기,447
2020-05,합,국민임대,부산,0
2020-05,합,국민임대,대구,0
2020-05,합,국민임대,광주,0
2020-05,합,국민임대,대전,0
2020-05,합,국민임대,울산,0
2020-05,합,국민임대,세종,0
2020-05,합,국민임대,강원,0
2020-05,합,국민임대,충북,0
2020-05,합,국민임대,충남,0
2020-05,합,국민임대,전북,0
2020-05,합,국민임대,전남,0
2020-05,합,국민임대,경북,0
2020-05,합,국민임대,경남,0
2020-05,합,국민임대,제주,0
2020-05,합,공공임대,전국,6,549
2020-05,합,공공임대,서울,2,569
2020-05,합,공공임대,인천,0
2020-05,합,공공임대,경기,2,561
2020-05,합,공공임대,부산,0
2020-05,합,공공임대,대구,0
2020-05,합,공공임대,광주,0
2020-05,합,공공임대,대전,0
2020-05,합,공공임대,울산,0
2020-05,합,공공임대,세종,0
2020-05,합,공공임대,강원,0
2020-05,합,공공임대,충북,550
2020-05,합,공공임대,충남,0
2020-05,합,공공임대,전북,0
2020-05,합,공공임대,전남,0
2020-05,합,공공임대,경북,869
2020-05,합,공공임대,경남,0
2020-05,합,공공임대,제주,0
2020-05,합,공공분양,전국,0
2020-05,합,공공분양,서울,0
2020-05,합,공공분양,인천,0
2020-05,합,공공분양,경기,0
2020-05,합,공공분양,부산,0
2020-05,합,공공분양,대구,0
2020-05,합,공공분양,광주,0
2020-05,합,공공분양,대전,0
2020-05,합,공공분양,울산,0
2020-05,합,공공분양,세종,0
2020-05,합,공공분양,강원,0
2020-05,합,공공분양,충북,0
2020-05,합,공공분양,충남,0
2020-05,합,공공분양,전북,0
2020-05,합,공공분양,전남,0
2020-05,합,공공분양,경북,0
2020-05,합,공공분양,경남,0
2020-05,합,공공분양,제주,0
2020-05,지자체,소계,전국,0
2020-05,지자체,소계,서울,0
2020-05,지자체,소계,인천,0
2020-05,지자체,소계,경기,0
2020-05,지자체,소계,부산,0
2020-05,지자체,소계,대구,0
2020-05,지자체,소계,광주,0
2020-05,지자체,소계,대전,0
2020-05,지자체,소계,울산,0
2020-05,지자체,소계,세종,0
2020-05,지자체,소계,강원,0
2020-05,지자체,소계,충북,0
2020-05,지자체,소계,충남,0
2020-05,지자체,소계,전북,0
2020-05,지자체,소계,전남,0
2020-05,지자체,소계,경북,0
2020-05,지자체,소계,경남,0
2020-05,지자체,소계,제주,0
2020-05,지자체,국민임대,전국,0
2020-05,지자체,국민임대,서울,0
2020-05,지자체,국민임대,인천,0
2020-05,지자체,국민임대,경기,0
2020-05,지자체,국민임대,부산,0
2020-05,지자체,국민임대,대구,0
2020-05,지자체,국민임대,광주,0
2020-05,지자체,국민임대,대전,0
2020-05,지자체,국민임대,울산,0
2020-05,지자체,국민임대,세종,0
2020-05,지자체,국민임대,강원,0
2020-05,지자체,국민임대,충북,0
2020-05,지자체,국민임대,충남,0
2020-05,지자체,국민임대,전북,0
2020-05,지자체,국민임대,전남,0
2020-05,지자체,국민임대,경북,0
2020-05,지자체,국민임대,경남,0
2020-05,지자체,국민임대,제주,0
2020-05,지자체,공공임대,전국,0
2020-05,지자체,공공임대,서울,0
2020-05,지자체,공공임대,인천,0
2020-05,지자체,공공임대,경기,0
2020-05,지자체,공공임대,부산,0
2020-05,지자체,공공임대,대구,0
2020-05,지자체,공공임대,광주,0
2020-05,지자체,공공임대,대전,0
2020-05,지자체,공공임대,울산,0
2020-05,지자체,공공임대,세종,0
2020-05,지자체,공공임대,강원,0
2020-05,지자체,공공임대,충북,0
2020-05,지자체,공공임대,충남,0
2020-05,지자체,공공임대,전북,0
2020-05,지자체,공공임대,전남,0
2020-05,지자체,공공임대,경북,0
2020-05,지자체,공공임대,경남,0
2020-05,지자체,공공임대,제주,0
2020-05,지자체,공공분양,전국,0
2020-05,지자체,공공분양,서울,0
2020-05,지자체,공공분양,인천,0
2020-05,지자체,공공분양,경기,0
2020-05,지자체,공공분양,부산,0
2020-05,지자체,공공분양,대구,0
2020-05,지자체,공공분양,광주,0
2020-05,지자체,공공분양,대전,0
2020-05,지자체,공공분양,울산,0
2020-05,지자체,공공분양,세종,0
2020-05,지자체,공공분양,강원,0
2020-05,지자체,공공분양,충북,0
2020-05,지자체,공공분양,충남,0
2020-05,지자체,공공분양,전북,0
2020-05,지자체,공공분양,전남,0
2020-05,지자체,공공분양,경북,0
2020-05,지자체,공공분양,경남,0
2020-05,지자체,공공분양,제주,0
2020-05,LH,소계,전국,3,109
2020-05,LH,소계,서울,0
2020-05,LH,소계,인천,0
2020-05,LH,소계,경기,2,559
2020-05,LH,소계,부산,0
2020-05,LH,소계,대구,0
2020-05,LH,소계,광주,0
2020-05,LH,소계,대전,0
2020-05,LH,소계,울산,0
2020-05,LH,소계,세종,0
2020-05,LH,소계,강원,0
2020-05,LH,소계,충북,550
2020-05,LH,소계,충남,0
2020-05,LH,소계,전북,0
2020-05,LH,소계,전남,0
2020-05,LH,소계,경북,0
2020-05,LH,소계,경남,0
2020-05,LH,소계,제주,0
2020-05,LH,국민임대,전국,447
2020-05,LH,국민임대,서울,0
2020-05,LH,국민임대,인천,0
2020-05,LH,국민임대,경기,447
2020-05,LH,국민임대,부산,0
2020-05,LH,국민임대,대구,0
2020-05,LH,국민임대,광주,0
2020-05,LH,국민임대,대전,0
2020-05,LH,국민임대,울산,0
2020-05,LH,국민임대,세종,0
2020-05,LH,국민임대,강원,0
2020-05,LH,국민임대,충북,0
2020-05,LH,국민임대,충남,0
2020-05,LH,국민임대,전북,0
2020-05,LH,국민임대,전남,0
2020-05,LH,국민임대,경북,0
2020-05,LH,국민임대,경남,0
2020-05,LH,국민임대,제주,0
2020-05,LH,공공임대,전국,2,662
2020-05,LH,공공임대,서울,0
2020-05,LH,공공임대,인천,0
2020-05,LH,공공임대,경기,2,112
2020-05,LH,공공임대,부산,0
2020-05,LH,공공임대,대구,0
2020-05,LH,공공임대,광주,0
2020-05,LH,공공임대,대전,0
2020-05,LH,공공임대,울산,0
2020-05,LH,공공임대,세종,0
2020-05,LH,공공임대,강원,0
2020-05,LH,공공임대,충북,550
2020-05,LH,공공임대,충남,0
2020-05,LH,공공임대,전북,0
2020-05,LH,공공임대,전남,0
2020-05,LH,공공임대,경북,0
2020-05,LH,공공임대,경남,0
2020-05,LH,공공임대,제주,0
2020-05,LH,공공분양,전국,0
2020-05,LH,공공분양,서울,0
2020-05,LH,공공분양,인천,0
2020-05,LH,공공분양,경기,0
2020-05,LH,공공분양,부산,0
2020-05,LH,공공분양,대구,0
2020-05,LH,공공분양,광주,0
2020-05,LH,공공분양,대전,0
2020-05,LH,공공분양,울산,0
2020-05,LH,공공분양,세종,0
2020-05,LH,공공분양,강원,0
2020-05,LH,공공분양,충북,0
2020-05,LH,공공분양,충남,0
2020-05,LH,공공분양,전북,0
2020-05,LH,공공분양,전남,0
2020-05,LH,공공분양,경북,0
2020-05,LH,공공분양,경남,0
2020-05,LH,공공분양,제주,0
2020-05,주택업체,소계,전국,3,887
2020-05,주택업체,소계,서울,2,569
2020-05,주택업체,소계,인천,0
2020-05,주택업체,소계,경기,449
2020-05,주택업체,소계,부산,0
2020-05,주택업체,소계,대구,0
2020-05,주택업체,소계,광주,0
2020-05,주택업체,소계,대전,0
2020-05,주택업체,소계,울산,0
2020-05,주택업체,소계,세종,0
2020-05,주택업체,소계,강원,0
2020-05,주택업체,소계,충북,0
2020-05,주택업체,소계,충남,0
2020-05,주택업체,소계,전북,0
2020-05,주택업체,소계,전남,0
2020-05,주택업체,소계,경북,869
2020-05,주택업체,소계,경남,0
2020-05,주택업체,소계,제주,0
2020-05,주택업체,국민임대,전국,0
2020-05,주택업체,국민임대,서울,0
2020-05,주택업체,국민임대,인천,0
2020-05,주택업체,국민임대,경기,0
2020-05,주택업체,국민임대,부산,0
2020-05,주택업체,국민임대,대구,0
2020-05,주택업체,국민임대,광주,0
2020-05,주택업체,국민임대,대전,0
2020-05,주택업체,국민임대,울산,0
2020-05,주택업체,국민임대,세종,0
2020-05,주택업체,국민임대,강원,0
2020-05,주택업체,국민임대,충북,0
2020-05,주택업체,국민임대,충남,0
2020-05,주택업체,국민임대,전북,0
2020-05,주택업체,국민임대,전남,0
2020-05,주택업체,국민임대,경북,0
2020-05,주택업체,국민임대,경남,0
2020-05,주택업체,국민임대,제주,0
2020-05,주택업체,공공임대,전국,3,887
2020-05,주택업체,공공임대,서울,2,569
2020-05,주택업체,공공임대,인천,0
2020-05,주택업체,공공임대,경기,449
2020-05,주택업체,공공임대,부산,0
2020-05,주택업체,공공임대,대구,0
2020-05,주택업체,공공임대,광주,0
2020-05,주택업체,공공임대,대전,0
2020-05,주택업체,공공임대,울산,0
2020-05,주택업체,공공임대,세종,0
2020-05,주택업체,공공임대,강원,0
2020-05,주택업체,공공임대,충북,0
2020-05,주택업체,공공임대,충남,0
2020-05,주택업체,공공임대,전북,0
2020-05,주택업체,공공임대,전남,0
2020-05,주택업체,공공임대,경북,869
2020-05,주택업체,공공임대,경남,0
2020-05,주택업체,공공임대,제주,0
2020-05,주택업체,공공분양,전국,0
2020-05,주택업체,공공분양,서울,0
2020-05,주택업체,공공분양,인천,0
2020-05,주택업체,공공분양,경기,0
2020-05,주택업체,공공분양,부산,0
2020-05,주택업체,공공분양,대구,0
2020-05,주택업체,공공분양,광주,0
2020-05,주택업체,공공분양,대전,0
2020-05,주택업체,공공분양,울산,0
2020-05,주택업체,공공분양,세종,0
2020-05,주택업체,공공분양,강원,0
2020-05,주택업체,공공분양,충북,0
2020-05,주택업체,공공분양,충남,0
2020-05,주택업체,공공분양,전북,0
2020-05,주택업체,공공분양,전남,0
2020-05,주택업체,공공분양,경북,0
2020-05,주택업체,공공분양,경남,0
2020-05,주택업체,공공분양,제주,0
2020-05,민간부문,소계,전국,19,666
2020-05,민간부문,소계,서울,2,543
2020-05,민간부문,소계,인천,504
2020-05,민간부문,소계,경기,5,115
2020-05,민간부문,소계,부산,643
2020-05,민간부문,소계,대구,473
2020-05,민간부문,소계,광주,1,295
2020-05,민간부문,소계,대전,114
2020-05,민간부문,소계,울산,35
2020-05,민간부문,소계,세종,11
2020-05,민간부문,소계,강원,1,373
2020-05,민간부문,소계,충북,1,177
2020-05,민간부문,소계,충남,1,557
2020-05,민간부문,소계,전북,1,893
2020-05,민간부문,소계,전남,503
2020-05,민간부문,소계,경북,758
2020-05,민간부문,소계,경남,1,405
2020-05,민간부문,소계,제주,267
2020-05,민간,민간임대,전국,1,580
2020-05,민간,민간임대,서울,119
2020-05,민간,민간임대,인천,0
2020-05,민간,민간임대,경기,491
2020-05,민간,민간임대,부산,0
2020-05,민간,민간임대,대구,0
2020-05,민간,민간임대,광주,0
2020-05,민간,민간임대,대전,0
2020-05,민간,민간임대,울산,0
2020-05,민간,민간임대,세종,0
2020-05,민간,민간임대,강원,0
2020-05,민간,민간임대,충북,970
2020-05,민간,민간임대,충남,0
2020-05,민간,민간임대,전북,0
2020-05,민간,민간임대,전남,0
2020-05,민간,민간임대,경북,0
2020-05,민간,민간임대,경남,0
2020-05,민간,민간임대,제주,0
2020-05,민간,민간분양,전국,18,086
2020-05,민간,민간분양,서울,2,424
2020-05,민간,민간분양,인천,504
2020-05,민간,민간분양,경기,4,624
2020-05,민간,민간분양,부산,643
2020-05,민간,민간분양,대구,473
2020-05,민간,민간분양,광주,1,295
2020-05,민간,민간분양,대전,114
2020-05,민간,민간분양,울산,35
2020-05,민간,민간분양,세종,11
2020-05,민간,민간분양,강원,1,373
2020-05,민간,민간분양,충북,207
2020-05,민간,민간분양,충남,1,557
2020-05,민간,민간분양,전북,1,893
2020-05,민간,민간분양,전남,503
2020-05,민간,민간분양,경북,758
2020-05,민간,민간분양,경남,1,405
2020-05,민간,민간분양,제주,267
2020-06,총계,총계,전국,45,604
2020-06,총계,총계,서울,6,278
2020-06,총계,총계,인천,500
2020-06,총계,총계,경기,18,007
2020-06,총계,총계,부산,3,448
2020-06,총계,총계,대구,2,206
2020-06,총계,총계,광주,668
2020-06,총계,총계,대전,54
2020-06,총계,총계,울산,105
2020-06,총계,총계,세종,72
2020-06,총계,총계,강원,3,040
2020-06,총계,총계,충북,1,762
2020-06,총계,총계,충남,1,998
2020-06,총계,총계,전북,1,723
2020-06,총계,총계,전남,2,202
2020-06,총계,총계,경북,511
2020-06,총계,총계,경남,2,703
2020-06,총계,총계,제주,327
2020-06,공공부문,소계,전국,15,295
2020-06,공공부문,소계,서울,337
2020-06,공공부문,소계,인천,152
2020-06,공공부문,소계,경기,10,299
2020-06,공공부문,소계,부산,436
2020-06,공공부문,소계,대구,468
2020-06,공공부문,소계,광주,403
2020-06,공공부문,소계,대전,0
2020-06,공공부문,소계,울산,0
2020-06,공공부문,소계,세종,0
2020-06,공공부문,소계,강원,979
2020-06,공공부문,소계,충북,0
2020-06,공공부문,소계,충남,482
2020-06,공공부문,소계,전북,288
2020-06,공공부문,소계,전남,756
2020-06,공공부문,소계,경북,0
2020-06,공공부문,소계,경남,610
2020-06,공공부문,소계,제주,85
2020-06,합,국민임대,전국,1,740
2020-06,합,국민임대,서울,0
2020-06,합,국민임대,인천,50
2020-06,합,국민임대,경기,1,230
2020-06,합,국민임대,부산,0
2020-06,합,국민임대,대구,0
2020-06,합,국민임대,광주,0
2020-06,합,국민임대,대전,0
2020-06,합,국민임대,울산,0
2020-06,합,국민임대,세종,0
2020-06,합,국민임대,강원,0
2020-06,합,국민임대,충북,0
2020-06,합,국민임대,충남,0
2020-06,합,국민임대,전북,0
2020-06,합,국민임대,전남,0
2020-06,합,국민임대,경북,0
2020-06,합,국민임대,경남,460
2020-06,합,국민임대,제주,0
2020-06,합,공공임대,전국,8,475
2020-06,합,공공임대,서울,337
2020-06,합,공공임대,인천,102
2020-06,합,공공임대,경기,4,968
2020-06,합,공공임대,부산,436
2020-06,합,공공임대,대구,468
2020-06,합,공공임대,광주,403
2020-06,합,공공임대,대전,0
2020-06,합,공공임대,울산,0
2020-06,합,공공임대,세종,0
2020-06,합,공공임대,강원,0
2020-06,합,공공임대,충북,0
2020-06,합,공공임대,충남,482
2020-06,합,공공임대,전북,288
2020-06,합,공공임대,전남,756
2020-06,합,공공임대,경북,0
2020-06,합,공공임대,경남,150
2020-06,합,공공임대,제주,85
2020-06,합,공공분양,전국,5,080
2020-06,합,공공분양,서울,0
2020-06,합,공공분양,인천,0
2020-06,합,공공분양,경기,4,101
2020-06,합,공공분양,부산,0
2020-06,합,공공분양,대구,0
2020-06,합,공공분양,광주,0
2020-06,합,공공분양,대전,0
2020-06,합,공공분양,울산,0
2020-06,합,공공분양,세종,0
2020-06,합,공공분양,강원,979
2020-06,합,공공분양,충북,0
2020-06,합,공공분양,충남,0
2020-06,합,공공분양,전북,0
2020-06,합,공공분양,전남,0
2020-06,합,공공분양,경북,0
2020-06,합,공공분양,경남,0
2020-06,합,공공분양,제주,0
2020-06,지자체,소계,전국,0
2020-06,지자체,소계,서울,0
2020-06,지자체,소계,인천,0
2020-06,지자체,소계,경기,0
2020-06,지자체,소계,부산,0
2020-06,지자체,소계,대구,0
2020-06,지자체,소계,광주,0
2020-06,지자체,소계,대전,0
2020-06,지자체,소계,울산,0
2020-06,지자체,소계,세종,0
2020-06,지자체,소계,강원,0
2020-06,지자체,소계,충북,0
2020-06,지자체,소계,충남,0
2020-06,지자체,소계,전북,0
2020-06,지자체,소계,전남,0
2020-06,지자체,소계,경북,0
2020-06,지자체,소계,경남,0
2020-06,지자체,소계,제주,0
2020-06,지자체,국민임대,전국,0
2020-06,지자체,국민임대,서울,0
2020-06,지자체,국민임대,인천,0
2020-06,지자체,국민임대,경기,0
2020-06,지자체,국민임대,부산,0
2020-06,지자체,국민임대,대구,0
2020-06,지자체,국민임대,광주,0
2020-06,지자체,국민임대,대전,0
2020-06,지자체,국민임대,울산,0
2020-06,지자체,국민임대,세종,0
2020-06,지자체,국민임대,강원,0
2020-06,지자체,국민임대,충북,0
2020-06,지자체,국민임대,충남,0
2020-06,지자체,국민임대,전북,0
2020-06,지자체,국민임대,전남,0
2020-06,지자체,국민임대,경북,0
2020-06,지자체,국민임대,경남,0
2020-06,지자체,국민임대,제주,0
2020-06,지자체,공공임대,전국,0
2020-06,지자체,공공임대,서울,0
2020-06,지자체,공공임대,인천,0
2020-06,지자체,공공임대,경기,0
2020-06,지자체,공공임대,부산,0
2020-06,지자체,공공임대,대구,0
2020-06,지자체,공공임대,광주,0
2020-06,지자체,공공임대,대전,0
2020-06,지자체,공공임대,울산,0
2020-06,지자체,공공임대,세종,0
2020-06,지자체,공공임대,강원,0
2020-06,지자체,공공임대,충북,0
2020-06,지자체,공공임대,충남,0
2020-06,지자체,공공임대,전북,0
2020-06,지자체,공공임대,전남,0
2020-06,지자체,공공임대,경북,0
2020-06,지자체,공공임대,경남,0
2020-06,지자체,공공임대,제주,0
2020-06,지자체,공공분양,전국,0
2020-06,지자체,공공분양,서울,0
2020-06,지자체,공공분양,인천,0
2020-06,지자체,공공분양,경기,0
2020-06,지자체,공공분양,부산,0
2020-06,지자체,공공분양,대구,0
2020-06,지자체,공공분양,광주,0
2020-06,지자체,공공분양,대전,0
2020-06,지자체,공공분양,울산,0
2020-06,지자체,공공분양,세종,0
2020-06,지자체,공공분양,강원,0
2020-06,지자체,공공분양,충북,0
2020-06,지자체,공공분양,충남,0
2020-06,지자체,공공분양,전북,0
2020-06,지자체,공공분양,전남,0
2020-06,지자체,공공분양,경북,0
2020-06,지자체,공공분양,경남,0
2020-06,지자체,공공분양,제주,0
2020-06,LH,소계,전국,12,101
2020-06,LH,소계,서울,0
2020-06,LH,소계,인천,152
2020-06,LH,소계,경기,10,299
2020-06,LH,소계,부산,40
2020-06,LH,소계,대구,0
2020-06,LH,소계,광주,21
2020-06,LH,소계,대전,0
2020-06,LH,소계,울산,0
2020-06,LH,소계,세종,0
2020-06,LH,소계,강원,979
2020-06,LH,소계,충북,0
2020-06,LH,소계,충남,0
2020-06,LH,소계,전북,0
2020-06,LH,소계,전남,0
2020-06,LH,소계,경북,0
2020-06,LH,소계,경남,610
2020-06,LH,소계,제주,0
2020-06,LH,국민임대,전국,1,740
2020-06,LH,국민임대,서울,0
2020-06,LH,국민임대,인천,50
2020-06,LH,국민임대,경기,1,230
2020-06,LH,국민임대,부산,0
2020-06,LH,국민임대,대구,0
2020-06,LH,국민임대,광주,0
2020-06,LH,국민임대,대전,0
2020-06,LH,국민임대,울산,0
2020-06,LH,국민임대,세종,0
2020-06,LH,국민임대,강원,0
2020-06,LH,국민임대,충북,0
2020-06,LH,국민임대,충남,0
2020-06,LH,국민임대,전북,0
2020-06,LH,국민임대,전남,0
2020-06,LH,국민임대,경북,0
2020-06,LH,국민임대,경남,460
2020-06,LH,국민임대,제주,0
2020-06,LH,공공임대,전국,5,281
2020-06,LH,공공임대,서울,0
2020-06,LH,공공임대,인천,102
2020-06,LH,공공임대,경기,4,968
2020-06,LH,공공임대,부산,40
2020-06,LH,공공임대,대구,0
2020-06,LH,공공임대,광주,21
2020-06,LH,공공임대,대전,0
2020-06,LH,공공임대,울산,0
2020-06,LH,공공임대,세종,0
2020-06,LH,공공임대,강원,0
2020-06,LH,공공임대,충북,0
2020-06,LH,공공임대,충남,0
2020-06,LH,공공임대,전북,0
2020-06,LH,공공임대,전남,0
2020-06,LH,공공임대,경북,0
2020-06,LH,공공임대,경남,150
2020-06,LH,공공임대,제주,0
2020-06,LH,공공분양,전국,5,080
2020-06,LH,공공분양,서울,0
2020-06,LH,공공분양,인천,0
2020-06,LH,공공분양,경기,4,101
2020-06,LH,공공분양,부산,0
2020-06,LH,공공분양,대구,0
2020-06,LH,공공분양,광주,0
2020-06,LH,공공분양,대전,0
2020-06,LH,공공분양,울산,0
2020-06,LH,공공분양,세종,0
2020-06,LH,공공분양,강원,979
2020-06,LH,공공분양,충북,0
2020-06,LH,공공분양,충남,0
2020-06,LH,공공분양,전북,0
2020-06,LH,공공분양,전남,0
2020-06,LH,공공분양,경북,0
2020-06,LH,공공분양,경남,0
2020-06,LH,공공분양,제주,0
2020-06,주택업체,소계,전국,3,194
2020-06,주택업체,소계,서울,337
2020-06,주택업체,소계,인천,0
2020-06,주택업체,소계,경기,0
2020-06,주택업체,소계,부산,396
2020-06,주택업체,소계,대구,468
2020-06,주택업체,소계,광주,382
2020-06,주택업체,소계,대전,0
2020-06,주택업체,소계,울산,0
2020-06,주택업체,소계,세종,0
2020-06,주택업체,소계,강원,0
2020-06,주택업체,소계,충북,0
2020-06,주택업체,소계,충남,482
2020-06,주택업체,소계,전북,288
2020-06,주택업체,소계,전남,756
2020-06,주택업체,소계,경북,0
2020-06,주택업체,소계,경남,0
2020-06,주택업체,소계,제주,85
2020-06,주택업체,국민임대,전국,0
2020-06,주택업체,국민임대,서울,0
2020-06,주택업체,국민임대,인천,0
2020-06,주택업체,국민임대,경기,0
2020-06,주택업체,국민임대,부산,0
2020-06,주택업체,국민임대,대구,0
2020-06,주택업체,국민임대,광주,0
2020-06,주택업체,국민임대,대전,0
2020-06,주택업체,국민임대,울산,0
2020-06,주택업체,국민임대,세종,0
2020-06,주택업체,국민임대,강원,0
2020-06,주택업체,국민임대,충북,0
2020-06,주택업체,국민임대,충남,0
2020-06,주택업체,국민임대,전북,0
2020-06,주택업체,국민임대,전남,0
2020-06,주택업체,국민임대,경북,0
2020-06,주택업체,국민임대,경남,0
2020-06,주택업체,국민임대,제주,0
2020-06,주택업체,공공임대,전국,3,194
2020-06,주택업체,공공임대,서울,337
2020-06,주택업체,공공임대,인천,0
2020-06,주택업체,공공임대,경기,0
2020-06,주택업체,공공임대,부산,396
2020-06,주택업체,공공임대,대구,468
2020-06,주택업체,공공임대,광주,382
2020-06,주택업체,공공임대,대전,0
2020-06,주택업체,공공임대,울산,0
2020-06,주택업체,공공임대,세종,0
2020-06,주택업체,공공임대,강원,0
2020-06,주택업체,공공임대,충북,0
2020-06,주택업체,공공임대,충남,482
2020-06,주택업체,공공임대,전북,288
2020-06,주택업체,공공임대,전남,756
2020-06,주택업체,공공임대,경북,0
2020-06,주택업체,공공임대,경남,0
2020-06,주택업체,공공임대,제주,85
2020-06,주택업체,공공분양,전국,0
2020-06,주택업체,공공분양,서울,0
2020-06,주택업체,공공분양,인천,0
2020-06,주택업체,공공분양,경기,0
2020-06,주택업체,공공분양,부산,0
2020-06,주택업체,공공분양,대구,0
2020-06,주택업체,공공분양,광주,0
2020-06,주택업체,공공분양,대전,0
2020-06,주택업체,공공분양,울산,0
2020-06,주택업체,공공분양,세종,0
2020-06,주택업체,공공분양,강원,0
2020-06,주택업체,공공분양,충북,0
2020-06,주택업체,공공분양,충남,0
2020-06,주택업체,공공분양,전북,0
2020-06,주택업체,공공분양,전남,0
2020-06,주택업체,공공분양,경북,0
2020-06,주택업체,공공분양,경남,0
2020-06,주택업체,공공분양,제주,0
2020-06,민간부문,소계,전국,30,309
2020-06,민간부문,소계,서울,5,941
2020-06,민간부문,소계,인천,348
2020-06,민간부문,소계,경기,7,708
2020-06,민간부문,소계,부산,3,012
2020-06,민간부문,소계,대구,1,738
2020-06,민간부문,소계,광주,265
2020-06,민간부문,소계,대전,54
2020-06,민간부문,소계,울산,105
2020-06,민간부문,소계,세종,72
2020-06,민간부문,소계,강원,2,061
2020-06,민간부문,소계,충북,1,762
2020-06,민간부문,소계,충남,1,516
2020-06,민간부문,소계,전북,1,435
2020-06,민간부문,소계,전남,1,446
2020-06,민간부문,소계,경북,511
2020-06,민간부문,소계,경남,2,093
2020-06,민간부문,소계,제주,242
2020-06,민간,민간임대,전국,2,768
2020-06,민간,민간임대,서울,40
2020-06,민간,민간임대,인천,0
2020-06,민간,민간임대,경기,0
2020-06,민간,민간임대,부산,0
2020-06,민간,민간임대,대구,0
2020-06,민간,민간임대,광주,0
2020-06,민간,민간임대,대전,0
2020-06,민간,민간임대,울산,0
2020-06,민간,민간임대,세종,0
2020-06,민간,민간임대,강원,0
2020-06,민간,민간임대,충북,1,507
2020-06,민간,민간임대,충남,252
2020-06,민간,민간임대,전북,969
2020-06,민간,민간임대,전남,0
2020-06,민간,민간임대,경북,0
2020-06,민간,민간임대,경남,0
2020-06,민간,민간임대,제주,0
2020-06,민간,민간분양,전국,27,541
2020-06,민간,민간분양,서울,5,901
2020-06,민간,민간분양,인천,348
2020-06,민간,민간분양,경기,7,708
2020-06,민간,민간분양,부산,3,012
2020-06,민간,민간분양,대구,1,738
2020-06,민간,민간분양,광주,265
2020-06,민간,민간분양,대전,54
2020-06,민간,민간분양,울산,105
2020-06,민간,민간분양,세종,72
2020-06,민간,민간분양,강원,2,061
2020-06,민간,민간분양,충북,255
2020-06,민간,민간분양,충남,1,264
2020-06,민간,민간분양,전북,466
2020-06,민간,민간분양,전남,1,446
2020-06,민간,민간분양,경북,511
2020-06,민간,민간분양,경남,2,093
2020-06,민간,민간분양,제주,242
2020-07,총계,총계,전국,58,240
2020-07,총계,총계,서울,6,967
2020-07,총계,총계,인천,1,412
2020-07,총계,총계,경기,25,620
2020-07,총계,총계,부산,3,246
2020-07,총계,총계,대구,1,181
2020-07,총계,총계,광주,837
2020-07,총계,총계,대전,110
2020-07,총계,총계,울산,60
2020-07,총계,총계,세종,49
2020-07,총계,총계,강원,600
2020-07,총계,총계,충북,3,271
2020-07,총계,총계,충남,2,735
2020-07,총계,총계,전북,2,112
2020-07,총계,총계,전남,3,361
2020-07,총계,총계,경북,1,742
2020-07,총계,총계,경남,4,534
2020-07,총계,총계,제주,403
2020-07,공공부문,소계,전국,16,374
2020-07,공공부문,소계,서울,0
2020-07,공공부문,소계,인천,0
2020-07,공공부문,소계,경기,7,141
2020-07,공공부문,소계,부산,389
2020-07,공공부문,소계,대구,0
2020-07,공공부문,소계,광주,347
2020-07,공공부문,소계,대전,0
2020-07,공공부문,소계,울산,0
2020-07,공공부문,소계,세종,0
2020-07,공공부문,소계,강원,0
2020-07,공공부문,소계,충북,2,962
2020-07,공공부문,소계,충남,2,193
2020-07,공공부문,소계,전북,1,086
2020-07,공공부문,소계,전남,362
2020-07,공공부문,소계,경북,60
2020-07,공공부문,소계,경남,1,744
2020-07,공공부문,소계,제주,90
2020-07,합,국민임대,전국,3,209
2020-07,합,국민임대,서울,0
2020-07,합,국민임대,인천,0
2020-07,합,국민임대,경기,613
2020-07,합,국민임대,부산,0
2020-07,합,국민임대,대구,0
2020-07,합,국민임대,광주,0
2020-07,합,국민임대,대전,0
2020-07,합,국민임대,울산,0
2020-07,합,국민임대,세종,0
2020-07,합,국민임대,강원,0
2020-07,합,국민임대,충북,1,486
2020-07,합,국민임대,충남,748
2020-07,합,국민임대,전북,0
2020-07,합,국민임대,전남,362
2020-07,합,국민임대,경북,0
2020-07,합,국민임대,경남,0
2020-07,합,국민임대,제주,0
2020-07,합,공공임대,전국,11,839
2020-07,합,공공임대,서울,0
2020-07,합,공공임대,인천,0
2020-07,합,공공임대,경기,6,528
2020-07,합,공공임대,부산,389
2020-07,합,공공임대,대구,0
2020-07,합,공공임대,광주,347
2020-07,합,공공임대,대전,0
2020-07,합,공공임대,울산,0
2020-07,합,공공임대,세종,0
2020-07,합,공공임대,강원,0
2020-07,합,공공임대,충북,150
2020-07,합,공공임대,충남,1,445
2020-07,합,공공임대,전북,1,086
2020-07,합,공공임대,전남,0
2020-07,합,공공임대,경북,60
2020-07,합,공공임대,경남,1,744
2020-07,합,공공임대,제주,90
2020-07,합,공공분양,전국,1,326
2020-07,합,공공분양,서울,0
2020-07,합,공공분양,인천,0
2020-07,합,공공분양,경기,0
2020-07,합,공공분양,부산,0
2020-07,합,공공분양,대구,0
2020-07,합,공공분양,광주,0
2020-07,합,공공분양,대전,0
2020-07,합,공공분양,울산,0
2020-07,합,공공분양,세종,0
2020-07,합,공공분양,강원,0
2020-07,합,공공분양,충북,1,326
2020-07,합,공공분양,충남,0
2020-07,합,공공분양,전북,0
2020-07,합,공공분양,전남,0
2020-07,합,공공분양,경북,0
2020-07,합,공공분양,경남,0
2020-07,합,공공분양,제주,0
2020-07,지자체,소계,전국,0
2020-07,지자체,소계,서울,0
2020-07,지자체,소계,인천,0
2020-07,지자체,소계,경기,0
2020-07,지자체,소계,부산,0
2020-07,지자체,소계,대구,0
2020-07,지자체,소계,광주,0
2020-07,지자체,소계,대전,0
2020-07,지자체,소계,울산,0
2020-07,지자체,소계,세종,0
2020-07,지자체,소계,강원,0
2020-07,지자체,소계,충북,0
2020-07,지자체,소계,충남,0
2020-07,지자체,소계,전북,0
2020-07,지자체,소계,전남,0
2020-07,지자체,소계,경북,0
2020-07,지자체,소계,경남,0
2020-07,지자체,소계,제주,0
2020-07,지자체,국민임대,전국,0
2020-07,지자체,국민임대,서울,0
2020-07,지자체,국민임대,인천,0
2020-07,지자체,국민임대,경기,0
2020-07,지자체,국민임대,부산,0
2020-07,지자체,국민임대,대구,0
2020-07,지자체,국민임대,광주,0
2020-07,지자체,국민임대,대전,0
2020-07,지자체,국민임대,울산,0
2020-07,지자체,국민임대,세종,0
2020-07,지자체,국민임대,강원,0
2020-07,지자체,국민임대,충북,0
2020-07,지자체,국민임대,충남,0
2020-07,지자체,국민임대,전북,0
2020-07,지자체,국민임대,전남,0
2020-07,지자체,국민임대,경북,0
2020-07,지자체,국민임대,경남,0
2020-07,지자체,국민임대,제주,0
2020-07,지자체,공공임대,전국,0
2020-07,지자체,공공임대,서울,0
2020-07,지자체,공공임대,인천,0
2020-07,지자체,공공임대,경기,0
2020-07,지자체,공공임대,부산,0
2020-07,지자체,공공임대,대구,0
2020-07,지자체,공공임대,광주,0
2020-07,지자체,공공임대,대전,0
2020-07,지자체,공공임대,울산,0
2020-07,지자체,공공임대,세종,0
2020-07,지자체,공공임대,강원,0
2020-07,지자체,공공임대,충북,0
2020-07,지자체,공공임대,충남,0
2020-07,지자체,공공임대,전북,0
2020-07,지자체,공공임대,전남,0
2020-07,지자체,공공임대,경북,0
2020-07,지자체,공공임대,경남,0
2020-07,지자체,공공임대,제주,0
2020-07,지자체,공공분양,전국,0
2020-07,지자체,공공분양,서울,0
2020-07,지자체,공공분양,인천,0
2020-07,지자체,공공분양,경기,0
2020-07,지자체,공공분양,부산,0
2020-07,지자체,공공분양,대구,0
2020-07,지자체,공공분양,광주,0
2020-07,지자체,공공분양,대전,0
2020-07,지자체,공공분양,울산,0
2020-07,지자체,공공분양,세종,0
2020-07,지자체,공공분양,강원,0
2020-07,지자체,공공분양,충북,0
2020-07,지자체,공공분양,충남,0
2020-07,지자체,공공분양,전북,0
2020-07,지자체,공공분양,전남,0
2020-07,지자체,공공분양,경북,0
2020-07,지자체,공공분양,경남,0
2020-07,지자체,공공분양,제주,0
2020-07,LH,소계,전국,13,147
2020-07,LH,소계,서울,0
2020-07,LH,소계,인천,0
2020-07,LH,소계,경기,7,045
2020-07,LH,소계,부산,0
2020-07,LH,소계,대구,0
2020-07,LH,소계,광주,0
2020-07,LH,소계,대전,0
2020-07,LH,소계,울산,0
2020-07,LH,소계,세종,0
2020-07,LH,소계,강원,0
2020-07,LH,소계,충북,2,962
2020-07,LH,소계,충남,1,682
2020-07,LH,소계,전북,1,006
2020-07,LH,소계,전남,362
2020-07,LH,소계,경북,0
2020-07,LH,소계,경남,0
2020-07,LH,소계,제주,90
2020-07,LH,국민임대,전국,3,209
2020-07,LH,국민임대,서울,0
2020-07,LH,국민임대,인천,0
2020-07,LH,국민임대,경기,613
2020-07,LH,국민임대,부산,0
2020-07,LH,국민임대,대구,0
2020-07,LH,국민임대,광주,0
2020-07,LH,국민임대,대전,0
2020-07,LH,국민임대,울산,0
2020-07,LH,국민임대,세종,0
2020-07,LH,국민임대,강원,0
2020-07,LH,국민임대,충북,1,486
2020-07,LH,국민임대,충남,748
2020-07,LH,국민임대,전북,0
2020-07,LH,국민임대,전남,362
2020-07,LH,국민임대,경북,0
2020-07,LH,국민임대,경남,0
2020-07,LH,국민임대,제주,0
2020-07,LH,공공임대,전국,8,612
2020-07,LH,공공임대,서울,0
2020-07,LH,공공임대,인천,0
2020-07,LH,공공임대,경기,6,432
2020-07,LH,공공임대,부산,0
2020-07,LH,공공임대,대구,0
2020-07,LH,공공임대,광주,0
2020-07,LH,공공임대,대전,0
2020-07,LH,공공임대,울산,0
2020-07,LH,공공임대,세종,0
2020-07,LH,공공임대,강원,0
2020-07,LH,공공임대,충북,150
2020-07,LH,공공임대,충남,934
2020-07,LH,공공임대,전북,1,006
2020-07,LH,공공임대,전남,0
2020-07,LH,공공임대,경북,0
2020-07,LH,공공임대,경남,0
2020-07,LH,공공임대,제주,90
2020-07,LH,공공분양,전국,1,326
2020-07,LH,공공분양,서울,0
2020-07,LH,공공분양,인천,0
2020-07,LH,공공분양,경기,0
2020-07,LH,공공분양,부산,0
2020-07,LH,공공분양,대구,0
2020-07,LH,공공분양,광주,0
2020-07,LH,공공분양,대전,0
2020-07,LH,공공분양,울산,0
2020-07,LH,공공분양,세종,0
2020-07,LH,공공분양,강원,0
2020-07,LH,공공분양,충북,1,326
2020-07,LH,공공분양,충남,0
2020-07,LH,공공분양,전북,0
2020-07,LH,공공분양,전남,0
2020-07,LH,공공분양,경북,0
2020-07,LH,공공분양,경남,0
2020-07,LH,공공분양,제주,0
2020-07,주택업체,소계,전국,3,227
2020-07,주택업체,소계,서울,0
2020-07,주택업체,소계,인천,0
2020-07,주택업체,소계,경기,96
2020-07,주택업체,소계,부산,389
2020-07,주택업체,소계,대구,0
2020-07,주택업체,소계,광주,347
2020-07,주택업체,소계,대전,0
2020-07,주택업체,소계,울산,0
2020-07,주택업체,소계,세종,0
2020-07,주택업체,소계,강원,0
2020-07,주택업체,소계,충북,0
2020-07,주택업체,소계,충남,511
2020-07,주택업체,소계,전북,80
2020-07,주택업체,소계,전남,0
2020-07,주택업체,소계,경북,60
2020-07,주택업체,소계,경남,1,744
2020-07,주택업체,소계,제주,0
2020-07,주택업체,국민임대,전국,0
2020-07,주택업체,국민임대,서울,0
2020-07,주택업체,국민임대,인천,0
2020-07,주택업체,국민임대,경기,0
2020-07,주택업체,국민임대,부산,0
2020-07,주택업체,국민임대,대구,0
2020-07,주택업체,국민임대,광주,0
2020-07,주택업체,국민임대,대전,0
2020-07,주택업체,국민임대,울산,0
2020-07,주택업체,국민임대,세종,0
2020-07,주택업체,국민임대,강원,0
2020-07,주택업체,국민임대,충북,0
2020-07,주택업체,국민임대,충남,0
2020-07,주택업체,국민임대,전북,0
2020-07,주택업체,국민임대,전남,0
2020-07,주택업체,국민임대,경북,0
2020-07,주택업체,국민임대,경남,0
2020-07,주택업체,국민임대,제주,0
2020-07,주택업체,공공임대,전국,3,227
2020-07,주택업체,공공임대,서울,0
2020-07,주택업체,공공임대,인천,0
2020-07,주택업체,공공임대,경기,96
2020-07,주택업체,공공임대,부산,389
2020-07,주택업체,공공임대,대구,0
2020-07,주택업체,공공임대,광주,347
2020-07,주택업체,공공임대,대전,0
2020-07,주택업체,공공임대,울산,0
2020-07,주택업체,공공임대,세종,0
2020-07,주택업체,공공임대,강원,0
2020-07,주택업체,공공임대,충북,0
2020-07,주택업체,공공임대,충남,511
2020-07,주택업체,공공임대,전북,80
2020-07,주택업체,공공임대,전남,0
2020-07,주택업체,공공임대,경북,60
2020-07,주택업체,공공임대,경남,1,744
2020-07,주택업체,공공임대,제주,0
2020-07,주택업체,공공분양,전국,0
2020-07,주택업체,공공분양,서울,0
2020-07,주택업체,공공분양,인천,0
2020-07,주택업체,공공분양,경기,0
2020-07,주택업체,공공분양,부산,0
2020-07,주택업체,공공분양,대구,0
2020-07,주택업체,공공분양,광주,0
2020-07,주택업체,공공분양,대전,0
2020-07,주택업체,공공분양,울산,0
2020-07,주택업체,공공분양,세종,0
2020-07,주택업체,공공분양,강원,0
2020-07,주택업체,공공분양,충북,0
2020-07,주택업체,공공분양,충남,0
2020-07,주택업체,공공분양,전북,0
2020-07,주택업체,공공분양,전남,0
2020-07,주택업체,공공분양,경북,0
2020-07,주택업체,공공분양,경남,0
2020-07,주택업체,공공분양,제주,0
2020-07,민간부문,소계,전국,41,866
2020-07,민간부문,소계,서울,6,967
2020-07,민간부문,소계,인천,1,412
2020-07,민간부문,소계,경기,18,479
2020-07,민간부문,소계,부산,2,857
2020-07,민간부문,소계,대구,1,181
2020-07,민간부문,소계,광주,490
2020-07,민간부문,소계,대전,110
2020-07,민간부문,소계,울산,60
2020-07,민간부문,소계,세종,49
2020-07,민간부문,소계,강원,600
2020-07,민간부문,소계,충북,309
2020-07,민간부문,소계,충남,542
2020-07,민간부문,소계,전북,1,026
2020-07,민간부문,소계,전남,2,999
2020-07,민간부문,소계,경북,1,682
2020-07,민간부문,소계,경남,2,790
2020-07,민간부문,소계,제주,313
2020-07,민간,민간임대,전국,1,644
2020-07,민간,민간임대,서울,1,089
2020-07,민간,민간임대,인천,0
2020-07,민간,민간임대,경기,555
2020-07,민간,민간임대,부산,0
2020-07,민간,민간임대,대구,0
2020-07,민간,민간임대,광주,0
2020-07,민간,민간임대,대전,0
2020-07,민간,민간임대,울산,0
2020-07,민간,민간임대,세종,0
2020-07,민간,민간임대,강원,0
2020-07,민간,민간임대,충북,0
2020-07,민간,민간임대,충남,0
2020-07,민간,민간임대,전북,0
2020-07,민간,민간임대,전남,0
2020-07,민간,민간임대,경북,0
2020-07,민간,민간임대,경남,0
2020-07,민간,민간임대,제주,0
2020-07,민간,민간분양,전국,40,222
2020-07,민간,민간분양,서울,5,878
2020-07,민간,민간분양,인천,1,412
2020-07,민간,민간분양,경기,17,924
2020-07,민간,민간분양,부산,2,857
2020-07,민간,민간분양,대구,1,181
2020-07,민간,민간분양,광주,490
2020-07,민간,민간분양,대전,110
2020-07,민간,민간분양,울산,60
2020-07,민간,민간분양,세종,49
2020-07,민간,민간분양,강원,600
2020-07,민간,민간분양,충북,309
2020-07,민간,민간분양,충남,542
2020-07,민간,민간분양,전북,1,026
2020-07,민간,민간분양,전남,2,999
2020-07,민간,민간분양,경북,1,682
2020-07,민간,민간분양,경남,2,790
2020-07,민간,민간분양,제주,313
2020-08,총계,총계,전국,36,061
2020-08,총계,총계,서울,7,503
2020-08,총계,총계,인천,295
2020-08,총계,총계,경기,11,948
2020-08,총계,총계,부산,1,293
2020-08,총계,총계,대구,2,030
2020-08,총계,총계,광주,41
2020-08,총계,총계,대전,1,194
2020-08,총계,총계,울산,902
2020-08,총계,총계,세종,43
2020-08,총계,총계,강원,305
2020-08,총계,총계,충북,814
2020-08,총계,총계,충남,1,407
2020-08,총계,총계,전북,1,469
2020-08,총계,총계,전남,3,238
2020-08,총계,총계,경북,328
2020-08,총계,총계,경남,2,303
2020-08,총계,총계,제주,948
2020-08,공공부문,소계,전국,9,774
2020-08,공공부문,소계,서울,1,406
2020-08,공공부문,소계,인천,0
2020-08,공공부문,소계,경기,3,881
2020-08,공공부문,소계,부산,0
2020-08,공공부문,소계,대구,0
2020-08,공공부문,소계,광주,0
2020-08,공공부문,소계,대전,0
2020-08,공공부문,소계,울산,0
2020-08,공공부문,소계,세종,0
2020-08,공공부문,소계,강원,0
2020-08,공공부문,소계,충북,591
2020-08,공공부문,소계,충남,0
2020-08,공공부문,소계,전북,0
2020-08,공공부문,소계,전남,1,526
2020-08,공공부문,소계,경북,0
2020-08,공공부문,소계,경남,1,979
2020-08,공공부문,소계,제주,391
2020-08,합,국민임대,전국,2,183
2020-08,합,국민임대,서울,0
2020-08,합,국민임대,인천,0
2020-08,합,국민임대,경기,1,592
2020-08,합,국민임대,부산,0
2020-08,합,국민임대,대구,0
2020-08,합,국민임대,광주,0
2020-08,합,국민임대,대전,0
2020-08,합,국민임대,울산,0
2020-08,합,국민임대,세종,0
2020-08,합,국민임대,강원,0
2020-08,합,국민임대,충북,591
2020-08,합,국민임대,충남,0
2020-08,합,국민임대,전북,0
2020-08,합,국민임대,전남,0
2020-08,합,국민임대,경북,0
2020-08,합,국민임대,경남,0
2020-08,합,국민임대,제주,0
2020-08,합,공공임대,전국,5,552
2020-08,합,공공임대,서울,167
2020-08,합,공공임대,인천,0
2020-08,합,공공임대,경기,1,489
2020-08,합,공공임대,부산,0
2020-08,합,공공임대,대구,0
2020-08,합,공공임대,광주,0
2020-08,합,공공임대,대전,0
2020-08,합,공공임대,울산,0
2020-08,합,공공임대,세종,0
2020-08,합,공공임대,강원,0
2020-08,합,공공임대,충북,0
2020-08,합,공공임대,충남,0
2020-08,합,공공임대,전북,0
2020-08,합,공공임대,전남,1,526
2020-08,합,공공임대,경북,0
2020-08,합,공공임대,경남,1,979
2020-08,합,공공임대,제주,391
2020-08,합,공공분양,전국,2,039
2020-08,합,공공분양,서울,1,239
2020-08,합,공공분양,인천,0
2020-08,합,공공분양,경기,800
2020-08,합,공공분양,부산,0
2020-08,합,공공분양,대구,0
2020-08,합,공공분양,광주,0
2020-08,합,공공분양,대전,0
2020-08,합,공공분양,울산,0
2020-08,합,공공분양,세종,0
2020-08,합,공공분양,강원,0
2020-08,합,공공분양,충북,0
2020-08,합,공공분양,충남,0
2020-08,합,공공분양,전북,0
2020-08,합,공공분양,전남,0
2020-08,합,공공분양,경북,0
2020-08,합,공공분양,경남,0
2020-08,합,공공분양,제주,0
2020-08,지자체,소계,전국,0
2020-08,지자체,소계,서울,0
2020-08,지자체,소계,인천,0
2020-08,지자체,소계,경기,0
2020-08,지자체,소계,부산,0
2020-08,지자체,소계,대구,0
2020-08,지자체,소계,광주,0
2020-08,지자체,소계,대전,0
2020-08,지자체,소계,울산,0
2020-08,지자체,소계,세종,0
2020-08,지자체,소계,강원,0
2020-08,지자체,소계,충북,0
2020-08,지자체,소계,충남,0
2020-08,지자체,소계,전북,0
2020-08,지자체,소계,전남,0
2020-08,지자체,소계,경북,0
2020-08,지자체,소계,경남,0
2020-08,지자체,소계,제주,0
2020-08,지자체,국민임대,전국,0
2020-08,지자체,국민임대,서울,0
2020-08,지자체,국민임대,인천,0
2020-08,지자체,국민임대,경기,0
2020-08,지자체,국민임대,부산,0
2020-08,지자체,국민임대,대구,0
2020-08,지자체,국민임대,광주,0
2020-08,지자체,국민임대,대전,0
2020-08,지자체,국민임대,울산,0
2020-08,지자체,국민임대,세종,0
2020-08,지자체,국민임대,강원,0
2020-08,지자체,국민임대,충북,0
2020-08,지자체,국민임대,충남,0
2020-08,지자체,국민임대,전북,0
2020-08,지자체,국민임대,전남,0
2020-08,지자체,국민임대,경북,0
2020-08,지자체,국민임대,경남,0
2020-08,지자체,국민임대,제주,0
2020-08,지자체,공공임대,전국,0
2020-08,지자체,공공임대,서울,0
2020-08,지자체,공공임대,인천,0
2020-08,지자체,공공임대,경기,0
2020-08,지자체,공공임대,부산,0
2020-08,지자체,공공임대,대구,0
2020-08,지자체,공공임대,광주,0
2020-08,지자체,공공임대,대전,0
2020-08,지자체,공공임대,울산,0
2020-08,지자체,공공임대,세종,0
2020-08,지자체,공공임대,강원,0
2020-08,지자체,공공임대,충북,0
2020-08,지자체,공공임대,충남,0
2020-08,지자체,공공임대,전북,0
2020-08,지자체,공공임대,전남,0
2020-08,지자체,공공임대,경북,0
2020-08,지자체,공공임대,경남,0
2020-08,지자체,공공임대,제주,0
2020-08,지자체,공공분양,전국,0
2020-08,지자체,공공분양,서울,0
2020-08,지자체,공공분양,인천,0
2020-08,지자체,공공분양,경기,0
2020-08,지자체,공공분양,부산,0
2020-08,지자체,공공분양,대구,0
2020-08,지자체,공공분양,광주,0
2020-08,지자체,공공분양,대전,0
2020-08,지자체,공공분양,울산,0
2020-08,지자체,공공분양,세종,0
2020-08,지자체,공공분양,강원,0
2020-08,지자체,공공분양,충북,0
2020-08,지자체,공공분양,충남,0
2020-08,지자체,공공분양,전북,0
2020-08,지자체,공공분양,전남,0
2020-08,지자체,공공분양,경북,0
2020-08,지자체,공공분양,경남,0
2020-08,지자체,공공분양,제주,0
2020-08,LH,소계,전국,2,683
2020-08,LH,소계,서울,0
2020-08,LH,소계,인천,0
2020-08,LH,소계,경기,2,092
2020-08,LH,소계,부산,0
2020-08,LH,소계,대구,0
2020-08,LH,소계,광주,0
2020-08,LH,소계,대전,0
2020-08,LH,소계,울산,0
2020-08,LH,소계,세종,0
2020-08,LH,소계,강원,0
2020-08,LH,소계,충북,591
2020-08,LH,소계,충남,0
2020-08,LH,소계,전북,0
2020-08,LH,소계,전남,0
2020-08,LH,소계,경북,0
2020-08,LH,소계,경남,0
2020-08,LH,소계,제주,0
2020-08,LH,국민임대,전국,1,883
2020-08,LH,국민임대,서울,0
2020-08,LH,국민임대,인천,0
2020-08,LH,국민임대,경기,1,292
2020-08,LH,국민임대,부산,0
2020-08,LH,국민임대,대구,0
2020-08,LH,국민임대,광주,0
2020-08,LH,국민임대,대전,0
2020-08,LH,국민임대,울산,0
2020-08,LH,국민임대,세종,0
2020-08,LH,국민임대,강원,0
2020-08,LH,국민임대,충북,591
2020-08,LH,국민임대,충남,0
2020-08,LH,국민임대,전북,0
2020-08,LH,국민임대,전남,0
2020-08,LH,국민임대,경북,0
2020-08,LH,국민임대,경남,0
2020-08,LH,국민임대,제주,0
2020-08,LH,공공임대,전국,0
2020-08,LH,공공임대,서울,0
2020-08,LH,공공임대,인천,0
2020-08,LH,공공임대,경기,0
2020-08,LH,공공임대,부산,0
2020-08,LH,공공임대,대구,0
2020-08,LH,공공임대,광주,0
2020-08,LH,공공임대,대전,0
2020-08,LH,공공임대,울산,0
2020-08,LH,공공임대,세종,0
2020-08,LH,공공임대,강원,0
2020-08,LH,공공임대,충북,0
2020-08,LH,공공임대,충남,0
2020-08,LH,공공임대,전북,0
2020-08,LH,공공임대,전남,0
2020-08,LH,공공임대,경북,0
2020-08,LH,공공임대,경남,0
2020-08,LH,공공임대,제주,0
2020-08,LH,공공분양,전국,800
2020-08,LH,공공분양,서울,0
2020-08,LH,공공분양,인천,0
2020-08,LH,공공분양,경기,800
2020-08,LH,공공분양,부산,0
2020-08,LH,공공분양,대구,0
2020-08,LH,공공분양,광주,0
2020-08,LH,공공분양,대전,0
2020-08,LH,공공분양,울산,0
2020-08,LH,공공분양,세종,0
2020-08,LH,공공분양,강원,0
2020-08,LH,공공분양,충북,0
2020-08,LH,공공분양,충남,0
2020-08,LH,공공분양,전북,0
2020-08,LH,공공분양,전남,0
2020-08,LH,공공분양,경북,0
2020-08,LH,공공분양,경남,0
2020-08,LH,공공분양,제주,0
2020-08,주택업체,소계,전국,7,091
2020-08,주택업체,소계,서울,1,406
2020-08,주택업체,소계,인천,0
2020-08,주택업체,소계,경기,1,789
2020-08,주택업체,소계,부산,0
2020-08,주택업체,소계,대구,0
2020-08,주택업체,소계,광주,0
2020-08,주택업체,소계,대전,0
2020-08,주택업체,소계,울산,0
2020-08,주택업체,소계,세종,0
2020-08,주택업체,소계,강원,0
2020-08,주택업체,소계,충북,0
2020-08,주택업체,소계,충남,0
2020-08,주택업체,소계,전북,0
2020-08,주택업체,소계,전남,1,526
2020-08,주택업체,소계,경북,0
2020-08,주택업체,소계,경남,1,979
2020-08,주택업체,소계,제주,391
2020-08,주택업체,국민임대,전국,300
2020-08,주택업체,국민임대,서울,0
2020-08,주택업체,국민임대,인천,0
2020-08,주택업체,국민임대,경기,300
2020-08,주택업체,국민임대,부산,0
2020-08,주택업체,국민임대,대구,0
2020-08,주택업체,국민임대,광주,0
2020-08,주택업체,국민임대,대전,0
2020-08,주택업체,국민임대,울산,0
2020-08,주택업체,국민임대,세종,0
2020-08,주택업체,국민임대,강원,0
2020-08,주택업체,국민임대,충북,0
2020-08,주택업체,국민임대,충남,0
2020-08,주택업체,국민임대,전북,0
2020-08,주택업체,국민임대,전남,0
2020-08,주택업체,국민임대,경북,0
2020-08,주택업체,국민임대,경남,0
2020-08,주택업체,국민임대,제주,0
2020-08,주택업체,공공임대,전국,5,552
2020-08,주택업체,공공임대,서울,167
2020-08,주택업체,공공임대,인천,0
2020-08,주택업체,공공임대,경기,1,489
2020-08,주택업체,공공임대,부산,0
2020-08,주택업체,공공임대,대구,0
2020-08,주택업체,공공임대,광주,0
2020-08,주택업체,공공임대,대전,0
2020-08,주택업체,공공임대,울산,0
2020-08,주택업체,공공임대,세종,0
2020-08,주택업체,공공임대,강원,0
2020-08,주택업체,공공임대,충북,0
2020-08,주택업체,공공임대,충남,0
2020-08,주택업체,공공임대,전북,0
2020-08,주택업체,공공임대,전남,1,526
2020-08,주택업체,공공임대,경북,0
2020-08,주택업체,공공임대,경남,1,979
2020-08,주택업체,공공임대,제주,391
2020-08,주택업체,공공분양,전국,1,239
2020-08,주택업체,공공분양,서울,1,239
2020-08,주택업체,공공분양,인천,0
2020-08,주택업체,공공분양,경기,0
2020-08,주택업체,공공분양,부산,0
2020-08,주택업체,공공분양,대구,0
2020-08,주택업체,공공분양,광주,0
2020-08,주택업체,공공분양,대전,0
2020-08,주택업체,공공분양,울산,0
2020-08,주택업체,공공분양,세종,0
2020-08,주택업체,공공분양,강원,0
2020-08,주택업체,공공분양,충북,0
2020-08,주택업체,공공분양,충남,0
2020-08,주택업체,공공분양,전북,0
2020-08,주택업체,공공분양,전남,0
2020-08,주택업체,공공분양,경북,0
2020-08,주택업체,공공분양,경남,0
2020-08,주택업체,공공분양,제주,0
2020-08,민간부문,소계,전국,26,287
2020-08,민간부문,소계,서울,6,097
2020-08,민간부문,소계,인천,295
2020-08,민간부문,소계,경기,8,067
2020-08,민간부문,소계,부산,1,293
2020-08,민간부문,소계,대구,2,030
2020-08,민간부문,소계,광주,41
2020-08,민간부문,소계,대전,1,194
2020-08,민간부문,소계,울산,902
2020-08,민간부문,소계,세종,43
2020-08,민간부문,소계,강원,305
2020-08,민간부문,소계,충북,223
2020-08,민간부문,소계,충남,1,407
2020-08,민간부문,소계,전북,1,469
2020-08,민간부문,소계,전남,1,712
2020-08,민간부문,소계,경북,328
2020-08,민간부문,소계,경남,324
2020-08,민간부문,소계,제주,557
2020-08,민간,민간임대,전국,1,374
2020-08,민간,민간임대,서울,299
2020-08,민간,민간임대,인천,0
2020-08,민간,민간임대,경기,0
2020-08,민간,민간임대,부산,0
2020-08,민간,민간임대,대구,0
2020-08,민간,민간임대,광주,0
2020-08,민간,민간임대,대전,0
2020-08,민간,민간임대,울산,0
2020-08,민간,민간임대,세종,0
2020-08,민간,민간임대,강원,0
2020-08,민간,민간임대,충북,0
2020-08,민간,민간임대,충남,1,075
2020-08,민간,민간임대,전북,0
2020-08,민간,민간임대,전남,0
2020-08,민간,민간임대,경북,0
2020-08,민간,민간임대,경남,0
2020-08,민간,민간임대,제주,0
2020-08,민간,민간분양,전국,24,913
2020-08,민간,민간분양,서울,5,798
2020-08,민간,민간분양,인천,295
2020-08,민간,민간분양,경기,8,067
2020-08,민간,민간분양,부산,1,293
2020-08,민간,민간분양,대구,2,030
2020-08,민간,민간분양,광주,41
2020-08,민간,민간분양,대전,1,194
2020-08,민간,민간분양,울산,902
2020-08,민간,민간분양,세종,43
2020-08,민간,민간분양,강원,305
2020-08,민간,민간분양,충북,223
2020-08,민간,민간분양,충남,332
2020-08,민간,민간분양,전북,1,469
2020-08,민간,민간분양,전남,1,712
2020-08,민간,민간분양,경북,328
2020-08,민간,민간분양,경남,324
2020-08,민간,민간분양,제주,557
2020-09,총계,총계,전국,37,082
2020-09,총계,총계,서울,8,077
2020-09,총계,총계,인천,569
2020-09,총계,총계,경기,7,338
2020-09,총계,총계,부산,2,509
2020-09,총계,총계,대구,171
2020-09,총계,총계,광주,2,913
2020-09,총계,총계,대전,1,610
2020-09,총계,총계,울산,80
2020-09,총계,총계,세종,4,655
2020-09,총계,총계,강원,1,368
2020-09,총계,총계,충북,2,430
2020-09,총계,총계,충남,345
2020-09,총계,총계,전북,558
2020-09,총계,총계,전남,1,560
2020-09,총계,총계,경북,1,406
2020-09,총계,총계,경남,898
2020-09,총계,총계,제주,595
2020-09,공공부문,소계,전국,5,102
2020-09,공공부문,소계,서울,0
2020-09,공공부문,소계,인천,0
2020-09,공공부문,소계,경기,2,468
2020-09,공공부문,소계,부산,100
2020-09,공공부문,소계,대구,0
2020-09,공공부문,소계,광주,0
2020-09,공공부문,소계,대전,0
2020-09,공공부문,소계,울산,0
2020-09,공공부문,소계,세종,1,538
2020-09,공공부문,소계,강원,0
2020-09,공공부문,소계,충북,90
2020-09,공공부문,소계,충남,0
2020-09,공공부문,소계,전북,0
2020-09,공공부문,소계,전남,0
2020-09,공공부문,소계,경북,0
2020-09,공공부문,소계,경남,560
2020-09,공공부문,소계,제주,346
2020-09,합,국민임대,전국,2,194
2020-09,합,국민임대,서울,0
2020-09,합,국민임대,인천,0
2020-09,합,국민임대,경기,0
2020-09,합,국민임대,부산,0
2020-09,합,국민임대,대구,0
2020-09,합,국민임대,광주,0
2020-09,합,국민임대,대전,0
2020-09,합,국민임대,울산,0
2020-09,합,국민임대,세종,1,538
2020-09,합,국민임대,강원,0
2020-09,합,국민임대,충북,0
2020-09,합,국민임대,충남,0
2020-09,합,국민임대,전북,0
2020-09,합,국민임대,전남,0
2020-09,합,국민임대,경북,0
2020-09,합,국민임대,경남,310
2020-09,합,국민임대,제주,346
2020-09,합,공공임대,전국,1,189
2020-09,합,공공임대,서울,0
2020-09,합,공공임대,인천,0
2020-09,합,공공임대,경기,749
2020-09,합,공공임대,부산,100
2020-09,합,공공임대,대구,0
2020-09,합,공공임대,광주,0
2020-09,합,공공임대,대전,0
2020-09,합,공공임대,울산,0
2020-09,합,공공임대,세종,0
2020-09,합,공공임대,강원,0
2020-09,합,공공임대,충북,90
2020-09,합,공공임대,충남,0
2020-09,합,공공임대,전북,0
2020-09,합,공공임대,전남,0
2020-09,합,공공임대,경북,0
2020-09,합,공공임대,경남,250
2020-09,합,공공임대,제주,0
2020-09,합,공공분양,전국,1,719
2020-09,합,공공분양,서울,0
2020-09,합,공공분양,인천,0
2020-09,합,공공분양,경기,1,719
2020-09,합,공공분양,부산,0
2020-09,합,공공분양,대구,0
2020-09,합,공공분양,광주,0
2020-09,합,공공분양,대전,0
2020-09,합,공공분양,울산,0
2020-09,합,공공분양,세종,0
2020-09,합,공공분양,강원,0
2020-09,합,공공분양,충북,0
2020-09,합,공공분양,충남,0
2020-09,합,공공분양,전북,0
2020-09,합,공공분양,전남,0
2020-09,합,공공분양,경북,0
2020-09,합,공공분양,경남,0
2020-09,합,공공분양,제주,0
2020-09,지자체,소계,전국,0
2020-09,지자체,소계,서울,0
2020-09,지자체,소계,인천,0
2020-09,지자체,소계,경기,0
2020-09,지자체,소계,부산,0
2020-09,지자체,소계,대구,0
2020-09,지자체,소계,광주,0
2020-09,지자체,소계,대전,0
2020-09,지자체,소계,울산,0
2020-09,지자체,소계,세종,0
2020-09,지자체,소계,강원,0
2020-09,지자체,소계,충북,0
2020-09,지자체,소계,충남,0
2020-09,지자체,소계,전북,0
2020-09,지자체,소계,전남,0
2020-09,지자체,소계,경북,0
2020-09,지자체,소계,경남,0
2020-09,지자체,소계,제주,0
2020-09,지자체,국민임대,전국,0
2020-09,지자체,국민임대,서울,0
2020-09,지자체,국민임대,인천,0
2020-09,지자체,국민임대,경기,0
2020-09,지자체,국민임대,부산,0
2020-09,지자체,국민임대,대구,0
2020-09,지자체,국민임대,광주,0
2020-09,지자체,국민임대,대전,0
2020-09,지자체,국민임대,울산,0
2020-09,지자체,국민임대,세종,0
2020-09,지자체,국민임대,강원,0
2020-09,지자체,국민임대,충북,0
2020-09,지자체,국민임대,충남,0
2020-09,지자체,국민임대,전북,0
2020-09,지자체,국민임대,전남,0
2020-09,지자체,국민임대,경북,0
2020-09,지자체,국민임대,경남,0
2020-09,지자체,국민임대,제주,0
2020-09,지자체,공공임대,전국,0
2020-09,지자체,공공임대,서울,0
2020-09,지자체,공공임대,인천,0
2020-09,지자체,공공임대,경기,0
2020-09,지자체,공공임대,부산,0
2020-09,지자체,공공임대,대구,0
2020-09,지자체,공공임대,광주,0
2020-09,지자체,공공임대,대전,0
2020-09,지자체,공공임대,울산,0
2020-09,지자체,공공임대,세종,0
2020-09,지자체,공공임대,강원,0
2020-09,지자체,공공임대,충북,0
2020-09,지자체,공공임대,충남,0
2020-09,지자체,공공임대,전북,0
2020-09,지자체,공공임대,전남,0
2020-09,지자체,공공임대,경북,0
2020-09,지자체,공공임대,경남,0
2020-09,지자체,공공임대,제주,0
2020-09,지자체,공공분양,전국,0
2020-09,지자체,공공분양,서울,0
2020-09,지자체,공공분양,인천,0
2020-09,지자체,공공분양,경기,0
2020-09,지자체,공공분양,부산,0
2020-09,지자체,공공분양,대구,0
2020-09,지자체,공공분양,광주,0
2020-09,지자체,공공분양,대전,0
2020-09,지자체,공공분양,울산,0
2020-09,지자체,공공분양,세종,0
2020-09,지자체,공공분양,강원,0
2020-09,지자체,공공분양,충북,0
2020-09,지자체,공공분양,충남,0
2020-09,지자체,공공분양,전북,0
2020-09,지자체,공공분양,전남,0
2020-09,지자체,공공분양,경북,0
2020-09,지자체,공공분양,경남,0
2020-09,지자체,공공분양,제주,0
2020-09,LH,소계,전국,4,353
2020-09,LH,소계,서울,0
2020-09,LH,소계,인천,0
2020-09,LH,소계,경기,1,719
2020-09,LH,소계,부산,100
2020-09,LH,소계,대구,0
2020-09,LH,소계,광주,0
2020-09,LH,소계,대전,0
2020-09,LH,소계,울산,0
2020-09,LH,소계,세종,1,538
2020-09,LH,소계,강원,0
2020-09,LH,소계,충북,90
2020-09,LH,소계,충남,0
2020-09,LH,소계,전북,0
2020-09,LH,소계,전남,0
2020-09,LH,소계,경북,0
2020-09,LH,소계,경남,560
2020-09,LH,소계,제주,346
2020-09,LH,국민임대,전국,2,194
2020-09,LH,국민임대,서울,0
2020-09,LH,국민임대,인천,0
2020-09,LH,국민임대,경기,0
2020-09,LH,국민임대,부산,0
2020-09,LH,국민임대,대구,0
2020-09,LH,국민임대,광주,0
2020-09,LH,국민임대,대전,0
2020-09,LH,국민임대,울산,0
2020-09,LH,국민임대,세종,1,538
2020-09,LH,국민임대,강원,0
2020-09,LH,국민임대,충북,0
2020-09,LH,국민임대,충남,0
2020-09,LH,국민임대,전북,0
2020-09,LH,국민임대,전남,0
2020-09,LH,국민임대,경북,0
2020-09,LH,국민임대,경남,310
2020-09,LH,국민임대,제주,346
2020-09,LH,공공임대,전국,440
2020-09,LH,공공임대,서울,0
2020-09,LH,공공임대,인천,0
2020-09,LH,공공임대,경기,0
2020-09,LH,공공임대,부산,100
2020-09,LH,공공임대,대구,0
2020-09,LH,공공임대,광주,0
2020-09,LH,공공임대,대전,0
2020-09,LH,공공임대,울산,0
2020-09,LH,공공임대,세종,0
2020-09,LH,공공임대,강원,0
2020-09,LH,공공임대,충북,90
2020-09,LH,공공임대,충남,0
2020-09,LH,공공임대,전북,0
2020-09,LH,공공임대,전남,0
2020-09,LH,공공임대,경북,0
2020-09,LH,공공임대,경남,250
2020-09,LH,공공임대,제주,0
2020-09,LH,공공분양,전국,1,719
2020-09,LH,공공분양,서울,0
2020-09,LH,공공분양,인천,0
2020-09,LH,공공분양,경기,1,719
2020-09,LH,공공분양,부산,0
2020-09,LH,공공분양,대구,0
2020-09,LH,공공분양,광주,0
2020-09,LH,공공분양,대전,0
2020-09,LH,공공분양,울산,0
2020-09,LH,공공분양,세종,0
2020-09,LH,공공분양,강원,0
2020-09,LH,공공분양,충북,0
2020-09,LH,공공분양,충남,0
2020-09,LH,공공분양,전북,0
2020-09,LH,공공분양,전남,0
2020-09,LH,공공분양,경북,0
2020-09,LH,공공분양,경남,0
2020-09,LH,공공분양,제주,0
2020-09,주택업체,소계,전국,749
2020-09,주택업체,소계,서울,0
2020-09,주택업체,소계,인천,0
2020-09,주택업체,소계,경기,749
2020-09,주택업체,소계,부산,0
2020-09,주택업체,소계,대구,0
2020-09,주택업체,소계,광주,0
2020-09,주택업체,소계,대전,0
2020-09,주택업체,소계,울산,0
2020-09,주택업체,소계,세종,0
2020-09,주택업체,소계,강원,0
2020-09,주택업체,소계,충북,0
2020-09,주택업체,소계,충남,0
2020-09,주택업체,소계,전북,0
2020-09,주택업체,소계,전남,0
2020-09,주택업체,소계,경북,0
2020-09,주택업체,소계,경남,0
2020-09,주택업체,소계,제주,0
2020-09,주택업체,국민임대,전국,0
2020-09,주택업체,국민임대,서울,0
2020-09,주택업체,국민임대,인천,0
2020-09,주택업체,국민임대,경기,0
2020-09,주택업체,국민임대,부산,0
2020-09,주택업체,국민임대,대구,0
2020-09,주택업체,국민임대,광주,0
2020-09,주택업체,국민임대,대전,0
2020-09,주택업체,국민임대,울산,0
2020-09,주택업체,국민임대,세종,0
2020-09,주택업체,국민임대,강원,0
2020-09,주택업체,국민임대,충북,0
2020-09,주택업체,국민임대,충남,0
2020-09,주택업체,국민임대,전북,0
2020-09,주택업체,국민임대,전남,0
2020-09,주택업체,국민임대,경북,0
2020-09,주택업체,국민임대,경남,0
2020-09,주택업체,국민임대,제주,0
2020-09,주택업체,공공임대,전국,749
2020-09,주택업체,공공임대,서울,0
2020-09,주택업체,공공임대,인천,0
2020-09,주택업체,공공임대,경기,749
2020-09,주택업체,공공임대,부산,0
2020-09,주택업체,공공임대,대구,0
2020-09,주택업체,공공임대,광주,0
2020-09,주택업체,공공임대,대전,0
2020-09,주택업체,공공임대,울산,0
2020-09,주택업체,공공임대,세종,0
2020-09,주택업체,공공임대,강원,0
2020-09,주택업체,공공임대,충북,0
2020-09,주택업체,공공임대,충남,0
2020-09,주택업체,공공임대,전북,0
2020-09,주택업체,공공임대,전남,0
2020-09,주택업체,공공임대,경북,0
2020-09,주택업체,공공임대,경남,0
2020-09,주택업체,공공임대,제주,0
2020-09,주택업체,공공분양,전국,0
2020-09,주택업체,공공분양,서울,0
2020-09,주택업체,공공분양,인천,0
2020-09,주택업체,공공분양,경기,0
2020-09,주택업체,공공분양,부산,0
2020-09,주택업체,공공분양,대구,0
2020-09,주택업체,공공분양,광주,0
2020-09,주택업체,공공분양,대전,0
2020-09,주택업체,공공분양,울산,0
2020-09,주택업체,공공분양,세종,0
2020-09,주택업체,공공분양,강원,0
2020-09,주택업체,공공분양,충북,0
2020-09,주택업체,공공분양,충남,0
2020-09,주택업체,공공분양,전북,0
2020-09,주택업체,공공분양,전남,0
2020-09,주택업체,공공분양,경북,0
2020-09,주택업체,공공분양,경남,0
2020-09,주택업체,공공분양,제주,0
2020-09,민간부문,소계,전국,31,980
2020-09,민간부문,소계,서울,8,077
2020-09,민간부문,소계,인천,569
2020-09,민간부문,소계,경기,4,870
2020-09,민간부문,소계,부산,2,409
2020-09,민간부문,소계,대구,171
2020-09,민간부문,소계,광주,2,913
2020-09,민간부문,소계,대전,1,610
2020-09,민간부문,소계,울산,80
2020-09,민간부문,소계,세종,3,117
2020-09,민간부문,소계,강원,1,368
2020-09,민간부문,소계,충북,2,340
2020-09,민간부문,소계,충남,345
2020-09,민간부문,소계,전북,558
2020-09,민간부문,소계,전남,1,560
2020-09,민간부문,소계,경북,1,406
2020-09,민간부문,소계,경남,338
2020-09,민간부문,소계,제주,249
2020-09,민간,민간임대,전국,1,543
2020-09,민간,민간임대,서울,153
2020-09,민간,민간임대,인천,0
2020-09,민간,민간임대,경기,0
2020-09,민간,민간임대,부산,0
2020-09,민간,민간임대,대구,0
2020-09,민간,민간임대,광주,280
2020-09,민간,민간임대,대전,0
2020-09,민간,민간임대,울산,0
2020-09,민간,민간임대,세종,1,110
2020-09,민간,민간임대,강원,0
2020-09,민간,민간임대,충북,0
2020-09,민간,민간임대,충남,0
2020-09,민간,민간임대,전북,0
2020-09,민간,민간임대,전남,0
2020-09,민간,민간임대,경북,0
2020-09,민간,민간임대,경남,0
2020-09,민간,민간임대,제주,0
2020-09,민간,민간분양,전국,30,437
2020-09,민간,민간분양,서울,7,924
2020-09,민간,민간분양,인천,569
2020-09,민간,민간분양,경기,4,870
2020-09,민간,민간분양,부산,2,409
2020-09,민간,민간분양,대구,171
2020-09,민간,민간분양,광주,2,633
2020-09,민간,민간분양,대전,1,610
2020-09,민간,민간분양,울산,80
2020-09,민간,민간분양,세종,2,007
2020-09,민간,민간분양,강원,1,368
2020-09,민간,민간분양,충북,2,340
2020-09,민간,민간분양,충남,345
2020-09,민간,민간분양,전북,558
2020-09,민간,민간분양,전남,1,560
2020-09,민간,민간분양,경북,1,406
2020-09,민간,민간분양,경남,338
2020-09,민간,민간분양,제주,249
2020-10,총계,총계,전국,27,918
2020-10,총계,총계,서울,3,158
2020-10,총계,총계,인천,1,093
2020-10,총계,총계,경기,11,521
2020-10,총계,총계,부산,2,322
2020-10,총계,총계,대구,2,750
2020-10,총계,총계,광주,366
2020-10,총계,총계,대전,404
2020-10,총계,총계,울산,66
2020-10,총계,총계,세종,694
2020-10,총계,총계,강원,297
2020-10,총계,총계,충북,253
2020-10,총계,총계,충남,1,364
2020-10,총계,총계,전북,190
2020-10,총계,총계,전남,1,048
2020-10,총계,총계,경북,1,186
2020-10,총계,총계,경남,1,041
2020-10,총계,총계,제주,165
2020-10,공공부문,소계,전국,7,669
2020-10,공공부문,소계,서울,685
2020-10,공공부문,소계,인천,341
2020-10,공공부문,소계,경기,2,113
2020-10,공공부문,소계,부산,1,862
2020-10,공공부문,소계,대구,709
2020-10,공공부문,소계,광주,313
2020-10,공공부문,소계,대전,296
2020-10,공공부문,소계,울산,0
2020-10,공공부문,소계,세종,0
2020-10,공공부문,소계,강원,0
2020-10,공공부문,소계,충북,0
2020-10,공공부문,소계,충남,628
2020-10,공공부문,소계,전북,0
2020-10,공공부문,소계,전남,722
2020-10,공공부문,소계,경북,0
2020-10,공공부문,소계,경남,0
2020-10,공공부문,소계,제주,0
2020-10,합,국민임대,전국,0
2020-10,합,국민임대,서울,0
2020-10,합,국민임대,인천,0
2020-10,합,국민임대,경기,0
2020-10,합,국민임대,부산,0
2020-10,합,국민임대,대구,0
2020-10,합,국민임대,광주,0
2020-10,합,국민임대,대전,0
2020-10,합,국민임대,울산,0
2020-10,합,국민임대,세종,0
2020-10,합,국민임대,강원,0
2020-10,합,국민임대,충북,0
2020-10,합,국민임대,충남,0
2020-10,합,국민임대,전북,0
2020-10,합,국민임대,전남,0
2020-10,합,국민임대,경북,0
2020-10,합,국민임대,경남,0
2020-10,합,국민임대,제주,0
2020-10,합,공공임대,전국,7,055
2020-10,합,공공임대,서울,685
2020-10,합,공공임대,인천,341
2020-10,합,공공임대,경기,1,499
2020-10,합,공공임대,부산,1,862
2020-10,합,공공임대,대구,709
2020-10,합,공공임대,광주,313
2020-10,합,공공임대,대전,296
2020-10,합,공공임대,울산,0
2020-10,합,공공임대,세종,0
2020-10,합,공공임대,강원,0
2020-10,합,공공임대,충북,0
2020-10,합,공공임대,충남,628
2020-10,합,공공임대,전북,0
2020-10,합,공공임대,전남,722
2020-10,합,공공임대,경북,0
2020-10,합,공공임대,경남,0
2020-10,합,공공임대,제주,0
2020-10,합,공공분양,전국,614
2020-10,합,공공분양,서울,0
2020-10,합,공공분양,인천,0
2020-10,합,공공분양,경기,614
2020-10,합,공공분양,부산,0
2020-10,합,공공분양,대구,0
2020-10,합,공공분양,광주,0
2020-10,합,공공분양,대전,0
2020-10,합,공공분양,울산,0
2020-10,합,공공분양,세종,0
2020-10,합,공공분양,강원,0
2020-10,합,공공분양,충북,0
2020-10,합,공공분양,충남,0
2020-10,합,공공분양,전북,0
2020-10,합,공공분양,전남,0
2020-10,합,공공분양,경북,0
2020-10,합,공공분양,경남,0
2020-10,합,공공분양,제주,0
2020-10,지자체,소계,전국,0
2020-10,지자체,소계,서울,0
2020-10,지자체,소계,인천,0
2020-10,지자체,소계,경기,0
2020-10,지자체,소계,부산,0
2020-10,지자체,소계,대구,0
2020-10,지자체,소계,광주,0
2020-10,지자체,소계,대전,0
2020-10,지자체,소계,울산,0
2020-10,지자체,소계,세종,0
2020-10,지자체,소계,강원,0
2020-10,지자체,소계,충북,0
2020-10,지자체,소계,충남,0
2020-10,지자체,소계,전북,0
2020-10,지자체,소계,전남,0
2020-10,지자체,소계,경북,0
2020-10,지자체,소계,경남,0
2020-10,지자체,소계,제주,0
2020-10,지자체,국민임대,전국,0
2020-10,지자체,국민임대,서울,0
2020-10,지자체,국민임대,인천,0
2020-10,지자체,국민임대,경기,0
2020-10,지자체,국민임대,부산,0
2020-10,지자체,국민임대,대구,0
2020-10,지자체,국민임대,광주,0
2020-10,지자체,국민임대,대전,0
2020-10,지자체,국민임대,울산,0
2020-10,지자체,국민임대,세종,0
2020-10,지자체,국민임대,강원,0
2020-10,지자체,국민임대,충북,0
2020-10,지자체,국민임대,충남,0
2020-10,지자체,국민임대,전북,0
2020-10,지자체,국민임대,전남,0
2020-10,지자체,국민임대,경북,0
2020-10,지자체,국민임대,경남,0
2020-10,지자체,국민임대,제주,0
2020-10,지자체,공공임대,전국,0
2020-10,지자체,공공임대,서울,0
2020-10,지자체,공공임대,인천,0
2020-10,지자체,공공임대,경기,0
2020-10,지자체,공공임대,부산,0
2020-10,지자체,공공임대,대구,0
2020-10,지자체,공공임대,광주,0
2020-10,지자체,공공임대,대전,0
2020-10,지자체,공공임대,울산,0
2020-10,지자체,공공임대,세종,0
2020-10,지자체,공공임대,강원,0
2020-10,지자체,공공임대,충북,0
2020-10,지자체,공공임대,충남,0
2020-10,지자체,공공임대,전북,0
2020-10,지자체,공공임대,전남,0
2020-10,지자체,공공임대,경북,0
2020-10,지자체,공공임대,경남,0
2020-10,지자체,공공임대,제주,0
2020-10,지자체,공공분양,전국,0
2020-10,지자체,공공분양,서울,0
2020-10,지자체,공공분양,인천,0
2020-10,지자체,공공분양,경기,0
2020-10,지자체,공공분양,부산,0
2020-10,지자체,공공분양,대구,0
2020-10,지자체,공공분양,광주,0
2020-10,지자체,공공분양,대전,0
2020-10,지자체,공공분양,울산,0
2020-10,지자체,공공분양,세종,0
2020-10,지자체,공공분양,강원,0
2020-10,지자체,공공분양,충북,0
2020-10,지자체,공공분양,충남,0
2020-10,지자체,공공분양,전북,0
2020-10,지자체,공공분양,전남,0
2020-10,지자체,공공분양,경북,0
2020-10,지자체,공공분양,경남,0
2020-10,지자체,공공분양,제주,0
2020-10,LH,소계,전국,1,368
2020-10,LH,소계,서울,0
2020-10,LH,소계,인천,0
2020-10,LH,소계,경기,818
2020-10,LH,소계,부산,0
2020-10,LH,소계,대구,0
2020-10,LH,소계,광주,0
2020-10,LH,소계,대전,296
2020-10,LH,소계,울산,0
2020-10,LH,소계,세종,0
2020-10,LH,소계,강원,0
2020-10,LH,소계,충북,0
2020-10,LH,소계,충남,254
2020-10,LH,소계,전북,0
2020-10,LH,소계,전남,0
2020-10,LH,소계,경북,0
2020-10,LH,소계,경남,0
2020-10,LH,소계,제주,0
2020-10,LH,국민임대,전국,0
2020-10,LH,국민임대,서울,0
2020-10,LH,국민임대,인천,0
2020-10,LH,국민임대,경기,0
2020-10,LH,국민임대,부산,0
2020-10,LH,국민임대,대구,0
2020-10,LH,국민임대,광주,0
2020-10,LH,국민임대,대전,0
2020-10,LH,국민임대,울산,0
2020-10,LH,국민임대,세종,0
2020-10,LH,국민임대,강원,0
2020-10,LH,국민임대,충북,0
2020-10,LH,국민임대,충남,0
2020-10,LH,국민임대,전북,0
2020-10,LH,국민임대,전남,0
2020-10,LH,국민임대,경북,0
2020-10,LH,국민임대,경남,0
2020-10,LH,국민임대,제주,0
2020-10,LH,공공임대,전국,754
2020-10,LH,공공임대,서울,0
2020-10,LH,공공임대,인천,0
2020-10,LH,공공임대,경기,204
2020-10,LH,공공임대,부산,0
2020-10,LH,공공임대,대구,0
2020-10,LH,공공임대,광주,0
2020-10,LH,공공임대,대전,296
2020-10,LH,공공임대,울산,0
2020-10,LH,공공임대,세종,0
2020-10,LH,공공임대,강원,0
2020-10,LH,공공임대,충북,0
2020-10,LH,공공임대,충남,254
2020-10,LH,공공임대,전북,0
2020-10,LH,공공임대,전남,0
2020-10,LH,공공임대,경북,0
2020-10,LH,공공임대,경남,0
2020-10,LH,공공임대,제주,0
2020-10,LH,공공분양,전국,614
2020-10,LH,공공분양,서울,0
2020-10,LH,공공분양,인천,0
2020-10,LH,공공분양,경기,614
2020-10,LH,공공분양,부산,0
2020-10,LH,공공분양,대구,0
2020-10,LH,공공분양,광주,0
2020-10,LH,공공분양,대전,0
2020-10,LH,공공분양,울산,0
2020-10,LH,공공분양,세종,0
2020-10,LH,공공분양,강원,0
2020-10,LH,공공분양,충북,0
2020-10,LH,공공분양,충남,0
2020-10,LH,공공분양,전북,0
2020-10,LH,공공분양,전남,0
2020-10,LH,공공분양,경북,0
2020-10,LH,공공분양,경남,0
2020-10,LH,공공분양,제주,0
2020-10,주택업체,소계,전국,6,301
2020-10,주택업체,소계,서울,685
2020-10,주택업체,소계,인천,341
2020-10,주택업체,소계,경기,1,295
2020-10,주택업체,소계,부산,1,862
2020-10,주택업체,소계,대구,709
2020-10,주택업체,소계,광주,313
2020-10,주택업체,소계,대전,0
2020-10,주택업체,소계,울산,0
2020-10,주택업체,소계,세종,0
2020-10,주택업체,소계,강원,0
2020-10,주택업체,소계,충북,0
2020-10,주택업체,소계,충남,374
2020-10,주택업체,소계,전북,0
2020-10,주택업체,소계,전남,722
2020-10,주택업체,소계,경북,0
2020-10,주택업체,소계,경남,0
2020-10,주택업체,소계,제주,0
2020-10,주택업체,국민임대,전국,0
2020-10,주택업체,국민임대,서울,0
2020-10,주택업체,국민임대,인천,0
2020-10,주택업체,국민임대,경기,0
2020-10,주택업체,국민임대,부산,0
2020-10,주택업체,국민임대,대구,0
2020-10,주택업체,국민임대,광주,0
2020-10,주택업체,국민임대,대전,0
2020-10,주택업체,국민임대,울산,0
2020-10,주택업체,국민임대,세종,0
2020-10,주택업체,국민임대,강원,0
2020-10,주택업체,국민임대,충북,0
2020-10,주택업체,국민임대,충남,0
2020-10,주택업체,국민임대,전북,0
2020-10,주택업체,국민임대,전남,0
2020-10,주택업체,국민임대,경북,0
2020-10,주택업체,국민임대,경남,0
2020-10,주택업체,국민임대,제주,0
2020-10,주택업체,공공임대,전국,6,301
2020-10,주택업체,공공임대,서울,685
2020-10,주택업체,공공임대,인천,341
2020-10,주택업체,공공임대,경기,1,295
2020-10,주택업체,공공임대,부산,1,862
2020-10,주택업체,공공임대,대구,709
2020-10,주택업체,공공임대,광주,313
2020-10,주택업체,공공임대,대전,0
2020-10,주택업체,공공임대,울산,0
2020-10,주택업체,공공임대,세종,0
2020-10,주택업체,공공임대,강원,0
2020-10,주택업체,공공임대,충북,0
2020-10,주택업체,공공임대,충남,374
2020-10,주택업체,공공임대,전북,0
2020-10,주택업체,공공임대,전남,722
2020-10,주택업체,공공임대,경북,0
2020-10,주택업체,공공임대,경남,0
2020-10,주택업체,공공임대,제주,0
2020-10,주택업체,공공분양,전국,0
2020-10,주택업체,공공분양,서울,0
2020-10,주택업체,공공분양,인천,0
2020-10,주택업체,공공분양,경기,0
2020-10,주택업체,공공분양,부산,0
2020-10,주택업체,공공분양,대구,0
2020-10,주택업체,공공분양,광주,0
2020-10,주택업체,공공분양,대전,0
2020-10,주택업체,공공분양,울산,0
2020-10,주택업체,공공분양,세종,0
2020-10,주택업체,공공분양,강원,0
2020-10,주택업체,공공분양,충북,0
2020-10,주택업체,공공분양,충남,0
2020-10,주택업체,공공분양,전북,0
2020-10,주택업체,공공분양,전남,0
2020-10,주택업체,공공분양,경북,0
2020-10,주택업체,공공분양,경남,0
2020-10,주택업체,공공분양,제주,0
2020-10,민간부문,소계,전국,20,249
2020-10,민간부문,소계,서울,2,473
2020-10,민간부문,소계,인천,752
2020-10,민간부문,소계,경기,9,408
2020-10,민간부문,소계,부산,460
2020-10,민간부문,소계,대구,2,041
2020-10,민간부문,소계,광주,53
2020-10,민간부문,소계,대전,108
2020-10,민간부문,소계,울산,66
2020-10,민간부문,소계,세종,694
2020-10,민간부문,소계,강원,297
2020-10,민간부문,소계,충북,253
2020-10,민간부문,소계,충남,736
2020-10,민간부문,소계,전북,190
2020-10,민간부문,소계,전남,326
2020-10,민간부문,소계,경북,1,186
2020-10,민간부문,소계,경남,1,041
2020-10,민간부문,소계,제주,165
2020-10,민간,민간임대,전국,1,008
2020-10,민간,민간임대,서울,249
2020-10,민간,민간임대,인천,0
2020-10,민간,민간임대,경기,660
2020-10,민간,민간임대,부산,99
2020-10,민간,민간임대,대구,0
2020-10,민간,민간임대,광주,0
2020-10,민간,민간임대,대전,0
2020-10,민간,민간임대,울산,0
2020-10,민간,민간임대,세종,0
2020-10,민간,민간임대,강원,0
2020-10,민간,민간임대,충북,0
2020-10,민간,민간임대,충남,0
2020-10,민간,민간임대,전북,0
2020-10,민간,민간임대,전남,0
2020-10,민간,민간임대,경북,0
2020-10,민간,민간임대,경남,0
2020-10,민간,민간임대,제주,0
2020-10,민간,민간분양,전국,19,241
2020-10,민간,민간분양,서울,2,224
2020-10,민간,민간분양,인천,752
2020-10,민간,민간분양,경기,8,748
2020-10,민간,민간분양,부산,361
2020-10,민간,민간분양,대구,2,041
2020-10,민간,민간분양,광주,53
2020-10,민간,민간분양,대전,108
2020-10,민간,민간분양,울산,66
2020-10,민간,민간분양,세종,694
2020-10,민간,민간분양,강원,297
2020-10,민간,민간분양,충북,253
2020-10,민간,민간분양,충남,736
2020-10,민간,민간분양,전북,190
2020-10,민간,민간분양,전남,326
2020-10,민간,민간분양,경북,1,186
2020-10,민간,민간분양,경남,1,041
2020-10,민간,민간분양,제주,165
2020-11,총계,총계,전국,39,316
2020-11,총계,총계,서울,4,848
2020-11,총계,총계,인천,3,722
2020-11,총계,총계,경기,11,571
2020-11,총계,총계,부산,358
2020-11,총계,총계,대구,1,053
2020-11,총계,총계,광주,584
2020-11,총계,총계,대전,2,366
2020-11,총계,총계,울산,1,036
2020-11,총계,총계,세종,62
2020-11,총계,총계,강원,1,195
2020-11,총계,총계,충북,4,391
2020-11,총계,총계,충남,1,535
2020-11,총계,총계,전북,277
2020-11,총계,총계,전남,1,411
2020-11,총계,총계,경북,2,915
2020-11,총계,총계,경남,1,758
2020-11,총계,총계,제주,234
2020-11,공공부문,소계,전국,11,104
2020-11,공공부문,소계,서울,216
2020-11,공공부문,소계,인천,260
2020-11,공공부문,소계,경기,4,137
2020-11,공공부문,소계,부산,0
2020-11,공공부문,소계,대구,0
2020-11,공공부문,소계,광주,197
2020-11,공공부문,소계,대전,0
2020-11,공공부문,소계,울산,946
2020-11,공공부문,소계,세종,0
2020-11,공공부문,소계,강원,619
2020-11,공공부문,소계,충북,1,527
2020-11,공공부문,소계,충남,992
2020-11,공공부문,소계,전북,0
2020-11,공공부문,소계,전남,552
2020-11,공공부문,소계,경북,200
2020-11,공공부문,소계,경남,1,458
2020-11,공공부문,소계,제주,0
2020-11,합,국민임대,전국,946
2020-11,합,국민임대,서울,0
2020-11,합,국민임대,인천,0
2020-11,합,국민임대,경기,0
2020-11,합,국민임대,부산,0
2020-11,합,국민임대,대구,0
2020-11,합,국민임대,광주,0
2020-11,합,국민임대,대전,0
2020-11,합,국민임대,울산,946
2020-11,합,국민임대,세종,0
2020-11,합,국민임대,강원,0
2020-11,합,국민임대,충북,0
2020-11,합,국민임대,충남,0
2020-11,합,국민임대,전북,0
2020-11,합,국민임대,전남,0
2020-11,합,국민임대,경북,0
2020-11,합,국민임대,경남,0
2020-11,합,국민임대,제주,0
2020-11,합,공공임대,전국,9,116
2020-11,합,공공임대,서울,216
2020-11,합,공공임대,인천,260
2020-11,합,공공임대,경기,4,137
2020-11,합,공공임대,부산,0
2020-11,합,공공임대,대구,0
2020-11,합,공공임대,광주,197
2020-11,합,공공임대,대전,0
2020-11,합,공공임대,울산,0
2020-11,합,공공임대,세종,0
2020-11,합,공공임대,강원,619
2020-11,합,공공임대,충북,1,527
2020-11,합,공공임대,충남,992
2020-11,합,공공임대,전북,0
2020-11,합,공공임대,전남,552
2020-11,합,공공임대,경북,200
2020-11,합,공공임대,경남,416
2020-11,합,공공임대,제주,0
2020-11,합,공공분양,전국,1,042
2020-11,합,공공분양,서울,0
2020-11,합,공공분양,인천,0
2020-11,합,공공분양,경기,0
2020-11,합,공공분양,부산,0
2020-11,합,공공분양,대구,0
2020-11,합,공공분양,광주,0
2020-11,합,공공분양,대전,0
2020-11,합,공공분양,울산,0
2020-11,합,공공분양,세종,0
2020-11,합,공공분양,강원,0
2020-11,합,공공분양,충북,0
2020-11,합,공공분양,충남,0
2020-11,합,공공분양,전북,0
2020-11,합,공공분양,전남,0
2020-11,합,공공분양,경북,0
2020-11,합,공공분양,경남,1,042
2020-11,합,공공분양,제주,0
2020-11,지자체,소계,전국,0
2020-11,지자체,소계,서울,0
2020-11,지자체,소계,인천,0
2020-11,지자체,소계,경기,0
2020-11,지자체,소계,부산,0
2020-11,지자체,소계,대구,0
2020-11,지자체,소계,광주,0
2020-11,지자체,소계,대전,0
2020-11,지자체,소계,울산,0
2020-11,지자체,소계,세종,0
2020-11,지자체,소계,강원,0
2020-11,지자체,소계,충북,0
2020-11,지자체,소계,충남,0
2020-11,지자체,소계,전북,0
2020-11,지자체,소계,전남,0
2020-11,지자체,소계,경북,0
2020-11,지자체,소계,경남,0
2020-11,지자체,소계,제주,0
2020-11,지자체,국민임대,전국,0
2020-11,지자체,국민임대,서울,0
2020-11,지자체,국민임대,인천,0
2020-11,지자체,국민임대,경기,0
2020-11,지자체,국민임대,부산,0
2020-11,지자체,국민임대,대구,0
2020-11,지자체,국민임대,광주,0
2020-11,지자체,국민임대,대전,0
2020-11,지자체,국민임대,울산,0
2020-11,지자체,국민임대,세종,0
2020-11,지자체,국민임대,강원,0
2020-11,지자체,국민임대,충북,0
2020-11,지자체,국민임대,충남,0
2020-11,지자체,국민임대,전북,0
2020-11,지자체,국민임대,전남,0
2020-11,지자체,국민임대,경북,0
2020-11,지자체,국민임대,경남,0
2020-11,지자체,국민임대,제주,0
2020-11,지자체,공공임대,전국,0
2020-11,지자체,공공임대,서울,0
2020-11,지자체,공공임대,인천,0
2020-11,지자체,공공임대,경기,0
2020-11,지자체,공공임대,부산,0
2020-11,지자체,공공임대,대구,0
2020-11,지자체,공공임대,광주,0
2020-11,지자체,공공임대,대전,0
2020-11,지자체,공공임대,울산,0
2020-11,지자체,공공임대,세종,0
2020-11,지자체,공공임대,강원,0
2020-11,지자체,공공임대,충북,0
2020-11,지자체,공공임대,충남,0
2020-11,지자체,공공임대,전북,0
2020-11,지자체,공공임대,전남,0
2020-11,지자체,공공임대,경북,0
2020-11,지자체,공공임대,경남,0
2020-11,지자체,공공임대,제주,0
2020-11,지자체,공공분양,전국,0
2020-11,지자체,공공분양,서울,0
2020-11,지자체,공공분양,인천,0
2020-11,지자체,공공분양,경기,0
2020-11,지자체,공공분양,부산,0
2020-11,지자체,공공분양,대구,0
2020-11,지자체,공공분양,광주,0
2020-11,지자체,공공분양,대전,0
2020-11,지자체,공공분양,울산,0
2020-11,지자체,공공분양,세종,0
2020-11,지자체,공공분양,강원,0
2020-11,지자체,공공분양,충북,0
2020-11,지자체,공공분양,충남,0
2020-11,지자체,공공분양,전북,0
2020-11,지자체,공공분양,전남,0
2020-11,지자체,공공분양,경북,0
2020-11,지자체,공공분양,경남,0
2020-11,지자체,공공분양,제주,0
2020-11,LH,소계,전국,6,536
2020-11,LH,소계,서울,0
2020-11,LH,소계,인천,260
2020-11,LH,소계,경기,2,937
2020-11,LH,소계,부산,0
2020-11,LH,소계,대구,0
2020-11,LH,소계,광주,0
2020-11,LH,소계,대전,0
2020-11,LH,소계,울산,946
2020-11,LH,소계,세종,0
2020-11,LH,소계,강원,120
2020-11,LH,소계,충북,1,527
2020-11,LH,소계,충남,0
2020-11,LH,소계,전북,0
2020-11,LH,소계,전남,230
2020-11,LH,소계,경북,200
2020-11,LH,소계,경남,316
2020-11,LH,소계,제주,0
2020-11,LH,국민임대,전국,946
2020-11,LH,국민임대,서울,0
2020-11,LH,국민임대,인천,0
2020-11,LH,국민임대,경기,0
2020-11,LH,국민임대,부산,0
2020-11,LH,국민임대,대구,0
2020-11,LH,국민임대,광주,0
2020-11,LH,국민임대,대전,0
2020-11,LH,국민임대,울산,946
2020-11,LH,국민임대,세종,0
2020-11,LH,국민임대,강원,0
2020-11,LH,국민임대,충북,0
2020-11,LH,국민임대,충남,0
2020-11,LH,국민임대,전북,0
2020-11,LH,국민임대,전남,0
2020-11,LH,국민임대,경북,0
2020-11,LH,국민임대,경남,0
2020-11,LH,국민임대,제주,0
2020-11,LH,공공임대,전국,5,590
2020-11,LH,공공임대,서울,0
2020-11,LH,공공임대,인천,260
2020-11,LH,공공임대,경기,2,937
2020-11,LH,공공임대,부산,0
2020-11,LH,공공임대,대구,0
2020-11,LH,공공임대,광주,0
2020-11,LH,공공임대,대전,0
2020-11,LH,공공임대,울산,0
2020-11,LH,공공임대,세종,0
2020-11,LH,공공임대,강원,120
2020-11,LH,공공임대,충북,1,527
2020-11,LH,공공임대,충남,0
2020-11,LH,공공임대,전북,0
2020-11,LH,공공임대,전남,230
2020-11,LH,공공임대,경북,200
2020-11,LH,공공임대,경남,316
2020-11,LH,공공임대,제주,0
2020-11,LH,공공분양,전국,0
2020-11,LH,공공분양,서울,0
2020-11,LH,공공분양,인천,0
2020-11,LH,공공분양,경기,0
2020-11,LH,공공분양,부산,0
2020-11,LH,공공분양,대구,0
2020-11,LH,공공분양,광주,0
2020-11,LH,공공분양,대전,0
2020-11,LH,공공분양,울산,0
2020-11,LH,공공분양,세종,0
2020-11,LH,공공분양,강원,0
2020-11,LH,공공분양,충북,0
2020-11,LH,공공분양,충남,0
2020-11,LH,공공분양,전북,0
2020-11,LH,공공분양,전남,0
2020-11,LH,공공분양,경북,0
2020-11,LH,공공분양,경남,0
2020-11,LH,공공분양,제주,0
2020-11,주택업체,소계,전국,4,568
2020-11,주택업체,소계,서울,216
2020-11,주택업체,소계,인천,0
2020-11,주택업체,소계,경기,1,200
2020-11,주택업체,소계,부산,0
2020-11,주택업체,소계,대구,0
2020-11,주택업체,소계,광주,197
2020-11,주택업체,소계,대전,0
2020-11,주택업체,소계,울산,0
2020-11,주택업체,소계,세종,0
2020-11,주택업체,소계,강원,499
2020-11,주택업체,소계,충북,0
2020-11,주택업체,소계,충남,992
2020-11,주택업체,소계,전북,0
2020-11,주택업체,소계,전남,322
2020-11,주택업체,소계,경북,0
2020-11,주택업체,소계,경남,1,142
2020-11,주택업체,소계,제주,0
2020-11,주택업체,국민임대,전국,0
2020-11,주택업체,국민임대,서울,0
2020-11,주택업체,국민임대,인천,0
2020-11,주택업체,국민임대,경기,0
2020-11,주택업체,국민임대,부산,0
2020-11,주택업체,국민임대,대구,0
2020-11,주택업체,국민임대,광주,0
2020-11,주택업체,국민임대,대전,0
2020-11,주택업체,국민임대,울산,0
2020-11,주택업체,국민임대,세종,0
2020-11,주택업체,국민임대,강원,0
2020-11,주택업체,국민임대,충북,0
2020-11,주택업체,국민임대,충남,0
2020-11,주택업체,국민임대,전북,0
2020-11,주택업체,국민임대,전남,0
2020-11,주택업체,국민임대,경북,0
2020-11,주택업체,국민임대,경남,0
2020-11,주택업체,국민임대,제주,0
2020-11,주택업체,공공임대,전국,3,526
2020-11,주택업체,공공임대,서울,216
2020-11,주택업체,공공임대,인천,0
2020-11,주택업체,공공임대,경기,1,200
2020-11,주택업체,공공임대,부산,0
2020-11,주택업체,공공임대,대구,0
2020-11,주택업체,공공임대,광주,197
2020-11,주택업체,공공임대,대전,0
2020-11,주택업체,공공임대,울산,0
2020-11,주택업체,공공임대,세종,0
2020-11,주택업체,공공임대,강원,499
2020-11,주택업체,공공임대,충북,0
2020-11,주택업체,공공임대,충남,992
2020-11,주택업체,공공임대,전북,0
2020-11,주택업체,공공임대,전남,322
2020-11,주택업체,공공임대,경북,0
2020-11,주택업체,공공임대,경남,100
2020-11,주택업체,공공임대,제주,0
2020-11,주택업체,공공분양,전국,1,042
2020-11,주택업체,공공분양,서울,0
2020-11,주택업체,공공분양,인천,0
2020-11,주택업체,공공분양,경기,0
2020-11,주택업체,공공분양,부산,0
2020-11,주택업체,공공분양,대구,0
2020-11,주택업체,공공분양,광주,0
2020-11,주택업체,공공분양,대전,0
2020-11,주택업체,공공분양,울산,0
2020-11,주택업체,공공분양,세종,0
2020-11,주택업체,공공분양,강원,0
2020-11,주택업체,공공분양,충북,0
2020-11,주택업체,공공분양,충남,0
2020-11,주택업체,공공분양,전북,0
2020-11,주택업체,공공분양,전남,0
2020-11,주택업체,공공분양,경북,0
2020-11,주택업체,공공분양,경남,1,042
2020-11,주택업체,공공분양,제주,0
2020-11,민간부문,소계,전국,28,212
2020-11,민간부문,소계,서울,4,632
2020-11,민간부문,소계,인천,3,462
2020-11,민간부문,소계,경기,7,434
2020-11,민간부문,소계,부산,358
2020-11,민간부문,소계,대구,1,053
2020-11,민간부문,소계,광주,387
2020-11,민간부문,소계,대전,2,366
2020-11,민간부문,소계,울산,90
2020-11,민간부문,소계,세종,62
2020-11,민간부문,소계,강원,576
2020-11,민간부문,소계,충북,2,864
2020-11,민간부문,소계,충남,543
2020-11,민간부문,소계,전북,277
2020-11,민간부문,소계,전남,859
2020-11,민간부문,소계,경북,2,715
2020-11,민간부문,소계,경남,300
2020-11,민간부문,소계,제주,234
2020-11,민간,민간임대,전국,490
2020-11,민간,민간임대,서울,292
2020-11,민간,민간임대,인천,0
2020-11,민간,민간임대,경기,0
2020-11,민간,민간임대,부산,0
2020-11,민간,민간임대,대구,0
2020-11,민간,민간임대,광주,0
2020-11,민간,민간임대,대전,0
2020-11,민간,민간임대,울산,0
2020-11,민간,민간임대,세종,0
2020-11,민간,민간임대,강원,198
2020-11,민간,민간임대,충북,0
2020-11,민간,민간임대,충남,0
2020-11,민간,민간임대,전북,0
2020-11,민간,민간임대,전남,0
2020-11,민간,민간임대,경북,0
2020-11,민간,민간임대,경남,0
2020-11,민간,민간임대,제주,0
2020-11,민간,민간분양,전국,27,722
2020-11,민간,민간분양,서울,4,340
2020-11,민간,민간분양,인천,3,462
2020-11,민간,민간분양,경기,7,434
2020-11,민간,민간분양,부산,358
2020-11,민간,민간분양,대구,1,053
2020-11,민간,민간분양,광주,387
2020-11,민간,민간분양,대전,2,366
2020-11,민간,민간분양,울산,90
2020-11,민간,민간분양,세종,62
2020-11,민간,민간분양,강원,378
2020-11,민간,민간분양,충북,2,864
2020-11,민간,민간분양,충남,543
2020-11,민간,민간분양,전북,277
2020-11,민간,민간분양,전남,859
2020-11,민간,민간분양,경북,2,715
2020-11,민간,민간분양,경남,300
2020-11,민간,민간분양,제주,234
2020-12,총계,총계,전국,42,079
2020-12,총계,총계,서울,8,847
2020-12,총계,총계,인천,1,004
2020-12,총계,총계,경기,12,578
2020-12,총계,총계,부산,1,808
2020-12,총계,총계,대구,2,572
2020-12,총계,총계,광주,1,835
2020-12,총계,총계,대전,200
2020-12,총계,총계,울산,1,010
2020-12,총계,총계,세종,1,517
2020-12,총계,총계,강원,1,490
2020-12,총계,총계,충북,949
2020-12,총계,총계,충남,1,924
2020-12,총계,총계,전북,2,927
2020-12,총계,총계,전남,1,292
2020-12,총계,총계,경북,521
2020-12,총계,총계,경남,747
2020-12,총계,총계,제주,858
2020-12,공공부문,소계,전국,12,825
2020-12,공공부문,소계,서울,3,329
2020-12,공공부문,소계,인천,0
2020-12,공공부문,소계,경기,3,480
2020-12,공공부문,소계,부산,0
2020-12,공공부문,소계,대구,2,009
2020-12,공공부문,소계,광주,0
2020-12,공공부문,소계,대전,0
2020-12,공공부문,소계,울산,0
2020-12,공공부문,소계,세종,1,500
2020-12,공공부문,소계,강원,492
2020-12,공공부문,소계,충북,83
2020-12,공공부문,소계,충남,1,454
2020-12,공공부문,소계,전북,378
2020-12,공공부문,소계,전남,100
2020-12,공공부문,소계,경북,0
2020-12,공공부문,소계,경남,0
2020-12,공공부문,소계,제주,0
2020-12,합,국민임대,전국,5,859
2020-12,합,국민임대,서울,2,269
2020-12,합,국민임대,인천,0
2020-12,합,국민임대,경기,1,477
2020-12,합,국민임대,부산,0
2020-12,합,국민임대,대구,0
2020-12,합,국민임대,광주,0
2020-12,합,국민임대,대전,0
2020-12,합,국민임대,울산,0
2020-12,합,국민임대,세종,0
2020-12,합,국민임대,강원,492
2020-12,합,국민임대,충북,0
2020-12,합,국민임대,충남,1,243
2020-12,합,국민임대,전북,378
2020-12,합,국민임대,전남,0
2020-12,합,국민임대,경북,0
2020-12,합,국민임대,경남,0
2020-12,합,국민임대,제주,0
2020-12,합,공공임대,전국,5,729
2020-12,합,공공임대,서울,1,060
2020-12,합,공공임대,인천,0
2020-12,합,공공임대,경기,1,793
2020-12,합,공공임대,부산,0
2020-12,합,공공임대,대구,985
2020-12,합,공공임대,광주,0
2020-12,합,공공임대,대전,0
2020-12,합,공공임대,울산,0
2020-12,합,공공임대,세종,1,500
2020-12,합,공공임대,강원,0
2020-12,합,공공임대,충북,80
2020-12,합,공공임대,충남,211
2020-12,합,공공임대,전북,0
2020-12,합,공공임대,전남,100
2020-12,합,공공임대,경북,0
2020-12,합,공공임대,경남,0
2020-12,합,공공임대,제주,0
2020-12,합,공공분양,전국,1,237
2020-12,합,공공분양,서울,0
2020-12,합,공공분양,인천,0
2020-12,합,공공분양,경기,210
2020-12,합,공공분양,부산,0
2020-12,합,공공분양,대구,1,024
2020-12,합,공공분양,광주,0
2020-12,합,공공분양,대전,0
2020-12,합,공공분양,울산,0
2020-12,합,공공분양,세종,0
2020-12,합,공공분양,강원,0
2020-12,합,공공분양,충북,3
2020-12,합,공공분양,충남,0
2020-12,합,공공분양,전북,0
2020-12,합,공공분양,전남,0
2020-12,합,공공분양,경북,0
2020-12,합,공공분양,경남,0
2020-12,합,공공분양,제주,0
2020-12,지자체,소계,전국,0
2020-12,지자체,소계,서울,0
2020-12,지자체,소계,인천,0
2020-12,지자체,소계,경기,0
2020-12,지자체,소계,부산,0
2020-12,지자체,소계,대구,0
2020-12,지자체,소계,광주,0
2020-12,지자체,소계,대전,0
2020-12,지자체,소계,울산,0
2020-12,지자체,소계,세종,0
2020-12,지자체,소계,강원,0
2020-12,지자체,소계,충북,0
2020-12,지자체,소계,충남,0
2020-12,지자체,소계,전북,0
2020-12,지자체,소계,전남,0
2020-12,지자체,소계,경북,0
2020-12,지자체,소계,경남,0
2020-12,지자체,소계,제주,0
2020-12,지자체,국민임대,전국,0
2020-12,지자체,국민임대,서울,0
2020-12,지자체,국민임대,인천,0
2020-12,지자체,국민임대,경기,0
2020-12,지자체,국민임대,부산,0
2020-12,지자체,국민임대,대구,0
2020-12,지자체,국민임대,광주,0
2020-12,지자체,국민임대,대전,0
2020-12,지자체,국민임대,울산,0
2020-12,지자체,국민임대,세종,0
2020-12,지자체,국민임대,강원,0
2020-12,지자체,국민임대,충북,0
2020-12,지자체,국민임대,충남,0
2020-12,지자체,국민임대,전북,0
2020-12,지자체,국민임대,전남,0
2020-12,지자체,국민임대,경북,0
2020-12,지자체,국민임대,경남,0
2020-12,지자체,국민임대,제주,0
2020-12,지자체,공공임대,전국,0
2020-12,지자체,공공임대,서울,0
2020-12,지자체,공공임대,인천,0
2020-12,지자체,공공임대,경기,0
2020-12,지자체,공공임대,부산,0
2020-12,지자체,공공임대,대구,0
2020-12,지자체,공공임대,광주,0
2020-12,지자체,공공임대,대전,0
2020-12,지자체,공공임대,울산,0
2020-12,지자체,공공임대,세종,0
2020-12,지자체,공공임대,강원,0
2020-12,지자체,공공임대,충북,0
2020-12,지자체,공공임대,충남,0
2020-12,지자체,공공임대,전북,0
2020-12,지자체,공공임대,전남,0
2020-12,지자체,공공임대,경북,0
2020-12,지자체,공공임대,경남,0
2020-12,지자체,공공임대,제주,0
2020-12,지자체,공공분양,전국,0
2020-12,지자체,공공분양,서울,0
2020-12,지자체,공공분양,인천,0
2020-12,지자체,공공분양,경기,0
2020-12,지자체,공공분양,부산,0
2020-12,지자체,공공분양,대구,0
2020-12,지자체,공공분양,광주,0
2020-12,지자체,공공분양,대전,0
2020-12,지자체,공공분양,울산,0
2020-12,지자체,공공분양,세종,0
2020-12,지자체,공공분양,강원,0
2020-12,지자체,공공분양,충북,0
2020-12,지자체,공공분양,충남,0
2020-12,지자체,공공분양,전북,0
2020-12,지자체,공공분양,전남,0
2020-12,지자체,공공분양,경북,0
2020-12,지자체,공공분양,경남,0
2020-12,지자체,공공분양,제주,0
2020-12,LH,소계,전국,9,366
2020-12,LH,소계,서울,0
2020-12,LH,소계,인천,0
2020-12,LH,소계,경기,3,480
2020-12,LH,소계,부산,0
2020-12,LH,소계,대구,2,009
2020-12,LH,소계,광주,0
2020-12,LH,소계,대전,0
2020-12,LH,소계,울산,0
2020-12,LH,소계,세종,1,500
2020-12,LH,소계,강원,492
2020-12,LH,소계,충북,3
2020-12,LH,소계,충남,1,404
2020-12,LH,소계,전북,378
2020-12,LH,소계,전남,100
2020-12,LH,소계,경북,0
2020-12,LH,소계,경남,0
2020-12,LH,소계,제주,0
2020-12,LH,국민임대,전국,3,590
2020-12,LH,국민임대,서울,0
2020-12,LH,국민임대,인천,0
2020-12,LH,국민임대,경기,1,477
2020-12,LH,국민임대,부산,0
2020-12,LH,국민임대,대구,0
2020-12,LH,국민임대,광주,0
2020-12,LH,국민임대,대전,0
2020-12,LH,국민임대,울산,0
2020-12,LH,국민임대,세종,0
2020-12,LH,국민임대,강원,492
2020-12,LH,국민임대,충북,0
2020-12,LH,국민임대,충남,1,243
2020-12,LH,국민임대,전북,378
2020-12,LH,국민임대,전남,0
2020-12,LH,국민임대,경북,0
2020-12,LH,국민임대,경남,0
2020-12,LH,국민임대,제주,0
2020-12,LH,공공임대,전국,4,539
2020-12,LH,공공임대,서울,0
2020-12,LH,공공임대,인천,0
2020-12,LH,공공임대,경기,1,793
2020-12,LH,공공임대,부산,0
2020-12,LH,공공임대,대구,985
2020-12,LH,공공임대,광주,0
2020-12,LH,공공임대,대전,0
2020-12,LH,공공임대,울산,0
2020-12,LH,공공임대,세종,1,500
2020-12,LH,공공임대,강원,0
2020-12,LH,공공임대,충북,0
2020-12,LH,공공임대,충남,161
2020-12,LH,공공임대,전북,0
2020-12,LH,공공임대,전남,100
2020-12,LH,공공임대,경북,0
2020-12,LH,공공임대,경남,0
2020-12,LH,공공임대,제주,0
2020-12,LH,공공분양,전국,1,237
2020-12,LH,공공분양,서울,0
2020-12,LH,공공분양,인천,0
2020-12,LH,공공분양,경기,210
2020-12,LH,공공분양,부산,0
2020-12,LH,공공분양,대구,1,024
2020-12,LH,공공분양,광주,0
2020-12,LH,공공분양,대전,0
2020-12,LH,공공분양,울산,0
2020-12,LH,공공분양,세종,0
2020-12,LH,공공분양,강원,0
2020-12,LH,공공분양,충북,3
2020-12,LH,공공분양,충남,0
2020-12,LH,공공분양,전북,0
2020-12,LH,공공분양,전남,0
2020-12,LH,공공분양,경북,0
2020-12,LH,공공분양,경남,0
2020-12,LH,공공분양,제주,0
2020-12,주택업체,소계,전국,3,459
2020-12,주택업체,소계,서울,3,329
2020-12,주택업체,소계,인천,0
2020-12,주택업체,소계,경기,0
2020-12,주택업체,소계,부산,0
2020-12,주택업체,소계,대구,0
2020-12,주택업체,소계,광주,0
2020-12,주택업체,소계,대전,0
2020-12,주택업체,소계,울산,0
2020-12,주택업체,소계,세종,0
2020-12,주택업체,소계,강원,0
2020-12,주택업체,소계,충북,80
2020-12,주택업체,소계,충남,50
2020-12,주택업체,소계,전북,0
2020-12,주택업체,소계,전남,0
2020-12,주택업체,소계,경북,0
2020-12,주택업체,소계,경남,0
2020-12,주택업체,소계,제주,0
2020-12,주택업체,국민임대,전국,2,269
2020-12,주택업체,국민임대,서울,2,269
2020-12,주택업체,국민임대,인천,0
2020-12,주택업체,국민임대,경기,0
2020-12,주택업체,국민임대,부산,0
2020-12,주택업체,국민임대,대구,0
2020-12,주택업체,국민임대,광주,0
2020-12,주택업체,국민임대,대전,0
2020-12,주택업체,국민임대,울산,0
2020-12,주택업체,국민임대,세종,0
2020-12,주택업체,국민임대,강원,0
2020-12,주택업체,국민임대,충북,0
2020-12,주택업체,국민임대,충남,0
2020-12,주택업체,국민임대,전북,0
2020-12,주택업체,국민임대,전남,0
2020-12,주택업체,국민임대,경북,0
2020-12,주택업체,국민임대,경남,0
2020-12,주택업체,국민임대,제주,0
2020-12,주택업체,공공임대,전국,1,190
2020-12,주택업체,공공임대,서울,1,060
2020-12,주택업체,공공임대,인천,0
2020-12,주택업체,공공임대,경기,0
2020-12,주택업체,공공임대,부산,0
2020-12,주택업체,공공임대,대구,0
2020-12,주택업체,공공임대,광주,0
2020-12,주택업체,공공임대,대전,0
2020-12,주택업체,공공임대,울산,0
2020-12,주택업체,공공임대,세종,0
2020-12,주택업체,공공임대,강원,0
2020-12,주택업체,공공임대,충북,80
2020-12,주택업체,공공임대,충남,50
2020-12,주택업체,공공임대,전북,0
2020-12,주택업체,공공임대,전남,0
2020-12,주택업체,공공임대,경북,0
2020-12,주택업체,공공임대,경남,0
2020-12,주택업체,공공임대,제주,0
2020-12,주택업체,공공분양,전국,0
2020-12,주택업체,공공분양,서울,0
2020-12,주택업체,공공분양,인천,0
2020-12,주택업체,공공분양,경기,0
2020-12,주택업체,공공분양,부산,0
2020-12,주택업체,공공분양,대구,0
2020-12,주택업체,공공분양,광주,0
2020-12,주택업체,공공분양,대전,0
2020-12,주택업체,공공분양,울산,0
2020-12,주택업체,공공분양,세종,0
2020-12,주택업체,공공분양,강원,0
2020-12,주택업체,공공분양,충북,0
2020-12,주택업체,공공분양,충남,0
2020-12,주택업체,공공분양,전북,0
2020-12,주택업체,공공분양,전남,0
2020-12,주택업체,공공분양,경북,0
2020-12,주택업체,공공분양,경남,0
2020-12,주택업체,공공분양,제주,0
2020-12,민간부문,소계,전국,29,254
2020-12,민간부문,소계,서울,5,518
2020-12,민간부문,소계,인천,1,004
2020-12,민간부문,소계,경기,9,098
2020-12,민간부문,소계,부산,1,808
2020-12,민간부문,소계,대구,563
2020-12,민간부문,소계,광주,1,835
2020-12,민간부문,소계,대전,200
2020-12,민간부문,소계,울산,1,010
2020-12,민간부문,소계,세종,17
2020-12,민간부문,소계,강원,998
2020-12,민간부문,소계,충북,866
2020-12,민간부문,소계,충남,470
2020-12,민간부문,소계,전북,2,549
2020-12,민간부문,소계,전남,1,192
2020-12,민간부문,소계,경북,521
2020-12,민간부문,소계,경남,747
2020-12,민간부문,소계,제주,858
2020-12,민간,민간임대,전국,1,372
2020-12,민간,민간임대,서울,500
2020-12,민간,민간임대,인천,0
2020-12,민간,민간임대,경기,42
2020-12,민간,민간임대,부산,0
2020-12,민간,민간임대,대구,0
2020-12,민간,민간임대,광주,0
2020-12,민간,민간임대,대전,0
2020-12,민간,민간임대,울산,0
2020-12,민간,민간임대,세종,0
2020-12,민간,민간임대,강원,0
2020-12,민간,민간임대,충북,0
2020-12,민간,민간임대,충남,0
2020-12,민간,민간임대,전북,830
2020-12,민간,민간임대,전남,0
2020-12,민간,민간임대,경북,0
2020-12,민간,민간임대,경남,0
2020-12,민간,민간임대,제주,0
2020-12,민간,민간분양,전국,27,882
2020-12,민간,민간분양,서울,5,018
2020-12,민간,민간분양,인천,1,004
2020-12,민간,민간분양,경기,9,056
2020-12,민간,민간분양,부산,1,808
2020-12,민간,민간분양,대구,563
2020-12,민간,민간분양,광주,1,835
2020-12,민간,민간분양,대전,200
2020-12,민간,민간분양,울산,1,010
2020-12,민간,민간분양,세종,17
2020-12,민간,민간분양,강원,998
2020-12,민간,민간분양,충북,866
2020-12,민간,민간분양,충남,470
2020-12,민간,민간분양,전북,1,719
2020-12,민간,민간분양,전남,1,192
2020-12,민간,민간분양,경북,521
2020-12,민간,민간분양,경남,747
2020-12,민간,민간분양,제주,858
2021-01,총계,총계,전국,34,651
2021-01,총계,총계,서울,5,319
2021-01,총계,총계,인천,1,949
2021-01,총계,총계,경기,14,709
2021-01,총계,총계,부산,1,879
2021-01,총계,총계,대구,322
2021-01,총계,총계,광주,1,397
2021-01,총계,총계,대전,136
2021-01,총계,총계,울산,433
2021-01,총계,총계,세종,363
2021-01,총계,총계,강원,399
2021-01,총계,총계,충북,989
2021-01,총계,총계,충남,4,211
2021-01,총계,총계,전북,376
2021-01,총계,총계,전남,776
2021-01,총계,총계,경북,393
2021-01,총계,총계,경남,750
2021-01,총계,총계,제주,250
2021-01,공공부문,소계,전국,2,067
2021-01,공공부문,소계,서울,3
2021-01,공공부문,소계,인천,0
2021-01,공공부문,소계,경기,1,000
2021-01,공공부문,소계,부산,0
2021-01,공공부문,소계,대구,0
2021-01,공공부문,소계,광주,500
2021-01,공공부문,소계,대전,0
2021-01,공공부문,소계,울산,0
2021-01,공공부문,소계,세종,0
2021-01,공공부문,소계,강원,0
2021-01,공공부문,소계,충북,0
2021-01,공공부문,소계,충남,460
2021-01,공공부문,소계,전북,0
2021-01,공공부문,소계,전남,100
2021-01,공공부문,소계,경북,0
2021-01,공공부문,소계,경남,4
2021-01,공공부문,소계,제주,0
2021-01,합,국민임대,전국,0
2021-01,합,국민임대,서울,0
2021-01,합,국민임대,인천,0
2021-01,합,국민임대,경기,0
2021-01,합,국민임대,부산,0
2021-01,합,국민임대,대구,0
2021-01,합,국민임대,광주,0
2021-01,합,국민임대,대전,0
2021-01,합,국민임대,울산,0
2021-01,합,국민임대,세종,0
2021-01,합,국민임대,강원,0
2021-01,합,국민임대,충북,0
2021-01,합,국민임대,충남,0
2021-01,합,국민임대,전북,0
2021-01,합,국민임대,전남,0
2021-01,합,국민임대,경북,0
2021-01,합,국민임대,경남,0
2021-01,합,국민임대,제주,0
2021-01,합,공공임대,전국,2,067
2021-01,합,공공임대,서울,3
2021-01,합,공공임대,인천,0
2021-01,합,공공임대,경기,1,000
2021-01,합,공공임대,부산,0
2021-01,합,공공임대,대구,0
2021-01,합,공공임대,광주,500
2021-01,합,공공임대,대전,0
2021-01,합,공공임대,울산,0
2021-01,합,공공임대,세종,0
2021-01,합,공공임대,강원,0
2021-01,합,공공임대,충북,0
2021-01,합,공공임대,충남,460
2021-01,합,공공임대,전북,0
2021-01,합,공공임대,전남,100
2021-01,합,공공임대,경북,0
2021-01,합,공공임대,경남,4
2021-01,합,공공임대,제주,0
2021-01,합,공공분양,전국,0
2021-01,합,공공분양,서울,0
2021-01,합,공공분양,인천,0
2021-01,합,공공분양,경기,0
2021-01,합,공공분양,부산,0
2021-01,합,공공분양,대구,0
2021-01,합,공공분양,광주,0
2021-01,합,공공분양,대전,0
2021-01,합,공공분양,울산,0
2021-01,합,공공분양,세종,0
2021-01,합,공공분양,강원,0
2021-01,합,공공분양,충북,0
2021-01,합,공공분양,충남,0
2021-01,합,공공분양,전북,0
2021-01,합,공공분양,전남,0
2021-01,합,공공분양,경북,0
2021-01,합,공공분양,경남,0
2021-01,합,공공분양,제주,0
2021-01,지자체,소계,전국,0
2021-01,지자체,소계,서울,0
2021-01,지자체,소계,인천,0
2021-01,지자체,소계,경기,0
2021-01,지자체,소계,부산,0
2021-01,지자체,소계,대구,0
2021-01,지자체,소계,광주,0
2021-01,지자체,소계,대전,0
2021-01,지자체,소계,울산,0
2021-01,지자체,소계,세종,0
2021-01,지자체,소계,강원,0
2021-01,지자체,소계,충북,0
2021-01,지자체,소계,충남,0
2021-01,지자체,소계,전북,0
2021-01,지자체,소계,전남,0
2021-01,지자체,소계,경북,0
2021-01,지자체,소계,경남,0
2021-01,지자체,소계,제주,0
2021-01,지자체,국민임대,전국,0
2021-01,지자체,국민임대,서울,0
2021-01,지자체,국민임대,인천,0
2021-01,지자체,국민임대,경기,0
2021-01,지자체,국민임대,부산,0
2021-01,지자체,국민임대,대구,0
2021-01,지자체,국민임대,광주,0
2021-01,지자체,국민임대,대전,0
2021-01,지자체,국민임대,울산,0
2021-01,지자체,국민임대,세종,0
2021-01,지자체,국민임대,강원,0
2021-01,지자체,국민임대,충북,0
2021-01,지자체,국민임대,충남,0
2021-01,지자체,국민임대,전북,0
2021-01,지자체,국민임대,전남,0
2021-01,지자체,국민임대,경북,0
2021-01,지자체,국민임대,경남,0
2021-01,지자체,국민임대,제주,0
2021-01,지자체,공공임대,전국,0
2021-01,지자체,공공임대,서울,0
2021-01,지자체,공공임대,인천,0
2021-01,지자체,공공임대,경기,0
2021-01,지자체,공공임대,부산,0
2021-01,지자체,공공임대,대구,0
2021-01,지자체,공공임대,광주,0
2021-01,지자체,공공임대,대전,0
2021-01,지자체,공공임대,울산,0
2021-01,지자체,공공임대,세종,0
2021-01,지자체,공공임대,강원,0
2021-01,지자체,공공임대,충북,0
2021-01,지자체,공공임대,충남,0
2021-01,지자체,공공임대,전북,0
2021-01,지자체,공공임대,전남,0
2021-01,지자체,공공임대,경북,0
2021-01,지자체,공공임대,경남,0
2021-01,지자체,공공임대,제주,0
2021-01,지자체,공공분양,전국,0
2021-01,지자체,공공분양,서울,0
2021-01,지자체,공공분양,인천,0
2021-01,지자체,공공분양,경기,0
2021-01,지자체,공공분양,부산,0
2021-01,지자체,공공분양,대구,0
2021-01,지자체,공공분양,광주,0
2021-01,지자체,공공분양,대전,0
2021-01,지자체,공공분양,울산,0
2021-01,지자체,공공분양,세종,0
2021-01,지자체,공공분양,강원,0
2021-01,지자체,공공분양,충북,0
2021-01,지자체,공공분양,충남,0
2021-01,지자체,공공분양,전북,0
2021-01,지자체,공공분양,전남,0
2021-01,지자체,공공분양,경북,0
2021-01,지자체,공공분양,경남,0
2021-01,지자체,공공분양,제주,0
2021-01,LH,소계,전국,1,004
2021-01,LH,소계,서울,0
2021-01,LH,소계,인천,0
2021-01,LH,소계,경기,1,000
2021-01,LH,소계,부산,0
2021-01,LH,소계,대구,0
2021-01,LH,소계,광주,0
2021-01,LH,소계,대전,0
2021-01,LH,소계,울산,0
2021-01,LH,소계,세종,0
2021-01,LH,소계,강원,0
2021-01,LH,소계,충북,0
2021-01,LH,소계,충남,0
2021-01,LH,소계,전북,0
2021-01,LH,소계,전남,0
2021-01,LH,소계,경북,0
2021-01,LH,소계,경남,4
2021-01,LH,소계,제주,0
2021-01,LH,국민임대,전국,0
2021-01,LH,국민임대,서울,0
2021-01,LH,국민임대,인천,0
2021-01,LH,국민임대,경기,0
2021-01,LH,국민임대,부산,0
2021-01,LH,국민임대,대구,0
2021-01,LH,국민임대,광주,0
2021-01,LH,국민임대,대전,0
2021-01,LH,국민임대,울산,0
2021-01,LH,국민임대,세종,0
2021-01,LH,국민임대,강원,0
2021-01,LH,국민임대,충북,0
2021-01,LH,국민임대,충남,0
2021-01,LH,국민임대,전북,0
2021-01,LH,국민임대,전남,0
2021-01,LH,국민임대,경북,0
2021-01,LH,국민임대,경남,0
2021-01,LH,국민임대,제주,0
2021-01,LH,공공임대,전국,1,004
2021-01,LH,공공임대,서울,0
2021-01,LH,공공임대,인천,0
2021-01,LH,공공임대,경기,1,000
2021-01,LH,공공임대,부산,0
2021-01,LH,공공임대,대구,0
2021-01,LH,공공임대,광주,0
2021-01,LH,공공임대,대전,0
2021-01,LH,공공임대,울산,0
2021-01,LH,공공임대,세종,0
2021-01,LH,공공임대,강원,0
2021-01,LH,공공임대,충북,0
2021-01,LH,공공임대,충남,0
2021-01,LH,공공임대,전북,0
2021-01,LH,공공임대,전남,0
2021-01,LH,공공임대,경북,0
2021-01,LH,공공임대,경남,4
2021-01,LH,공공임대,제주,0
2021-01,LH,공공분양,전국,0
2021-01,LH,공공분양,서울,0
2021-01,LH,공공분양,인천,0
2021-01,LH,공공분양,경기,0
2021-01,LH,공공분양,부산,0
2021-01,LH,공공분양,대구,0
2021-01,LH,공공분양,광주,0
2021-01,LH,공공분양,대전,0
2021-01,LH,공공분양,울산,0
2021-01,LH,공공분양,세종,0
2021-01,LH,공공분양,강원,0
2021-01,LH,공공분양,충북,0
2021-01,LH,공공분양,충남,0
2021-01,LH,공공분양,전북,0
2021-01,LH,공공분양,전남,0
2021-01,LH,공공분양,경북,0
2021-01,LH,공공분양,경남,0
2021-01,LH,공공분양,제주,0
2021-01,주택업체,소계,전국,1,063
2021-01,주택업체,소계,서울,3
2021-01,주택업체,소계,인천,0
2021-01,주택업체,소계,경기,0
2021-01,주택업체,소계,부산,0
2021-01,주택업체,소계,대구,0
2021-01,주택업체,소계,광주,500
2021-01,주택업체,소계,대전,0
2021-01,주택업체,소계,울산,0
2021-01,주택업체,소계,세종,0
2021-01,주택업체,소계,강원,0
2021-01,주택업체,소계,충북,0
2021-01,주택업체,소계,충남,460
2021-01,주택업체,소계,전북,0
2021-01,주택업체,소계,전남,100
2021-01,주택업체,소계,경북,0
2021-01,주택업체,소계,경남,0
2021-01,주택업체,소계,제주,0
2021-01,주택업체,국민임대,전국,0
2021-01,주택업체,국민임대,서울,0
2021-01,주택업체,국민임대,인천,0
2021-01,주택업체,국민임대,경기,0
2021-01,주택업체,국민임대,부산,0
2021-01,주택업체,국민임대,대구,0
2021-01,주택업체,국민임대,광주,0
2021-01,주택업체,국민임대,대전,0
2021-01,주택업체,국민임대,울산,0
2021-01,주택업체,국민임대,세종,0
2021-01,주택업체,국민임대,강원,0
2021-01,주택업체,국민임대,충북,0
2021-01,주택업체,국민임대,충남,0
2021-01,주택업체,국민임대,전북,0
2021-01,주택업체,국민임대,전남,0
2021-01,주택업체,국민임대,경북,0
2021-01,주택업체,국민임대,경남,0
2021-01,주택업체,국민임대,제주,0
2021-01,주택업체,공공임대,전국,1,063
2021-01,주택업체,공공임대,서울,3
2021-01,주택업체,공공임대,인천,0
2021-01,주택업체,공공임대,경기,0
2021-01,주택업체,공공임대,부산,0
2021-01,주택업체,공공임대,대구,0
2021-01,주택업체,공공임대,광주,500
2021-01,주택업체,공공임대,대전,0
2021-01,주택업체,공공임대,울산,0
2021-01,주택업체,공공임대,세종,0
2021-01,주택업체,공공임대,강원,0
2021-01,주택업체,공공임대,충북,0
2021-01,주택업체,공공임대,충남,460
2021-01,주택업체,공공임대,전북,0
2021-01,주택업체,공공임대,전남,100
2021-01,주택업체,공공임대,경북,0
2021-01,주택업체,공공임대,경남,0
2021-01,주택업체,공공임대,제주,0
2021-01,주택업체,공공분양,전국,0
2021-01,주택업체,공공분양,서울,0
2021-01,주택업체,공공분양,인천,0
2021-01,주택업체,공공분양,경기,0
2021-01,주택업체,공공분양,부산,0
2021-01,주택업체,공공분양,대구,0
2021-01,주택업체,공공분양,광주,0
2021-01,주택업체,공공분양,대전,0
2021-01,주택업체,공공분양,울산,0
2021-01,주택업체,공공분양,세종,0
2021-01,주택업체,공공분양,강원,0
2021-01,주택업체,공공분양,충북,0
2021-01,주택업체,공공분양,충남,0
2021-01,주택업체,공공분양,전북,0
2021-01,주택업체,공공분양,전남,0
2021-01,주택업체,공공분양,경북,0
2021-01,주택업체,공공분양,경남,0
2021-01,주택업체,공공분양,제주,0
2021-01,민간부문,소계,전국,32,584
2021-01,민간부문,소계,서울,5,316
2021-01,민간부문,소계,인천,1,949
2021-01,민간부문,소계,경기,13,709
2021-01,민간부문,소계,부산,1,879
2021-01,민간부문,소계,대구,322
2021-01,민간부문,소계,광주,897
2021-01,민간부문,소계,대전,136
2021-01,민간부문,소계,울산,433
2021-01,민간부문,소계,세종,363
2021-01,민간부문,소계,강원,399
2021-01,민간부문,소계,충북,989
2021-01,민간부문,소계,충남,3,751
2021-01,민간부문,소계,전북,376
2021-01,민간부문,소계,전남,676
2021-01,민간부문,소계,경북,393
2021-01,민간부문,소계,경남,746
2021-01,민간부문,소계,제주,250
2021-01,민간,민간임대,전국,1,788
2021-01,민간,민간임대,서울,589
2021-01,민간,민간임대,인천,0
2021-01,민간,민간임대,경기,699
2021-01,민간,민간임대,부산,0
2021-01,민간,민간임대,대구,0
2021-01,민간,민간임대,광주,0
2021-01,민간,민간임대,대전,0
2021-01,민간,민간임대,울산,390
2021-01,민간,민간임대,세종,0
2021-01,민간,민간임대,강원,0
2021-01,민간,민간임대,충북,0
2021-01,민간,민간임대,충남,110
2021-01,민간,민간임대,전북,0
2021-01,민간,민간임대,전남,0
2021-01,민간,민간임대,경북,0
2021-01,민간,민간임대,경남,0
2021-01,민간,민간임대,제주,0
2021-01,민간,민간분양,전국,30,796
2021-01,민간,민간분양,서울,4,727
2021-01,민간,민간분양,인천,1,949
2021-01,민간,민간분양,경기,13,010
2021-01,민간,민간분양,부산,1,879
2021-01,민간,민간분양,대구,322
2021-01,민간,민간분양,광주,897
2021-01,민간,민간분양,대전,136
2021-01,민간,민간분양,울산,43
2021-01,민간,민간분양,세종,363
2021-01,민간,민간분양,강원,399
2021-01,민간,민간분양,충북,989
2021-01,민간,민간분양,충남,3,641
2021-01,민간,민간분양,전북,376
2021-01,민간,민간분양,전남,676
2021-01,민간,민간분양,경북,393
2021-01,민간,민간분양,경남,746
2021-01,민간,민간분양,제주,250
2021-02,총계,총계,전국,36,043
2021-02,총계,총계,서울,10,640
2021-02,총계,총계,인천,381
2021-02,총계,총계,경기,13,572
2021-02,총계,총계,부산,710
2021-02,총계,총계,대구,343
2021-02,총계,총계,광주,110
2021-02,총계,총계,대전,48
2021-02,총계,총계,울산,35
2021-02,총계,총계,세종,561
2021-02,총계,총계,강원,3,016
2021-02,총계,총계,충북,213
2021-02,총계,총계,충남,506
2021-02,총계,총계,전북,499
2021-02,총계,총계,전남,1,532
2021-02,총계,총계,경북,2,486
2021-02,총계,총계,경남,1,081
2021-02,총계,총계,제주,310
2021-02,공공부문,소계,전국,7,746
2021-02,공공부문,소계,서울,3,072
2021-02,공공부문,소계,인천,0
2021-02,공공부문,소계,경기,4,086
2021-02,공공부문,소계,부산,390
2021-02,공공부문,소계,대구,0
2021-02,공공부문,소계,광주,0
2021-02,공공부문,소계,대전,0
2021-02,공공부문,소계,울산,0
2021-02,공공부문,소계,세종,0
2021-02,공공부문,소계,강원,0
2021-02,공공부문,소계,충북,0
2021-02,공공부문,소계,충남,0
2021-02,공공부문,소계,전북,0
2021-02,공공부문,소계,전남,150
2021-02,공공부문,소계,경북,0
2021-02,공공부문,소계,경남,0
2021-02,공공부문,소계,제주,48
2021-02,합,국민임대,전국,48
2021-02,합,국민임대,서울,0
2021-02,합,국민임대,인천,0
2021-02,합,국민임대,경기,0
2021-02,합,국민임대,부산,0
2021-02,합,국민임대,대구,0
2021-02,합,국민임대,광주,0
2021-02,합,국민임대,대전,0
2021-02,합,국민임대,울산,0
2021-02,합,국민임대,세종,0
2021-02,합,국민임대,강원,0
2021-02,합,국민임대,충북,0
2021-02,합,국민임대,충남,0
2021-02,합,국민임대,전북,0
2021-02,합,국민임대,전남,0
2021-02,합,국민임대,경북,0
2021-02,합,국민임대,경남,0
2021-02,합,국민임대,제주,48
2021-02,합,공공임대,전국,2,083
2021-02,합,공공임대,서울,1,543
2021-02,합,공공임대,인천,0
2021-02,합,공공임대,경기,0
2021-02,합,공공임대,부산,390
2021-02,합,공공임대,대구,0
2021-02,합,공공임대,광주,0
2021-02,합,공공임대,대전,0
2021-02,합,공공임대,울산,0
2021-02,합,공공임대,세종,0
2021-02,합,공공임대,강원,0
2021-02,합,공공임대,충북,0
2021-02,합,공공임대,충남,0
2021-02,합,공공임대,전북,0
2021-02,합,공공임대,전남,150
2021-02,합,공공임대,경북,0
2021-02,합,공공임대,경남,0
2021-02,합,공공임대,제주,0
2021-02,합,공공분양,전국,5,615
2021-02,합,공공분양,서울,1,529
2021-02,합,공공분양,인천,0
2021-02,합,공공분양,경기,4,086
2021-02,합,공공분양,부산,0
2021-02,합,공공분양,대구,0
2021-02,합,공공분양,광주,0
2021-02,합,공공분양,대전,0
2021-02,합,공공분양,울산,0
2021-02,합,공공분양,세종,0
2021-02,합,공공분양,강원,0
2021-02,합,공공분양,충북,0
2021-02,합,공공분양,충남,0
2021-02,합,공공분양,전북,0
2021-02,합,공공분양,전남,0
2021-02,합,공공분양,경북,0
2021-02,합,공공분양,경남,0
2021-02,합,공공분양,제주,0
2021-02,지자체,소계,전국,0
2021-02,지자체,소계,서울,0
2021-02,지자체,소계,인천,0
2021-02,지자체,소계,경기,0
2021-02,지자체,소계,부산,0
2021-02,지자체,소계,대구,0
2021-02,지자체,소계,광주,0
2021-02,지자체,소계,대전,0
2021-02,지자체,소계,울산,0
2021-02,지자체,소계,세종,0
2021-02,지자체,소계,강원,0
2021-02,지자체,소계,충북,0
2021-02,지자체,소계,충남,0
2021-02,지자체,소계,전북,0
2021-02,지자체,소계,전남,0
2021-02,지자체,소계,경북,0
2021-02,지자체,소계,경남,0
2021-02,지자체,소계,제주,0
2021-02,지자체,국민임대,전국,0
2021-02,지자체,국민임대,서울,0
2021-02,지자체,국민임대,인천,0
2021-02,지자체,국민임대,경기,0
2021-02,지자체,국민임대,부산,0
2021-02,지자체,국민임대,대구,0
2021-02,지자체,국민임대,광주,0
2021-02,지자체,국민임대,대전,0
2021-02,지자체,국민임대,울산,0
2021-02,지자체,국민임대,세종,0
2021-02,지자체,국민임대,강원,0
2021-02,지자체,국민임대,충북,0
2021-02,지자체,국민임대,충남,0
2021-02,지자체,국민임대,전북,0
2021-02,지자체,국민임대,전남,0
2021-02,지자체,국민임대,경북,0
2021-02,지자체,국민임대,경남,0
2021-02,지자체,국민임대,제주,0
2021-02,지자체,공공임대,전국,0
2021-02,지자체,공공임대,서울,0
2021-02,지자체,공공임대,인천,0
2021-02,지자체,공공임대,경기,0
2021-02,지자체,공공임대,부산,0
2021-02,지자체,공공임대,대구,0
2021-02,지자체,공공임대,광주,0
2021-02,지자체,공공임대,대전,0
2021-02,지자체,공공임대,울산,0
2021-02,지자체,공공임대,세종,0
2021-02,지자체,공공임대,강원,0
2021-02,지자체,공공임대,충북,0
2021-02,지자체,공공임대,충남,0
2021-02,지자체,공공임대,전북,0
2021-02,지자체,공공임대,전남,0
2021-02,지자체,공공임대,경북,0
2021-02,지자체,공공임대,경남,0
2021-02,지자체,공공임대,제주,0
2021-02,지자체,공공분양,전국,0
2021-02,지자체,공공분양,서울,0
2021-02,지자체,공공분양,인천,0
2021-02,지자체,공공분양,경기,0
2021-02,지자체,공공분양,부산,0
2021-02,지자체,공공분양,대구,0
2021-02,지자체,공공분양,광주,0
2021-02,지자체,공공분양,대전,0
2021-02,지자체,공공분양,울산,0
2021-02,지자체,공공분양,세종,0
2021-02,지자체,공공분양,강원,0
2021-02,지자체,공공분양,충북,0
2021-02,지자체,공공분양,충남,0
2021-02,지자체,공공분양,전북,0
2021-02,지자체,공공분양,전남,0
2021-02,지자체,공공분양,경북,0
2021-02,지자체,공공분양,경남,0
2021-02,지자체,공공분양,제주,0
2021-02,LH,소계,전국,4,476
2021-02,LH,소계,서울,0
2021-02,LH,소계,인천,0
2021-02,LH,소계,경기,4,086
2021-02,LH,소계,부산,390
2021-02,LH,소계,대구,0
2021-02,LH,소계,광주,0
2021-02,LH,소계,대전,0
2021-02,LH,소계,울산,0
2021-02,LH,소계,세종,0
2021-02,LH,소계,강원,0
2021-02,LH,소계,충북,0
2021-02,LH,소계,충남,0
2021-02,LH,소계,전북,0
2021-02,LH,소계,전남,0
2021-02,LH,소계,경북,0
2021-02,LH,소계,경남,0
2021-02,LH,소계,제주,0
2021-02,LH,국민임대,전국,0
2021-02,LH,국민임대,서울,0
2021-02,LH,국민임대,인천,0
2021-02,LH,국민임대,경기,0
2021-02,LH,국민임대,부산,0
2021-02,LH,국민임대,대구,0
2021-02,LH,국민임대,광주,0
2021-02,LH,국민임대,대전,0
2021-02,LH,국민임대,울산,0
2021-02,LH,국민임대,세종,0
2021-02,LH,국민임대,강원,0
2021-02,LH,국민임대,충북,0
2021-02,LH,국민임대,충남,0
2021-02,LH,국민임대,전북,0
2021-02,LH,국민임대,전남,0
2021-02,LH,국민임대,경북,0
2021-02,LH,국민임대,경남,0
2021-02,LH,국민임대,제주,0
2021-02,LH,공공임대,전국,390
2021-02,LH,공공임대,서울,0
2021-02,LH,공공임대,인천,0
2021-02,LH,공공임대,경기,0
2021-02,LH,공공임대,부산,390
2021-02,LH,공공임대,대구,0
2021-02,LH,공공임대,광주,0
2021-02,LH,공공임대,대전,0
2021-02,LH,공공임대,울산,0
2021-02,LH,공공임대,세종,0
2021-02,LH,공공임대,강원,0
2021-02,LH,공공임대,충북,0
2021-02,LH,공공임대,충남,0
2021-02,LH,공공임대,전북,0
2021-02,LH,공공임대,전남,0
2021-02,LH,공공임대,경북,0
2021-02,LH,공공임대,경남,0
2021-02,LH,공공임대,제주,0
2021-02,LH,공공분양,전국,4,086
2021-02,LH,공공분양,서울,0
2021-02,LH,공공분양,인천,0
2021-02,LH,공공분양,경기,4,086
2021-02,LH,공공분양,부산,0
2021-02,LH,공공분양,대구,0
2021-02,LH,공공분양,광주,0
2021-02,LH,공공분양,대전,0
2021-02,LH,공공분양,울산,0
2021-02,LH,공공분양,세종,0
2021-02,LH,공공분양,강원,0
2021-02,LH,공공분양,충북,0
2021-02,LH,공공분양,충남,0
2021-02,LH,공공분양,전북,0
2021-02,LH,공공분양,전남,0
2021-02,LH,공공분양,경북,0
2021-02,LH,공공분양,경남,0
2021-02,LH,공공분양,제주,0
2021-02,주택업체,소계,전국,3,270
2021-02,주택업체,소계,서울,3,072
2021-02,주택업체,소계,인천,0
2021-02,주택업체,소계,경기,0
2021-02,주택업체,소계,부산,0
2021-02,주택업체,소계,대구,0
2021-02,주택업체,소계,광주,0
2021-02,주택업체,소계,대전,0
2021-02,주택업체,소계,울산,0
2021-02,주택업체,소계,세종,0
2021-02,주택업체,소계,강원,0
2021-02,주택업체,소계,충북,0
2021-02,주택업체,소계,충남,0
2021-02,주택업체,소계,전북,0
2021-02,주택업체,소계,전남,150
2021-02,주택업체,소계,경북,0
2021-02,주택업체,소계,경남,0
2021-02,주택업체,소계,제주,48
2021-02,주택업체,국민임대,전국,48
2021-02,주택업체,국민임대,서울,0
2021-02,주택업체,국민임대,인천,0
2021-02,주택업체,국민임대,경기,0
2021-02,주택업체,국민임대,부산,0
2021-02,주택업체,국민임대,대구,0
2021-02,주택업체,국민임대,광주,0
2021-02,주택업체,국민임대,대전,0
2021-02,주택업체,국민임대,울산,0
2021-02,주택업체,국민임대,세종,0
2021-02,주택업체,국민임대,강원,0
2021-02,주택업체,국민임대,충북,0
2021-02,주택업체,국민임대,충남,0
2021-02,주택업체,국민임대,전북,0
2021-02,주택업체,국민임대,전남,0
2021-02,주택업체,국민임대,경북,0
2021-02,주택업체,국민임대,경남,0
2021-02,주택업체,국민임대,제주,48
2021-02,주택업체,공공임대,전국,1,693
2021-02,주택업체,공공임대,서울,1,543
2021-02,주택업체,공공임대,인천,0
2021-02,주택업체,공공임대,경기,0
2021-02,주택업체,공공임대,부산,0
2021-02,주택업체,공공임대,대구,0
2021-02,주택업체,공공임대,광주,0
2021-02,주택업체,공공임대,대전,0
2021-02,주택업체,공공임대,울산,0
2021-02,주택업체,공공임대,세종,0
2021-02,주택업체,공공임대,강원,0
2021-02,주택업체,공공임대,충북,0
2021-02,주택업체,공공임대,충남,0
2021-02,주택업체,공공임대,전북,0
2021-02,주택업체,공공임대,전남,150
2021-02,주택업체,공공임대,경북,0
2021-02,주택업체,공공임대,경남,0
2021-02,주택업체,공공임대,제주,0
2021-02,주택업체,공공분양,전국,1,529
2021-02,주택업체,공공분양,서울,1,529
2021-02,주택업체,공공분양,인천,0
2021-02,주택업체,공공분양,경기,0
2021-02,주택업체,공공분양,부산,0
2021-02,주택업체,공공분양,대구,0
2021-02,주택업체,공공분양,광주,0
2021-02,주택업체,공공분양,대전,0
2021-02,주택업체,공공분양,울산,0
2021-02,주택업체,공공분양,세종,0
2021-02,주택업체,공공분양,강원,0
2021-02,주택업체,공공분양,충북,0
2021-02,주택업체,공공분양,충남,0
2021-02,주택업체,공공분양,전북,0
2021-02,주택업체,공공분양,전남,0
2021-02,주택업체,공공분양,경북,0
2021-02,주택업체,공공분양,경남,0
2021-02,주택업체,공공분양,제주,0
2021-02,민간부문,소계,전국,28,297
2021-02,민간부문,소계,서울,7,568
2021-02,민간부문,소계,인천,381
2021-02,민간부문,소계,경기,9,486
2021-02,민간부문,소계,부산,320
2021-02,민간부문,소계,대구,343
2021-02,민간부문,소계,광주,110
2021-02,민간부문,소계,대전,48
2021-02,민간부문,소계,울산,35
2021-02,민간부문,소계,세종,561
2021-02,민간부문,소계,강원,3,016
2021-02,민간부문,소계,충북,213
2021-02,민간부문,소계,충남,506
2021-02,민간부문,소계,전북,499
2021-02,민간부문,소계,전남,1,382
2021-02,민간부문,소계,경북,2,486
2021-02,민간부문,소계,경남,1,081
2021-02,민간부문,소계,제주,262
2021-02,민간,민간임대,전국,3,712
2021-02,민간,민간임대,서울,2,032
2021-02,민간,민간임대,인천,0
2021-02,민간,민간임대,경기,608
2021-02,민간,민간임대,부산,0
2021-02,민간,민간임대,대구,0
2021-02,민간,민간임대,광주,0
2021-02,민간,민간임대,대전,0
2021-02,민간,민간임대,울산,0
2021-02,민간,민간임대,세종,0
2021-02,민간,민간임대,강원,0
2021-02,민간,민간임대,충북,0
2021-02,민간,민간임대,충남,0
2021-02,민간,민간임대,전북,0
2021-02,민간,민간임대,전남,1,072
2021-02,민간,민간임대,경북,0
2021-02,민간,민간임대,경남,0
2021-02,민간,민간임대,제주,0
2021-02,민간,민간분양,전국,24,585
2021-02,민간,민간분양,서울,5,536
2021-02,민간,민간분양,인천,381
2021-02,민간,민간분양,경기,8,878
2021-02,민간,민간분양,부산,320
2021-02,민간,민간분양,대구,343
2021-02,민간,민간분양,광주,110
2021-02,민간,민간분양,대전,48
2021-02,민간,민간분양,울산,35
2021-02,민간,민간분양,세종,561
2021-02,민간,민간분양,강원,3,016
2021-02,민간,민간분양,충북,213
2021-02,민간,민간분양,충남,506
2021-02,민간,민간분양,전북,499
2021-02,민간,민간분양,전남,310
2021-02,민간,민간분양,경북,2,486
2021-02,민간,민간분양,경남,1,081
2021-02,민간,민간분양,제주,262
2021-03,총계,총계,전국,29,128
2021-03,총계,총계,서울,5,497
2021-03,총계,총계,인천,1,107
2021-03,총계,총계,경기,7,727
2021-03,총계,총계,부산,2,186
2021-03,총계,총계,대구,2,048
2021-03,총계,총계,광주,646
2021-03,총계,총계,대전,81
2021-03,총계,총계,울산,291
2021-03,총계,총계,세종,19
2021-03,총계,총계,강원,1,090
2021-03,총계,총계,충북,1,601
2021-03,총계,총계,충남,277
2021-03,총계,총계,전북,1,070
2021-03,총계,총계,전남,770
2021-03,총계,총계,경북,2,139
2021-03,총계,총계,경남,2,312
2021-03,총계,총계,제주,267
2021-03,공공부문,소계,전국,2,689
2021-03,공공부문,소계,서울,200
2021-03,공공부문,소계,인천,920
2021-03,공공부문,소계,경기,60
2021-03,공공부문,소계,부산,0
2021-03,공공부문,소계,대구,0
2021-03,공공부문,소계,광주,0
2021-03,공공부문,소계,대전,0
2021-03,공공부문,소계,울산,0
2021-03,공공부문,소계,세종,0
2021-03,공공부문,소계,강원,0
2021-03,공공부문,소계,충북,0
2021-03,공공부문,소계,충남,0
2021-03,공공부문,소계,전북,603
2021-03,공공부문,소계,전남,0
2021-03,공공부문,소계,경북,0
2021-03,공공부문,소계,경남,906
2021-03,공공부문,소계,제주,0
2021-03,합,국민임대,전국,276
2021-03,합,국민임대,서울,0
2021-03,합,국민임대,인천,0
2021-03,합,국민임대,경기,0
2021-03,합,국민임대,부산,0
2021-03,합,국민임대,대구,0
2021-03,합,국민임대,광주,0
2021-03,합,국민임대,대전,0
2021-03,합,국민임대,울산,0
2021-03,합,국민임대,세종,0
2021-03,합,국민임대,강원,0
2021-03,합,국민임대,충북,0
2021-03,합,국민임대,충남,0
2021-03,합,국민임대,전북,276
2021-03,합,국민임대,전남,0
2021-03,합,국민임대,경북,0
2021-03,합,국민임대,경남,0
2021-03,합,국민임대,제주,0
2021-03,합,공공임대,전국,1,493
2021-03,합,공공임대,서울,200
2021-03,합,공공임대,인천,0
2021-03,합,공공임대,경기,60
2021-03,합,공공임대,부산,0
2021-03,합,공공임대,대구,0
2021-03,합,공공임대,광주,0
2021-03,합,공공임대,대전,0
2021-03,합,공공임대,울산,0
2021-03,합,공공임대,세종,0
2021-03,합,공공임대,강원,0
2021-03,합,공공임대,충북,0
2021-03,합,공공임대,충남,0
2021-03,합,공공임대,전북,327
2021-03,합,공공임대,전남,0
2021-03,합,공공임대,경북,0
2021-03,합,공공임대,경남,906
2021-03,합,공공임대,제주,0
2021-03,합,공공분양,전국,920
2021-03,합,공공분양,서울,0
2021-03,합,공공분양,인천,920
2021-03,합,공공분양,경기,0
2021-03,합,공공분양,부산,0
2021-03,합,공공분양,대구,0
2021-03,합,공공분양,광주,0
2021-03,합,공공분양,대전,0
2021-03,합,공공분양,울산,0
2021-03,합,공공분양,세종,0
2021-03,합,공공분양,강원,0
2021-03,합,공공분양,충북,0
2021-03,합,공공분양,충남,0
2021-03,합,공공분양,전북,0
2021-03,합,공공분양,전남,0
2021-03,합,공공분양,경북,0
2021-03,합,공공분양,경남,0
2021-03,합,공공분양,제주,0
2021-03,지자체,소계,전국,0
2021-03,지자체,소계,서울,0
2021-03,지자체,소계,인천,0
2021-03,지자체,소계,경기,0
2021-03,지자체,소계,부산,0
2021-03,지자체,소계,대구,0
2021-03,지자체,소계,광주,0
2021-03,지자체,소계,대전,0
2021-03,지자체,소계,울산,0
2021-03,지자체,소계,세종,0
2021-03,지자체,소계,강원,0
2021-03,지자체,소계,충북,0
2021-03,지자체,소계,충남,0
2021-03,지자체,소계,전북,0
2021-03,지자체,소계,전남,0
2021-03,지자체,소계,경북,0
2021-03,지자체,소계,경남,0
2021-03,지자체,소계,제주,0
2021-03,지자체,국민임대,전국,0
2021-03,지자체,국민임대,서울,0
2021-03,지자체,국민임대,인천,0
2021-03,지자체,국민임대,경기,0
2021-03,지자체,국민임대,부산,0
2021-03,지자체,국민임대,대구,0
2021-03,지자체,국민임대,광주,0
2021-03,지자체,국민임대,대전,0
2021-03,지자체,국민임대,울산,0
2021-03,지자체,국민임대,세종,0
2021-03,지자체,국민임대,강원,0
2021-03,지자체,국민임대,충북,0
2021-03,지자체,국민임대,충남,0
2021-03,지자체,국민임대,전북,0
2021-03,지자체,국민임대,전남,0
2021-03,지자체,국민임대,경북,0
2021-03,지자체,국민임대,경남,0
2021-03,지자체,국민임대,제주,0
2021-03,지자체,공공임대,전국,0
2021-03,지자체,공공임대,서울,0
2021-03,지자체,공공임대,인천,0
2021-03,지자체,공공임대,경기,0
2021-03,지자체,공공임대,부산,0
2021-03,지자체,공공임대,대구,0
2021-03,지자체,공공임대,광주,0
2021-03,지자체,공공임대,대전,0
2021-03,지자체,공공임대,울산,0
2021-03,지자체,공공임대,세종,0
2021-03,지자체,공공임대,강원,0
2021-03,지자체,공공임대,충북,0
2021-03,지자체,공공임대,충남,0
2021-03,지자체,공공임대,전북,0
2021-03,지자체,공공임대,전남,0
2021-03,지자체,공공임대,경북,0
2021-03,지자체,공공임대,경남,0
2021-03,지자체,공공임대,제주,0
2021-03,지자체,공공분양,전국,0
2021-03,지자체,공공분양,서울,0
2021-03,지자체,공공분양,인천,0
2021-03,지자체,공공분양,경기,0
2021-03,지자체,공공분양,부산,0
2021-03,지자체,공공분양,대구,0
2021-03,지자체,공공분양,광주,0
2021-03,지자체,공공분양,대전,0
2021-03,지자체,공공분양,울산,0
2021-03,지자체,공공분양,세종,0
2021-03,지자체,공공분양,강원,0
2021-03,지자체,공공분양,충북,0
2021-03,지자체,공공분양,충남,0
2021-03,지자체,공공분양,전북,0
2021-03,지자체,공공분양,전남,0
2021-03,지자체,공공분양,경북,0
2021-03,지자체,공공분양,경남,0
2021-03,지자체,공공분양,제주,0
2021-03,LH,소계,전국,2,629
2021-03,LH,소계,서울,200
2021-03,LH,소계,인천,920
2021-03,LH,소계,경기,0
2021-03,LH,소계,부산,0
2021-03,LH,소계,대구,0
2021-03,LH,소계,광주,0
2021-03,LH,소계,대전,0
2021-03,LH,소계,울산,0
2021-03,LH,소계,세종,0
2021-03,LH,소계,강원,0
2021-03,LH,소계,충북,0
2021-03,LH,소계,충남,0
2021-03,LH,소계,전북,603
2021-03,LH,소계,전남,0
2021-03,LH,소계,경북,0
2021-03,LH,소계,경남,906
2021-03,LH,소계,제주,0
2021-03,LH,국민임대,전국,276
2021-03,LH,국민임대,서울,0
2021-03,LH,국민임대,인천,0
2021-03,LH,국민임대,경기,0
2021-03,LH,국민임대,부산,0
2021-03,LH,국민임대,대구,0
2021-03,LH,국민임대,광주,0
2021-03,LH,국민임대,대전,0
2021-03,LH,국민임대,울산,0
2021-03,LH,국민임대,세종,0
2021-03,LH,국민임대,강원,0
2021-03,LH,국민임대,충북,0
2021-03,LH,국민임대,충남,0
2021-03,LH,국민임대,전북,276
2021-03,LH,국민임대,전남,0
2021-03,LH,국민임대,경북,0
2021-03,LH,국민임대,경남,0
2021-03,LH,국민임대,제주,0
2021-03,LH,공공임대,전국,1,433
2021-03,LH,공공임대,서울,200
2021-03,LH,공공임대,인천,0
2021-03,LH,공공임대,경기,0
2021-03,LH,공공임대,부산,0
2021-03,LH,공공임대,대구,0
2021-03,LH,공공임대,광주,0
2021-03,LH,공공임대,대전,0
2021-03,LH,공공임대,울산,0
2021-03,LH,공공임대,세종,0
2021-03,LH,공공임대,강원,0
2021-03,LH,공공임대,충북,0
2021-03,LH,공공임대,충남,0
2021-03,LH,공공임대,전북,327
2021-03,LH,공공임대,전남,0
2021-03,LH,공공임대,경북,0
2021-03,LH,공공임대,경남,906
2021-03,LH,공공임대,제주,0
2021-03,LH,공공분양,전국,920
2021-03,LH,공공분양,서울,0
2021-03,LH,공공분양,인천,920
2021-03,LH,공공분양,경기,0
2021-03,LH,공공분양,부산,0
2021-03,LH,공공분양,대구,0
2021-03,LH,공공분양,광주,0
2021-03,LH,공공분양,대전,0
2021-03,LH,공공분양,울산,0
2021-03,LH,공공분양,세종,0
2021-03,LH,공공분양,강원,0
2021-03,LH,공공분양,충북,0
2021-03,LH,공공분양,충남,0
2021-03,LH,공공분양,전북,0
2021-03,LH,공공분양,전남,0
2021-03,LH,공공분양,경북,0
2021-03,LH,공공분양,경남,0
2021-03,LH,공공분양,제주,0
2021-03,주택업체,소계,전국,60
2021-03,주택업체,소계,서울,0
2021-03,주택업체,소계,인천,0
2021-03,주택업체,소계,경기,60
2021-03,주택업체,소계,부산,0
2021-03,주택업체,소계,대구,0
2021-03,주택업체,소계,광주,0
2021-03,주택업체,소계,대전,0
2021-03,주택업체,소계,울산,0
2021-03,주택업체,소계,세종,0
2021-03,주택업체,소계,강원,0
2021-03,주택업체,소계,충북,0
2021-03,주택업체,소계,충남,0
2021-03,주택업체,소계,전북,0
2021-03,주택업체,소계,전남,0
2021-03,주택업체,소계,경북,0
2021-03,주택업체,소계,경남,0
2021-03,주택업체,소계,제주,0
2021-03,주택업체,국민임대,전국,0
2021-03,주택업체,국민임대,서울,0
2021-03,주택업체,국민임대,인천,0
2021-03,주택업체,국민임대,경기,0
2021-03,주택업체,국민임대,부산,0
2021-03,주택업체,국민임대,대구,0
2021-03,주택업체,국민임대,광주,0
2021-03,주택업체,국민임대,대전,0
2021-03,주택업체,국민임대,울산,0
2021-03,주택업체,국민임대,세종,0
2021-03,주택업체,국민임대,강원,0
2021-03,주택업체,국민임대,충북,0
2021-03,주택업체,국민임대,충남,0
2021-03,주택업체,국민임대,전북,0
2021-03,주택업체,국민임대,전남,0
2021-03,주택업체,국민임대,경북,0
2021-03,주택업체,국민임대,경남,0
2021-03,주택업체,국민임대,제주,0
2021-03,주택업체,공공임대,전국,60
2021-03,주택업체,공공임대,서울,0
2021-03,주택업체,공공임대,인천,0
2021-03,주택업체,공공임대,경기,60
2021-03,주택업체,공공임대,부산,0
2021-03,주택업체,공공임대,대구,0
2021-03,주택업체,공공임대,광주,0
2021-03,주택업체,공공임대,대전,0
2021-03,주택업체,공공임대,울산,0
2021-03,주택업체,공공임대,세종,0
2021-03,주택업체,공공임대,강원,0
2021-03,주택업체,공공임대,충북,0
2021-03,주택업체,공공임대,충남,0
2021-03,주택업체,공공임대,전북,0
2021-03,주택업체,공공임대,전남,0
2021-03,주택업체,공공임대,경북,0
2021-03,주택업체,공공임대,경남,0
2021-03,주택업체,공공임대,제주,0
2021-03,주택업체,공공분양,전국,0
2021-03,주택업체,공공분양,서울,0
2021-03,주택업체,공공분양,인천,0
2021-03,주택업체,공공분양,경기,0
2021-03,주택업체,공공분양,부산,0
2021-03,주택업체,공공분양,대구,0
2021-03,주택업체,공공분양,광주,0
2021-03,주택업체,공공분양,대전,0
2021-03,주택업체,공공분양,울산,0
2021-03,주택업체,공공분양,세종,0
2021-03,주택업체,공공분양,강원,0
2021-03,주택업체,공공분양,충북,0
2021-03,주택업체,공공분양,충남,0
2021-03,주택업체,공공분양,전북,0
2021-03,주택업체,공공분양,전남,0
2021-03,주택업체,공공분양,경북,0
2021-03,주택업체,공공분양,경남,0
2021-03,주택업체,공공분양,제주,0
2021-03,민간부문,소계,전국,26,439
2021-03,민간부문,소계,서울,5,297
2021-03,민간부문,소계,인천,187
2021-03,민간부문,소계,경기,7,667
2021-03,민간부문,소계,부산,2,186
2021-03,민간부문,소계,대구,2,048
2021-03,민간부문,소계,광주,646
2021-03,민간부문,소계,대전,81
2021-03,민간부문,소계,울산,291
2021-03,민간부문,소계,세종,19
2021-03,민간부문,소계,강원,1,090
2021-03,민간부문,소계,충북,1,601
2021-03,민간부문,소계,충남,277
2021-03,민간부문,소계,전북,467
2021-03,민간부문,소계,전남,770
2021-03,민간부문,소계,경북,2,139
2021-03,민간부문,소계,경남,1,406
2021-03,민간부문,소계,제주,267
2021-03,민간,민간임대,전국,602
2021-03,민간,민간임대,서울,0
2021-03,민간,민간임대,인천,0
2021-03,민간,민간임대,경기,0
2021-03,민간,민간임대,부산,0
2021-03,민간,민간임대,대구,0
2021-03,민간,민간임대,광주,0
2021-03,민간,민간임대,대전,0
2021-03,민간,민간임대,울산,0
2021-03,민간,민간임대,세종,0
2021-03,민간,민간임대,강원,0
2021-03,민간,민간임대,충북,0
2021-03,민간,민간임대,충남,0
2021-03,민간,민간임대,전북,186
2021-03,민간,민간임대,전남,416
2021-03,민간,민간임대,경북,0
2021-03,민간,민간임대,경남,0
2021-03,민간,민간임대,제주,0
2021-03,민간,민간분양,전국,25,837
2021-03,민간,민간분양,서울,5,297
2021-03,민간,민간분양,인천,187
2021-03,민간,민간분양,경기,7,667
2021-03,민간,민간분양,부산,2,186
2021-03,민간,민간분양,대구,2,048
2021-03,민간,민간분양,광주,646
2021-03,민간,민간분양,대전,81
2021-03,민간,민간분양,울산,291
2021-03,민간,민간분양,세종,19
2021-03,민간,민간분양,강원,1,090
2021-03,민간,민간분양,충북,1,601
2021-03,민간,민간분양,충남,277
2021-03,민간,민간분양,전북,281
2021-03,민간,민간분양,전남,354
2021-03,민간,민간분양,경북,2,139
2021-03,민간,민간분양,경남,1,406
2021-03,민간,민간분양,제주,267
2021-04,총계,총계,전국,23,763
2021-04,총계,총계,서울,3,409
2021-04,총계,총계,인천,2,240
2021-04,총계,총계,경기,5,609
2021-04,총계,총계,부산,5,462
2021-04,총계,총계,대구,123
2021-04,총계,총계,광주,558
2021-04,총계,총계,대전,249
2021-04,총계,총계,울산,66
2021-04,총계,총계,세종,30
2021-04,총계,총계,강원,1,234
2021-04,총계,총계,충북,275
2021-04,총계,총계,충남,1,731
2021-04,총계,총계,전북,293
2021-04,총계,총계,전남,841
2021-04,총계,총계,경북,963
2021-04,총계,총계,경남,377
2021-04,총계,총계,제주,303
2021-04,공공부문,소계,전국,7,242
2021-04,공공부문,소계,서울,0
2021-04,공공부문,소계,인천,0
2021-04,공공부문,소계,경기,2,331
2021-04,공공부문,소계,부산,3,938
2021-04,공공부문,소계,대구,0
2021-04,공공부문,소계,광주,0
2021-04,공공부문,소계,대전,0
2021-04,공공부문,소계,울산,0
2021-04,공공부문,소계,세종,0
2021-04,공공부문,소계,강원,526
2021-04,공공부문,소계,충북,3
2021-04,공공부문,소계,충남,0
2021-04,공공부문,소계,전북,88
2021-04,공공부문,소계,전남,356
2021-04,공공부문,소계,경북,0
2021-04,공공부문,소계,경남,0
2021-04,공공부문,소계,제주,0
2021-04,합,국민임대,전국,514
2021-04,합,국민임대,서울,0
2021-04,합,국민임대,인천,0
2021-04,합,국민임대,경기,514
2021-04,합,국민임대,부산,0
2021-04,합,국민임대,대구,0
2021-04,합,국민임대,광주,0
2021-04,합,국민임대,대전,0
2021-04,합,국민임대,울산,0
2021-04,합,국민임대,세종,0
2021-04,합,국민임대,강원,0
2021-04,합,국민임대,충북,0
2021-04,합,국민임대,충남,0
2021-04,합,국민임대,전북,0
2021-04,합,국민임대,전남,0
2021-04,합,국민임대,경북,0
2021-04,합,국민임대,경남,0
2021-04,합,국민임대,제주,0
2021-04,합,공공임대,전국,3,894
2021-04,합,공공임대,서울,0
2021-04,합,공공임대,인천,0
2021-04,합,공공임대,경기,1,817
2021-04,합,공공임대,부산,1,460
2021-04,합,공공임대,대구,0
2021-04,합,공공임대,광주,0
2021-04,합,공공임대,대전,0
2021-04,합,공공임대,울산,0
2021-04,합,공공임대,세종,0
2021-04,합,공공임대,강원,526
2021-04,합,공공임대,충북,3
2021-04,합,공공임대,충남,0
2021-04,합,공공임대,전북,88
2021-04,합,공공임대,전남,0
2021-04,합,공공임대,경북,0
2021-04,합,공공임대,경남,0
2021-04,합,공공임대,제주,0
2021-04,합,공공분양,전국,2,834
2021-04,합,공공분양,서울,0
2021-04,합,공공분양,인천,0
2021-04,합,공공분양,경기,0
2021-04,합,공공분양,부산,2,478
2021-04,합,공공분양,대구,0
2021-04,합,공공분양,광주,0
2021-04,합,공공분양,대전,0
2021-04,합,공공분양,울산,0
2021-04,합,공공분양,세종,0
2021-04,합,공공분양,강원,0
2021-04,합,공공분양,충북,0
2021-04,합,공공분양,충남,0
2021-04,합,공공분양,전북,0
2021-04,합,공공분양,전남,356
2021-04,합,공공분양,경북,0
2021-04,합,공공분양,경남,0
2021-04,합,공공분양,제주,0
2021-04,지자체,소계,전국,1,969
2021-04,지자체,소계,서울,0
2021-04,지자체,소계,인천,0
2021-04,지자체,소계,경기,0
2021-04,지자체,소계,부산,1,969
2021-04,지자체,소계,대구,0
2021-04,지자체,소계,광주,0
2021-04,지자체,소계,대전,0
2021-04,지자체,소계,울산,0
2021-04,지자체,소계,세종,0
2021-04,지자체,소계,강원,0
2021-04,지자체,소계,충북,0
2021-04,지자체,소계,충남,0
2021-04,지자체,소계,전북,0
2021-04,지자체,소계,전남,0
2021-04,지자체,소계,경북,0
2021-04,지자체,소계,경남,0
2021-04,지자체,소계,제주,0
2021-04,지자체,국민임대,전국,0
2021-04,지자체,국민임대,서울,0
2021-04,지자체,국민임대,인천,0
2021-04,지자체,국민임대,경기,0
2021-04,지자체,국민임대,부산,0
2021-04,지자체,국민임대,대구,0
2021-04,지자체,국민임대,광주,0
2021-04,지자체,국민임대,대전,0
2021-04,지자체,국민임대,울산,0
2021-04,지자체,국민임대,세종,0
2021-04,지자체,국민임대,강원,0
2021-04,지자체,국민임대,충북,0
2021-04,지자체,국민임대,충남,0
2021-04,지자체,국민임대,전북,0
2021-04,지자체,국민임대,전남,0
2021-04,지자체,국민임대,경북,0
2021-04,지자체,국민임대,경남,0
2021-04,지자체,국민임대,제주,0
2021-04,지자체,공공임대,전국,730
2021-04,지자체,공공임대,서울,0
2021-04,지자체,공공임대,인천,0
2021-04,지자체,공공임대,경기,0
2021-04,지자체,공공임대,부산,730
2021-04,지자체,공공임대,대구,0
2021-04,지자체,공공임대,광주,0
2021-04,지자체,공공임대,대전,0
2021-04,지자체,공공임대,울산,0
2021-04,지자체,공공임대,세종,0
2021-04,지자체,공공임대,강원,0
2021-04,지자체,공공임대,충북,0
2021-04,지자체,공공임대,충남,0
2021-04,지자체,공공임대,전북,0
2021-04,지자체,공공임대,전남,0
2021-04,지자체,공공임대,경북,0
2021-04,지자체,공공임대,경남,0
2021-04,지자체,공공임대,제주,0
2021-04,지자체,공공분양,전국,1,239
2021-04,지자체,공공분양,서울,0
2021-04,지자체,공공분양,인천,0
2021-04,지자체,공공분양,경기,0
2021-04,지자체,공공분양,부산,1,239
2021-04,지자체,공공분양,대구,0
2021-04,지자체,공공분양,광주,0
2021-04,지자체,공공분양,대전,0
2021-04,지자체,공공분양,울산,0
2021-04,지자체,공공분양,세종,0
2021-04,지자체,공공분양,강원,0
2021-04,지자체,공공분양,충북,0
2021-04,지자체,공공분양,충남,0
2021-04,지자체,공공분양,전북,0
2021-04,지자체,공공분양,전남,0
2021-04,지자체,공공분양,경북,0
2021-04,지자체,공공분양,경남,0
2021-04,지자체,공공분양,제주,0
2021-04,LH,소계,전국,4,097
2021-04,LH,소계,서울,0
2021-04,LH,소계,인천,0
2021-04,LH,소계,경기,1,769
2021-04,LH,소계,부산,1,969
2021-04,LH,소계,대구,0
2021-04,LH,소계,광주,0
2021-04,LH,소계,대전,0
2021-04,LH,소계,울산,0
2021-04,LH,소계,세종,0
2021-04,LH,소계,강원,0
2021-04,LH,소계,충북,3
2021-04,LH,소계,충남,0
2021-04,LH,소계,전북,0
2021-04,LH,소계,전남,356
2021-04,LH,소계,경북,0
2021-04,LH,소계,경남,0
2021-04,LH,소계,제주,0
2021-04,LH,국민임대,전국,514
2021-04,LH,국민임대,서울,0
2021-04,LH,국민임대,인천,0
2021-04,LH,국민임대,경기,514
2021-04,LH,국민임대,부산,0
2021-04,LH,국민임대,대구,0
2021-04,LH,국민임대,광주,0
2021-04,LH,국민임대,대전,0
2021-04,LH,국민임대,울산,0
2021-04,LH,국민임대,세종,0
2021-04,LH,국민임대,강원,0
2021-04,LH,국민임대,충북,0
2021-04,LH,국민임대,충남,0
2021-04,LH,국민임대,전북,0
2021-04,LH,국민임대,전남,0
2021-04,LH,국민임대,경북,0
2021-04,LH,국민임대,경남,0
2021-04,LH,국민임대,제주,0
2021-04,LH,공공임대,전국,1,988
2021-04,LH,공공임대,서울,0
2021-04,LH,공공임대,인천,0
2021-04,LH,공공임대,경기,1,255
2021-04,LH,공공임대,부산,730
2021-04,LH,공공임대,대구,0
2021-04,LH,공공임대,광주,0
2021-04,LH,공공임대,대전,0
2021-04,LH,공공임대,울산,0
2021-04,LH,공공임대,세종,0
2021-04,LH,공공임대,강원,0
2021-04,LH,공공임대,충북,3
2021-04,LH,공공임대,충남,0
2021-04,LH,공공임대,전북,0
2021-04,LH,공공임대,전남,0
2021-04,LH,공공임대,경북,0
2021-04,LH,공공임대,경남,0
2021-04,LH,공공임대,제주,0
2021-04,LH,공공분양,전국,1,595
2021-04,LH,공공분양,서울,0
2021-04,LH,공공분양,인천,0
2021-04,LH,공공분양,경기,0
2021-04,LH,공공분양,부산,1,239
2021-04,LH,공공분양,대구,0
2021-04,LH,공공분양,광주,0
2021-04,LH,공공분양,대전,0
2021-04,LH,공공분양,울산,0
2021-04,LH,공공분양,세종,0
2021-04,LH,공공분양,강원,0
2021-04,LH,공공분양,충북,0
2021-04,LH,공공분양,충남,0
2021-04,LH,공공분양,전북,0
2021-04,LH,공공분양,전남,356
2021-04,LH,공공분양,경북,0
2021-04,LH,공공분양,경남,0
2021-04,LH,공공분양,제주,0
2021-04,주택업체,소계,전국,1,176
2021-04,주택업체,소계,서울,0
2021-04,주택업체,소계,인천,0
2021-04,주택업체,소계,경기,562
2021-04,주택업체,소계,부산,0
2021-04,주택업체,소계,대구,0
2021-04,주택업체,소계,광주,0
2021-04,주택업체,소계,대전,0
2021-04,주택업체,소계,울산,0
2021-04,주택업체,소계,세종,0
2021-04,주택업체,소계,강원,526
2021-04,주택업체,소계,충북,0
2021-04,주택업체,소계,충남,0
2021-04,주택업체,소계,전북,88
2021-04,주택업체,소계,전남,0
2021-04,주택업체,소계,경북,0
2021-04,주택업체,소계,경남,0
2021-04,주택업체,소계,제주,0
2021-04,주택업체,국민임대,전국,0
2021-04,주택업체,국민임대,서울,0
2021-04,주택업체,국민임대,인천,0
2021-04,주택업체,국민임대,경기,0
2021-04,주택업체,국민임대,부산,0
2021-04,주택업체,국민임대,대구,0
2021-04,주택업체,국민임대,광주,0
2021-04,주택업체,국민임대,대전,0
2021-04,주택업체,국민임대,울산,0
2021-04,주택업체,국민임대,세종,0
2021-04,주택업체,국민임대,강원,0
2021-04,주택업체,국민임대,충북,0
2021-04,주택업체,국민임대,충남,0
2021-04,주택업체,국민임대,전북,0
2021-04,주택업체,국민임대,전남,0
2021-04,주택업체,국민임대,경북,0
2021-04,주택업체,국민임대,경남,0
2021-04,주택업체,국민임대,제주,0
2021-04,주택업체,공공임대,전국,1,176
2021-04,주택업체,공공임대,서울,0
2021-04,주택업체,공공임대,인천,0
2021-04,주택업체,공공임대,경기,562
2021-04,주택업체,공공임대,부산,0
2021-04,주택업체,공공임대,대구,0
2021-04,주택업체,공공임대,광주,0
2021-04,주택업체,공공임대,대전,0
2021-04,주택업체,공공임대,울산,0
2021-04,주택업체,공공임대,세종,0
2021-04,주택업체,공공임대,강원,526
2021-04,주택업체,공공임대,충북,0
2021-04,주택업체,공공임대,충남,0
2021-04,주택업체,공공임대,전북,88
2021-04,주택업체,공공임대,전남,0
2021-04,주택업체,공공임대,경북,0
2021-04,주택업체,공공임대,경남,0
2021-04,주택업체,공공임대,제주,0
2021-04,주택업체,공공분양,전국,0
2021-04,주택업체,공공분양,서울,0
2021-04,주택업체,공공분양,인천,0
2021-04,주택업체,공공분양,경기,0
2021-04,주택업체,공공분양,부산,0
2021-04,주택업체,공공분양,대구,0
2021-04,주택업체,공공분양,광주,0
2021-04,주택업체,공공분양,대전,0
2021-04,주택업체,공공분양,울산,0
2021-04,주택업체,공공분양,세종,0
2021-04,주택업체,공공분양,강원,0
2021-04,주택업체,공공분양,충북,0
2021-04,주택업체,공공분양,충남,0
2021-04,주택업체,공공분양,전북,0
2021-04,주택업체,공공분양,전남,0
2021-04,주택업체,공공분양,경북,0
2021-04,주택업체,공공분양,경남,0
2021-04,주택업체,공공분양,제주,0
2021-04,민간부문,소계,전국,16,521
2021-04,민간부문,소계,서울,3,409
2021-04,민간부문,소계,인천,2,240
2021-04,민간부문,소계,경기,3,278
2021-04,민간부문,소계,부산,1,524
2021-04,민간부문,소계,대구,123
2021-04,민간부문,소계,광주,558
2021-04,민간부문,소계,대전,249
2021-04,민간부문,소계,울산,66
2021-04,민간부문,소계,세종,30
2021-04,민간부문,소계,강원,708
2021-04,민간부문,소계,충북,272
2021-04,민간부문,소계,충남,1,731
2021-04,민간부문,소계,전북,205
2021-04,민간부문,소계,전남,485
2021-04,민간부문,소계,경북,963
2021-04,민간부문,소계,경남,377
2021-04,민간부문,소계,제주,303
2021-04,민간,민간임대,전국,1,368
2021-04,민간,민간임대,서울,40
2021-04,민간,민간임대,인천,0
2021-04,민간,민간임대,경기,212
2021-04,민간,민간임대,부산,1,116
2021-04,민간,민간임대,대구,0
2021-04,민간,민간임대,광주,0
2021-04,민간,민간임대,대전,0
2021-04,민간,민간임대,울산,0
2021-04,민간,민간임대,세종,0
2021-04,민간,민간임대,강원,0
2021-04,민간,민간임대,충북,0
2021-04,민간,민간임대,충남,0
2021-04,민간,민간임대,전북,0
2021-04,민간,민간임대,전남,0
2021-04,민간,민간임대,경북,0
2021-04,민간,민간임대,경남,0
2021-04,민간,민간임대,제주,0
2021-04,민간,민간분양,전국,15,153
2021-04,민간,민간분양,서울,3,369
2021-04,민간,민간분양,인천,2,240
2021-04,민간,민간분양,경기,3,066
2021-04,민간,민간분양,부산,408
2021-04,민간,민간분양,대구,123
2021-04,민간,민간분양,광주,558
2021-04,민간,민간분양,대전,249
2021-04,민간,민간분양,울산,66
2021-04,민간,민간분양,세종,30
2021-04,민간,민간분양,강원,708
2021-04,민간,민간분양,충북,272
2021-04,민간,민간분양,충남,1,731
2021-04,민간,민간분양,전북,205
2021-04,민간,민간분양,전남,485
2021-04,민간,민간분양,경북,963
2021-04,민간,민간분양,경남,377
2021-04,민간,민간분양,제주,303
2021-05,총계,총계,전국,23,988
2021-05,총계,총계,서울,3,203
2021-05,총계,총계,인천,1,215
2021-05,총계,총계,경기,8,414
2021-05,총계,총계,부산,875
2021-05,총계,총계,대구,57
2021-05,총계,총계,광주,788
2021-05,총계,총계,대전,60
2021-05,총계,총계,울산,443
2021-05,총계,총계,세종,26
2021-05,총계,총계,강원,211
2021-05,총계,총계,충북,1,355
2021-05,총계,총계,충남,2,349
2021-05,총계,총계,전북,1,241
2021-05,총계,총계,전남,1,404
2021-05,총계,총계,경북,291
2021-05,총계,총계,경남,1,821
2021-05,총계,총계,제주,235
2021-05,공공부문,소계,전국,3,371
2021-05,공공부문,소계,서울,149
2021-05,공공부문,소계,인천,0
2021-05,공공부문,소계,경기,2,310
2021-05,공공부문,소계,부산,0
2021-05,공공부문,소계,대구,0
2021-05,공공부문,소계,광주,740
2021-05,공공부문,소계,대전,0
2021-05,공공부문,소계,울산,0
2021-05,공공부문,소계,세종,0
2021-05,공공부문,소계,강원,0
2021-05,공공부문,소계,충북,2
2021-05,공공부문,소계,충남,0
2021-05,공공부문,소계,전북,0
2021-05,공공부문,소계,전남,0
2021-05,공공부문,소계,경북,0
2021-05,공공부문,소계,경남,170
2021-05,공공부문,소계,제주,0
2021-05,합,국민임대,전국,1,368
2021-05,합,국민임대,서울,0
2021-05,합,국민임대,인천,0
2021-05,합,국민임대,경기,528
2021-05,합,국민임대,부산,0
2021-05,합,국민임대,대구,0
2021-05,합,국민임대,광주,710
2021-05,합,국민임대,대전,0
2021-05,합,국민임대,울산,0
2021-05,합,국민임대,세종,0
2021-05,합,국민임대,강원,0
2021-05,합,국민임대,충북,0
2021-05,합,국민임대,충남,0
2021-05,합,국민임대,전북,0
2021-05,합,국민임대,전남,0
2021-05,합,국민임대,경북,0
2021-05,합,국민임대,경남,130
2021-05,합,국민임대,제주,0
2021-05,합,공공임대,전국,1,396
2021-05,합,공공임대,서울,149
2021-05,합,공공임대,인천,0
2021-05,합,공공임대,경기,1,177
2021-05,합,공공임대,부산,0
2021-05,합,공공임대,대구,0
2021-05,합,공공임대,광주,30
2021-05,합,공공임대,대전,0
2021-05,합,공공임대,울산,0
2021-05,합,공공임대,세종,0
2021-05,합,공공임대,강원,0
2021-05,합,공공임대,충북,0
2021-05,합,공공임대,충남,0
2021-05,합,공공임대,전북,0
2021-05,합,공공임대,전남,0
2021-05,합,공공임대,경북,0
2021-05,합,공공임대,경남,40
2021-05,합,공공임대,제주,0
2021-05,합,공공분양,전국,607
2021-05,합,공공분양,서울,0
2021-05,합,공공분양,인천,0
2021-05,합,공공분양,경기,605
2021-05,합,공공분양,부산,0
2021-05,합,공공분양,대구,0
2021-05,합,공공분양,광주,0
2021-05,합,공공분양,대전,0
2021-05,합,공공분양,울산,0
2021-05,합,공공분양,세종,0
2021-05,합,공공분양,강원,0
2021-05,합,공공분양,충북,2
2021-05,합,공공분양,충남,0
2021-05,합,공공분양,전북,0
2021-05,합,공공분양,전남,0
2021-05,합,공공분양,경북,0
2021-05,합,공공분양,경남,0
2021-05,합,공공분양,제주,0
2021-05,지자체,소계,전국,0
2021-05,지자체,소계,서울,0
2021-05,지자체,소계,인천,0
2021-05,지자체,소계,경기,0
2021-05,지자체,소계,부산,0
2021-05,지자체,소계,대구,0
2021-05,지자체,소계,광주,0
2021-05,지자체,소계,대전,0
2021-05,지자체,소계,울산,0
2021-05,지자체,소계,세종,0
2021-05,지자체,소계,강원,0
2021-05,지자체,소계,충북,0
2021-05,지자체,소계,충남,0
2021-05,지자체,소계,전북,0
2021-05,지자체,소계,전남,0
2021-05,지자체,소계,경북,0
2021-05,지자체,소계,경남,0
2021-05,지자체,소계,제주,0
2021-05,지자체,국민임대,전국,0
2021-05,지자체,국민임대,서울,0
2021-05,지자체,국민임대,인천,0
2021-05,지자체,국민임대,경기,0
2021-05,지자체,국민임대,부산,0
2021-05,지자체,국민임대,대구,0
2021-05,지자체,국민임대,광주,0
2021-05,지자체,국민임대,대전,0
2021-05,지자체,국민임대,울산,0
2021-05,지자체,국민임대,세종,0
2021-05,지자체,국민임대,강원,0
2021-05,지자체,국민임대,충북,0
2021-05,지자체,국민임대,충남,0
2021-05,지자체,국민임대,전북,0
2021-05,지자체,국민임대,전남,0
2021-05,지자체,국민임대,경북,0
2021-05,지자체,국민임대,경남,0
2021-05,지자체,국민임대,제주,0
2021-05,지자체,공공임대,전국,0
2021-05,지자체,공공임대,서울,0
2021-05,지자체,공공임대,인천,0
2021-05,지자체,공공임대,경기,0
2021-05,지자체,공공임대,부산,0
2021-05,지자체,공공임대,대구,0
2021-05,지자체,공공임대,광주,0
2021-05,지자체,공공임대,대전,0
2021-05,지자체,공공임대,울산,0
2021-05,지자체,공공임대,세종,0
2021-05,지자체,공공임대,강원,0
2021-05,지자체,공공임대,충북,0
2021-05,지자체,공공임대,충남,0
2021-05,지자체,공공임대,전북,0
2021-05,지자체,공공임대,전남,0
2021-05,지자체,공공임대,경북,0
2021-05,지자체,공공임대,경남,0
2021-05,지자체,공공임대,제주,0
2021-05,지자체,공공분양,전국,0
2021-05,지자체,공공분양,서울,0
2021-05,지자체,공공분양,인천,0
2021-05,지자체,공공분양,경기,0
2021-05,지자체,공공분양,부산,0
2021-05,지자체,공공분양,대구,0
2021-05,지자체,공공분양,광주,0
2021-05,지자체,공공분양,대전,0
2021-05,지자체,공공분양,울산,0
2021-05,지자체,공공분양,세종,0
2021-05,지자체,공공분양,강원,0
2021-05,지자체,공공분양,충북,0
2021-05,지자체,공공분양,충남,0
2021-05,지자체,공공분양,전북,0
2021-05,지자체,공공분양,전남,0
2021-05,지자체,공공분양,경북,0
2021-05,지자체,공공분양,경남,0
2021-05,지자체,공공분양,제주,0
2021-05,LH,소계,전국,3,212
2021-05,LH,소계,서울,0
2021-05,LH,소계,인천,0
2021-05,LH,소계,경기,2,300
2021-05,LH,소계,부산,0
2021-05,LH,소계,대구,0
2021-05,LH,소계,광주,740
2021-05,LH,소계,대전,0
2021-05,LH,소계,울산,0
2021-05,LH,소계,세종,0
2021-05,LH,소계,강원,0
2021-05,LH,소계,충북,2
2021-05,LH,소계,충남,0
2021-05,LH,소계,전북,0
2021-05,LH,소계,전남,0
2021-05,LH,소계,경북,0
2021-05,LH,소계,경남,170
2021-05,LH,소계,제주,0
2021-05,LH,국민임대,전국,1,368
2021-05,LH,국민임대,서울,0
2021-05,LH,국민임대,인천,0
2021-05,LH,국민임대,경기,528
2021-05,LH,국민임대,부산,0
2021-05,LH,국민임대,대구,0
2021-05,LH,국민임대,광주,710
2021-05,LH,국민임대,대전,0
2021-05,LH,국민임대,울산,0
2021-05,LH,국민임대,세종,0
2021-05,LH,국민임대,강원,0
2021-05,LH,국민임대,충북,0
2021-05,LH,국민임대,충남,0
2021-05,LH,국민임대,전북,0
2021-05,LH,국민임대,전남,0
2021-05,LH,국민임대,경북,0
2021-05,LH,국민임대,경남,130
2021-05,LH,국민임대,제주,0
2021-05,LH,공공임대,전국,1,237
2021-05,LH,공공임대,서울,0
2021-05,LH,공공임대,인천,0
2021-05,LH,공공임대,경기,1,167
2021-05,LH,공공임대,부산,0
2021-05,LH,공공임대,대구,0
2021-05,LH,공공임대,광주,30
2021-05,LH,공공임대,대전,0
2021-05,LH,공공임대,울산,0
2021-05,LH,공공임대,세종,0
2021-05,LH,공공임대,강원,0
2021-05,LH,공공임대,충북,0
2021-05,LH,공공임대,충남,0
2021-05,LH,공공임대,전북,0
2021-05,LH,공공임대,전남,0
2021-05,LH,공공임대,경북,0
2021-05,LH,공공임대,경남,40
2021-05,LH,공공임대,제주,0
2021-05,LH,공공분양,전국,607
2021-05,LH,공공분양,서울,0
2021-05,LH,공공분양,인천,0
2021-05,LH,공공분양,경기,605
2021-05,LH,공공분양,부산,0
2021-05,LH,공공분양,대구,0
2021-05,LH,공공분양,광주,0
2021-05,LH,공공분양,대전,0
2021-05,LH,공공분양,울산,0
2021-05,LH,공공분양,세종,0
2021-05,LH,공공분양,강원,0
2021-05,LH,공공분양,충북,2
2021-05,LH,공공분양,충남,0
2021-05,LH,공공분양,전북,0
2021-05,LH,공공분양,전남,0
2021-05,LH,공공분양,경북,0
2021-05,LH,공공분양,경남,0
2021-05,LH,공공분양,제주,0
2021-05,주택업체,소계,전국,159
2021-05,주택업체,소계,서울,149
2021-05,주택업체,소계,인천,0
2021-05,주택업체,소계,경기,10
2021-05,주택업체,소계,부산,0
2021-05,주택업체,소계,대구,0
2021-05,주택업체,소계,광주,0
2021-05,주택업체,소계,대전,0
2021-05,주택업체,소계,울산,0
2021-05,주택업체,소계,세종,0
2021-05,주택업체,소계,강원,0
2021-05,주택업체,소계,충북,0
2021-05,주택업체,소계,충남,0
2021-05,주택업체,소계,전북,0
2021-05,주택업체,소계,전남,0
2021-05,주택업체,소계,경북,0
2021-05,주택업체,소계,경남,0
2021-05,주택업체,소계,제주,0
2021-05,주택업체,국민임대,전국,0
2021-05,주택업체,국민임대,서울,0
2021-05,주택업체,국민임대,인천,0
2021-05,주택업체,국민임대,경기,0
2021-05,주택업체,국민임대,부산,0
2021-05,주택업체,국민임대,대구,0
2021-05,주택업체,국민임대,광주,0
2021-05,주택업체,국민임대,대전,0
2021-05,주택업체,국민임대,울산,0
2021-05,주택업체,국민임대,세종,0
2021-05,주택업체,국민임대,강원,0
2021-05,주택업체,국민임대,충북,0
2021-05,주택업체,국민임대,충남,0
2021-05,주택업체,국민임대,전북,0
2021-05,주택업체,국민임대,전남,0
2021-05,주택업체,국민임대,경북,0
2021-05,주택업체,국민임대,경남,0
2021-05,주택업체,국민임대,제주,0
2021-05,주택업체,공공임대,전국,159
2021-05,주택업체,공공임대,서울,149
2021-05,주택업체,공공임대,인천,0
2021-05,주택업체,공공임대,경기,10
2021-05,주택업체,공공임대,부산,0
2021-05,주택업체,공공임대,대구,0
2021-05,주택업체,공공임대,광주,0
2021-05,주택업체,공공임대,대전,0
2021-05,주택업체,공공임대,울산,0
2021-05,주택업체,공공임대,세종,0
2021-05,주택업체,공공임대,강원,0
2021-05,주택업체,공공임대,충북,0
2021-05,주택업체,공공임대,충남,0
2021-05,주택업체,공공임대,전북,0
2021-05,주택업체,공공임대,전남,0
2021-05,주택업체,공공임대,경북,0
2021-05,주택업체,공공임대,경남,0
2021-05,주택업체,공공임대,제주,0
2021-05,주택업체,공공분양,전국,0
2021-05,주택업체,공공분양,서울,0
2021-05,주택업체,공공분양,인천,0
2021-05,주택업체,공공분양,경기,0
2021-05,주택업체,공공분양,부산,0
2021-05,주택업체,공공분양,대구,0
2021-05,주택업체,공공분양,광주,0
2021-05,주택업체,공공분양,대전,0
2021-05,주택업체,공공분양,울산,0
2021-05,주택업체,공공분양,세종,0
2021-05,주택업체,공공분양,강원,0
2021-05,주택업체,공공분양,충북,0
2021-05,주택업체,공공분양,충남,0
2021-05,주택업체,공공분양,전북,0
2021-05,주택업체,공공분양,전남,0
2021-05,주택업체,공공분양,경북,0
2021-05,주택업체,공공분양,경남,0
2021-05,주택업체,공공분양,제주,0
2021-05,민간부문,소계,전국,20,617
2021-05,민간부문,소계,서울,3,054
2021-05,민간부문,소계,인천,1,215
2021-05,민간부문,소계,경기,6,104
2021-05,민간부문,소계,부산,875
2021-05,민간부문,소계,대구,57
2021-05,민간부문,소계,광주,48
2021-05,민간부문,소계,대전,60
2021-05,민간부문,소계,울산,443
2021-05,민간부문,소계,세종,26
2021-05,민간부문,소계,강원,211
2021-05,민간부문,소계,충북,1,353
2021-05,민간부문,소계,충남,2,349
2021-05,민간부문,소계,전북,1,241
2021-05,민간부문,소계,전남,1,404
2021-05,민간부문,소계,경북,291
2021-05,민간부문,소계,경남,1,651
2021-05,민간부문,소계,제주,235
2021-05,민간,민간임대,전국,2,947
2021-05,민간,민간임대,서울,0
2021-05,민간,민간임대,인천,271
2021-05,민간,민간임대,경기,1,004
2021-05,민간,민간임대,부산,0
2021-05,민간,민간임대,대구,0
2021-05,민간,민간임대,광주,0
2021-05,민간,민간임대,대전,0
2021-05,민간,민간임대,울산,405
2021-05,민간,민간임대,세종,0
2021-05,민간,민간임대,강원,0
2021-05,민간,민간임대,충북,0
2021-05,민간,민간임대,충남,1,267
2021-05,민간,민간임대,전북,0
2021-05,민간,민간임대,전남,0
2021-05,민간,민간임대,경북,0
2021-05,민간,민간임대,경남,0
2021-05,민간,민간임대,제주,0
2021-05,민간,민간분양,전국,17,670
2021-05,민간,민간분양,서울,3,054
2021-05,민간,민간분양,인천,944
2021-05,민간,민간분양,경기,5,100
2021-05,민간,민간분양,부산,875
2021-05,민간,민간분양,대구,57
2021-05,민간,민간분양,광주,48
2021-05,민간,민간분양,대전,60
2021-05,민간,민간분양,울산,38
2021-05,민간,민간분양,세종,26
2021-05,민간,민간분양,강원,211
2021-05,민간,민간분양,충북,1,353
2021-05,민간,민간분양,충남,1,082
2021-05,민간,민간분양,전북,1,241
2021-05,민간,민간분양,전남,1,404
2021-05,민간,민간분양,경북,291
2021-05,민간,민간분양,경남,1,651
2021-05,민간,민간분양,제주,235
2021-06,총계,총계,전국,35,507
2021-06,총계,총계,서울,4,247
2021-06,총계,총계,인천,3,470
2021-06,총계,총계,경기,12,976
2021-06,총계,총계,부산,2,050
2021-06,총계,총계,대구,2,200
2021-06,총계,총계,광주,1,356
2021-06,총계,총계,대전,58
2021-06,총계,총계,울산,60
2021-06,총계,총계,세종,866
2021-06,총계,총계,강원,1,239
2021-06,총계,총계,충북,258
2021-06,총계,총계,충남,1,072
2021-06,총계,총계,전북,834
2021-06,총계,총계,전남,1,548
2021-06,총계,총계,경북,1,813
2021-06,총계,총계,경남,823
2021-06,총계,총계,제주,637
2021-06,공공부문,소계,전국,8,399
2021-06,공공부문,소계,서울,0
2021-06,공공부문,소계,인천,1,952
2021-06,공공부문,소계,경기,4,467
2021-06,공공부문,소계,부산,0
2021-06,공공부문,소계,대구,844
2021-06,공공부문,소계,광주,0
2021-06,공공부문,소계,대전,0
2021-06,공공부문,소계,울산,0
2021-06,공공부문,소계,세종,0
2021-06,공공부문,소계,강원,0
2021-06,공공부문,소계,충북,6
2021-06,공공부문,소계,충남,0
2021-06,공공부문,소계,전북,0
2021-06,공공부문,소계,전남,630
2021-06,공공부문,소계,경북,0
2021-06,공공부문,소계,경남,500
2021-06,공공부문,소계,제주,0
2021-06,합,국민임대,전국,649
2021-06,합,국민임대,서울,0
2021-06,합,국민임대,인천,0
2021-06,합,국민임대,경기,449
2021-06,합,국민임대,부산,0
2021-06,합,국민임대,대구,0
2021-06,합,국민임대,광주,0
2021-06,합,국민임대,대전,0
2021-06,합,국민임대,울산,0
2021-06,합,국민임대,세종,0
2021-06,합,국민임대,강원,0
2021-06,합,국민임대,충북,0
2021-06,합,국민임대,충남,0
2021-06,합,국민임대,전북,0
2021-06,합,국민임대,전남,200
2021-06,합,국민임대,경북,0
2021-06,합,국민임대,경남,0
2021-06,합,국민임대,제주,0
2021-06,합,공공임대,전국,4,771
2021-06,합,공공임대,서울,0
2021-06,합,공공임대,인천,1,952
2021-06,합,공공임대,경기,1,883
2021-06,합,공공임대,부산,0
2021-06,합,공공임대,대구,0
2021-06,합,공공임대,광주,0
2021-06,합,공공임대,대전,0
2021-06,합,공공임대,울산,0
2021-06,합,공공임대,세종,0
2021-06,합,공공임대,강원,0
2021-06,합,공공임대,충북,6
2021-06,합,공공임대,충남,0
2021-06,합,공공임대,전북,0
2021-06,합,공공임대,전남,430
2021-06,합,공공임대,경북,0
2021-06,합,공공임대,경남,500
2021-06,합,공공임대,제주,0
2021-06,합,공공분양,전국,2,979
2021-06,합,공공분양,서울,0
2021-06,합,공공분양,인천,0
2021-06,합,공공분양,경기,2,135
2021-06,합,공공분양,부산,0
2021-06,합,공공분양,대구,844
2021-06,합,공공분양,광주,0
2021-06,합,공공분양,대전,0
2021-06,합,공공분양,울산,0
2021-06,합,공공분양,세종,0
2021-06,합,공공분양,강원,0
2021-06,합,공공분양,충북,0
2021-06,합,공공분양,충남,0
2021-06,합,공공분양,전북,0
2021-06,합,공공분양,전남,0
2021-06,합,공공분양,경북,0
2021-06,합,공공분양,경남,0
2021-06,합,공공분양,제주,0
2021-06,지자체,소계,전국,0
2021-06,지자체,소계,서울,0
2021-06,지자체,소계,인천,0
2021-06,지자체,소계,경기,0
2021-06,지자체,소계,부산,0
2021-06,지자체,소계,대구,0
2021-06,지자체,소계,광주,0
2021-06,지자체,소계,대전,0
2021-06,지자체,소계,울산,0
2021-06,지자체,소계,세종,0
2021-06,지자체,소계,강원,0
2021-06,지자체,소계,충북,0
2021-06,지자체,소계,충남,0
2021-06,지자체,소계,전북,0
2021-06,지자체,소계,전남,0
2021-06,지자체,소계,경북,0
2021-06,지자체,소계,경남,0
2021-06,지자체,소계,제주,0
2021-06,지자체,국민임대,전국,0
2021-06,지자체,국민임대,서울,0
2021-06,지자체,국민임대,인천,0
2021-06,지자체,국민임대,경기,0
2021-06,지자체,국민임대,부산,0
2021-06,지자체,국민임대,대구,0
2021-06,지자체,국민임대,광주,0
2021-06,지자체,국민임대,대전,0
2021-06,지자체,국민임대,울산,0
2021-06,지자체,국민임대,세종,0
2021-06,지자체,국민임대,강원,0
2021-06,지자체,국민임대,충북,0
2021-06,지자체,국민임대,충남,0
2021-06,지자체,국민임대,전북,0
2021-06,지자체,국민임대,전남,0
2021-06,지자체,국민임대,경북,0
2021-06,지자체,국민임대,경남,0
2021-06,지자체,국민임대,제주,0
2021-06,지자체,공공임대,전국,0
2021-06,지자체,공공임대,서울,0
2021-06,지자체,공공임대,인천,0
2021-06,지자체,공공임대,경기,0
2021-06,지자체,공공임대,부산,0
2021-06,지자체,공공임대,대구,0
2021-06,지자체,공공임대,광주,0
2021-06,지자체,공공임대,대전,0
2021-06,지자체,공공임대,울산,0
2021-06,지자체,공공임대,세종,0
2021-06,지자체,공공임대,강원,0
2021-06,지자체,공공임대,충북,0
2021-06,지자체,공공임대,충남,0
2021-06,지자체,공공임대,전북,0
2021-06,지자체,공공임대,전남,0
2021-06,지자체,공공임대,경북,0
2021-06,지자체,공공임대,경남,0
2021-06,지자체,공공임대,제주,0
2021-06,지자체,공공분양,전국,0
2021-06,지자체,공공분양,서울,0
2021-06,지자체,공공분양,인천,0
2021-06,지자체,공공분양,경기,0
2021-06,지자체,공공분양,부산,0
2021-06,지자체,공공분양,대구,0
2021-06,지자체,공공분양,광주,0
2021-06,지자체,공공분양,대전,0
2021-06,지자체,공공분양,울산,0
2021-06,지자체,공공분양,세종,0
2021-06,지자체,공공분양,강원,0
2021-06,지자체,공공분양,충북,0
2021-06,지자체,공공분양,충남,0
2021-06,지자체,공공분양,전북,0
2021-06,지자체,공공분양,전남,0
2021-06,지자체,공공분양,경북,0
2021-06,지자체,공공분양,경남,0
2021-06,지자체,공공분양,제주,0
2021-06,LH,소계,전국,6,981
2021-06,LH,소계,서울,0
2021-06,LH,소계,인천,1,952
2021-06,LH,소계,경기,3,893
2021-06,LH,소계,부산,0
2021-06,LH,소계,대구,0
2021-06,LH,소계,광주,0
2021-06,LH,소계,대전,0
2021-06,LH,소계,울산,0
2021-06,LH,소계,세종,0
2021-06,LH,소계,강원,0
2021-06,LH,소계,충북,6
2021-06,LH,소계,충남,0
2021-06,LH,소계,전북,0
2021-06,LH,소계,전남,630
2021-06,LH,소계,경북,0
2021-06,LH,소계,경남,500
2021-06,LH,소계,제주,0
2021-06,LH,국민임대,전국,649
2021-06,LH,국민임대,서울,0
2021-06,LH,국민임대,인천,0
2021-06,LH,국민임대,경기,449
2021-06,LH,국민임대,부산,0
2021-06,LH,국민임대,대구,0
2021-06,LH,국민임대,광주,0
2021-06,LH,국민임대,대전,0
2021-06,LH,국민임대,울산,0
2021-06,LH,국민임대,세종,0
2021-06,LH,국민임대,강원,0
2021-06,LH,국민임대,충북,0
2021-06,LH,국민임대,충남,0
2021-06,LH,국민임대,전북,0
2021-06,LH,국민임대,전남,200
2021-06,LH,국민임대,경북,0
2021-06,LH,국민임대,경남,0
2021-06,LH,국민임대,제주,0
2021-06,LH,공공임대,전국,4,197
2021-06,LH,공공임대,서울,0
2021-06,LH,공공임대,인천,1,952
2021-06,LH,공공임대,경기,1,309
2021-06,LH,공공임대,부산,0
2021-06,LH,공공임대,대구,0
2021-06,LH,공공임대,광주,0
2021-06,LH,공공임대,대전,0
2021-06,LH,공공임대,울산,0
2021-06,LH,공공임대,세종,0
2021-06,LH,공공임대,강원,0
2021-06,LH,공공임대,충북,6
2021-06,LH,공공임대,충남,0
2021-06,LH,공공임대,전북,0
2021-06,LH,공공임대,전남,430
2021-06,LH,공공임대,경북,0
2021-06,LH,공공임대,경남,500
2021-06,LH,공공임대,제주,0
2021-06,LH,공공분양,전국,2,135
2021-06,LH,공공분양,서울,0
2021-06,LH,공공분양,인천,0
2021-06,LH,공공분양,경기,2,135
2021-06,LH,공공분양,부산,0
2021-06,LH,공공분양,대구,0
2021-06,LH,공공분양,광주,0
2021-06,LH,공공분양,대전,0
2021-06,LH,공공분양,울산,0
2021-06,LH,공공분양,세종,0
2021-06,LH,공공분양,강원,0
2021-06,LH,공공분양,충북,0
2021-06,LH,공공분양,충남,0
2021-06,LH,공공분양,전북,0
2021-06,LH,공공분양,전남,0
2021-06,LH,공공분양,경북,0
2021-06,LH,공공분양,경남,0
2021-06,LH,공공분양,제주,0
2021-06,주택업체,소계,전국,1,418
2021-06,주택업체,소계,서울,0
2021-06,주택업체,소계,인천,0
2021-06,주택업체,소계,경기,574
2021-06,주택업체,소계,부산,0
2021-06,주택업체,소계,대구,844
2021-06,주택업체,소계,광주,0
2021-06,주택업체,소계,대전,0
2021-06,주택업체,소계,울산,0
2021-06,주택업체,소계,세종,0
2021-06,주택업체,소계,강원,0
2021-06,주택업체,소계,충북,0
2021-06,주택업체,소계,충남,0
2021-06,주택업체,소계,전북,0
2021-06,주택업체,소계,전남,0
2021-06,주택업체,소계,경북,0
2021-06,주택업체,소계,경남,0
2021-06,주택업체,소계,제주,0
2021-06,주택업체,국민임대,전국,0
2021-06,주택업체,국민임대,서울,0
2021-06,주택업체,국민임대,인천,0
2021-06,주택업체,국민임대,경기,0
2021-06,주택업체,국민임대,부산,0
2021-06,주택업체,국민임대,대구,0
2021-06,주택업체,국민임대,광주,0
2021-06,주택업체,국민임대,대전,0
2021-06,주택업체,국민임대,울산,0
2021-06,주택업체,국민임대,세종,0
2021-06,주택업체,국민임대,강원,0
2021-06,주택업체,국민임대,충북,0
2021-06,주택업체,국민임대,충남,0
2021-06,주택업체,국민임대,전북,0
2021-06,주택업체,국민임대,전남,0
2021-06,주택업체,국민임대,경북,0
2021-06,주택업체,국민임대,경남,0
2021-06,주택업체,국민임대,제주,0
2021-06,주택업체,공공임대,전국,574
2021-06,주택업체,공공임대,서울,0
2021-06,주택업체,공공임대,인천,0
2021-06,주택업체,공공임대,경기,574
2021-06,주택업체,공공임대,부산,0
2021-06,주택업체,공공임대,대구,0
2021-06,주택업체,공공임대,광주,0
2021-06,주택업체,공공임대,대전,0
2021-06,주택업체,공공임대,울산,0
2021-06,주택업체,공공임대,세종,0
2021-06,주택업체,공공임대,강원,0
2021-06,주택업체,공공임대,충북,0
2021-06,주택업체,공공임대,충남,0
2021-06,주택업체,공공임대,전북,0
2021-06,주택업체,공공임대,전남,0
2021-06,주택업체,공공임대,경북,0
2021-06,주택업체,공공임대,경남,0
2021-06,주택업체,공공임대,제주,0
2021-06,주택업체,공공분양,전국,844
2021-06,주택업체,공공분양,서울,0
2021-06,주택업체,공공분양,인천,0
2021-06,주택업체,공공분양,경기,0
2021-06,주택업체,공공분양,부산,0
2021-06,주택업체,공공분양,대구,844
2021-06,주택업체,공공분양,광주,0
2021-06,주택업체,공공분양,대전,0
2021-06,주택업체,공공분양,울산,0
2021-06,주택업체,공공분양,세종,0
2021-06,주택업체,공공분양,강원,0
2021-06,주택업체,공공분양,충북,0
2021-06,주택업체,공공분양,충남,0
2021-06,주택업체,공공분양,전북,0
2021-06,주택업체,공공분양,전남,0
2021-06,주택업체,공공분양,경북,0
2021-06,주택업체,공공분양,경남,0
2021-06,주택업체,공공분양,제주,0
2021-06,민간부문,소계,전국,27,108
2021-06,민간부문,소계,서울,4,247
2021-06,민간부문,소계,인천,1,518
2021-06,민간부문,소계,경기,8,509
2021-06,민간부문,소계,부산,2,050
2021-06,민간부문,소계,대구,1,356
2021-06,민간부문,소계,광주,1,356
2021-06,민간부문,소계,대전,58
2021-06,민간부문,소계,울산,60
2021-06,민간부문,소계,세종,866
2021-06,민간부문,소계,강원,1,239
2021-06,민간부문,소계,충북,252
2021-06,민간부문,소계,충남,1,072
2021-06,민간부문,소계,전북,834
2021-06,민간부문,소계,전남,918
2021-06,민간부문,소계,경북,1,813
2021-06,민간부문,소계,경남,323
2021-06,민간부문,소계,제주,637
2021-06,민간,민간임대,전국,1,311
2021-06,민간,민간임대,서울,96
2021-06,민간,민간임대,인천,0
2021-06,민간,민간임대,경기,0
2021-06,민간,민간임대,부산,0
2021-06,민간,민간임대,대구,0
2021-06,민간,민간임대,광주,0
2021-06,민간,민간임대,대전,0
2021-06,민간,민간임대,울산,0
2021-06,민간,민간임대,세종,0
2021-06,민간,민간임대,강원,0
2021-06,민간,민간임대,충북,0
2021-06,민간,민간임대,충남,0
2021-06,민간,민간임대,전북,347
2021-06,민간,민간임대,전남,208
2021-06,민간,민간임대,경북,660
2021-06,민간,민간임대,경남,0
2021-06,민간,민간임대,제주,0
2021-06,민간,민간분양,전국,25,797
2021-06,민간,민간분양,서울,4,151
2021-06,민간,민간분양,인천,1,518
2021-06,민간,민간분양,경기,8,509
2021-06,민간,민간분양,부산,2,050
2021-06,민간,민간분양,대구,1,356
2021-06,민간,민간분양,광주,1,356
2021-06,민간,민간분양,대전,58
2021-06,민간,민간분양,울산,60
2021-06,민간,민간분양,세종,866
2021-06,민간,민간분양,강원,1,239
2021-06,민간,민간분양,충북,252
2021-06,민간,민간분양,충남,1,072
2021-06,민간,민간분양,전북,487
2021-06,민간,민간분양,전남,710
2021-06,민간,민간분양,경북,1,153
2021-06,민간,민간분양,경남,323
2021-06,민간,민간분양,제주,637
2021-07,총계,총계,전국,41,885
2021-07,총계,총계,서울,9,575
2021-07,총계,총계,인천,4,817
2021-07,총계,총계,경기,16,540
2021-07,총계,총계,부산,1,511
2021-07,총계,총계,대구,816
2021-07,총계,총계,광주,87
2021-07,총계,총계,대전,88
2021-07,총계,총계,울산,43
2021-07,총계,총계,세종,23
2021-07,총계,총계,강원,1,404
2021-07,총계,총계,충북,1,339
2021-07,총계,총계,충남,1,847
2021-07,총계,총계,전북,253
2021-07,총계,총계,전남,2,283
2021-07,총계,총계,경북,496
2021-07,총계,총계,경남,452
2021-07,총계,총계,제주,311
2021-07,공공부문,소계,전국,11,811
2021-07,공공부문,소계,서울,1,282
2021-07,공공부문,소계,인천,2,897
2021-07,공공부문,소계,경기,3,888
2021-07,공공부문,소계,부산,665
2021-07,공공부문,소계,대구,0
2021-07,공공부문,소계,광주,0
2021-07,공공부문,소계,대전,0
2021-07,공공부문,소계,울산,0
2021-07,공공부문,소계,세종,0
2021-07,공공부문,소계,강원,487
2021-07,공공부문,소계,충북,1,076
2021-07,공공부문,소계,충남,1,382
2021-07,공공부문,소계,전북,0
2021-07,공공부문,소계,전남,134
2021-07,공공부문,소계,경북,0
2021-07,공공부문,소계,경남,0
2021-07,공공부문,소계,제주,0
2021-07,합,국민임대,전국,4,806
2021-07,합,국민임대,서울,0
2021-07,합,국민임대,인천,0
2021-07,합,국민임대,경기,2,862
2021-07,합,국민임대,부산,0
2021-07,합,국민임대,대구,0
2021-07,합,국민임대,광주,0
2021-07,합,국민임대,대전,0
2021-07,합,국민임대,울산,0
2021-07,합,국민임대,세종,0
2021-07,합,국민임대,강원,152
2021-07,합,국민임대,충북,676
2021-07,합,국민임대,충남,1,116
2021-07,합,국민임대,전북,0
2021-07,합,국민임대,전남,0
2021-07,합,국민임대,경북,0
2021-07,합,국민임대,경남,0
2021-07,합,국민임대,제주,0
2021-07,합,공공임대,전국,3,415
2021-07,합,공공임대,서울,0
2021-07,합,공공임대,인천,1,445
2021-07,합,공공임대,경기,170
2021-07,합,공공임대,부산,665
2021-07,합,공공임대,대구,0
2021-07,합,공공임대,광주,0
2021-07,합,공공임대,대전,0
2021-07,합,공공임대,울산,0
2021-07,합,공공임대,세종,0
2021-07,합,공공임대,강원,335
2021-07,합,공공임대,충북,400
2021-07,합,공공임대,충남,266
2021-07,합,공공임대,전북,0
2021-07,합,공공임대,전남,134
2021-07,합,공공임대,경북,0
2021-07,합,공공임대,경남,0
2021-07,합,공공임대,제주,0
2021-07,합,공공분양,전국,3,590
2021-07,합,공공분양,서울,1,282
2021-07,합,공공분양,인천,1,452
2021-07,합,공공분양,경기,856
2021-07,합,공공분양,부산,0
2021-07,합,공공분양,대구,0
2021-07,합,공공분양,광주,0
2021-07,합,공공분양,대전,0
2021-07,합,공공분양,울산,0
2021-07,합,공공분양,세종,0
2021-07,합,공공분양,강원,0
2021-07,합,공공분양,충북,0
2021-07,합,공공분양,충남,0
2021-07,합,공공분양,전북,0
2021-07,합,공공분양,전남,0
2021-07,합,공공분양,경북,0
2021-07,합,공공분양,경남,0
2021-07,합,공공분양,제주,0
2021-07,지자체,소계,전국,1,452
2021-07,지자체,소계,서울,0
2021-07,지자체,소계,인천,1,452
2021-07,지자체,소계,경기,0
2021-07,지자체,소계,부산,0
2021-07,지자체,소계,대구,0
2021-07,지자체,소계,광주,0
2021-07,지자체,소계,대전,0
2021-07,지자체,소계,울산,0
2021-07,지자체,소계,세종,0
2021-07,지자체,소계,강원,0
2021-07,지자체,소계,충북,0
2021-07,지자체,소계,충남,0
2021-07,지자체,소계,전북,0
2021-07,지자체,소계,전남,0
2021-07,지자체,소계,경북,0
2021-07,지자체,소계,경남,0
2021-07,지자체,소계,제주,0
2021-07,지자체,국민임대,전국,0
2021-07,지자체,국민임대,서울,0
2021-07,지자체,국민임대,인천,0
2021-07,지자체,국민임대,경기,0
2021-07,지자체,국민임대,부산,0
2021-07,지자체,국민임대,대구,0
2021-07,지자체,국민임대,광주,0
2021-07,지자체,국민임대,대전,0
2021-07,지자체,국민임대,울산,0
2021-07,지자체,국민임대,세종,0
2021-07,지자체,국민임대,강원,0
2021-07,지자체,국민임대,충북,0
2021-07,지자체,국민임대,충남,0
2021-07,지자체,국민임대,전북,0
2021-07,지자체,국민임대,전남,0
2021-07,지자체,국민임대,경북,0
2021-07,지자체,국민임대,경남,0
2021-07,지자체,국민임대,제주,0
2021-07,지자체,공공임대,전국,0
2021-07,지자체,공공임대,서울,0
2021-07,지자체,공공임대,인천,0
2021-07,지자체,공공임대,경기,0
2021-07,지자체,공공임대,부산,0
2021-07,지자체,공공임대,대구,0
2021-07,지자체,공공임대,광주,0
2021-07,지자체,공공임대,대전,0
2021-07,지자체,공공임대,울산,0
2021-07,지자체,공공임대,세종,0
2021-07,지자체,공공임대,강원,0
2021-07,지자체,공공임대,충북,0
2021-07,지자체,공공임대,충남,0
2021-07,지자체,공공임대,전북,0
2021-07,지자체,공공임대,전남,0
2021-07,지자체,공공임대,경북,0
2021-07,지자체,공공임대,경남,0
2021-07,지자체,공공임대,제주,0
2021-07,지자체,공공분양,전국,1,452
2021-07,지자체,공공분양,서울,0
2021-07,지자체,공공분양,인천,1,452
2021-07,지자체,공공분양,경기,0
2021-07,지자체,공공분양,부산,0
2021-07,지자체,공공분양,대구,0
2021-07,지자체,공공분양,광주,0
2021-07,지자체,공공분양,대전,0
2021-07,지자체,공공분양,울산,0
2021-07,지자체,공공분양,세종,0
2021-07,지자체,공공분양,강원,0
2021-07,지자체,공공분양,충북,0
2021-07,지자체,공공분양,충남,0
2021-07,지자체,공공분양,전북,0
2021-07,지자체,공공분양,전남,0
2021-07,지자체,공공분양,경북,0
2021-07,지자체,공공분양,경남,0
2021-07,지자체,공공분양,제주,0
2021-07,LH,소계,전국,6,203
2021-07,LH,소계,서울,0
2021-07,LH,소계,인천,1,445
2021-07,LH,소계,경기,1,813
2021-07,LH,소계,부산,0
2021-07,LH,소계,대구,0
2021-07,LH,소계,광주,0
2021-07,LH,소계,대전,0
2021-07,LH,소계,울산,0
2021-07,LH,소계,세종,0
2021-07,LH,소계,강원,487
2021-07,LH,소계,충북,1,076
2021-07,LH,소계,충남,1,382
2021-07,LH,소계,전북,0
2021-07,LH,소계,전남,0
2021-07,LH,소계,경북,0
2021-07,LH,소계,경남,0
2021-07,LH,소계,제주,0
2021-07,LH,국민임대,전국,2,731
2021-07,LH,국민임대,서울,0
2021-07,LH,국민임대,인천,0
2021-07,LH,국민임대,경기,787
2021-07,LH,국민임대,부산,0
2021-07,LH,국민임대,대구,0
2021-07,LH,국민임대,광주,0
2021-07,LH,국민임대,대전,0
2021-07,LH,국민임대,울산,0
2021-07,LH,국민임대,세종,0
2021-07,LH,국민임대,강원,152
2021-07,LH,국민임대,충북,676
2021-07,LH,국민임대,충남,1,116
2021-07,LH,국민임대,전북,0
2021-07,LH,국민임대,전남,0
2021-07,LH,국민임대,경북,0
2021-07,LH,국민임대,경남,0
2021-07,LH,국민임대,제주,0
2021-07,LH,공공임대,전국,2,616
2021-07,LH,공공임대,서울,0
2021-07,LH,공공임대,인천,1,445
2021-07,LH,공공임대,경기,170
2021-07,LH,공공임대,부산,0
2021-07,LH,공공임대,대구,0
2021-07,LH,공공임대,광주,0
2021-07,LH,공공임대,대전,0
2021-07,LH,공공임대,울산,0
2021-07,LH,공공임대,세종,0
2021-07,LH,공공임대,강원,335
2021-07,LH,공공임대,충북,400
2021-07,LH,공공임대,충남,266
2021-07,LH,공공임대,전북,0
2021-07,LH,공공임대,전남,0
2021-07,LH,공공임대,경북,0
2021-07,LH,공공임대,경남,0
2021-07,LH,공공임대,제주,0
2021-07,LH,공공분양,전국,856
2021-07,LH,공공분양,서울,0
2021-07,LH,공공분양,인천,0
2021-07,LH,공공분양,경기,856
2021-07,LH,공공분양,부산,0
2021-07,LH,공공분양,대구,0
2021-07,LH,공공분양,광주,0
2021-07,LH,공공분양,대전,0
2021-07,LH,공공분양,울산,0
2021-07,LH,공공분양,세종,0
2021-07,LH,공공분양,강원,0
2021-07,LH,공공분양,충북,0
2021-07,LH,공공분양,충남,0
2021-07,LH,공공분양,전북,0
2021-07,LH,공공분양,전남,0
2021-07,LH,공공분양,경북,0
2021-07,LH,공공분양,경남,0
2021-07,LH,공공분양,제주,0
2021-07,주택업체,소계,전국,4,156
2021-07,주택업체,소계,서울,1,282
2021-07,주택업체,소계,인천,0
2021-07,주택업체,소계,경기,2,075
2021-07,주택업체,소계,부산,665
2021-07,주택업체,소계,대구,0
2021-07,주택업체,소계,광주,0
2021-07,주택업체,소계,대전,0
2021-07,주택업체,소계,울산,0
2021-07,주택업체,소계,세종,0
2021-07,주택업체,소계,강원,0
2021-07,주택업체,소계,충북,0
2021-07,주택업체,소계,충남,0
2021-07,주택업체,소계,전북,0
2021-07,주택업체,소계,전남,134
2021-07,주택업체,소계,경북,0
2021-07,주택업체,소계,경남,0
2021-07,주택업체,소계,제주,0
2021-07,주택업체,국민임대,전국,2,075
2021-07,주택업체,국민임대,서울,0
2021-07,주택업체,국민임대,인천,0
2021-07,주택업체,국민임대,경기,2,075
2021-07,주택업체,국민임대,부산,0
2021-07,주택업체,국민임대,대구,0
2021-07,주택업체,국민임대,광주,0
2021-07,주택업체,국민임대,대전,0
2021-07,주택업체,국민임대,울산,0
2021-07,주택업체,국민임대,세종,0
2021-07,주택업체,국민임대,강원,0
2021-07,주택업체,국민임대,충북,0
2021-07,주택업체,국민임대,충남,0
2021-07,주택업체,국민임대,전북,0
2021-07,주택업체,국민임대,전남,0
2021-07,주택업체,국민임대,경북,0
2021-07,주택업체,국민임대,경남,0
2021-07,주택업체,국민임대,제주,0
2021-07,주택업체,공공임대,전국,799
2021-07,주택업체,공공임대,서울,0
2021-07,주택업체,공공임대,인천,0
2021-07,주택업체,공공임대,경기,0
2021-07,주택업체,공공임대,부산,665
2021-07,주택업체,공공임대,대구,0
2021-07,주택업체,공공임대,광주,0
2021-07,주택업체,공공임대,대전,0
2021-07,주택업체,공공임대,울산,0
2021-07,주택업체,공공임대,세종,0
2021-07,주택업체,공공임대,강원,0
2021-07,주택업체,공공임대,충북,0
2021-07,주택업체,공공임대,충남,0
2021-07,주택업체,공공임대,전북,0
2021-07,주택업체,공공임대,전남,134
2021-07,주택업체,공공임대,경북,0
2021-07,주택업체,공공임대,경남,0
2021-07,주택업체,공공임대,제주,0
2021-07,주택업체,공공분양,전국,1,282
2021-07,주택업체,공공분양,서울,1,282
2021-07,주택업체,공공분양,인천,0
2021-07,주택업체,공공분양,경기,0
2021-07,주택업체,공공분양,부산,0
2021-07,주택업체,공공분양,대구,0
2021-07,주택업체,공공분양,광주,0
2021-07,주택업체,공공분양,대전,0
2021-07,주택업체,공공분양,울산,0
2021-07,주택업체,공공분양,세종,0
2021-07,주택업체,공공분양,강원,0
2021-07,주택업체,공공분양,충북,0
2021-07,주택업체,공공분양,충남,0
2021-07,주택업체,공공분양,전북,0
2021-07,주택업체,공공분양,전남,0
2021-07,주택업체,공공분양,경북,0
2021-07,주택업체,공공분양,경남,0
2021-07,주택업체,공공분양,제주,0
2021-07,민간부문,소계,전국,30,074
2021-07,민간부문,소계,서울,8,293
2021-07,민간부문,소계,인천,1,920
2021-07,민간부문,소계,경기,12,652
2021-07,민간부문,소계,부산,846
2021-07,민간부문,소계,대구,816
2021-07,민간부문,소계,광주,87
2021-07,민간부문,소계,대전,88
2021-07,민간부문,소계,울산,43
2021-07,민간부문,소계,세종,23
2021-07,민간부문,소계,강원,917
2021-07,민간부문,소계,충북,263
2021-07,민간부문,소계,충남,465
2021-07,민간부문,소계,전북,253
2021-07,민간부문,소계,전남,2,149
2021-07,민간부문,소계,경북,496
2021-07,민간부문,소계,경남,452
2021-07,민간부문,소계,제주,311
2021-07,민간,민간임대,전국,923
2021-07,민간,민간임대,서울,134
2021-07,민간,민간임대,인천,0
2021-07,민간,민간임대,경기,63
2021-07,민간,민간임대,부산,0
2021-07,민간,민간임대,대구,0
2021-07,민간,민간임대,광주,0
2021-07,민간,민간임대,대전,0
2021-07,민간,민간임대,울산,0
2021-07,민간,민간임대,세종,0
2021-07,민간,민간임대,강원,0
2021-07,민간,민간임대,충북,0
2021-07,민간,민간임대,충남,0
2021-07,민간,민간임대,전북,0
2021-07,민간,민간임대,전남,726
2021-07,민간,민간임대,경북,0
2021-07,민간,민간임대,경남,0
2021-07,민간,민간임대,제주,0
2021-07,민간,민간분양,전국,29,151
2021-07,민간,민간분양,서울,8,159
2021-07,민간,민간분양,인천,1,920
2021-07,민간,민간분양,경기,12,589
2021-07,민간,민간분양,부산,846
2021-07,민간,민간분양,대구,816
2021-07,민간,민간분양,광주,87
2021-07,민간,민간분양,대전,88
2021-07,민간,민간분양,울산,43
2021-07,민간,민간분양,세종,23
2021-07,민간,민간분양,강원,917
2021-07,민간,민간분양,충북,263
2021-07,민간,민간분양,충남,465
2021-07,민간,민간분양,전북,253
2021-07,민간,민간분양,전남,1,423
2021-07,민간,민간분양,경북,496
2021-07,민간,민간분양,경남,452
2021-07,민간,민간분양,제주,311
2021-08,총계,총계,전국,32,677
2021-08,총계,총계,서울,4,050
2021-08,총계,총계,인천,3,583
2021-08,총계,총계,경기,13,012
2021-08,총계,총계,부산,971
2021-08,총계,총계,대구,806
2021-08,총계,총계,광주,760
2021-08,총계,총계,대전,397
2021-08,총계,총계,울산,54
2021-08,총계,총계,세종,1,059
2021-08,총계,총계,강원,2,480
2021-08,총계,총계,충북,282
2021-08,총계,총계,충남,392
2021-08,총계,총계,전북,1,291
2021-08,총계,총계,전남,1,079
2021-08,총계,총계,경북,1,093
2021-08,총계,총계,경남,1,127
2021-08,총계,총계,제주,241
2021-08,공공부문,소계,전국,6,061
2021-08,공공부문,소계,서울,394
2021-08,공공부문,소계,인천,1,540
2021-08,공공부문,소계,경기,3,937
2021-08,공공부문,소계,부산,0
2021-08,공공부문,소계,대구,0
2021-08,공공부문,소계,광주,0
2021-08,공공부문,소계,대전,0
2021-08,공공부문,소계,울산,0
2021-08,공공부문,소계,세종,0
2021-08,공공부문,소계,강원,0
2021-08,공공부문,소계,충북,0
2021-08,공공부문,소계,충남,0
2021-08,공공부문,소계,전북,0
2021-08,공공부문,소계,전남,0
2021-08,공공부문,소계,경북,190
2021-08,공공부문,소계,경남,0
2021-08,공공부문,소계,제주,0
2021-08,합,국민임대,전국,2,112
2021-08,합,국민임대,서울,0
2021-08,합,국민임대,인천,0
2021-08,합,국민임대,경기,2,032
2021-08,합,국민임대,부산,0
2021-08,합,국민임대,대구,0
2021-08,합,국민임대,광주,0
2021-08,합,국민임대,대전,0
2021-08,합,국민임대,울산,0
2021-08,합,국민임대,세종,0
2021-08,합,국민임대,강원,0
2021-08,합,국민임대,충북,0
2021-08,합,국민임대,충남,0
2021-08,합,국민임대,전북,0
2021-08,합,국민임대,전남,0
2021-08,합,국민임대,경북,80
2021-08,합,국민임대,경남,0
2021-08,합,국민임대,제주,0
2021-08,합,공공임대,전국,3,555
2021-08,합,공공임대,서울,0
2021-08,합,공공임대,인천,1,540
2021-08,합,공공임대,경기,1,905
2021-08,합,공공임대,부산,0
2021-08,합,공공임대,대구,0
2021-08,합,공공임대,광주,0
2021-08,합,공공임대,대전,0
2021-08,합,공공임대,울산,0
2021-08,합,공공임대,세종,0
2021-08,합,공공임대,강원,0
2021-08,합,공공임대,충북,0
2021-08,합,공공임대,충남,0
2021-08,합,공공임대,전북,0
2021-08,합,공공임대,전남,0
2021-08,합,공공임대,경북,110
2021-08,합,공공임대,경남,0
2021-08,합,공공임대,제주,0
2021-08,합,공공분양,전국,394
2021-08,합,공공분양,서울,394
2021-08,합,공공분양,인천,0
2021-08,합,공공분양,경기,0
2021-08,합,공공분양,부산,0
2021-08,합,공공분양,대구,0
2021-08,합,공공분양,광주,0
2021-08,합,공공분양,대전,0
2021-08,합,공공분양,울산,0
2021-08,합,공공분양,세종,0
2021-08,합,공공분양,강원,0
2021-08,합,공공분양,충북,0
2021-08,합,공공분양,충남,0
2021-08,합,공공분양,전북,0
2021-08,합,공공분양,전남,0
2021-08,합,공공분양,경북,0
2021-08,합,공공분양,경남,0
2021-08,합,공공분양,제주,0
2021-08,지자체,소계,전국,0
2021-08,지자체,소계,서울,0
2021-08,지자체,소계,인천,0
2021-08,지자체,소계,경기,0
2021-08,지자체,소계,부산,0
2021-08,지자체,소계,대구,0
2021-08,지자체,소계,광주,0
2021-08,지자체,소계,대전,0
2021-08,지자체,소계,울산,0
2021-08,지자체,소계,세종,0
2021-08,지자체,소계,강원,0
2021-08,지자체,소계,충북,0
2021-08,지자체,소계,충남,0
2021-08,지자체,소계,전북,0
2021-08,지자체,소계,전남,0
2021-08,지자체,소계,경북,0
2021-08,지자체,소계,경남,0
2021-08,지자체,소계,제주,0
2021-08,지자체,국민임대,전국,0
2021-08,지자체,국민임대,서울,0
2021-08,지자체,국민임대,인천,0
2021-08,지자체,국민임대,경기,0
2021-08,지자체,국민임대,부산,0
2021-08,지자체,국민임대,대구,0
2021-08,지자체,국민임대,광주,0
2021-08,지자체,국민임대,대전,0
2021-08,지자체,국민임대,울산,0
2021-08,지자체,국민임대,세종,0
2021-08,지자체,국민임대,강원,0
2021-08,지자체,국민임대,충북,0
2021-08,지자체,국민임대,충남,0
2021-08,지자체,국민임대,전북,0
2021-08,지자체,국민임대,전남,0
2021-08,지자체,국민임대,경북,0
2021-08,지자체,국민임대,경남,0
2021-08,지자체,국민임대,제주,0
2021-08,지자체,공공임대,전국,0
2021-08,지자체,공공임대,서울,0
2021-08,지자체,공공임대,인천,0
2021-08,지자체,공공임대,경기,0
2021-08,지자체,공공임대,부산,0
2021-08,지자체,공공임대,대구,0
2021-08,지자체,공공임대,광주,0
2021-08,지자체,공공임대,대전,0
2021-08,지자체,공공임대,울산,0
2021-08,지자체,공공임대,세종,0
2021-08,지자체,공공임대,강원,0
2021-08,지자체,공공임대,충북,0
2021-08,지자체,공공임대,충남,0
2021-08,지자체,공공임대,전북,0
2021-08,지자체,공공임대,전남,0
2021-08,지자체,공공임대,경북,0
2021-08,지자체,공공임대,경남,0
2021-08,지자체,공공임대,제주,0
2021-08,지자체,공공분양,전국,0
2021-08,지자체,공공분양,서울,0
2021-08,지자체,공공분양,인천,0
2021-08,지자체,공공분양,경기,0
2021-08,지자체,공공분양,부산,0
2021-08,지자체,공공분양,대구,0
2021-08,지자체,공공분양,광주,0
2021-08,지자체,공공분양,대전,0
2021-08,지자체,공공분양,울산,0
2021-08,지자체,공공분양,세종,0
2021-08,지자체,공공분양,강원,0
2021-08,지자체,공공분양,충북,0
2021-08,지자체,공공분양,충남,0
2021-08,지자체,공공분양,전북,0
2021-08,지자체,공공분양,전남,0
2021-08,지자체,공공분양,경북,0
2021-08,지자체,공공분양,경남,0
2021-08,지자체,공공분양,제주,0
2021-08,LH,소계,전국,2,870
2021-08,LH,소계,서울,0
2021-08,LH,소계,인천,0
2021-08,LH,소계,경기,2,680
2021-08,LH,소계,부산,0
2021-08,LH,소계,대구,0
2021-08,LH,소계,광주,0
2021-08,LH,소계,대전,0
2021-08,LH,소계,울산,0
2021-08,LH,소계,세종,0
2021-08,LH,소계,강원,0
2021-08,LH,소계,충북,0
2021-08,LH,소계,충남,0
2021-08,LH,소계,전북,0
2021-08,LH,소계,전남,0
2021-08,LH,소계,경북,190
2021-08,LH,소계,경남,0
2021-08,LH,소계,제주,0
2021-08,LH,국민임대,전국,2,112
2021-08,LH,국민임대,서울,0
2021-08,LH,국민임대,인천,0
2021-08,LH,국민임대,경기,2,032
2021-08,LH,국민임대,부산,0
2021-08,LH,국민임대,대구,0
2021-08,LH,국민임대,광주,0
2021-08,LH,국민임대,대전,0
2021-08,LH,국민임대,울산,0
2021-08,LH,국민임대,세종,0
2021-08,LH,국민임대,강원,0
2021-08,LH,국민임대,충북,0
2021-08,LH,국민임대,충남,0
2021-08,LH,국민임대,전북,0
2021-08,LH,국민임대,전남,0
2021-08,LH,국민임대,경북,80
2021-08,LH,국민임대,경남,0
2021-08,LH,국민임대,제주,0
2021-08,LH,공공임대,전국,758
2021-08,LH,공공임대,서울,0
2021-08,LH,공공임대,인천,0
2021-08,LH,공공임대,경기,648
2021-08,LH,공공임대,부산,0
2021-08,LH,공공임대,대구,0
2021-08,LH,공공임대,광주,0
2021-08,LH,공공임대,대전,0
2021-08,LH,공공임대,울산,0
2021-08,LH,공공임대,세종,0
2021-08,LH,공공임대,강원,0
2021-08,LH,공공임대,충북,0
2021-08,LH,공공임대,충남,0
2021-08,LH,공공임대,전북,0
2021-08,LH,공공임대,전남,0
2021-08,LH,공공임대,경북,110
2021-08,LH,공공임대,경남,0
2021-08,LH,공공임대,제주,0
2021-08,LH,공공분양,전국,0
2021-08,LH,공공분양,서울,0
2021-08,LH,공공분양,인천,0
2021-08,LH,공공분양,경기,0
2021-08,LH,공공분양,부산,0
2021-08,LH,공공분양,대구,0
2021-08,LH,공공분양,광주,0
2021-08,LH,공공분양,대전,0
2021-08,LH,공공분양,울산,0
2021-08,LH,공공분양,세종,0
2021-08,LH,공공분양,강원,0
2021-08,LH,공공분양,충북,0
2021-08,LH,공공분양,충남,0
2021-08,LH,공공분양,전북,0
2021-08,LH,공공분양,전남,0
2021-08,LH,공공분양,경북,0
2021-08,LH,공공분양,경남,0
2021-08,LH,공공분양,제주,0
2021-08,주택업체,소계,전국,3,191
2021-08,주택업체,소계,서울,394
2021-08,주택업체,소계,인천,1,540
2021-08,주택업체,소계,경기,1,257
2021-08,주택업체,소계,부산,0
2021-08,주택업체,소계,대구,0
2021-08,주택업체,소계,광주,0
2021-08,주택업체,소계,대전,0
2021-08,주택업체,소계,울산,0
2021-08,주택업체,소계,세종,0
2021-08,주택업체,소계,강원,0
2021-08,주택업체,소계,충북,0
2021-08,주택업체,소계,충남,0
2021-08,주택업체,소계,전북,0
2021-08,주택업체,소계,전남,0
2021-08,주택업체,소계,경북,0
2021-08,주택업체,소계,경남,0
2021-08,주택업체,소계,제주,0
2021-08,주택업체,국민임대,전국,0
2021-08,주택업체,국민임대,서울,0
2021-08,주택업체,국민임대,인천,0
2021-08,주택업체,국민임대,경기,0
2021-08,주택업체,국민임대,부산,0
2021-08,주택업체,국민임대,대구,0
2021-08,주택업체,국민임대,광주,0
2021-08,주택업체,국민임대,대전,0
2021-08,주택업체,국민임대,울산,0
2021-08,주택업체,국민임대,세종,0
2021-08,주택업체,국민임대,강원,0
2021-08,주택업체,국민임대,충북,0
2021-08,주택업체,국민임대,충남,0
2021-08,주택업체,국민임대,전북,0
2021-08,주택업체,국민임대,전남,0
2021-08,주택업체,국민임대,경북,0
2021-08,주택업체,국민임대,경남,0
2021-08,주택업체,국민임대,제주,0
2021-08,주택업체,공공임대,전국,2,797
2021-08,주택업체,공공임대,서울,0
2021-08,주택업체,공공임대,인천,1,540
2021-08,주택업체,공공임대,경기,1,257
2021-08,주택업체,공공임대,부산,0
2021-08,주택업체,공공임대,대구,0
2021-08,주택업체,공공임대,광주,0
2021-08,주택업체,공공임대,대전,0
2021-08,주택업체,공공임대,울산,0
2021-08,주택업체,공공임대,세종,0
2021-08,주택업체,공공임대,강원,0
2021-08,주택업체,공공임대,충북,0
2021-08,주택업체,공공임대,충남,0
2021-08,주택업체,공공임대,전북,0
2021-08,주택업체,공공임대,전남,0
2021-08,주택업체,공공임대,경북,0
2021-08,주택업체,공공임대,경남,0
2021-08,주택업체,공공임대,제주,0
2021-08,주택업체,공공분양,전국,394
2021-08,주택업체,공공분양,서울,394
2021-08,주택업체,공공분양,인천,0
2021-08,주택업체,공공분양,경기,0
2021-08,주택업체,공공분양,부산,0
2021-08,주택업체,공공분양,대구,0
2021-08,주택업체,공공분양,광주,0
2021-08,주택업체,공공분양,대전,0
2021-08,주택업체,공공분양,울산,0
2021-08,주택업체,공공분양,세종,0
2021-08,주택업체,공공분양,강원,0
2021-08,주택업체,공공분양,충북,0
2021-08,주택업체,공공분양,충남,0
2021-08,주택업체,공공분양,전북,0
2021-08,주택업체,공공분양,전남,0
2021-08,주택업체,공공분양,경북,0
2021-08,주택업체,공공분양,경남,0
2021-08,주택업체,공공분양,제주,0
2021-08,민간부문,소계,전국,26,616
2021-08,민간부문,소계,서울,3,656
2021-08,민간부문,소계,인천,2,043
2021-08,민간부문,소계,경기,9,075
2021-08,민간부문,소계,부산,971
2021-08,민간부문,소계,대구,806
2021-08,민간부문,소계,광주,760
2021-08,민간부문,소계,대전,397
2021-08,민간부문,소계,울산,54
2021-08,민간부문,소계,세종,1,059
2021-08,민간부문,소계,강원,2,480
2021-08,민간부문,소계,충북,282
2021-08,민간부문,소계,충남,392
2021-08,민간부문,소계,전북,1,291
2021-08,민간부문,소계,전남,1,079
2021-08,민간부문,소계,경북,903
2021-08,민간부문,소계,경남,1,127
2021-08,민간부문,소계,제주,241
2021-08,민간,민간임대,전국,1,825
2021-08,민간,민간임대,서울,0
2021-08,민간,민간임대,인천,0
2021-08,민간,민간임대,경기,846
2021-08,민간,민간임대,부산,0
2021-08,민간,민간임대,대구,0
2021-08,민간,민간임대,광주,0
2021-08,민간,민간임대,대전,0
2021-08,민간,민간임대,울산,0
2021-08,민간,민간임대,세종,0
2021-08,민간,민간임대,강원,0
2021-08,민간,민간임대,충북,0
2021-08,민간,민간임대,충남,0
2021-08,민간,민간임대,전북,0
2021-08,민간,민간임대,전남,514
2021-08,민간,민간임대,경북,465
2021-08,민간,민간임대,경남,0
2021-08,민간,민간임대,제주,0
2021-08,민간,민간분양,전국,24,791
2021-08,민간,민간분양,서울,3,656
2021-08,민간,민간분양,인천,2,043
2021-08,민간,민간분양,경기,8,229
2021-08,민간,민간분양,부산,971
2021-08,민간,민간분양,대구,806
2021-08,민간,민간분양,광주,760
2021-08,민간,민간분양,대전,397
2021-08,민간,민간분양,울산,54
2021-08,민간,민간분양,세종,1,059
2021-08,민간,민간분양,강원,2,480
2021-08,민간,민간분양,충북,282
2021-08,민간,민간분양,충남,392
2021-08,민간,민간분양,전북,1,291
2021-08,민간,민간분양,전남,565
2021-08,민간,민간분양,경북,438
2021-08,민간,민간분양,경남,1,127
2021-08,민간,민간분양,제주,241
2021-09,총계,총계,전국,22,222
2021-09,총계,총계,서울,4,024
2021-09,총계,총계,인천,1,107
2021-09,총계,총계,경기,4,939
2021-09,총계,총계,부산,740
2021-09,총계,총계,대구,2,168
2021-09,총계,총계,광주,1,024
2021-09,총계,총계,대전,89
2021-09,총계,총계,울산,65
2021-09,총계,총계,세종,1,373
2021-09,총계,총계,강원,1,144
2021-09,총계,총계,충북,1,981
2021-09,총계,총계,충남,441
2021-09,총계,총계,전북,482
2021-09,총계,총계,전남,752
2021-09,총계,총계,경북,1,315
2021-09,총계,총계,경남,427
2021-09,총계,총계,제주,151
2021-09,공공부문,소계,전국,4,363
2021-09,공공부문,소계,서울,518
2021-09,공공부문,소계,인천,0
2021-09,공공부문,소계,경기,1,677
2021-09,공공부문,소계,부산,0
2021-09,공공부문,소계,대구,100
2021-09,공공부문,소계,광주,0
2021-09,공공부문,소계,대전,0
2021-09,공공부문,소계,울산,0
2021-09,공공부문,소계,세종,0
2021-09,공공부문,소계,강원,259
2021-09,공공부문,소계,충북,1,692
2021-09,공공부문,소계,충남,0
2021-09,공공부문,소계,전북,117
2021-09,공공부문,소계,전남,0
2021-09,공공부문,소계,경북,0
2021-09,공공부문,소계,경남,0
2021-09,공공부문,소계,제주,0
2021-09,합,국민임대,전국,0
2021-09,합,국민임대,서울,0
2021-09,합,국민임대,인천,0
2021-09,합,국민임대,경기,0
2021-09,합,국민임대,부산,0
2021-09,합,국민임대,대구,0
2021-09,합,국민임대,광주,0
2021-09,합,국민임대,대전,0
2021-09,합,국민임대,울산,0
2021-09,합,국민임대,세종,0
2021-09,합,국민임대,강원,0
2021-09,합,국민임대,충북,0
2021-09,합,국민임대,충남,0
2021-09,합,국민임대,전북,0
2021-09,합,국민임대,전남,0
2021-09,합,국민임대,경북,0
2021-09,합,국민임대,경남,0
2021-09,합,국민임대,제주,0
2021-09,합,공공임대,전국,2,209
2021-09,합,공공임대,서울,518
2021-09,합,공공임대,인천,0
2021-09,합,공공임대,경기,811
2021-09,합,공공임대,부산,0
2021-09,합,공공임대,대구,100
2021-09,합,공공임대,광주,0
2021-09,합,공공임대,대전,0
2021-09,합,공공임대,울산,0
2021-09,합,공공임대,세종,0
2021-09,합,공공임대,강원,259
2021-09,합,공공임대,충북,404
2021-09,합,공공임대,충남,0
2021-09,합,공공임대,전북,117
2021-09,합,공공임대,전남,0
2021-09,합,공공임대,경북,0
2021-09,합,공공임대,경남,0
2021-09,합,공공임대,제주,0
2021-09,합,공공분양,전국,2,154
2021-09,합,공공분양,서울,0
2021-09,합,공공분양,인천,0
2021-09,합,공공분양,경기,866
2021-09,합,공공분양,부산,0
2021-09,합,공공분양,대구,0
2021-09,합,공공분양,광주,0
2021-09,합,공공분양,대전,0
2021-09,합,공공분양,울산,0
2021-09,합,공공분양,세종,0
2021-09,합,공공분양,강원,0
2021-09,합,공공분양,충북,1,288
2021-09,합,공공분양,충남,0
2021-09,합,공공분양,전북,0
2021-09,합,공공분양,전남,0
2021-09,합,공공분양,경북,0
2021-09,합,공공분양,경남,0
2021-09,합,공공분양,제주,0
2021-09,지자체,소계,전국,1,692
2021-09,지자체,소계,서울,0
2021-09,지자체,소계,인천,0
2021-09,지자체,소계,경기,0
2021-09,지자체,소계,부산,0
2021-09,지자체,소계,대구,0
2021-09,지자체,소계,광주,0
2021-09,지자체,소계,대전,0
2021-09,지자체,소계,울산,0
2021-09,지자체,소계,세종,0
2021-09,지자체,소계,강원,0
2021-09,지자체,소계,충북,1,692
2021-09,지자체,소계,충남,0
2021-09,지자체,소계,전북,0
2021-09,지자체,소계,전남,0
2021-09,지자체,소계,경북,0
2021-09,지자체,소계,경남,0
2021-09,지자체,소계,제주,0
2021-09,지자체,국민임대,전국,0
2021-09,지자체,국민임대,서울,0
2021-09,지자체,국민임대,인천,0
2021-09,지자체,국민임대,경기,0
2021-09,지자체,국민임대,부산,0
2021-09,지자체,국민임대,대구,0
2021-09,지자체,국민임대,광주,0
2021-09,지자체,국민임대,대전,0
2021-09,지자체,국민임대,울산,0
2021-09,지자체,국민임대,세종,0
2021-09,지자체,국민임대,강원,0
2021-09,지자체,국민임대,충북,0
2021-09,지자체,국민임대,충남,0
2021-09,지자체,국민임대,전북,0
2021-09,지자체,국민임대,전남,0
2021-09,지자체,국민임대,경북,0
2021-09,지자체,국민임대,경남,0
2021-09,지자체,국민임대,제주,0
2021-09,지자체,공공임대,전국,404
2021-09,지자체,공공임대,서울,0
2021-09,지자체,공공임대,인천,0
2021-09,지자체,공공임대,경기,0
2021-09,지자체,공공임대,부산,0
2021-09,지자체,공공임대,대구,0
2021-09,지자체,공공임대,광주,0
2021-09,지자체,공공임대,대전,0
2021-09,지자체,공공임대,울산,0
2021-09,지자체,공공임대,세종,0
2021-09,지자체,공공임대,강원,0
2021-09,지자체,공공임대,충북,404
2021-09,지자체,공공임대,충남,0
2021-09,지자체,공공임대,전북,0
2021-09,지자체,공공임대,전남,0
2021-09,지자체,공공임대,경북,0
2021-09,지자체,공공임대,경남,0
2021-09,지자체,공공임대,제주,0
2021-09,지자체,공공분양,전국,1,288
2021-09,지자체,공공분양,서울,0
2021-09,지자체,공공분양,인천,0
2021-09,지자체,공공분양,경기,0
2021-09,지자체,공공분양,부산,0
2021-09,지자체,공공분양,대구,0
2021-09,지자체,공공분양,광주,0
2021-09,지자체,공공분양,대전,0
2021-09,지자체,공공분양,울산,0
2021-09,지자체,공공분양,세종,0
2021-09,지자체,공공분양,강원,0
2021-09,지자체,공공분양,충북,1,288
2021-09,지자체,공공분양,충남,0
2021-09,지자체,공공분양,전북,0
2021-09,지자체,공공분양,전남,0
2021-09,지자체,공공분양,경북,0
2021-09,지자체,공공분양,경남,0
2021-09,지자체,공공분양,제주,0
2021-09,LH,소계,전국,408
2021-09,LH,소계,서울,0
2021-09,LH,소계,인천,0
2021-09,LH,소계,경기,49
2021-09,LH,소계,부산,0
2021-09,LH,소계,대구,100
2021-09,LH,소계,광주,0
2021-09,LH,소계,대전,0
2021-09,LH,소계,울산,0
2021-09,LH,소계,세종,0
2021-09,LH,소계,강원,259
2021-09,LH,소계,충북,0
2021-09,LH,소계,충남,0
2021-09,LH,소계,전북,0
2021-09,LH,소계,전남,0
2021-09,LH,소계,경북,0
2021-09,LH,소계,경남,0
2021-09,LH,소계,제주,0
2021-09,LH,국민임대,전국,0
2021-09,LH,국민임대,서울,0
2021-09,LH,국민임대,인천,0
2021-09,LH,국민임대,경기,0
2021-09,LH,국민임대,부산,0
2021-09,LH,국민임대,대구,0
2021-09,LH,국민임대,광주,0
2021-09,LH,국민임대,대전,0
2021-09,LH,국민임대,울산,0
2021-09,LH,국민임대,세종,0
2021-09,LH,국민임대,강원,0
2021-09,LH,국민임대,충북,0
2021-09,LH,국민임대,충남,0
2021-09,LH,국민임대,전북,0
2021-09,LH,국민임대,전남,0
2021-09,LH,국민임대,경북,0
2021-09,LH,국민임대,경남,0
2021-09,LH,국민임대,제주,0
2021-09,LH,공공임대,전국,408
2021-09,LH,공공임대,서울,0
2021-09,LH,공공임대,인천,0
2021-09,LH,공공임대,경기,49
2021-09,LH,공공임대,부산,0
2021-09,LH,공공임대,대구,100
2021-09,LH,공공임대,광주,0
2021-09,LH,공공임대,대전,0
2021-09,LH,공공임대,울산,0
2021-09,LH,공공임대,세종,0
2021-09,LH,공공임대,강원,259
2021-09,LH,공공임대,충북,0
2021-09,LH,공공임대,충남,0
2021-09,LH,공공임대,전북,0
2021-09,LH,공공임대,전남,0
2021-09,LH,공공임대,경북,0
2021-09,LH,공공임대,경남,0
2021-09,LH,공공임대,제주,0
2021-09,LH,공공분양,전국,0
2021-09,LH,공공분양,서울,0
2021-09,LH,공공분양,인천,0
2021-09,LH,공공분양,경기,0
2021-09,LH,공공분양,부산,0
2021-09,LH,공공분양,대구,0
2021-09,LH,공공분양,광주,0
2021-09,LH,공공분양,대전,0
2021-09,LH,공공분양,울산,0
2021-09,LH,공공분양,세종,0
2021-09,LH,공공분양,강원,0
2021-09,LH,공공분양,충북,0
2021-09,LH,공공분양,충남,0
2021-09,LH,공공분양,전북,0
2021-09,LH,공공분양,전남,0
2021-09,LH,공공분양,경북,0
2021-09,LH,공공분양,경남,0
2021-09,LH,공공분양,제주,0
2021-09,주택업체,소계,전국,2,263
2021-09,주택업체,소계,서울,518
2021-09,주택업체,소계,인천,0
2021-09,주택업체,소계,경기,1,628
2021-09,주택업체,소계,부산,0
2021-09,주택업체,소계,대구,0
2021-09,주택업체,소계,광주,0
2021-09,주택업체,소계,대전,0
2021-09,주택업체,소계,울산,0
2021-09,주택업체,소계,세종,0
2021-09,주택업체,소계,강원,0
2021-09,주택업체,소계,충북,0
2021-09,주택업체,소계,충남,0
2021-09,주택업체,소계,전북,117
2021-09,주택업체,소계,전남,0
2021-09,주택업체,소계,경북,0
2021-09,주택업체,소계,경남,0
2021-09,주택업체,소계,제주,0
2021-09,주택업체,국민임대,전국,0
2021-09,주택업체,국민임대,서울,0
2021-09,주택업체,국민임대,인천,0
2021-09,주택업체,국민임대,경기,0
2021-09,주택업체,국민임대,부산,0
2021-09,주택업체,국민임대,대구,0
2021-09,주택업체,국민임대,광주,0
2021-09,주택업체,국민임대,대전,0
2021-09,주택업체,국민임대,울산,0
2021-09,주택업체,국민임대,세종,0
2021-09,주택업체,국민임대,강원,0
2021-09,주택업체,국민임대,충북,0
2021-09,주택업체,국민임대,충남,0
2021-09,주택업체,국민임대,전북,0
2021-09,주택업체,국민임대,전남,0
2021-09,주택업체,국민임대,경북,0
2021-09,주택업체,국민임대,경남,0
2021-09,주택업체,국민임대,제주,0
2021-09,주택업체,공공임대,전국,1,397
2021-09,주택업체,공공임대,서울,518
2021-09,주택업체,공공임대,인천,0
2021-09,주택업체,공공임대,경기,762
2021-09,주택업체,공공임대,부산,0
2021-09,주택업체,공공임대,대구,0
2021-09,주택업체,공공임대,광주,0
2021-09,주택업체,공공임대,대전,0
2021-09,주택업체,공공임대,울산,0
2021-09,주택업체,공공임대,세종,0
2021-09,주택업체,공공임대,강원,0
2021-09,주택업체,공공임대,충북,0
2021-09,주택업체,공공임대,충남,0
2021-09,주택업체,공공임대,전북,117
2021-09,주택업체,공공임대,전남,0
2021-09,주택업체,공공임대,경북,0
2021-09,주택업체,공공임대,경남,0
2021-09,주택업체,공공임대,제주,0
2021-09,주택업체,공공분양,전국,866
2021-09,주택업체,공공분양,서울,0
2021-09,주택업체,공공분양,인천,0
2021-09,주택업체,공공분양,경기,866
2021-09,주택업체,공공분양,부산,0
2021-09,주택업체,공공분양,대구,0
2021-09,주택업체,공공분양,광주,0
2021-09,주택업체,공공분양,대전,0
2021-09,주택업체,공공분양,울산,0
2021-09,주택업체,공공분양,세종,0
2021-09,주택업체,공공분양,강원,0
2021-09,주택업체,공공분양,충북,0
2021-09,주택업체,공공분양,충남,0
2021-09,주택업체,공공분양,전북,0
2021-09,주택업체,공공분양,전남,0
2021-09,주택업체,공공분양,경북,0
2021-09,주택업체,공공분양,경남,0
2021-09,주택업체,공공분양,제주,0
2021-09,민간부문,소계,전국,17,859
2021-09,민간부문,소계,서울,3,506
2021-09,민간부문,소계,인천,1,107
2021-09,민간부문,소계,경기,3,262
2021-09,민간부문,소계,부산,740
2021-09,민간부문,소계,대구,2,068
2021-09,민간부문,소계,광주,1,024
2021-09,민간부문,소계,대전,89
2021-09,민간부문,소계,울산,65
2021-09,민간부문,소계,세종,1,373
2021-09,민간부문,소계,강원,885
2021-09,민간부문,소계,충북,289
2021-09,민간부문,소계,충남,441
2021-09,민간부문,소계,전북,365
2021-09,민간부문,소계,전남,752
2021-09,민간부문,소계,경북,1,315
2021-09,민간부문,소계,경남,427
2021-09,민간부문,소계,제주,151
2021-09,민간,민간임대,전국,0
2021-09,민간,민간임대,서울,0
2021-09,민간,민간임대,인천,0
2021-09,민간,민간임대,경기,0
2021-09,민간,민간임대,부산,0
2021-09,민간,민간임대,대구,0
2021-09,민간,민간임대,광주,0
2021-09,민간,민간임대,대전,0
2021-09,민간,민간임대,울산,0
2021-09,민간,민간임대,세종,0
2021-09,민간,민간임대,강원,0
2021-09,민간,민간임대,충북,0
2021-09,민간,민간임대,충남,0
2021-09,민간,민간임대,전북,0
2021-09,민간,민간임대,전남,0
2021-09,민간,민간임대,경북,0
2021-09,민간,민간임대,경남,0
2021-09,민간,민간임대,제주,0
2021-09,민간,민간분양,전국,17,859
2021-09,민간,민간분양,서울,3,506
2021-09,민간,민간분양,인천,1,107
2021-09,민간,민간분양,경기,3,262
2021-09,민간,민간분양,부산,740
2021-09,민간,민간분양,대구,2,068
2021-09,민간,민간분양,광주,1,024
2021-09,민간,민간분양,대전,89
2021-09,민간,민간분양,울산,65
2021-09,민간,민간분양,세종,1,373
2021-09,민간,민간분양,강원,885
2021-09,민간,민간분양,충북,289
2021-09,민간,민간분양,충남,441
2021-09,민간,민간분양,전북,365
2021-09,민간,민간분양,전남,752
2021-09,민간,민간분양,경북,1,315
2021-09,민간,민간분양,경남,427
2021-09,민간,민간분양,제주,151
2021-10,총계,총계,전국,37,303
2021-10,총계,총계,서울,4,522
2021-10,총계,총계,인천,1,908
2021-10,총계,총계,경기,10,934
2021-10,총계,총계,부산,702
2021-10,총계,총계,대구,1,046
2021-10,총계,총계,광주,105
2021-10,총계,총계,대전,6,206
2021-10,총계,총계,울산,925
2021-10,총계,총계,세종,34
2021-10,총계,총계,강원,869
2021-10,총계,총계,충북,325
2021-10,총계,총계,충남,790
2021-10,총계,총계,전북,2,046
2021-10,총계,총계,전남,2,287
2021-10,총계,총계,경북,1,145
2021-10,총계,총계,경남,3,157
2021-10,총계,총계,제주,302
2021-10,공공부문,소계,전국,5,500
2021-10,공공부문,소계,서울,959
2021-10,공공부문,소계,인천,0
2021-10,공공부문,소계,경기,3,658
2021-10,공공부문,소계,부산,284
2021-10,공공부문,소계,대구,0
2021-10,공공부문,소계,광주,0
2021-10,공공부문,소계,대전,0
2021-10,공공부문,소계,울산,0
2021-10,공공부문,소계,세종,0
2021-10,공공부문,소계,강원,0
2021-10,공공부문,소계,충북,0
2021-10,공공부문,소계,충남,381
2021-10,공공부문,소계,전북,0
2021-10,공공부문,소계,전남,18
2021-10,공공부문,소계,경북,200
2021-10,공공부문,소계,경남,0
2021-10,공공부문,소계,제주,0
2021-10,합,국민임대,전국,0
2021-10,합,국민임대,서울,0
2021-10,합,국민임대,인천,0
2021-10,합,국민임대,경기,0
2021-10,합,국민임대,부산,0
2021-10,합,국민임대,대구,0
2021-10,합,국민임대,광주,0
2021-10,합,국민임대,대전,0
2021-10,합,국민임대,울산,0
2021-10,합,국민임대,세종,0
2021-10,합,국민임대,강원,0
2021-10,합,국민임대,충북,0
2021-10,합,국민임대,충남,0
2021-10,합,국민임대,전북,0
2021-10,합,국민임대,전남,0
2021-10,합,국민임대,경북,0
2021-10,합,국민임대,경남,0
2021-10,합,국민임대,제주,0
2021-10,합,공공임대,전국,4,835
2021-10,합,공공임대,서울,959
2021-10,합,공공임대,인천,0
2021-10,합,공공임대,경기,3,011
2021-10,합,공공임대,부산,284
2021-10,합,공공임대,대구,0
2021-10,합,공공임대,광주,0
2021-10,합,공공임대,대전,0
2021-10,합,공공임대,울산,0
2021-10,합,공공임대,세종,0
2021-10,합,공공임대,강원,0
2021-10,합,공공임대,충북,0
2021-10,합,공공임대,충남,381
2021-10,합,공공임대,전북,0
2021-10,합,공공임대,전남,0
2021-10,합,공공임대,경북,200
2021-10,합,공공임대,경남,0
2021-10,합,공공임대,제주,0
2021-10,합,공공분양,전국,665
2021-10,합,공공분양,서울,0
2021-10,합,공공분양,인천,0
2021-10,합,공공분양,경기,647
2021-10,합,공공분양,부산,0
2021-10,합,공공분양,대구,0
2021-10,합,공공분양,광주,0
2021-10,합,공공분양,대전,0
2021-10,합,공공분양,울산,0
2021-10,합,공공분양,세종,0
2021-10,합,공공분양,강원,0
2021-10,합,공공분양,충북,0
2021-10,합,공공분양,충남,0
2021-10,합,공공분양,전북,0
2021-10,합,공공분양,전남,18
2021-10,합,공공분양,경북,0
2021-10,합,공공분양,경남,0
2021-10,합,공공분양,제주,0
2021-10,지자체,소계,전국,0
2021-10,지자체,소계,서울,0
2021-10,지자체,소계,인천,0
2021-10,지자체,소계,경기,0
2021-10,지자체,소계,부산,0
2021-10,지자체,소계,대구,0
2021-10,지자체,소계,광주,0
2021-10,지자체,소계,대전,0
2021-10,지자체,소계,울산,0
2021-10,지자체,소계,세종,0
2021-10,지자체,소계,강원,0
2021-10,지자체,소계,충북,0
2021-10,지자체,소계,충남,0
2021-10,지자체,소계,전북,0
2021-10,지자체,소계,전남,0
2021-10,지자체,소계,경북,0
2021-10,지자체,소계,경남,0
2021-10,지자체,소계,제주,0
2021-10,지자체,국민임대,전국,0
2021-10,지자체,국민임대,서울,0
2021-10,지자체,국민임대,인천,0
2021-10,지자체,국민임대,경기,0
2021-10,지자체,국민임대,부산,0
2021-10,지자체,국민임대,대구,0
2021-10,지자체,국민임대,광주,0
2021-10,지자체,국민임대,대전,0
2021-10,지자체,국민임대,울산,0
2021-10,지자체,국민임대,세종,0
2021-10,지자체,국민임대,강원,0
2021-10,지자체,국민임대,충북,0
2021-10,지자체,국민임대,충남,0
2021-10,지자체,국민임대,전북,0
2021-10,지자체,국민임대,전남,0
2021-10,지자체,국민임대,경북,0
2021-10,지자체,국민임대,경남,0
2021-10,지자체,국민임대,제주,0
2021-10,지자체,공공임대,전국,0
2021-10,지자체,공공임대,서울,0
2021-10,지자체,공공임대,인천,0
2021-10,지자체,공공임대,경기,0
2021-10,지자체,공공임대,부산,0
2021-10,지자체,공공임대,대구,0
2021-10,지자체,공공임대,광주,0
2021-10,지자체,공공임대,대전,0
2021-10,지자체,공공임대,울산,0
2021-10,지자체,공공임대,세종,0
2021-10,지자체,공공임대,강원,0
2021-10,지자체,공공임대,충북,0
2021-10,지자체,공공임대,충남,0
2021-10,지자체,공공임대,전북,0
2021-10,지자체,공공임대,전남,0
2021-10,지자체,공공임대,경북,0
2021-10,지자체,공공임대,경남,0
2021-10,지자체,공공임대,제주,0
2021-10,지자체,공공분양,전국,0
2021-10,지자체,공공분양,서울,0
2021-10,지자체,공공분양,인천,0
2021-10,지자체,공공분양,경기,0
2021-10,지자체,공공분양,부산,0
2021-10,지자체,공공분양,대구,0
2021-10,지자체,공공분양,광주,0
2021-10,지자체,공공분양,대전,0
2021-10,지자체,공공분양,울산,0
2021-10,지자체,공공분양,세종,0
2021-10,지자체,공공분양,강원,0
2021-10,지자체,공공분양,충북,0
2021-10,지자체,공공분양,충남,0
2021-10,지자체,공공분양,전북,0
2021-10,지자체,공공분양,전남,0
2021-10,지자체,공공분양,경북,0
2021-10,지자체,공공분양,경남,0
2021-10,지자체,공공분양,제주,0
2021-10,LH,소계,전국,1,150
2021-10,LH,소계,서울,0
2021-10,LH,소계,인천,0
2021-10,LH,소계,경기,648
2021-10,LH,소계,부산,284
2021-10,LH,소계,대구,0
2021-10,LH,소계,광주,0
2021-10,LH,소계,대전,0
2021-10,LH,소계,울산,0
2021-10,LH,소계,세종,0
2021-10,LH,소계,강원,0
2021-10,LH,소계,충북,0
2021-10,LH,소계,충남,0
2021-10,LH,소계,전북,0
2021-10,LH,소계,전남,18
2021-10,LH,소계,경북,200
2021-10,LH,소계,경남,0
2021-10,LH,소계,제주,0
2021-10,LH,국민임대,전국,0
2021-10,LH,국민임대,서울,0
2021-10,LH,국민임대,인천,0
2021-10,LH,국민임대,경기,0
2021-10,LH,국민임대,부산,0
2021-10,LH,국민임대,대구,0
2021-10,LH,국민임대,광주,0
2021-10,LH,국민임대,대전,0
2021-10,LH,국민임대,울산,0
2021-10,LH,국민임대,세종,0
2021-10,LH,국민임대,강원,0
2021-10,LH,국민임대,충북,0
2021-10,LH,국민임대,충남,0
2021-10,LH,국민임대,전북,0
2021-10,LH,국민임대,전남,0
2021-10,LH,국민임대,경북,0
2021-10,LH,국민임대,경남,0
2021-10,LH,국민임대,제주,0
2021-10,LH,공공임대,전국,485
2021-10,LH,공공임대,서울,0
2021-10,LH,공공임대,인천,0
2021-10,LH,공공임대,경기,1
2021-10,LH,공공임대,부산,284
2021-10,LH,공공임대,대구,0
2021-10,LH,공공임대,광주,0
2021-10,LH,공공임대,대전,0
2021-10,LH,공공임대,울산,0
2021-10,LH,공공임대,세종,0
2021-10,LH,공공임대,강원,0
2021-10,LH,공공임대,충북,0
2021-10,LH,공공임대,충남,0
2021-10,LH,공공임대,전북,0
2021-10,LH,공공임대,전남,0
2021-10,LH,공공임대,경북,200
2021-10,LH,공공임대,경남,0
2021-10,LH,공공임대,제주,0
2021-10,LH,공공분양,전국,665
2021-10,LH,공공분양,서울,0
2021-10,LH,공공분양,인천,0
2021-10,LH,공공분양,경기,647
2021-10,LH,공공분양,부산,0
2021-10,LH,공공분양,대구,0
2021-10,LH,공공분양,광주,0
2021-10,LH,공공분양,대전,0
2021-10,LH,공공분양,울산,0
2021-10,LH,공공분양,세종,0
2021-10,LH,공공분양,강원,0
2021-10,LH,공공분양,충북,0
2021-10,LH,공공분양,충남,0
2021-10,LH,공공분양,전북,0
2021-10,LH,공공분양,전남,18
2021-10,LH,공공분양,경북,0
2021-10,LH,공공분양,경남,0
2021-10,LH,공공분양,제주,0
2021-10,주택업체,소계,전국,4,350
2021-10,주택업체,소계,서울,959
2021-10,주택업체,소계,인천,0
2021-10,주택업체,소계,경기,3,010
2021-10,주택업체,소계,부산,0
2021-10,주택업체,소계,대구,0
2021-10,주택업체,소계,광주,0
2021-10,주택업체,소계,대전,0
2021-10,주택업체,소계,울산,0
2021-10,주택업체,소계,세종,0
2021-10,주택업체,소계,강원,0
2021-10,주택업체,소계,충북,0
2021-10,주택업체,소계,충남,381
2021-10,주택업체,소계,전북,0
2021-10,주택업체,소계,전남,0
2021-10,주택업체,소계,경북,0
2021-10,주택업체,소계,경남,0
2021-10,주택업체,소계,제주,0
2021-10,주택업체,국민임대,전국,0
2021-10,주택업체,국민임대,서울,0
2021-10,주택업체,국민임대,인천,0
2021-10,주택업체,국민임대,경기,0
2021-10,주택업체,국민임대,부산,0
2021-10,주택업체,국민임대,대구,0
2021-10,주택업체,국민임대,광주,0
2021-10,주택업체,국민임대,대전,0
2021-10,주택업체,국민임대,울산,0
2021-10,주택업체,국민임대,세종,0
2021-10,주택업체,국민임대,강원,0
2021-10,주택업체,국민임대,충북,0
2021-10,주택업체,국민임대,충남,0
2021-10,주택업체,국민임대,전북,0
2021-10,주택업체,국민임대,전남,0
2021-10,주택업체,국민임대,경북,0
2021-10,주택업체,국민임대,경남,0
2021-10,주택업체,국민임대,제주,0
2021-10,주택업체,공공임대,전국,4,350
2021-10,주택업체,공공임대,서울,959
2021-10,주택업체,공공임대,인천,0
2021-10,주택업체,공공임대,경기,3,010
2021-10,주택업체,공공임대,부산,0
2021-10,주택업체,공공임대,대구,0
2021-10,주택업체,공공임대,광주,0
2021-10,주택업체,공공임대,대전,0
2021-10,주택업체,공공임대,울산,0
2021-10,주택업체,공공임대,세종,0
2021-10,주택업체,공공임대,강원,0
2021-10,주택업체,공공임대,충북,0
2021-10,주택업체,공공임대,충남,381
2021-10,주택업체,공공임대,전북,0
2021-10,주택업체,공공임대,전남,0
2021-10,주택업체,공공임대,경북,0
2021-10,주택업체,공공임대,경남,0
2021-10,주택업체,공공임대,제주,0
2021-10,주택업체,공공분양,전국,0
2021-10,주택업체,공공분양,서울,0
2021-10,주택업체,공공분양,인천,0
2021-10,주택업체,공공분양,경기,0
2021-10,주택업체,공공분양,부산,0
2021-10,주택업체,공공분양,대구,0
2021-10,주택업체,공공분양,광주,0
2021-10,주택업체,공공분양,대전,0
2021-10,주택업체,공공분양,울산,0
2021-10,주택업체,공공분양,세종,0
2021-10,주택업체,공공분양,강원,0
2021-10,주택업체,공공분양,충북,0
2021-10,주택업체,공공분양,충남,0
2021-10,주택업체,공공분양,전북,0
2021-10,주택업체,공공분양,전남,0
2021-10,주택업체,공공분양,경북,0
2021-10,주택업체,공공분양,경남,0
2021-10,주택업체,공공분양,제주,0
2021-10,민간부문,소계,전국,31,803
2021-10,민간부문,소계,서울,3,563
2021-10,민간부문,소계,인천,1,908
2021-10,민간부문,소계,경기,7,276
2021-10,민간부문,소계,부산,418
2021-10,민간부문,소계,대구,1,046
2021-10,민간부문,소계,광주,105
2021-10,민간부문,소계,대전,6,206
2021-10,민간부문,소계,울산,925
2021-10,민간부문,소계,세종,34
2021-10,민간부문,소계,강원,869
2021-10,민간부문,소계,충북,325
2021-10,민간부문,소계,충남,409
2021-10,민간부문,소계,전북,2,046
2021-10,민간부문,소계,전남,2,269
2021-10,민간부문,소계,경북,945
2021-10,민간부문,소계,경남,3,157
2021-10,민간부문,소계,제주,302
2021-10,민간,민간임대,전국,1,654
2021-10,민간,민간임대,서울,185
2021-10,민간,민간임대,인천,0
2021-10,민간,민간임대,경기,95
2021-10,민간,민간임대,부산,0
2021-10,민간,민간임대,대구,0
2021-10,민간,민간임대,광주,0
2021-10,민간,민간임대,대전,0
2021-10,민간,민간임대,울산,0
2021-10,민간,민간임대,세종,0
2021-10,민간,민간임대,강원,0
2021-10,민간,민간임대,충북,0
2021-10,민간,민간임대,충남,0
2021-10,민간,민간임대,전북,878
2021-10,민간,민간임대,전남,496
2021-10,민간,민간임대,경북,0
2021-10,민간,민간임대,경남,0
2021-10,민간,민간임대,제주,0
2021-10,민간,민간분양,전국,30,149
2021-10,민간,민간분양,서울,3,378
2021-10,민간,민간분양,인천,1,908
2021-10,민간,민간분양,경기,7,181
2021-10,민간,민간분양,부산,418
2021-10,민간,민간분양,대구,1,046
2021-10,민간,민간분양,광주,105
2021-10,민간,민간분양,대전,6,206
2021-10,민간,민간분양,울산,925
2021-10,민간,민간분양,세종,34
2021-10,민간,민간분양,강원,869
2021-10,민간,민간분양,충북,325
2021-10,민간,민간분양,충남,409
2021-10,민간,민간분양,전북,1,168
2021-10,민간,민간분양,전남,1,773
2021-10,민간,민간분양,경북,945
2021-10,민간,민간분양,경남,3,157
2021-10,민간,민간분양,제주,302
2021-11,총계,총계,전국,37,029
2021-11,총계,총계,서울,5,548
2021-11,총계,총계,인천,741
2021-11,총계,총계,경기,12,212
2021-11,총계,총계,부산,2,342
2021-11,총계,총계,대구,5,854
2021-11,총계,총계,광주,1,021
2021-11,총계,총계,대전,260
2021-11,총계,총계,울산,67
2021-11,총계,총계,세종,34
2021-11,총계,총계,강원,2,461
2021-11,총계,총계,충북,1,170
2021-11,총계,총계,충남,426
2021-11,총계,총계,전북,265
2021-11,총계,총계,전남,2,998
2021-11,총계,총계,경북,622
2021-11,총계,총계,경남,586
2021-11,총계,총계,제주,422
2021-11,공공부문,소계,전국,2,830
2021-11,공공부문,소계,서울,22
2021-11,공공부문,소계,인천,0
2021-11,공공부문,소계,경기,1,531
2021-11,공공부문,소계,부산,0
2021-11,공공부문,소계,대구,1,277
2021-11,공공부문,소계,광주,0
2021-11,공공부문,소계,대전,0
2021-11,공공부문,소계,울산,0
2021-11,공공부문,소계,세종,0
2021-11,공공부문,소계,강원,0
2021-11,공공부문,소계,충북,0
2021-11,공공부문,소계,충남,0
2021-11,공공부문,소계,전북,0
2021-11,공공부문,소계,전남,0
2021-11,공공부문,소계,경북,0
2021-11,공공부문,소계,경남,0
2021-11,공공부문,소계,제주,0
2021-11,합,국민임대,전국,22
2021-11,합,국민임대,서울,22
2021-11,합,국민임대,인천,0
2021-11,합,국민임대,경기,0
2021-11,합,국민임대,부산,0
2021-11,합,국민임대,대구,0
2021-11,합,국민임대,광주,0
2021-11,합,국민임대,대전,0
2021-11,합,국민임대,울산,0
2021-11,합,국민임대,세종,0
2021-11,합,국민임대,강원,0
2021-11,합,국민임대,충북,0
2021-11,합,국민임대,충남,0
2021-11,합,국민임대,전북,0
2021-11,합,국민임대,전남,0
2021-11,합,국민임대,경북,0
2021-11,합,국민임대,경남,0
2021-11,합,국민임대,제주,0
2021-11,합,공공임대,전국,1,777
2021-11,합,공공임대,서울,0
2021-11,합,공공임대,인천,0
2021-11,합,공공임대,경기,500
2021-11,합,공공임대,부산,0
2021-11,합,공공임대,대구,1,277
2021-11,합,공공임대,광주,0
2021-11,합,공공임대,대전,0
2021-11,합,공공임대,울산,0
2021-11,합,공공임대,세종,0
2021-11,합,공공임대,강원,0
2021-11,합,공공임대,충북,0
2021-11,합,공공임대,충남,0
2021-11,합,공공임대,전북,0
2021-11,합,공공임대,전남,0
2021-11,합,공공임대,경북,0
2021-11,합,공공임대,경남,0
2021-11,합,공공임대,제주,0
2021-11,합,공공분양,전국,1,031
2021-11,합,공공분양,서울,0
2021-11,합,공공분양,인천,0
2021-11,합,공공분양,경기,1,031
2021-11,합,공공분양,부산,0
2021-11,합,공공분양,대구,0
2021-11,합,공공분양,광주,0
2021-11,합,공공분양,대전,0
2021-11,합,공공분양,울산,0
2021-11,합,공공분양,세종,0
2021-11,합,공공분양,강원,0
2021-11,합,공공분양,충북,0
2021-11,합,공공분양,충남,0
2021-11,합,공공분양,전북,0
2021-11,합,공공분양,전남,0
2021-11,합,공공분양,경북,0
2021-11,합,공공분양,경남,0
2021-11,합,공공분양,제주,0
2021-11,지자체,소계,전국,22
2021-11,지자체,소계,서울,22
2021-11,지자체,소계,인천,0
2021-11,지자체,소계,경기,0
2021-11,지자체,소계,부산,0
2021-11,지자체,소계,대구,0
2021-11,지자체,소계,광주,0
2021-11,지자체,소계,대전,0
2021-11,지자체,소계,울산,0
2021-11,지자체,소계,세종,0
2021-11,지자체,소계,강원,0
2021-11,지자체,소계,충북,0
2021-11,지자체,소계,충남,0
2021-11,지자체,소계,전북,0
2021-11,지자체,소계,전남,0
2021-11,지자체,소계,경북,0
2021-11,지자체,소계,경남,0
2021-11,지자체,소계,제주,0
2021-11,지자체,국민임대,전국,22
2021-11,지자체,국민임대,서울,22
2021-11,지자체,국민임대,인천,0
2021-11,지자체,국민임대,경기,0
2021-11,지자체,국민임대,부산,0
2021-11,지자체,국민임대,대구,0
2021-11,지자체,국민임대,광주,0
2021-11,지자체,국민임대,대전,0
2021-11,지자체,국민임대,울산,0
2021-11,지자체,국민임대,세종,0
2021-11,지자체,국민임대,강원,0
2021-11,지자체,국민임대,충북,0
2021-11,지자체,국민임대,충남,0
2021-11,지자체,국민임대,전북,0
2021-11,지자체,국민임대,전남,0
2021-11,지자체,국민임대,경북,0
2021-11,지자체,국민임대,경남,0
2021-11,지자체,국민임대,제주,0
2021-11,지자체,공공임대,전국,0
2021-11,지자체,공공임대,서울,0
2021-11,지자체,공공임대,인천,0
2021-11,지자체,공공임대,경기,0
2021-11,지자체,공공임대,부산,0
2021-11,지자체,공공임대,대구,0
2021-11,지자체,공공임대,광주,0
2021-11,지자체,공공임대,대전,0
2021-11,지자체,공공임대,울산,0
2021-11,지자체,공공임대,세종,0
2021-11,지자체,공공임대,강원,0
2021-11,지자체,공공임대,충북,0
2021-11,지자체,공공임대,충남,0
2021-11,지자체,공공임대,전북,0
2021-11,지자체,공공임대,전남,0
2021-11,지자체,공공임대,경북,0
2021-11,지자체,공공임대,경남,0
2021-11,지자체,공공임대,제주,0
2021-11,지자체,공공분양,전국,0
2021-11,지자체,공공분양,서울,0
2021-11,지자체,공공분양,인천,0
2021-11,지자체,공공분양,경기,0
2021-11,지자체,공공분양,부산,0
2021-11,지자체,공공분양,대구,0
2021-11,지자체,공공분양,광주,0
2021-11,지자체,공공분양,대전,0
2021-11,지자체,공공분양,울산,0
2021-11,지자체,공공분양,세종,0
2021-11,지자체,공공분양,강원,0
2021-11,지자체,공공분양,충북,0
2021-11,지자체,공공분양,충남,0
2021-11,지자체,공공분양,전북,0
2021-11,지자체,공공분양,전남,0
2021-11,지자체,공공분양,경북,0
2021-11,지자체,공공분양,경남,0
2021-11,지자체,공공분양,제주,0
2021-11,LH,소계,전국,0
2021-11,LH,소계,서울,0
2021-11,LH,소계,인천,0
2021-11,LH,소계,경기,0
2021-11,LH,소계,부산,0
2021-11,LH,소계,대구,0
2021-11,LH,소계,광주,0
2021-11,LH,소계,대전,0
2021-11,LH,소계,울산,0
2021-11,LH,소계,세종,0
2021-11,LH,소계,강원,0
2021-11,LH,소계,충북,0
2021-11,LH,소계,충남,0
2021-11,LH,소계,전북,0
2021-11,LH,소계,전남,0
2021-11,LH,소계,경북,0
2021-11,LH,소계,경남,0
2021-11,LH,소계,제주,0
2021-11,LH,국민임대,전국,0
2021-11,LH,국민임대,서울,0
2021-11,LH,국민임대,인천,0
2021-11,LH,국민임대,경기,0
2021-11,LH,국민임대,부산,0
2021-11,LH,국민임대,대구,0
2021-11,LH,국민임대,광주,0
2021-11,LH,국민임대,대전,0
2021-11,LH,국민임대,울산,0
2021-11,LH,국민임대,세종,0
2021-11,LH,국민임대,강원,0
2021-11,LH,국민임대,충북,0
2021-11,LH,국민임대,충남,0
2021-11,LH,국민임대,전북,0
2021-11,LH,국민임대,전남,0
2021-11,LH,국민임대,경북,0
2021-11,LH,국민임대,경남,0
2021-11,LH,국민임대,제주,0
2021-11,LH,공공임대,전국,0
2021-11,LH,공공임대,서울,0
2021-11,LH,공공임대,인천,0
2021-11,LH,공공임대,경기,0
2021-11,LH,공공임대,부산,0
2021-11,LH,공공임대,대구,0
2021-11,LH,공공임대,광주,0
2021-11,LH,공공임대,대전,0
2021-11,LH,공공임대,울산,0
2021-11,LH,공공임대,세종,0
2021-11,LH,공공임대,강원,0
2021-11,LH,공공임대,충북,0
2021-11,LH,공공임대,충남,0
2021-11,LH,공공임대,전북,0
2021-11,LH,공공임대,전남,0
2021-11,LH,공공임대,경북,0
2021-11,LH,공공임대,경남,0
2021-11,LH,공공임대,제주,0
2021-11,LH,공공분양,전국,0
2021-11,LH,공공분양,서울,0
2021-11,LH,공공분양,인천,0
2021-11,LH,공공분양,경기,0
2021-11,LH,공공분양,부산,0
2021-11,LH,공공분양,대구,0
2021-11,LH,공공분양,광주,0
2021-11,LH,공공분양,대전,0
2021-11,LH,공공분양,울산,0
2021-11,LH,공공분양,세종,0
2021-11,LH,공공분양,강원,0
2021-11,LH,공공분양,충북,0
2021-11,LH,공공분양,충남,0
2021-11,LH,공공분양,전북,0
2021-11,LH,공공분양,전남,0
2021-11,LH,공공분양,경북,0
2021-11,LH,공공분양,경남,0
2021-11,LH,공공분양,제주,0
2021-11,주택업체,소계,전국,2,808
2021-11,주택업체,소계,서울,0
2021-11,주택업체,소계,인천,0
2021-11,주택업체,소계,경기,1,531
2021-11,주택업체,소계,부산,0
2021-11,주택업체,소계,대구,1,277
2021-11,주택업체,소계,광주,0
2021-11,주택업체,소계,대전,0
2021-11,주택업체,소계,울산,0
2021-11,주택업체,소계,세종,0
2021-11,주택업체,소계,강원,0
2021-11,주택업체,소계,충북,0
2021-11,주택업체,소계,충남,0
2021-11,주택업체,소계,전북,0
2021-11,주택업체,소계,전남,0
2021-11,주택업체,소계,경북,0
2021-11,주택업체,소계,경남,0
2021-11,주택업체,소계,제주,0
2021-11,주택업체,국민임대,전국,0
2021-11,주택업체,국민임대,서울,0
2021-11,주택업체,국민임대,인천,0
2021-11,주택업체,국민임대,경기,0
2021-11,주택업체,국민임대,부산,0
2021-11,주택업체,국민임대,대구,0
2021-11,주택업체,국민임대,광주,0
2021-11,주택업체,국민임대,대전,0
2021-11,주택업체,국민임대,울산,0
2021-11,주택업체,국민임대,세종,0
2021-11,주택업체,국민임대,강원,0
2021-11,주택업체,국민임대,충북,0
2021-11,주택업체,국민임대,충남,0
2021-11,주택업체,국민임대,전북,0
2021-11,주택업체,국민임대,전남,0
2021-11,주택업체,국민임대,경북,0
2021-11,주택업체,국민임대,경남,0
2021-11,주택업체,국민임대,제주,0
2021-11,주택업체,공공임대,전국,1,777
2021-11,주택업체,공공임대,서울,0
2021-11,주택업체,공공임대,인천,0
2021-11,주택업체,공공임대,경기,500
2021-11,주택업체,공공임대,부산,0
2021-11,주택업체,공공임대,대구,1,277
2021-11,주택업체,공공임대,광주,0
2021-11,주택업체,공공임대,대전,0
2021-11,주택업체,공공임대,울산,0
2021-11,주택업체,공공임대,세종,0
2021-11,주택업체,공공임대,강원,0
2021-11,주택업체,공공임대,충북,0
2021-11,주택업체,공공임대,충남,0
2021-11,주택업체,공공임대,전북,0
2021-11,주택업체,공공임대,전남,0
2021-11,주택업체,공공임대,경북,0
2021-11,주택업체,공공임대,경남,0
2021-11,주택업체,공공임대,제주,0
2021-11,주택업체,공공분양,전국,1,031
2021-11,주택업체,공공분양,서울,0
2021-11,주택업체,공공분양,인천,0
2021-11,주택업체,공공분양,경기,1,031
2021-11,주택업체,공공분양,부산,0
2021-11,주택업체,공공분양,대구,0
2021-11,주택업체,공공분양,광주,0
2021-11,주택업체,공공분양,대전,0
2021-11,주택업체,공공분양,울산,0
2021-11,주택업체,공공분양,세종,0
2021-11,주택업체,공공분양,강원,0
2021-11,주택업체,공공분양,충북,0
2021-11,주택업체,공공분양,충남,0
2021-11,주택업체,공공분양,전북,0
2021-11,주택업체,공공분양,전남,0
2021-11,주택업체,공공분양,경북,0
2021-11,주택업체,공공분양,경남,0
2021-11,주택업체,공공분양,제주,0
2021-11,민간부문,소계,전국,34,199
2021-11,민간부문,소계,서울,5,526
2021-11,민간부문,소계,인천,741
2021-11,민간부문,소계,경기,10,681
2021-11,민간부문,소계,부산,2,342
2021-11,민간부문,소계,대구,4,577
2021-11,민간부문,소계,광주,1,021
2021-11,민간부문,소계,대전,260
2021-11,민간부문,소계,울산,67
2021-11,민간부문,소계,세종,34
2021-11,민간부문,소계,강원,2,461
2021-11,민간부문,소계,충북,1,170
2021-11,민간부문,소계,충남,426
2021-11,민간부문,소계,전북,265
2021-11,민간부문,소계,전남,2,998
2021-11,민간부문,소계,경북,622
2021-11,민간부문,소계,경남,586
2021-11,민간부문,소계,제주,422
2021-11,민간,민간임대,전국,3,472
2021-11,민간,민간임대,서울,421
2021-11,민간,민간임대,인천,0
2021-11,민간,민간임대,경기,0
2021-11,민간,민간임대,부산,1,651
2021-11,민간,민간임대,대구,0
2021-11,민간,민간임대,광주,0
2021-11,민간,민간임대,대전,0
2021-11,민간,민간임대,울산,0
2021-11,민간,민간임대,세종,0
2021-11,민간,민간임대,강원,0
2021-11,민간,민간임대,충북,0
2021-11,민간,민간임대,충남,0
2021-11,민간,민간임대,전북,0
2021-11,민간,민간임대,전남,1,400
2021-11,민간,민간임대,경북,0
2021-11,민간,민간임대,경남,0
2021-11,민간,민간임대,제주,0
2021-11,민간,민간분양,전국,30,727
2021-11,민간,민간분양,서울,5,105
2021-11,민간,민간분양,인천,741
2021-11,민간,민간분양,경기,10,681
2021-11,민간,민간분양,부산,691
2021-11,민간,민간분양,대구,4,577
2021-11,민간,민간분양,광주,1,021
2021-11,민간,민간분양,대전,260
2021-11,민간,민간분양,울산,67
2021-11,민간,민간분양,세종,34
2021-11,민간,민간분양,강원,2,461
2021-11,민간,민간분양,충북,1,170
2021-11,민간,민간분양,충남,426
2021-11,민간,민간분양,전북,265
2021-11,민간,민간분양,전남,1,598
2021-11,민간,민간분양,경북,622
2021-11,민간,민간분양,경남,586
2021-11,민간,민간분양,제주,422
2021-12,총계,총계,전국,52,809
2021-12,총계,총계,서울,8,333
2021-12,총계,총계,인천,2,290
2021-12,총계,총계,경기,19,536
2021-12,총계,총계,부산,7,843
2021-12,총계,총계,대구,694
2021-12,총계,총계,광주,169
2021-12,총계,총계,대전,330
2021-12,총계,총계,울산,331
2021-12,총계,총계,세종,1,139
2021-12,총계,총계,강원,2,575
2021-12,총계,총계,충북,871
2021-12,총계,총계,충남,1,028
2021-12,총계,총계,전북,791
2021-12,총계,총계,전남,1,726
2021-12,총계,총계,경북,1,797
2021-12,총계,총계,경남,3,150
2021-12,총계,총계,제주,206
2021-12,공공부문,소계,전국,9,028
2021-12,공공부문,소계,서울,88
2021-12,공공부문,소계,인천,457
2021-12,공공부문,소계,경기,6,046
2021-12,공공부문,소계,부산,0
2021-12,공공부문,소계,대구,0
2021-12,공공부문,소계,광주,40
2021-12,공공부문,소계,대전,0
2021-12,공공부문,소계,울산,0
2021-12,공공부문,소계,세종,1,100
2021-12,공공부문,소계,강원,0
2021-12,공공부문,소계,충북,0
2021-12,공공부문,소계,충남,0
2021-12,공공부문,소계,전북,450
2021-12,공공부문,소계,전남,0
2021-12,공공부문,소계,경북,847
2021-12,공공부문,소계,경남,0
2021-12,공공부문,소계,제주,0
2021-12,합,국민임대,전국,4,008
2021-12,합,국민임대,서울,0
2021-12,합,국민임대,인천,457
2021-12,합,국민임대,경기,1,848
2021-12,합,국민임대,부산,0
2021-12,합,국민임대,대구,0
2021-12,합,국민임대,광주,0
2021-12,합,국민임대,대전,0
2021-12,합,국민임대,울산,0
2021-12,합,국민임대,세종,1,100
2021-12,합,국민임대,강원,0
2021-12,합,국민임대,충북,0
2021-12,합,국민임대,충남,0
2021-12,합,국민임대,전북,0
2021-12,합,국민임대,전남,0
2021-12,합,국민임대,경북,603
2021-12,합,국민임대,경남,0
2021-12,합,국민임대,제주,0
2021-12,합,공공임대,전국,5,020
2021-12,합,공공임대,서울,88
2021-12,합,공공임대,인천,0
2021-12,합,공공임대,경기,4,198
2021-12,합,공공임대,부산,0
2021-12,합,공공임대,대구,0
2021-12,합,공공임대,광주,40
2021-12,합,공공임대,대전,0
2021-12,합,공공임대,울산,0
2021-12,합,공공임대,세종,0
2021-12,합,공공임대,강원,0
2021-12,합,공공임대,충북,0
2021-12,합,공공임대,충남,0
2021-12,합,공공임대,전북,450
2021-12,합,공공임대,전남,0
2021-12,합,공공임대,경북,244
2021-12,합,공공임대,경남,0
2021-12,합,공공임대,제주,0
2021-12,합,공공분양,전국,0
2021-12,합,공공분양,서울,0
2021-12,합,공공분양,인천,0
2021-12,합,공공분양,경기,0
2021-12,합,공공분양,부산,0
2021-12,합,공공분양,대구,0
2021-12,합,공공분양,광주,0
2021-12,합,공공분양,대전,0
2021-12,합,공공분양,울산,0
2021-12,합,공공분양,세종,0
2021-12,합,공공분양,강원,0
2021-12,합,공공분양,충북,0
2021-12,합,공공분양,충남,0
2021-12,합,공공분양,전북,0
2021-12,합,공공분양,전남,0
2021-12,합,공공분양,경북,0
2021-12,합,공공분양,경남,0
2021-12,합,공공분양,제주,0
2021-12,지자체,소계,전국,0
2021-12,지자체,소계,서울,0
2021-12,지자체,소계,인천,0
2021-12,지자체,소계,경기,0
2021-12,지자체,소계,부산,0
2021-12,지자체,소계,대구,0
2021-12,지자체,소계,광주,0
2021-12,지자체,소계,대전,0
2021-12,지자체,소계,울산,0
2021-12,지자체,소계,세종,0
2021-12,지자체,소계,강원,0
2021-12,지자체,소계,충북,0
2021-12,지자체,소계,충남,0
2021-12,지자체,소계,전북,0
2021-12,지자체,소계,전남,0
2021-12,지자체,소계,경북,0
2021-12,지자체,소계,경남,0
2021-12,지자체,소계,제주,0
2021-12,지자체,국민임대,전국,0
2021-12,지자체,국민임대,서울,0
2021-12,지자체,국민임대,인천,0
2021-12,지자체,국민임대,경기,0
2021-12,지자체,국민임대,부산,0
2021-12,지자체,국민임대,대구,0
2021-12,지자체,국민임대,광주,0
2021-12,지자체,국민임대,대전,0
2021-12,지자체,국민임대,울산,0
2021-12,지자체,국민임대,세종,0
2021-12,지자체,국민임대,강원,0
2021-12,지자체,국민임대,충북,0
2021-12,지자체,국민임대,충남,0
2021-12,지자체,국민임대,전북,0
2021-12,지자체,국민임대,전남,0
2021-12,지자체,국민임대,경북,0
2021-12,지자체,국민임대,경남,0
2021-12,지자체,국민임대,제주,0
2021-12,지자체,공공임대,전국,0
2021-12,지자체,공공임대,서울,0
2021-12,지자체,공공임대,인천,0
2021-12,지자체,공공임대,경기,0
2021-12,지자체,공공임대,부산,0
2021-12,지자체,공공임대,대구,0
2021-12,지자체,공공임대,광주,0
2021-12,지자체,공공임대,대전,0
2021-12,지자체,공공임대,울산,0
2021-12,지자체,공공임대,세종,0
2021-12,지자체,공공임대,강원,0
2021-12,지자체,공공임대,충북,0
2021-12,지자체,공공임대,충남,0
2021-12,지자체,공공임대,전북,0
2021-12,지자체,공공임대,전남,0
2021-12,지자체,공공임대,경북,0
2021-12,지자체,공공임대,경남,0
2021-12,지자체,공공임대,제주,0
2021-12,지자체,공공분양,전국,0
2021-12,지자체,공공분양,서울,0
2021-12,지자체,공공분양,인천,0
2021-12,지자체,공공분양,경기,0
2021-12,지자체,공공분양,부산,0
2021-12,지자체,공공분양,대구,0
2021-12,지자체,공공분양,광주,0
2021-12,지자체,공공분양,대전,0
2021-12,지자체,공공분양,울산,0
2021-12,지자체,공공분양,세종,0
2021-12,지자체,공공분양,강원,0
2021-12,지자체,공공분양,충북,0
2021-12,지자체,공공분양,충남,0
2021-12,지자체,공공분양,전북,0
2021-12,지자체,공공분양,전남,0
2021-12,지자체,공공분양,경북,0
2021-12,지자체,공공분양,경남,0
2021-12,지자체,공공분양,제주,0
2021-12,LH,소계,전국,8,138
2021-12,LH,소계,서울,0
2021-12,LH,소계,인천,457
2021-12,LH,소계,경기,5,284
2021-12,LH,소계,부산,0
2021-12,LH,소계,대구,0
2021-12,LH,소계,광주,0
2021-12,LH,소계,대전,0
2021-12,LH,소계,울산,0
2021-12,LH,소계,세종,1,100
2021-12,LH,소계,강원,0
2021-12,LH,소계,충북,0
2021-12,LH,소계,충남,0
2021-12,LH,소계,전북,450
2021-12,LH,소계,전남,0
2021-12,LH,소계,경북,847
2021-12,LH,소계,경남,0
2021-12,LH,소계,제주,0
2021-12,LH,국민임대,전국,4,008
2021-12,LH,국민임대,서울,0
2021-12,LH,국민임대,인천,457
2021-12,LH,국민임대,경기,1,848
2021-12,LH,국민임대,부산,0
2021-12,LH,국민임대,대구,0
2021-12,LH,국민임대,광주,0
2021-12,LH,국민임대,대전,0
2021-12,LH,국민임대,울산,0
2021-12,LH,국민임대,세종,1,100
2021-12,LH,국민임대,강원,0
2021-12,LH,국민임대,충북,0
2021-12,LH,국민임대,충남,0
2021-12,LH,국민임대,전북,0
2021-12,LH,국민임대,전남,0
2021-12,LH,국민임대,경북,603
2021-12,LH,국민임대,경남,0
2021-12,LH,국민임대,제주,0
2021-12,LH,공공임대,전국,4,130
2021-12,LH,공공임대,서울,0
2021-12,LH,공공임대,인천,0
2021-12,LH,공공임대,경기,3,436
2021-12,LH,공공임대,부산,0
2021-12,LH,공공임대,대구,0
2021-12,LH,공공임대,광주,0
2021-12,LH,공공임대,대전,0
2021-12,LH,공공임대,울산,0
2021-12,LH,공공임대,세종,0
2021-12,LH,공공임대,강원,0
2021-12,LH,공공임대,충북,0
2021-12,LH,공공임대,충남,0
2021-12,LH,공공임대,전북,450
2021-12,LH,공공임대,전남,0
2021-12,LH,공공임대,경북,244
2021-12,LH,공공임대,경남,0
2021-12,LH,공공임대,제주,0
2021-12,LH,공공분양,전국,0
2021-12,LH,공공분양,서울,0
2021-12,LH,공공분양,인천,0
2021-12,LH,공공분양,경기,0
2021-12,LH,공공분양,부산,0
2021-12,LH,공공분양,대구,0
2021-12,LH,공공분양,광주,0
2021-12,LH,공공분양,대전,0
2021-12,LH,공공분양,울산,0
2021-12,LH,공공분양,세종,0
2021-12,LH,공공분양,강원,0
2021-12,LH,공공분양,충북,0
2021-12,LH,공공분양,충남,0
2021-12,LH,공공분양,전북,0
2021-12,LH,공공분양,전남,0
2021-12,LH,공공분양,경북,0
2021-12,LH,공공분양,경남,0
2021-12,LH,공공분양,제주,0
2021-12,주택업체,소계,전국,890
2021-12,주택업체,소계,서울,88
2021-12,주택업체,소계,인천,0
2021-12,주택업체,소계,경기,762
2021-12,주택업체,소계,부산,0
2021-12,주택업체,소계,대구,0
2021-12,주택업체,소계,광주,40
2021-12,주택업체,소계,대전,0
2021-12,주택업체,소계,울산,0
2021-12,주택업체,소계,세종,0
2021-12,주택업체,소계,강원,0
2021-12,주택업체,소계,충북,0
2021-12,주택업체,소계,충남,0
2021-12,주택업체,소계,전북,0
2021-12,주택업체,소계,전남,0
2021-12,주택업체,소계,경북,0
2021-12,주택업체,소계,경남,0
2021-12,주택업체,소계,제주,0
2021-12,주택업체,국민임대,전국,0
2021-12,주택업체,국민임대,서울,0
2021-12,주택업체,국민임대,인천,0
2021-12,주택업체,국민임대,경기,0
2021-12,주택업체,국민임대,부산,0
2021-12,주택업체,국민임대,대구,0
2021-12,주택업체,국민임대,광주,0
2021-12,주택업체,국민임대,대전,0
2021-12,주택업체,국민임대,울산,0
2021-12,주택업체,국민임대,세종,0
2021-12,주택업체,국민임대,강원,0
2021-12,주택업체,국민임대,충북,0
2021-12,주택업체,국민임대,충남,0
2021-12,주택업체,국민임대,전북,0
2021-12,주택업체,국민임대,전남,0
2021-12,주택업체,국민임대,경북,0
2021-12,주택업체,국민임대,경남,0
2021-12,주택업체,국민임대,제주,0
2021-12,주택업체,공공임대,전국,890
2021-12,주택업체,공공임대,서울,88
2021-12,주택업체,공공임대,인천,0
2021-12,주택업체,공공임대,경기,762
2021-12,주택업체,공공임대,부산,0
2021-12,주택업체,공공임대,대구,0
2021-12,주택업체,공공임대,광주,40
2021-12,주택업체,공공임대,대전,0
2021-12,주택업체,공공임대,울산,0
2021-12,주택업체,공공임대,세종,0
2021-12,주택업체,공공임대,강원,0
2021-12,주택업체,공공임대,충북,0
2021-12,주택업체,공공임대,충남,0
2021-12,주택업체,공공임대,전북,0
2021-12,주택업체,공공임대,전남,0
2021-12,주택업체,공공임대,경북,0
2021-12,주택업체,공공임대,경남,0
2021-12,주택업체,공공임대,제주,0
2021-12,주택업체,공공분양,전국,0
2021-12,주택업체,공공분양,서울,0
2021-12,주택업체,공공분양,인천,0
2021-12,주택업체,공공분양,경기,0
2021-12,주택업체,공공분양,부산,0
2021-12,주택업체,공공분양,대구,0
2021-12,주택업체,공공분양,광주,0
2021-12,주택업체,공공분양,대전,0
2021-12,주택업체,공공분양,울산,0
2021-12,주택업체,공공분양,세종,0
2021-12,주택업체,공공분양,강원,0
2021-12,주택업체,공공분양,충북,0
2021-12,주택업체,공공분양,충남,0
2021-12,주택업체,공공분양,전북,0
2021-12,주택업체,공공분양,전남,0
2021-12,주택업체,공공분양,경북,0
2021-12,주택업체,공공분양,경남,0
2021-12,주택업체,공공분양,제주,0
2021-12,민간부문,소계,전국,43,781
2021-12,민간부문,소계,서울,8,245
2021-12,민간부문,소계,인천,1,833
2021-12,민간부문,소계,경기,13,490
2021-12,민간부문,소계,부산,7,843
2021-12,민간부문,소계,대구,694
2021-12,민간부문,소계,광주,129
2021-12,민간부문,소계,대전,330
2021-12,민간부문,소계,울산,331
2021-12,민간부문,소계,세종,39
2021-12,민간부문,소계,강원,2,575
2021-12,민간부문,소계,충북,871
2021-12,민간부문,소계,충남,1,028
2021-12,민간부문,소계,전북,341
2021-12,민간부문,소계,전남,1,726
2021-12,민간부문,소계,경북,950
2021-12,민간부문,소계,경남,3,150
2021-12,민간부문,소계,제주,206
2021-12,민간,민간임대,전국,2,097
2021-12,민간,민간임대,서울,717
2021-12,민간,민간임대,인천,0
2021-12,민간,민간임대,경기,0
2021-12,민간,민간임대,부산,0
2021-12,민간,민간임대,대구,0
2021-12,민간,민간임대,광주,0
2021-12,민간,민간임대,대전,0
2021-12,민간,민간임대,울산,0
2021-12,민간,민간임대,세종,0
2021-12,민간,민간임대,강원,0
2021-12,민간,민간임대,충북,0
2021-12,민간,민간임대,충남,346
2021-12,민간,민간임대,전북,0
2021-12,민간,민간임대,전남,0
2021-12,민간,민간임대,경북,332
2021-12,민간,민간임대,경남,702
2021-12,민간,민간임대,제주,0
2021-12,민간,민간분양,전국,41,684
2021-12,민간,민간분양,서울,7,528
2021-12,민간,민간분양,인천,1,833
2021-12,민간,민간분양,경기,13,490
2021-12,민간,민간분양,부산,7,843
2021-12,민간,민간분양,대구,694
2021-12,민간,민간분양,광주,129
2021-12,민간,민간분양,대전,330
2021-12,민간,민간분양,울산,331
2021-12,민간,민간분양,세종,39
2021-12,민간,민간분양,강원,2,575
2021-12,민간,민간분양,충북,871
2021-12,민간,민간분양,충남,682
2021-12,민간,민간분양,전북,341
2021-12,민간,민간분양,전남,1,726
2021-12,민간,민간분양,경북,618
2021-12,민간,민간분양,경남,2,448
2021-12,민간,민간분양,제주,206
2022-01,총계,총계,전국,26,341
2022-01,총계,총계,서울,6,226
2022-01,총계,총계,인천,5,155
2022-01,총계,총계,경기,4,841
2022-01,총계,총계,부산,921
2022-01,총계,총계,대구,405
2022-01,총계,총계,광주,1,637
2022-01,총계,총계,대전,100
2022-01,총계,총계,울산,153
2022-01,총계,총계,세종,39
2022-01,총계,총계,강원,345
2022-01,총계,총계,충북,317
2022-01,총계,총계,충남,2,411
2022-01,총계,총계,전북,501
2022-01,총계,총계,전남,1,370
2022-01,총계,총계,경북,1,089
2022-01,총계,총계,경남,337
2022-01,총계,총계,제주,494
2022-01,공공부문,소계,전국,4,161
2022-01,공공부문,소계,서울,0
2022-01,공공부문,소계,인천,1,268
2022-01,공공부문,소계,경기,36
2022-01,공공부문,소계,부산,0
2022-01,공공부문,소계,대구,0
2022-01,공공부문,소계,광주,1,556
2022-01,공공부문,소계,대전,0
2022-01,공공부문,소계,울산,0
2022-01,공공부문,소계,세종,0
2022-01,공공부문,소계,강원,0
2022-01,공공부문,소계,충북,0
2022-01,공공부문,소계,충남,519
2022-01,공공부문,소계,전북,17
2022-01,공공부문,소계,전남,0
2022-01,공공부문,소계,경북,765
2022-01,공공부문,소계,경남,0
2022-01,공공부문,소계,제주,0
2022-01,합,국민임대,전국,1,787
2022-01,합,국민임대,서울,0
2022-01,합,국민임대,인천,1,268
2022-01,합,국민임대,경기,0
2022-01,합,국민임대,부산,0
2022-01,합,국민임대,대구,0
2022-01,합,국민임대,광주,0
2022-01,합,국민임대,대전,0
2022-01,합,국민임대,울산,0
2022-01,합,국민임대,세종,0
2022-01,합,국민임대,강원,0
2022-01,합,국민임대,충북,0
2022-01,합,국민임대,충남,519
2022-01,합,국민임대,전북,0
2022-01,합,국민임대,전남,0
2022-01,합,국민임대,경북,0
2022-01,합,국민임대,경남,0
2022-01,합,국민임대,제주,0
2022-01,합,공공임대,전국,2,374
2022-01,합,공공임대,서울,0
2022-01,합,공공임대,인천,0
2022-01,합,공공임대,경기,36
2022-01,합,공공임대,부산,0
2022-01,합,공공임대,대구,0
2022-01,합,공공임대,광주,1,556
2022-01,합,공공임대,대전,0
2022-01,합,공공임대,울산,0
2022-01,합,공공임대,세종,0
2022-01,합,공공임대,강원,0
2022-01,합,공공임대,충북,0
2022-01,합,공공임대,충남,0
2022-01,합,공공임대,전북,17
2022-01,합,공공임대,전남,0
2022-01,합,공공임대,경북,765
2022-01,합,공공임대,경남,0
2022-01,합,공공임대,제주,0
2022-01,합,공공분양,전국,0
2022-01,합,공공분양,서울,0
2022-01,합,공공분양,인천,0
2022-01,합,공공분양,경기,0
2022-01,합,공공분양,부산,0
2022-01,합,공공분양,대구,0
2022-01,합,공공분양,광주,0
2022-01,합,공공분양,대전,0
2022-01,합,공공분양,울산,0
2022-01,합,공공분양,세종,0
2022-01,합,공공분양,강원,0
2022-01,합,공공분양,충북,0
2022-01,합,공공분양,충남,0
2022-01,합,공공분양,전북,0
2022-01,합,공공분양,전남,0
2022-01,합,공공분양,경북,0
2022-01,합,공공분양,경남,0
2022-01,합,공공분양,제주,0
2022-01,지자체,소계,전국,0
2022-01,지자체,소계,서울,0
2022-01,지자체,소계,인천,0
2022-01,지자체,소계,경기,0
2022-01,지자체,소계,부산,0
2022-01,지자체,소계,대구,0
2022-01,지자체,소계,광주,0
2022-01,지자체,소계,대전,0
2022-01,지자체,소계,울산,0
2022-01,지자체,소계,세종,0
2022-01,지자체,소계,강원,0
2022-01,지자체,소계,충북,0
2022-01,지자체,소계,충남,0
2022-01,지자체,소계,전북,0
2022-01,지자체,소계,전남,0
2022-01,지자체,소계,경북,0
2022-01,지자체,소계,경남,0
2022-01,지자체,소계,제주,0
2022-01,지자체,국민임대,전국,0
2022-01,지자체,국민임대,서울,0
2022-01,지자체,국민임대,인천,0
2022-01,지자체,국민임대,경기,0
2022-01,지자체,국민임대,부산,0
2022-01,지자체,국민임대,대구,0
2022-01,지자체,국민임대,광주,0
2022-01,지자체,국민임대,대전,0
2022-01,지자체,국민임대,울산,0
2022-01,지자체,국민임대,세종,0
2022-01,지자체,국민임대,강원,0
2022-01,지자체,국민임대,충북,0
2022-01,지자체,국민임대,충남,0
2022-01,지자체,국민임대,전북,0
2022-01,지자체,국민임대,전남,0
2022-01,지자체,국민임대,경북,0
2022-01,지자체,국민임대,경남,0
2022-01,지자체,국민임대,제주,0
2022-01,지자체,공공임대,전국,0
2022-01,지자체,공공임대,서울,0
2022-01,지자체,공공임대,인천,0
2022-01,지자체,공공임대,경기,0
2022-01,지자체,공공임대,부산,0
2022-01,지자체,공공임대,대구,0
2022-01,지자체,공공임대,광주,0
2022-01,지자체,공공임대,대전,0
2022-01,지자체,공공임대,울산,0
2022-01,지자체,공공임대,세종,0
2022-01,지자체,공공임대,강원,0
2022-01,지자체,공공임대,충북,0
2022-01,지자체,공공임대,충남,0
2022-01,지자체,공공임대,전북,0
2022-01,지자체,공공임대,전남,0
2022-01,지자체,공공임대,경북,0
2022-01,지자체,공공임대,경남,0
2022-01,지자체,공공임대,제주,0
2022-01,지자체,공공분양,전국,0
2022-01,지자체,공공분양,서울,0
2022-01,지자체,공공분양,인천,0
2022-01,지자체,공공분양,경기,0
2022-01,지자체,공공분양,부산,0
2022-01,지자체,공공분양,대구,0
2022-01,지자체,공공분양,광주,0
2022-01,지자체,공공분양,대전,0
2022-01,지자체,공공분양,울산,0
2022-01,지자체,공공분양,세종,0
2022-01,지자체,공공분양,강원,0
2022-01,지자체,공공분양,충북,0
2022-01,지자체,공공분양,충남,0
2022-01,지자체,공공분양,전북,0
2022-01,지자체,공공분양,전남,0
2022-01,지자체,공공분양,경북,0
2022-01,지자체,공공분양,경남,0
2022-01,지자체,공공분양,제주,0
2022-01,LH,소계,전국,818
2022-01,LH,소계,서울,0
2022-01,LH,소계,인천,0
2022-01,LH,소계,경기,36
2022-01,LH,소계,부산,0
2022-01,LH,소계,대구,0
2022-01,LH,소계,광주,0
2022-01,LH,소계,대전,0
2022-01,LH,소계,울산,0
2022-01,LH,소계,세종,0
2022-01,LH,소계,강원,0
2022-01,LH,소계,충북,0
2022-01,LH,소계,충남,0
2022-01,LH,소계,전북,17
2022-01,LH,소계,전남,0
2022-01,LH,소계,경북,765
2022-01,LH,소계,경남,0
2022-01,LH,소계,제주,0
2022-01,LH,국민임대,전국,0
2022-01,LH,국민임대,서울,0
2022-01,LH,국민임대,인천,0
2022-01,LH,국민임대,경기,0
2022-01,LH,국민임대,부산,0
2022-01,LH,국민임대,대구,0
2022-01,LH,국민임대,광주,0
2022-01,LH,국민임대,대전,0
2022-01,LH,국민임대,울산,0
2022-01,LH,국민임대,세종,0
2022-01,LH,국민임대,강원,0
2022-01,LH,국민임대,충북,0
2022-01,LH,국민임대,충남,0
2022-01,LH,국민임대,전북,0
2022-01,LH,국민임대,전남,0
2022-01,LH,국민임대,경북,0
2022-01,LH,국민임대,경남,0
2022-01,LH,국민임대,제주,0
2022-01,LH,공공임대,전국,818
2022-01,LH,공공임대,서울,0
2022-01,LH,공공임대,인천,0
2022-01,LH,공공임대,경기,36
2022-01,LH,공공임대,부산,0
2022-01,LH,공공임대,대구,0
2022-01,LH,공공임대,광주,0
2022-01,LH,공공임대,대전,0
2022-01,LH,공공임대,울산,0
2022-01,LH,공공임대,세종,0
2022-01,LH,공공임대,강원,0
2022-01,LH,공공임대,충북,0
2022-01,LH,공공임대,충남,0
2022-01,LH,공공임대,전북,17
2022-01,LH,공공임대,전남,0
2022-01,LH,공공임대,경북,765
2022-01,LH,공공임대,경남,0
2022-01,LH,공공임대,제주,0
2022-01,LH,공공분양,전국,0
2022-01,LH,공공분양,서울,0
2022-01,LH,공공분양,인천,0
2022-01,LH,공공분양,경기,0
2022-01,LH,공공분양,부산,0
2022-01,LH,공공분양,대구,0
2022-01,LH,공공분양,광주,0
2022-01,LH,공공분양,대전,0
2022-01,LH,공공분양,울산,0
2022-01,LH,공공분양,세종,0
2022-01,LH,공공분양,강원,0
2022-01,LH,공공분양,충북,0
2022-01,LH,공공분양,충남,0
2022-01,LH,공공분양,전북,0
2022-01,LH,공공분양,전남,0
2022-01,LH,공공분양,경북,0
2022-01,LH,공공분양,경남,0
2022-01,LH,공공분양,제주,0
2022-01,주택업체,소계,전국,3,343
2022-01,주택업체,소계,서울,0
2022-01,주택업체,소계,인천,1,268
2022-01,주택업체,소계,경기,0
2022-01,주택업체,소계,부산,0
2022-01,주택업체,소계,대구,0
2022-01,주택업체,소계,광주,1,556
2022-01,주택업체,소계,대전,0
2022-01,주택업체,소계,울산,0
2022-01,주택업체,소계,세종,0
2022-01,주택업체,소계,강원,0
2022-01,주택업체,소계,충북,0
2022-01,주택업체,소계,충남,519
2022-01,주택업체,소계,전북,0
2022-01,주택업체,소계,전남,0
2022-01,주택업체,소계,경북,0
2022-01,주택업체,소계,경남,0
2022-01,주택업체,소계,제주,0
2022-01,주택업체,국민임대,전국,1,787
2022-01,주택업체,국민임대,서울,0
2022-01,주택업체,국민임대,인천,1,268
2022-01,주택업체,국민임대,경기,0
2022-01,주택업체,국민임대,부산,0
2022-01,주택업체,국민임대,대구,0
2022-01,주택업체,국민임대,광주,0
2022-01,주택업체,국민임대,대전,0
2022-01,주택업체,국민임대,울산,0
2022-01,주택업체,국민임대,세종,0
2022-01,주택업체,국민임대,강원,0
2022-01,주택업체,국민임대,충북,0
2022-01,주택업체,국민임대,충남,519
2022-01,주택업체,국민임대,전북,0
2022-01,주택업체,국민임대,전남,0
2022-01,주택업체,국민임대,경북,0
2022-01,주택업체,국민임대,경남,0
2022-01,주택업체,국민임대,제주,0
2022-01,주택업체,공공임대,전국,1,556
2022-01,주택업체,공공임대,서울,0
2022-01,주택업체,공공임대,인천,0
2022-01,주택업체,공공임대,경기,0
2022-01,주택업체,공공임대,부산,0
2022-01,주택업체,공공임대,대구,0
2022-01,주택업체,공공임대,광주,1,556
2022-01,주택업체,공공임대,대전,0
2022-01,주택업체,공공임대,울산,0
2022-01,주택업체,공공임대,세종,0
2022-01,주택업체,공공임대,강원,0
2022-01,주택업체,공공임대,충북,0
2022-01,주택업체,공공임대,충남,0
2022-01,주택업체,공공임대,전북,0
2022-01,주택업체,공공임대,전남,0
2022-01,주택업체,공공임대,경북,0
2022-01,주택업체,공공임대,경남,0
2022-01,주택업체,공공임대,제주,0
2022-01,주택업체,공공분양,전국,0
2022-01,주택업체,공공분양,서울,0
2022-01,주택업체,공공분양,인천,0
2022-01,주택업체,공공분양,경기,0
2022-01,주택업체,공공분양,부산,0
2022-01,주택업체,공공분양,대구,0
2022-01,주택업체,공공분양,광주,0
2022-01,주택업체,공공분양,대전,0
2022-01,주택업체,공공분양,울산,0
2022-01,주택업체,공공분양,세종,0
2022-01,주택업체,공공분양,강원,0
2022-01,주택업체,공공분양,충북,0
2022-01,주택업체,공공분양,충남,0
2022-01,주택업체,공공분양,전북,0
2022-01,주택업체,공공분양,전남,0
2022-01,주택업체,공공분양,경북,0
2022-01,주택업체,공공분양,경남,0
2022-01,주택업체,공공분양,제주,0
2022-01,민간부문,소계,전국,22,180
2022-01,민간부문,소계,서울,6,226
2022-01,민간부문,소계,인천,3,887
2022-01,민간부문,소계,경기,4,805
2022-01,민간부문,소계,부산,921
2022-01,민간부문,소계,대구,405
2022-01,민간부문,소계,광주,81
2022-01,민간부문,소계,대전,100
2022-01,민간부문,소계,울산,153
2022-01,민간부문,소계,세종,39
2022-01,민간부문,소계,강원,345
2022-01,민간부문,소계,충북,317
2022-01,민간부문,소계,충남,1,892
2022-01,민간부문,소계,전북,484
2022-01,민간부문,소계,전남,1,370
2022-01,민간부문,소계,경북,324
2022-01,민간부문,소계,경남,337
2022-01,민간부문,소계,제주,494
2022-01,민간,민간임대,전국,338
2022-01,민간,민간임대,서울,53
2022-01,민간,민간임대,인천,0
2022-01,민간,민간임대,경기,0
2022-01,민간,민간임대,부산,0
2022-01,민간,민간임대,대구,0
2022-01,민간,민간임대,광주,0
2022-01,민간,민간임대,대전,0
2022-01,민간,민간임대,울산,0
2022-01,민간,민간임대,세종,0
2022-01,민간,민간임대,강원,0
2022-01,민간,민간임대,충북,0
2022-01,민간,민간임대,충남,0
2022-01,민간,민간임대,전북,0
2022-01,민간,민간임대,전남,212
2022-01,민간,민간임대,경북,0
2022-01,민간,민간임대,경남,0
2022-01,민간,민간임대,제주,73
2022-01,민간,민간분양,전국,21,842
2022-01,민간,민간분양,서울,6,173
2022-01,민간,민간분양,인천,3,887
2022-01,민간,민간분양,경기,4,805
2022-01,민간,민간분양,부산,921
2022-01,민간,민간분양,대구,405
2022-01,민간,민간분양,광주,81
2022-01,민간,민간분양,대전,100
2022-01,민간,민간분양,울산,153
2022-01,민간,민간분양,세종,39
2022-01,민간,민간분양,강원,345
2022-01,민간,민간분양,충북,317
2022-01,민간,민간분양,충남,1,892
2022-01,민간,민간분양,전북,484
2022-01,민간,민간분양,전남,1,158
2022-01,민간,민간분양,경북,324
2022-01,민간,민간분양,경남,337
2022-01,민간,민간분양,제주,421
2022-02,총계,총계,전국,20,972
2022-02,총계,총계,서울,2,281
2022-02,총계,총계,인천,1,820
2022-02,총계,총계,경기,8,861
2022-02,총계,총계,부산,1,036
2022-02,총계,총계,대구,59
2022-02,총계,총계,광주,1,397
2022-02,총계,총계,대전,1,088
2022-02,총계,총계,울산,359
2022-02,총계,총계,세종,23
2022-02,총계,총계,강원,297
2022-02,총계,총계,충북,192
2022-02,총계,총계,충남,314
2022-02,총계,총계,전북,150
2022-02,총계,총계,전남,1,289
2022-02,총계,총계,경북,478
2022-02,총계,총계,경남,1,085
2022-02,총계,총계,제주,243
2022-02,공공부문,소계,전국,2,065
2022-02,공공부문,소계,서울,0
2022-02,공공부문,소계,인천,0
2022-02,공공부문,소계,경기,1,916
2022-02,공공부문,소계,부산,0
2022-02,공공부문,소계,대구,0
2022-02,공공부문,소계,광주,0
2022-02,공공부문,소계,대전,0
2022-02,공공부문,소계,울산,0
2022-02,공공부문,소계,세종,0
2022-02,공공부문,소계,강원,0
2022-02,공공부문,소계,충북,0
2022-02,공공부문,소계,충남,50
2022-02,공공부문,소계,전북,0
2022-02,공공부문,소계,전남,0
2022-02,공공부문,소계,경북,99
2022-02,공공부문,소계,경남,0
2022-02,공공부문,소계,제주,0
2022-02,합,국민임대,전국,0
2022-02,합,국민임대,서울,0
2022-02,합,국민임대,인천,0
2022-02,합,국민임대,경기,0
2022-02,합,국민임대,부산,0
2022-02,합,국민임대,대구,0
2022-02,합,국민임대,광주,0
2022-02,합,국민임대,대전,0
2022-02,합,국민임대,울산,0
2022-02,합,국민임대,세종,0
2022-02,합,국민임대,강원,0
2022-02,합,국민임대,충북,0
2022-02,합,국민임대,충남,0
2022-02,합,국민임대,전북,0
2022-02,합,국민임대,전남,0
2022-02,합,국민임대,경북,0
2022-02,합,국민임대,경남,0
2022-02,합,국민임대,제주,0
2022-02,합,공공임대,전국,1,464
2022-02,합,공공임대,서울,0
2022-02,합,공공임대,인천,0
2022-02,합,공공임대,경기,1,315
2022-02,합,공공임대,부산,0
2022-02,합,공공임대,대구,0
2022-02,합,공공임대,광주,0
2022-02,합,공공임대,대전,0
2022-02,합,공공임대,울산,0
2022-02,합,공공임대,세종,0
2022-02,합,공공임대,강원,0
2022-02,합,공공임대,충북,0
2022-02,합,공공임대,충남,50
2022-02,합,공공임대,전북,0
2022-02,합,공공임대,전남,0
2022-02,합,공공임대,경북,99
2022-02,합,공공임대,경남,0
2022-02,합,공공임대,제주,0
2022-02,합,공공분양,전국,601
2022-02,합,공공분양,서울,0
2022-02,합,공공분양,인천,0
2022-02,합,공공분양,경기,601
2022-02,합,공공분양,부산,0
2022-02,합,공공분양,대구,0
2022-02,합,공공분양,광주,0
2022-02,합,공공분양,대전,0
2022-02,합,공공분양,울산,0
2022-02,합,공공분양,세종,0
2022-02,합,공공분양,강원,0
2022-02,합,공공분양,충북,0
2022-02,합,공공분양,충남,0
2022-02,합,공공분양,전북,0
2022-02,합,공공분양,전남,0
2022-02,합,공공분양,경북,0
2022-02,합,공공분양,경남,0
2022-02,합,공공분양,제주,0
2022-02,지자체,소계,전국,0
2022-02,지자체,소계,서울,0
2022-02,지자체,소계,인천,0
2022-02,지자체,소계,경기,0
2022-02,지자체,소계,부산,0
2022-02,지자체,소계,대구,0
2022-02,지자체,소계,광주,0
2022-02,지자체,소계,대전,0
2022-02,지자체,소계,울산,0
2022-02,지자체,소계,세종,0
2022-02,지자체,소계,강원,0
2022-02,지자체,소계,충북,0
2022-02,지자체,소계,충남,0
2022-02,지자체,소계,전북,0
2022-02,지자체,소계,전남,0
2022-02,지자체,소계,경북,0
2022-02,지자체,소계,경남,0
2022-02,지자체,소계,제주,0
2022-02,지자체,국민임대,전국,0
2022-02,지자체,국민임대,서울,0
2022-02,지자체,국민임대,인천,0
2022-02,지자체,국민임대,경기,0
2022-02,지자체,국민임대,부산,0
2022-02,지자체,국민임대,대구,0
2022-02,지자체,국민임대,광주,0
2022-02,지자체,국민임대,대전,0
2022-02,지자체,국민임대,울산,0
2022-02,지자체,국민임대,세종,0
2022-02,지자체,국민임대,강원,0
2022-02,지자체,국민임대,충북,0
2022-02,지자체,국민임대,충남,0
2022-02,지자체,국민임대,전북,0
2022-02,지자체,국민임대,전남,0
2022-02,지자체,국민임대,경북,0
2022-02,지자체,국민임대,경남,0
2022-02,지자체,국민임대,제주,0
2022-02,지자체,공공임대,전국,0
2022-02,지자체,공공임대,서울,0
2022-02,지자체,공공임대,인천,0
2022-02,지자체,공공임대,경기,0
2022-02,지자체,공공임대,부산,0
2022-02,지자체,공공임대,대구,0
2022-02,지자체,공공임대,광주,0
2022-02,지자체,공공임대,대전,0
2022-02,지자체,공공임대,울산,0
2022-02,지자체,공공임대,세종,0
2022-02,지자체,공공임대,강원,0
2022-02,지자체,공공임대,충북,0
2022-02,지자체,공공임대,충남,0
2022-02,지자체,공공임대,전북,0
2022-02,지자체,공공임대,전남,0
2022-02,지자체,공공임대,경북,0
2022-02,지자체,공공임대,경남,0
2022-02,지자체,공공임대,제주,0
2022-02,지자체,공공분양,전국,0
2022-02,지자체,공공분양,서울,0
2022-02,지자체,공공분양,인천,0
2022-02,지자체,공공분양,경기,0
2022-02,지자체,공공분양,부산,0
2022-02,지자체,공공분양,대구,0
2022-02,지자체,공공분양,광주,0
2022-02,지자체,공공분양,대전,0
2022-02,지자체,공공분양,울산,0
2022-02,지자체,공공분양,세종,0
2022-02,지자체,공공분양,강원,0
2022-02,지자체,공공분양,충북,0
2022-02,지자체,공공분양,충남,0
2022-02,지자체,공공분양,전북,0
2022-02,지자체,공공분양,전남,0
2022-02,지자체,공공분양,경북,0
2022-02,지자체,공공분양,경남,0
2022-02,지자체,공공분양,제주,0
2022-02,LH,소계,전국,2,015
2022-02,LH,소계,서울,0
2022-02,LH,소계,인천,0
2022-02,LH,소계,경기,1,916
2022-02,LH,소계,부산,0
2022-02,LH,소계,대구,0
2022-02,LH,소계,광주,0
2022-02,LH,소계,대전,0
2022-02,LH,소계,울산,0
2022-02,LH,소계,세종,0
2022-02,LH,소계,강원,0
2022-02,LH,소계,충북,0
2022-02,LH,소계,충남,0
2022-02,LH,소계,전북,0
2022-02,LH,소계,전남,0
2022-02,LH,소계,경북,99
2022-02,LH,소계,경남,0
2022-02,LH,소계,제주,0
2022-02,LH,국민임대,전국,0
2022-02,LH,국민임대,서울,0
2022-02,LH,국민임대,인천,0
2022-02,LH,국민임대,경기,0
2022-02,LH,국민임대,부산,0
2022-02,LH,국민임대,대구,0
2022-02,LH,국민임대,광주,0
2022-02,LH,국민임대,대전,0
2022-02,LH,국민임대,울산,0
2022-02,LH,국민임대,세종,0
2022-02,LH,국민임대,강원,0
2022-02,LH,국민임대,충북,0
2022-02,LH,국민임대,충남,0
2022-02,LH,국민임대,전북,0
2022-02,LH,국민임대,전남,0
2022-02,LH,국민임대,경북,0
2022-02,LH,국민임대,경남,0
2022-02,LH,국민임대,제주,0
2022-02,LH,공공임대,전국,1,414
2022-02,LH,공공임대,서울,0
2022-02,LH,공공임대,인천,0
2022-02,LH,공공임대,경기,1,315
2022-02,LH,공공임대,부산,0
2022-02,LH,공공임대,대구,0
2022-02,LH,공공임대,광주,0
2022-02,LH,공공임대,대전,0
2022-02,LH,공공임대,울산,0
2022-02,LH,공공임대,세종,0
2022-02,LH,공공임대,강원,0
2022-02,LH,공공임대,충북,0
2022-02,LH,공공임대,충남,0
2022-02,LH,공공임대,전북,0
2022-02,LH,공공임대,전남,0
2022-02,LH,공공임대,경북,99
2022-02,LH,공공임대,경남,0
2022-02,LH,공공임대,제주,0
2022-02,LH,공공분양,전국,601
2022-02,LH,공공분양,서울,0
2022-02,LH,공공분양,인천,0
2022-02,LH,공공분양,경기,601
2022-02,LH,공공분양,부산,0
2022-02,LH,공공분양,대구,0
2022-02,LH,공공분양,광주,0
2022-02,LH,공공분양,대전,0
2022-02,LH,공공분양,울산,0
2022-02,LH,공공분양,세종,0
2022-02,LH,공공분양,강원,0
2022-02,LH,공공분양,충북,0
2022-02,LH,공공분양,충남,0
2022-02,LH,공공분양,전북,0
2022-02,LH,공공분양,전남,0
2022-02,LH,공공분양,경북,0
2022-02,LH,공공분양,경남,0
2022-02,LH,공공분양,제주,0
2022-02,주택업체,소계,전국,50
2022-02,주택업체,소계,서울,0
2022-02,주택업체,소계,인천,0
2022-02,주택업체,소계,경기,0
2022-02,주택업체,소계,부산,0
2022-02,주택업체,소계,대구,0
2022-02,주택업체,소계,광주,0
2022-02,주택업체,소계,대전,0
2022-02,주택업체,소계,울산,0
2022-02,주택업체,소계,세종,0
2022-02,주택업체,소계,강원,0
2022-02,주택업체,소계,충북,0
2022-02,주택업체,소계,충남,50
2022-02,주택업체,소계,전북,0
2022-02,주택업체,소계,전남,0
2022-02,주택업체,소계,경북,0
2022-02,주택업체,소계,경남,0
2022-02,주택업체,소계,제주,0
2022-02,주택업체,국민임대,전국,0
2022-02,주택업체,국민임대,서울,0
2022-02,주택업체,국민임대,인천,0
2022-02,주택업체,국민임대,경기,0
2022-02,주택업체,국민임대,부산,0
2022-02,주택업체,국민임대,대구,0
2022-02,주택업체,국민임대,광주,0
2022-02,주택업체,국민임대,대전,0
2022-02,주택업체,국민임대,울산,0
2022-02,주택업체,국민임대,세종,0
2022-02,주택업체,국민임대,강원,0
2022-02,주택업체,국민임대,충북,0
2022-02,주택업체,국민임대,충남,0
2022-02,주택업체,국민임대,전북,0
2022-02,주택업체,국민임대,전남,0
2022-02,주택업체,국민임대,경북,0
2022-02,주택업체,국민임대,경남,0
2022-02,주택업체,국민임대,제주,0
2022-02,주택업체,공공임대,전국,50
2022-02,주택업체,공공임대,서울,0
2022-02,주택업체,공공임대,인천,0
2022-02,주택업체,공공임대,경기,0
2022-02,주택업체,공공임대,부산,0
2022-02,주택업체,공공임대,대구,0
2022-02,주택업체,공공임대,광주,0
2022-02,주택업체,공공임대,대전,0
2022-02,주택업체,공공임대,울산,0
2022-02,주택업체,공공임대,세종,0
2022-02,주택업체,공공임대,강원,0
2022-02,주택업체,공공임대,충북,0
2022-02,주택업체,공공임대,충남,50
2022-02,주택업체,공공임대,전북,0
2022-02,주택업체,공공임대,전남,0
2022-02,주택업체,공공임대,경북,0
2022-02,주택업체,공공임대,경남,0
2022-02,주택업체,공공임대,제주,0
2022-02,주택업체,공공분양,전국,0
2022-02,주택업체,공공분양,서울,0
2022-02,주택업체,공공분양,인천,0
2022-02,주택업체,공공분양,경기,0
2022-02,주택업체,공공분양,부산,0
2022-02,주택업체,공공분양,대구,0
2022-02,주택업체,공공분양,광주,0
2022-02,주택업체,공공분양,대전,0
2022-02,주택업체,공공분양,울산,0
2022-02,주택업체,공공분양,세종,0
2022-02,주택업체,공공분양,강원,0
2022-02,주택업체,공공분양,충북,0
2022-02,주택업체,공공분양,충남,0
2022-02,주택업체,공공분양,전북,0
2022-02,주택업체,공공분양,전남,0
2022-02,주택업체,공공분양,경북,0
2022-02,주택업체,공공분양,경남,0
2022-02,주택업체,공공분양,제주,0
2022-02,민간부문,소계,전국,18,907
2022-02,민간부문,소계,서울,2,281
2022-02,민간부문,소계,인천,1,820
2022-02,민간부문,소계,경기,6,945
2022-02,민간부문,소계,부산,1,036
2022-02,민간부문,소계,대구,59
2022-02,민간부문,소계,광주,1,397
2022-02,민간부문,소계,대전,1,088
2022-02,민간부문,소계,울산,359
2022-02,민간부문,소계,세종,23
2022-02,민간부문,소계,강원,297
2022-02,민간부문,소계,충북,192
2022-02,민간부문,소계,충남,264
2022-02,민간부문,소계,전북,150
2022-02,민간부문,소계,전남,1,289
2022-02,민간부문,소계,경북,379
2022-02,민간부문,소계,경남,1,085
2022-02,민간부문,소계,제주,243
2022-02,민간,민간임대,전국,614
2022-02,민간,민간임대,서울,75
2022-02,민간,민간임대,인천,0
2022-02,민간,민간임대,경기,539
2022-02,민간,민간임대,부산,0
2022-02,민간,민간임대,대구,0
2022-02,민간,민간임대,광주,0
2022-02,민간,민간임대,대전,0
2022-02,민간,민간임대,울산,0
2022-02,민간,민간임대,세종,0
2022-02,민간,민간임대,강원,0
2022-02,민간,민간임대,충북,0
2022-02,민간,민간임대,충남,0
2022-02,민간,민간임대,전북,0
2022-02,민간,민간임대,전남,0
2022-02,민간,민간임대,경북,0
2022-02,민간,민간임대,경남,0
2022-02,민간,민간임대,제주,0
2022-02,민간,민간분양,전국,18,293
2022-02,민간,민간분양,서울,2,206
2022-02,민간,민간분양,인천,1,820
2022-02,민간,민간분양,경기,6,406
2022-02,민간,민간분양,부산,1,036
2022-02,민간,민간분양,대구,59
2022-02,민간,민간분양,광주,1,397
2022-02,민간,민간분양,대전,1,088
2022-02,민간,민간분양,울산,359
2022-02,민간,민간분양,세종,23
2022-02,민간,민간분양,강원,297
2022-02,민간,민간분양,충북,192
2022-02,민간,민간분양,충남,264
2022-02,민간,민간분양,전북,150
2022-02,민간,민간분양,전남,1,289
2022-02,민간,민간분양,경북,379
2022-02,민간,민간분양,경남,1,085
2022-02,민간,민간분양,제주,243
2022-03,총계,총계,전국,27,841
2022-03,총계,총계,서울,5,978
2022-03,총계,총계,인천,224
2022-03,총계,총계,경기,6,871
2022-03,총계,총계,부산,351
2022-03,총계,총계,대구,3,824
2022-03,총계,총계,광주,463
2022-03,총계,총계,대전,1,345
2022-03,총계,총계,울산,286
2022-03,총계,총계,세종,541
2022-03,총계,총계,강원,1,408
2022-03,총계,총계,충북,1,186
2022-03,총계,총계,충남,1,470
2022-03,총계,총계,전북,154
2022-03,총계,총계,전남,1,213
2022-03,총계,총계,경북,726
2022-03,총계,총계,경남,1,367
2022-03,총계,총계,제주,434
2022-03,공공부문,소계,전국,4,053
2022-03,공공부문,소계,서울,1,519
2022-03,공공부문,소계,인천,0
2022-03,공공부문,소계,경기,1,354
2022-03,공공부문,소계,부산,0
2022-03,공공부문,소계,대구,0
2022-03,공공부문,소계,광주,0
2022-03,공공부문,소계,대전,360
2022-03,공공부문,소계,울산,0
2022-03,공공부문,소계,세종,399
2022-03,공공부문,소계,강원,0
2022-03,공공부문,소계,충북,1
2022-03,공공부문,소계,충남,0
2022-03,공공부문,소계,전북,0
2022-03,공공부문,소계,전남,0
2022-03,공공부문,소계,경북,420
2022-03,공공부문,소계,경남,0
2022-03,공공부문,소계,제주,0
2022-03,합,국민임대,전국,192
2022-03,합,국민임대,서울,192
2022-03,합,국민임대,인천,0
2022-03,합,국민임대,경기,0
2022-03,합,국민임대,부산,0
2022-03,합,국민임대,대구,0
2022-03,합,국민임대,광주,0
2022-03,합,국민임대,대전,0
2022-03,합,국민임대,울산,0
2022-03,합,국민임대,세종,0
2022-03,합,국민임대,강원,0
2022-03,합,국민임대,충북,0
2022-03,합,국민임대,충남,0
2022-03,합,국민임대,전북,0
2022-03,합,국민임대,전남,0
2022-03,합,국민임대,경북,0
2022-03,합,국민임대,경남,0
2022-03,합,국민임대,제주,0
2022-03,합,공공임대,전국,3,328
2022-03,합,공공임대,서울,1,193
2022-03,합,공공임대,인천,0
2022-03,합,공공임대,경기,1,354
2022-03,합,공공임대,부산,0
2022-03,합,공공임대,대구,0
2022-03,합,공공임대,광주,0
2022-03,합,공공임대,대전,360
2022-03,합,공공임대,울산,0
2022-03,합,공공임대,세종,0
2022-03,합,공공임대,강원,0
2022-03,합,공공임대,충북,1
2022-03,합,공공임대,충남,0
2022-03,합,공공임대,전북,0
2022-03,합,공공임대,전남,0
2022-03,합,공공임대,경북,420
2022-03,합,공공임대,경남,0
2022-03,합,공공임대,제주,0
2022-03,합,공공분양,전국,533
2022-03,합,공공분양,서울,134
2022-03,합,공공분양,인천,0
2022-03,합,공공분양,경기,0
2022-03,합,공공분양,부산,0
2022-03,합,공공분양,대구,0
2022-03,합,공공분양,광주,0
2022-03,합,공공분양,대전,0
2022-03,합,공공분양,울산,0
2022-03,합,공공분양,세종,399
2022-03,합,공공분양,강원,0
2022-03,합,공공분양,충북,0
2022-03,합,공공분양,충남,0
2022-03,합,공공분양,전북,0
2022-03,합,공공분양,전남,0
2022-03,합,공공분양,경북,0
2022-03,합,공공분양,경남,0
2022-03,합,공공분양,제주,0
2022-03,지자체,소계,전국,0
2022-03,지자체,소계,서울,0
2022-03,지자체,소계,인천,0
2022-03,지자체,소계,경기,0
2022-03,지자체,소계,부산,0
2022-03,지자체,소계,대구,0
2022-03,지자체,소계,광주,0
2022-03,지자체,소계,대전,0
2022-03,지자체,소계,울산,0
2022-03,지자체,소계,세종,0
2022-03,지자체,소계,강원,0
2022-03,지자체,소계,충북,0
2022-03,지자체,소계,충남,0
2022-03,지자체,소계,전북,0
2022-03,지자체,소계,전남,0
2022-03,지자체,소계,경북,0
2022-03,지자체,소계,경남,0
2022-03,지자체,소계,제주,0
2022-03,지자체,국민임대,전국,0
2022-03,지자체,국민임대,서울,0
2022-03,지자체,국민임대,인천,0
2022-03,지자체,국민임대,경기,0
2022-03,지자체,국민임대,부산,0
2022-03,지자체,국민임대,대구,0
2022-03,지자체,국민임대,광주,0
2022-03,지자체,국민임대,대전,0
2022-03,지자체,국민임대,울산,0
2022-03,지자체,국민임대,세종,0
2022-03,지자체,국민임대,강원,0
2022-03,지자체,국민임대,충북,0
2022-03,지자체,국민임대,충남,0
2022-03,지자체,국민임대,전북,0
2022-03,지자체,국민임대,전남,0
2022-03,지자체,국민임대,경북,0
2022-03,지자체,국민임대,경남,0
2022-03,지자체,국민임대,제주,0
2022-03,지자체,공공임대,전국,0
2022-03,지자체,공공임대,서울,0
2022-03,지자체,공공임대,인천,0
2022-03,지자체,공공임대,경기,0
2022-03,지자체,공공임대,부산,0
2022-03,지자체,공공임대,대구,0
2022-03,지자체,공공임대,광주,0
2022-03,지자체,공공임대,대전,0
2022-03,지자체,공공임대,울산,0
2022-03,지자체,공공임대,세종,0
2022-03,지자체,공공임대,강원,0
2022-03,지자체,공공임대,충북,0
2022-03,지자체,공공임대,충남,0
2022-03,지자체,공공임대,전북,0
2022-03,지자체,공공임대,전남,0
2022-03,지자체,공공임대,경북,0
2022-03,지자체,공공임대,경남,0
2022-03,지자체,공공임대,제주,0
2022-03,지자체,공공분양,전국,0
2022-03,지자체,공공분양,서울,0
2022-03,지자체,공공분양,인천,0
2022-03,지자체,공공분양,경기,0
2022-03,지자체,공공분양,부산,0
2022-03,지자체,공공분양,대구,0
2022-03,지자체,공공분양,광주,0
2022-03,지자체,공공분양,대전,0
2022-03,지자체,공공분양,울산,0
2022-03,지자체,공공분양,세종,0
2022-03,지자체,공공분양,강원,0
2022-03,지자체,공공분양,충북,0
2022-03,지자체,공공분양,충남,0
2022-03,지자체,공공분양,전북,0
2022-03,지자체,공공분양,전남,0
2022-03,지자체,공공분양,경북,0
2022-03,지자체,공공분양,경남,0
2022-03,지자체,공공분양,제주,0
2022-03,LH,소계,전국,4,053
2022-03,LH,소계,서울,1,519
2022-03,LH,소계,인천,0
2022-03,LH,소계,경기,1,354
2022-03,LH,소계,부산,0
2022-03,LH,소계,대구,0
2022-03,LH,소계,광주,0
2022-03,LH,소계,대전,360
2022-03,LH,소계,울산,0
2022-03,LH,소계,세종,399
2022-03,LH,소계,강원,0
2022-03,LH,소계,충북,1
2022-03,LH,소계,충남,0
2022-03,LH,소계,전북,0
2022-03,LH,소계,전남,0
2022-03,LH,소계,경북,420
2022-03,LH,소계,경남,0
2022-03,LH,소계,제주,0
2022-03,LH,국민임대,전국,192
2022-03,LH,국민임대,서울,192
2022-03,LH,국민임대,인천,0
2022-03,LH,국민임대,경기,0
2022-03,LH,국민임대,부산,0
2022-03,LH,국민임대,대구,0
2022-03,LH,국민임대,광주,0
2022-03,LH,국민임대,대전,0
2022-03,LH,국민임대,울산,0
2022-03,LH,국민임대,세종,0
2022-03,LH,국민임대,강원,0
2022-03,LH,국민임대,충북,0
2022-03,LH,국민임대,충남,0
2022-03,LH,국민임대,전북,0
2022-03,LH,국민임대,전남,0
2022-03,LH,국민임대,경북,0
2022-03,LH,국민임대,경남,0
2022-03,LH,국민임대,제주,0
2022-03,LH,공공임대,전국,3,328
2022-03,LH,공공임대,서울,1,193
2022-03,LH,공공임대,인천,0
2022-03,LH,공공임대,경기,1,354
2022-03,LH,공공임대,부산,0
2022-03,LH,공공임대,대구,0
2022-03,LH,공공임대,광주,0
2022-03,LH,공공임대,대전,360
2022-03,LH,공공임대,울산,0
2022-03,LH,공공임대,세종,0
2022-03,LH,공공임대,강원,0
2022-03,LH,공공임대,충북,1
2022-03,LH,공공임대,충남,0
2022-03,LH,공공임대,전북,0
2022-03,LH,공공임대,전남,0
2022-03,LH,공공임대,경북,420
2022-03,LH,공공임대,경남,0
2022-03,LH,공공임대,제주,0
2022-03,LH,공공분양,전국,533
2022-03,LH,공공분양,서울,134
2022-03,LH,공공분양,인천,0
2022-03,LH,공공분양,경기,0
2022-03,LH,공공분양,부산,0
2022-03,LH,공공분양,대구,0
2022-03,LH,공공분양,광주,0
2022-03,LH,공공분양,대전,0
2022-03,LH,공공분양,울산,0
2022-03,LH,공공분양,세종,399
2022-03,LH,공공분양,강원,0
2022-03,LH,공공분양,충북,0
2022-03,LH,공공분양,충남,0
2022-03,LH,공공분양,전북,0
2022-03,LH,공공분양,전남,0
2022-03,LH,공공분양,경북,0
2022-03,LH,공공분양,경남,0
2022-03,LH,공공분양,제주,0
2022-03,주택업체,소계,전국,0
2022-03,주택업체,소계,서울,0
2022-03,주택업체,소계,인천,0
2022-03,주택업체,소계,경기,0
2022-03,주택업체,소계,부산,0
2022-03,주택업체,소계,대구,0
2022-03,주택업체,소계,광주,0
2022-03,주택업체,소계,대전,0
2022-03,주택업체,소계,울산,0
2022-03,주택업체,소계,세종,0
2022-03,주택업체,소계,강원,0
2022-03,주택업체,소계,충북,0
2022-03,주택업체,소계,충남,0
2022-03,주택업체,소계,전북,0
2022-03,주택업체,소계,전남,0
2022-03,주택업체,소계,경북,0
2022-03,주택업체,소계,경남,0
2022-03,주택업체,소계,제주,0
2022-03,주택업체,국민임대,전국,0
2022-03,주택업체,국민임대,서울,0
2022-03,주택업체,국민임대,인천,0
2022-03,주택업체,국민임대,경기,0
2022-03,주택업체,국민임대,부산,0
2022-03,주택업체,국민임대,대구,0
2022-03,주택업체,국민임대,광주,0
2022-03,주택업체,국민임대,대전,0
2022-03,주택업체,국민임대,울산,0
2022-03,주택업체,국민임대,세종,0
2022-03,주택업체,국민임대,강원,0
2022-03,주택업체,국민임대,충북,0
2022-03,주택업체,국민임대,충남,0
2022-03,주택업체,국민임대,전북,0
2022-03,주택업체,국민임대,전남,0
2022-03,주택업체,국민임대,경북,0
2022-03,주택업체,국민임대,경남,0
2022-03,주택업체,국민임대,제주,0
2022-03,주택업체,공공임대,전국,0
2022-03,주택업체,공공임대,서울,0
2022-03,주택업체,공공임대,인천,0
2022-03,주택업체,공공임대,경기,0
2022-03,주택업체,공공임대,부산,0
2022-03,주택업체,공공임대,대구,0
2022-03,주택업체,공공임대,광주,0
2022-03,주택업체,공공임대,대전,0
2022-03,주택업체,공공임대,울산,0
2022-03,주택업체,공공임대,세종,0
2022-03,주택업체,공공임대,강원,0
2022-03,주택업체,공공임대,충북,0
2022-03,주택업체,공공임대,충남,0
2022-03,주택업체,공공임대,전북,0
2022-03,주택업체,공공임대,전남,0
2022-03,주택업체,공공임대,경북,0
2022-03,주택업체,공공임대,경남,0
2022-03,주택업체,공공임대,제주,0
2022-03,주택업체,공공분양,전국,0
2022-03,주택업체,공공분양,서울,0
2022-03,주택업체,공공분양,인천,0
2022-03,주택업체,공공분양,경기,0
2022-03,주택업체,공공분양,부산,0
2022-03,주택업체,공공분양,대구,0
2022-03,주택업체,공공분양,광주,0
2022-03,주택업체,공공분양,대전,0
2022-03,주택업체,공공분양,울산,0
2022-03,주택업체,공공분양,세종,0
2022-03,주택업체,공공분양,강원,0
2022-03,주택업체,공공분양,충북,0
2022-03,주택업체,공공분양,충남,0
2022-03,주택업체,공공분양,전북,0
2022-03,주택업체,공공분양,전남,0
2022-03,주택업체,공공분양,경북,0
2022-03,주택업체,공공분양,경남,0
2022-03,주택업체,공공분양,제주,0
2022-03,민간부문,소계,전국,23,788
2022-03,민간부문,소계,서울,4,459
2022-03,민간부문,소계,인천,224
2022-03,민간부문,소계,경기,5,517
2022-03,민간부문,소계,부산,351
2022-03,민간부문,소계,대구,3,824
2022-03,민간부문,소계,광주,463
2022-03,민간부문,소계,대전,985
2022-03,민간부문,소계,울산,286
2022-03,민간부문,소계,세종,142
2022-03,민간부문,소계,강원,1,408
2022-03,민간부문,소계,충북,1,185
2022-03,민간부문,소계,충남,1,470
2022-03,민간부문,소계,전북,154
2022-03,민간부문,소계,전남,1,213
2022-03,민간부문,소계,경북,306
2022-03,민간부문,소계,경남,1,367
2022-03,민간부문,소계,제주,434
2022-03,민간,민간임대,전국,683
2022-03,민간,민간임대,서울,0
2022-03,민간,민간임대,인천,0
2022-03,민간,민간임대,경기,0
2022-03,민간,민간임대,부산,0
2022-03,민간,민간임대,대구,0
2022-03,민간,민간임대,광주,0
2022-03,민간,민간임대,대전,0
2022-03,민간,민간임대,울산,0
2022-03,민간,민간임대,세종,0
2022-03,민간,민간임대,강원,0
2022-03,민간,민간임대,충북,0
2022-03,민간,민간임대,충남,0
2022-03,민간,민간임대,전북,0
2022-03,민간,민간임대,전남,683
2022-03,민간,민간임대,경북,0
2022-03,민간,민간임대,경남,0
2022-03,민간,민간임대,제주,0
2022-03,민간,민간분양,전국,23,105
2022-03,민간,민간분양,서울,4,459
2022-03,민간,민간분양,인천,224
2022-03,민간,민간분양,경기,5,517
2022-03,민간,민간분양,부산,351
2022-03,민간,민간분양,대구,3,824
2022-03,민간,민간분양,광주,463
2022-03,민간,민간분양,대전,985
2022-03,민간,민간분양,울산,286
2022-03,민간,민간분양,세종,142
2022-03,민간,민간분양,강원,1,408
2022-03,민간,민간분양,충북,1,185
2022-03,민간,민간분양,충남,1,470
2022-03,민간,민간분양,전북,154
2022-03,민간,민간분양,전남,530
2022-03,민간,민간분양,경북,306
2022-03,민간,민간분양,경남,1,367
2022-03,민간,민간분양,제주,434
2022-04,총계,총계,전국,34,803
2022-04,총계,총계,서울,5,507
2022-04,총계,총계,인천,3,066
2022-04,총계,총계,경기,11,662
2022-04,총계,총계,부산,2,156
2022-04,총계,총계,대구,1,695
2022-04,총계,총계,광주,2,160
2022-04,총계,총계,대전,35
2022-04,총계,총계,울산,1,157
2022-04,총계,총계,세종,615
2022-04,총계,총계,강원,798
2022-04,총계,총계,충북,200
2022-04,총계,총계,충남,1,818
2022-04,총계,총계,전북,533
2022-04,총계,총계,전남,1,896
2022-04,총계,총계,경북,770
2022-04,총계,총계,경남,323
2022-04,총계,총계,제주,412
2022-04,공공부문,소계,전국,5,258
2022-04,공공부문,소계,서울,113
2022-04,공공부문,소계,인천,0
2022-04,공공부문,소계,경기,3,593
2022-04,공공부문,소계,부산,130
2022-04,공공부문,소계,대구,0
2022-04,공공부문,소계,광주,0
2022-04,공공부문,소계,대전,0
2022-04,공공부문,소계,울산,0
2022-04,공공부문,소계,세종,0
2022-04,공공부문,소계,강원,0
2022-04,공공부문,소계,충북,0
2022-04,공공부문,소계,충남,820
2022-04,공공부문,소계,전북,102
2022-04,공공부문,소계,전남,0
2022-04,공공부문,소계,경북,500
2022-04,공공부문,소계,경남,0
2022-04,공공부문,소계,제주,0
2022-04,합,국민임대,전국,374
2022-04,합,국민임대,서울,0
2022-04,합,국민임대,인천,0
2022-04,합,국민임대,경기,0
2022-04,합,국민임대,부산,0
2022-04,합,국민임대,대구,0
2022-04,합,국민임대,광주,0
2022-04,합,국민임대,대전,0
2022-04,합,국민임대,울산,0
2022-04,합,국민임대,세종,0
2022-04,합,국민임대,강원,0
2022-04,합,국민임대,충북,0
2022-04,합,국민임대,충남,374
2022-04,합,국민임대,전북,0
2022-04,합,국민임대,전남,0
2022-04,합,국민임대,경북,0
2022-04,합,국민임대,경남,0
2022-04,합,국민임대,제주,0
2022-04,합,공공임대,전국,4,884
2022-04,합,공공임대,서울,113
2022-04,합,공공임대,인천,0
2022-04,합,공공임대,경기,3,593
2022-04,합,공공임대,부산,130
2022-04,합,공공임대,대구,0
2022-04,합,공공임대,광주,0
2022-04,합,공공임대,대전,0
2022-04,합,공공임대,울산,0
2022-04,합,공공임대,세종,0
2022-04,합,공공임대,강원,0
2022-04,합,공공임대,충북,0
2022-04,합,공공임대,충남,446
2022-04,합,공공임대,전북,102
2022-04,합,공공임대,전남,0
2022-04,합,공공임대,경북,500
2022-04,합,공공임대,경남,0
2022-04,합,공공임대,제주,0
2022-04,합,공공분양,전국,0
2022-04,합,공공분양,서울,0
2022-04,합,공공분양,인천,0
2022-04,합,공공분양,경기,0
2022-04,합,공공분양,부산,0
2022-04,합,공공분양,대구,0
2022-04,합,공공분양,광주,0
2022-04,합,공공분양,대전,0
2022-04,합,공공분양,울산,0
2022-04,합,공공분양,세종,0
2022-04,합,공공분양,강원,0
2022-04,합,공공분양,충북,0
2022-04,합,공공분양,충남,0
2022-04,합,공공분양,전북,0
2022-04,합,공공분양,전남,0
2022-04,합,공공분양,경북,0
2022-04,합,공공분양,경남,0
2022-04,합,공공분양,제주,0
2022-04,지자체,소계,전국,0
2022-04,지자체,소계,서울,0
2022-04,지자체,소계,인천,0
2022-04,지자체,소계,경기,0
2022-04,지자체,소계,부산,0
2022-04,지자체,소계,대구,0
2022-04,지자체,소계,광주,0
2022-04,지자체,소계,대전,0
2022-04,지자체,소계,울산,0
2022-04,지자체,소계,세종,0
2022-04,지자체,소계,강원,0
2022-04,지자체,소계,충북,0
2022-04,지자체,소계,충남,0
2022-04,지자체,소계,전북,0
2022-04,지자체,소계,전남,0
2022-04,지자체,소계,경북,0
2022-04,지자체,소계,경남,0
2022-04,지자체,소계,제주,0
2022-04,지자체,국민임대,전국,0
2022-04,지자체,국민임대,서울,0
2022-04,지자체,국민임대,인천,0
2022-04,지자체,국민임대,경기,0
2022-04,지자체,국민임대,부산,0
2022-04,지자체,국민임대,대구,0
2022-04,지자체,국민임대,광주,0
2022-04,지자체,국민임대,대전,0
2022-04,지자체,국민임대,울산,0
2022-04,지자체,국민임대,세종,0
2022-04,지자체,국민임대,강원,0
2022-04,지자체,국민임대,충북,0
2022-04,지자체,국민임대,충남,0
2022-04,지자체,국민임대,전북,0
2022-04,지자체,국민임대,전남,0
2022-04,지자체,국민임대,경북,0
2022-04,지자체,국민임대,경남,0
2022-04,지자체,국민임대,제주,0
2022-04,지자체,공공임대,전국,0
2022-04,지자체,공공임대,서울,0
2022-04,지자체,공공임대,인천,0
2022-04,지자체,공공임대,경기,0
2022-04,지자체,공공임대,부산,0
2022-04,지자체,공공임대,대구,0
2022-04,지자체,공공임대,광주,0
2022-04,지자체,공공임대,대전,0
2022-04,지자체,공공임대,울산,0
2022-04,지자체,공공임대,세종,0
2022-04,지자체,공공임대,강원,0
2022-04,지자체,공공임대,충북,0
2022-04,지자체,공공임대,충남,0
2022-04,지자체,공공임대,전북,0
2022-04,지자체,공공임대,전남,0
2022-04,지자체,공공임대,경북,0
2022-04,지자체,공공임대,경남,0
2022-04,지자체,공공임대,제주,0
2022-04,지자체,공공분양,전국,0
2022-04,지자체,공공분양,서울,0
2022-04,지자체,공공분양,인천,0
2022-04,지자체,공공분양,경기,0
2022-04,지자체,공공분양,부산,0
2022-04,지자체,공공분양,대구,0
2022-04,지자체,공공분양,광주,0
2022-04,지자체,공공분양,대전,0
2022-04,지자체,공공분양,울산,0
2022-04,지자체,공공분양,세종,0
2022-04,지자체,공공분양,강원,0
2022-04,지자체,공공분양,충북,0
2022-04,지자체,공공분양,충남,0
2022-04,지자체,공공분양,전북,0
2022-04,지자체,공공분양,전남,0
2022-04,지자체,공공분양,경북,0
2022-04,지자체,공공분양,경남,0
2022-04,지자체,공공분양,제주,0
2022-04,LH,소계,전국,1,454
2022-04,LH,소계,서울,0
2022-04,LH,소계,인천,0
2022-04,LH,소계,경기,0
2022-04,LH,소계,부산,130
2022-04,LH,소계,대구,0
2022-04,LH,소계,광주,0
2022-04,LH,소계,대전,0
2022-04,LH,소계,울산,0
2022-04,LH,소계,세종,0
2022-04,LH,소계,강원,0
2022-04,LH,소계,충북,0
2022-04,LH,소계,충남,820
2022-04,LH,소계,전북,4
2022-04,LH,소계,전남,0
2022-04,LH,소계,경북,500
2022-04,LH,소계,경남,0
2022-04,LH,소계,제주,0
2022-04,LH,국민임대,전국,374
2022-04,LH,국민임대,서울,0
2022-04,LH,국민임대,인천,0
2022-04,LH,국민임대,경기,0
2022-04,LH,국민임대,부산,0
2022-04,LH,국민임대,대구,0
2022-04,LH,국민임대,광주,0
2022-04,LH,국민임대,대전,0
2022-04,LH,국민임대,울산,0
2022-04,LH,국민임대,세종,0
2022-04,LH,국민임대,강원,0
2022-04,LH,국민임대,충북,0
2022-04,LH,국민임대,충남,374
2022-04,LH,국민임대,전북,0
2022-04,LH,국민임대,전남,0
2022-04,LH,국민임대,경북,0
2022-04,LH,국민임대,경남,0
2022-04,LH,국민임대,제주,0
2022-04,LH,공공임대,전국,1,080
2022-04,LH,공공임대,서울,0
2022-04,LH,공공임대,인천,0
2022-04,LH,공공임대,경기,0
2022-04,LH,공공임대,부산,130
2022-04,LH,공공임대,대구,0
2022-04,LH,공공임대,광주,0
2022-04,LH,공공임대,대전,0
2022-04,LH,공공임대,울산,0
2022-04,LH,공공임대,세종,0
2022-04,LH,공공임대,강원,0
2022-04,LH,공공임대,충북,0
2022-04,LH,공공임대,충남,446
2022-04,LH,공공임대,전북,4
2022-04,LH,공공임대,전남,0
2022-04,LH,공공임대,경북,500
2022-04,LH,공공임대,경남,0
2022-04,LH,공공임대,제주,0
2022-04,LH,공공분양,전국,0
2022-04,LH,공공분양,서울,0
2022-04,LH,공공분양,인천,0
2022-04,LH,공공분양,경기,0
2022-04,LH,공공분양,부산,0
2022-04,LH,공공분양,대구,0
2022-04,LH,공공분양,광주,0
2022-04,LH,공공분양,대전,0
2022-04,LH,공공분양,울산,0
2022-04,LH,공공분양,세종,0
2022-04,LH,공공분양,강원,0
2022-04,LH,공공분양,충북,0
2022-04,LH,공공분양,충남,0
2022-04,LH,공공분양,전북,0
2022-04,LH,공공분양,전남,0
2022-04,LH,공공분양,경북,0
2022-04,LH,공공분양,경남,0
2022-04,LH,공공분양,제주,0
2022-04,주택업체,소계,전국,3,804
2022-04,주택업체,소계,서울,113
2022-04,주택업체,소계,인천,0
2022-04,주택업체,소계,경기,3,593
2022-04,주택업체,소계,부산,0
2022-04,주택업체,소계,대구,0
2022-04,주택업체,소계,광주,0
2022-04,주택업체,소계,대전,0
2022-04,주택업체,소계,울산,0
2022-04,주택업체,소계,세종,0
2022-04,주택업체,소계,강원,0
2022-04,주택업체,소계,충북,0
2022-04,주택업체,소계,충남,0
2022-04,주택업체,소계,전북,98
2022-04,주택업체,소계,전남,0
2022-04,주택업체,소계,경북,0
2022-04,주택업체,소계,경남,0
2022-04,주택업체,소계,제주,0
2022-04,주택업체,국민임대,전국,0
2022-04,주택업체,국민임대,서울,0
2022-04,주택업체,국민임대,인천,0
2022-04,주택업체,국민임대,경기,0
2022-04,주택업체,국민임대,부산,0
2022-04,주택업체,국민임대,대구,0
2022-04,주택업체,국민임대,광주,0
2022-04,주택업체,국민임대,대전,0
2022-04,주택업체,국민임대,울산,0
2022-04,주택업체,국민임대,세종,0
2022-04,주택업체,국민임대,강원,0
2022-04,주택업체,국민임대,충북,0
2022-04,주택업체,국민임대,충남,0
2022-04,주택업체,국민임대,전북,0
2022-04,주택업체,국민임대,전남,0
2022-04,주택업체,국민임대,경북,0
2022-04,주택업체,국민임대,경남,0
2022-04,주택업체,국민임대,제주,0
2022-04,주택업체,공공임대,전국,3,804
2022-04,주택업체,공공임대,서울,113
2022-04,주택업체,공공임대,인천,0
2022-04,주택업체,공공임대,경기,3,593
2022-04,주택업체,공공임대,부산,0
2022-04,주택업체,공공임대,대구,0
2022-04,주택업체,공공임대,광주,0
2022-04,주택업체,공공임대,대전,0
2022-04,주택업체,공공임대,울산,0
2022-04,주택업체,공공임대,세종,0
2022-04,주택업체,공공임대,강원,0
2022-04,주택업체,공공임대,충북,0
2022-04,주택업체,공공임대,충남,0
2022-04,주택업체,공공임대,전북,98
2022-04,주택업체,공공임대,전남,0
2022-04,주택업체,공공임대,경북,0
2022-04,주택업체,공공임대,경남,0
2022-04,주택업체,공공임대,제주,0
2022-04,주택업체,공공분양,전국,0
2022-04,주택업체,공공분양,서울,0
2022-04,주택업체,공공분양,인천,0
2022-04,주택업체,공공분양,경기,0
2022-04,주택업체,공공분양,부산,0
2022-04,주택업체,공공분양,대구,0
2022-04,주택업체,공공분양,광주,0
2022-04,주택업체,공공분양,대전,0
2022-04,주택업체,공공분양,울산,0
2022-04,주택업체,공공분양,세종,0
2022-04,주택업체,공공분양,강원,0
2022-04,주택업체,공공분양,충북,0
2022-04,주택업체,공공분양,충남,0
2022-04,주택업체,공공분양,전북,0
2022-04,주택업체,공공분양,전남,0
2022-04,주택업체,공공분양,경북,0
2022-04,주택업체,공공분양,경남,0
2022-04,주택업체,공공분양,제주,0
2022-04,민간부문,소계,전국,29,545
2022-04,민간부문,소계,서울,5,394
2022-04,민간부문,소계,인천,3,066
2022-04,민간부문,소계,경기,8,069
2022-04,민간부문,소계,부산,2,026
2022-04,민간부문,소계,대구,1,695
2022-04,민간부문,소계,광주,2,160
2022-04,민간부문,소계,대전,35
2022-04,민간부문,소계,울산,1,157
2022-04,민간부문,소계,세종,615
2022-04,민간부문,소계,강원,798
2022-04,민간부문,소계,충북,200
2022-04,민간부문,소계,충남,998
2022-04,민간부문,소계,전북,431
2022-04,민간부문,소계,전남,1,896
2022-04,민간부문,소계,경북,270
2022-04,민간부문,소계,경남,323
2022-04,민간부문,소계,제주,412
2022-04,민간,민간임대,전국,4,050
2022-04,민간,민간임대,서울,752
2022-04,민간,민간임대,인천,0
2022-04,민간,민간임대,경기,887
2022-04,민간,민간임대,부산,0
2022-04,민간,민간임대,대구,0
2022-04,민간,민간임대,광주,461
2022-04,민간,민간임대,대전,0
2022-04,민간,민간임대,울산,0
2022-04,민간,민간임대,세종,0
2022-04,민간,민간임대,강원,402
2022-04,민간,민간임대,충북,0
2022-04,민간,민간임대,충남,223
2022-04,민간,민간임대,전북,271
2022-04,민간,민간임대,전남,1,054
2022-04,민간,민간임대,경북,0
2022-04,민간,민간임대,경남,0
2022-04,민간,민간임대,제주,0
2022-04,민간,민간분양,전국,25,495
2022-04,민간,민간분양,서울,4,642
2022-04,민간,민간분양,인천,3,066
2022-04,민간,민간분양,경기,7,182
2022-04,민간,민간분양,부산,2,026
2022-04,민간,민간분양,대구,1,695
2022-04,민간,민간분양,광주,1,699
2022-04,민간,민간분양,대전,35
2022-04,민간,민간분양,울산,1,157
2022-04,민간,민간분양,세종,615
2022-04,민간,민간분양,강원,396
2022-04,민간,민간분양,충북,200
2022-04,민간,민간분양,충남,775
2022-04,민간,민간분양,전북,160
2022-04,민간,민간분양,전남,842
2022-04,민간,민간분양,경북,270
2022-04,민간,민간분양,경남,323
2022-04,민간,민간분양,제주,412
2022-05,총계,총계,전국,42,519
2022-05,총계,총계,서울,3,034
2022-05,총계,총계,인천,8,802
2022-05,총계,총계,경기,6,439
2022-05,총계,총계,부산,4,389
2022-05,총계,총계,대구,1,780
2022-05,총계,총계,광주,122
2022-05,총계,총계,대전,2,787
2022-05,총계,총계,울산,183
2022-05,총계,총계,세종,618
2022-05,총계,총계,강원,1,255
2022-05,총계,총계,충북,2,407
2022-05,총계,총계,충남,5,942
2022-05,총계,총계,전북,3,436
2022-05,총계,총계,전남,362
2022-05,총계,총계,경북,333
2022-05,총계,총계,경남,368
2022-05,총계,총계,제주,262
2022-05,공공부문,소계,전국,13,120
2022-05,공공부문,소계,서울,0
2022-05,공공부문,소계,인천,5,678
2022-05,공공부문,소계,경기,1,585
2022-05,공공부문,소계,부산,1,198
2022-05,공공부문,소계,대구,0
2022-05,공공부문,소계,광주,0
2022-05,공공부문,소계,대전,0
2022-05,공공부문,소계,울산,100
2022-05,공공부문,소계,세종,597
2022-05,공공부문,소계,강원,0
2022-05,공공부문,소계,충북,605
2022-05,공공부문,소계,충남,1,428
2022-05,공공부문,소계,전북,1,928
2022-05,공공부문,소계,전남,0
2022-05,공공부문,소계,경북,0
2022-05,공공부문,소계,경남,1
2022-05,공공부문,소계,제주,0
2022-05,합,국민임대,전국,2,664
2022-05,합,국민임대,서울,0
2022-05,합,국민임대,인천,0
2022-05,합,국민임대,경기,0
2022-05,합,국민임대,부산,0
2022-05,합,국민임대,대구,0
2022-05,합,국민임대,광주,0
2022-05,합,국민임대,대전,0
2022-05,합,국민임대,울산,0
2022-05,합,국민임대,세종,0
2022-05,합,국민임대,강원,0
2022-05,합,국민임대,충북,605
2022-05,합,국민임대,충남,1,228
2022-05,합,국민임대,전북,831
2022-05,합,국민임대,전남,0
2022-05,합,국민임대,경북,0
2022-05,합,국민임대,경남,0
2022-05,합,국민임대,제주,0
2022-05,합,공공임대,전국,3,834
2022-05,합,공공임대,서울,0
2022-05,합,공공임대,인천,0
2022-05,합,공공임대,경기,1,585
2022-05,합,공공임대,부산,1,198
2022-05,합,공공임대,대구,0
2022-05,합,공공임대,광주,0
2022-05,합,공공임대,대전,0
2022-05,합,공공임대,울산,100
2022-05,합,공공임대,세종,199
2022-05,합,공공임대,강원,0
2022-05,합,공공임대,충북,0
2022-05,합,공공임대,충남,200
2022-05,합,공공임대,전북,551
2022-05,합,공공임대,전남,0
2022-05,합,공공임대,경북,0
2022-05,합,공공임대,경남,1
2022-05,합,공공임대,제주,0
2022-05,합,공공분양,전국,6,622
2022-05,합,공공분양,서울,0
2022-05,합,공공분양,인천,5,678
2022-05,합,공공분양,경기,0
2022-05,합,공공분양,부산,0
2022-05,합,공공분양,대구,0
2022-05,합,공공분양,광주,0
2022-05,합,공공분양,대전,0
2022-05,합,공공분양,울산,0
2022-05,합,공공분양,세종,398
2022-05,합,공공분양,강원,0
2022-05,합,공공분양,충북,0
2022-05,합,공공분양,충남,0
2022-05,합,공공분양,전북,546
2022-05,합,공공분양,전남,0
2022-05,합,공공분양,경북,0
2022-05,합,공공분양,경남,0
2022-05,합,공공분양,제주,0
2022-05,지자체,소계,전국,0
2022-05,지자체,소계,서울,0
2022-05,지자체,소계,인천,0
2022-05,지자체,소계,경기,0
2022-05,지자체,소계,부산,0
2022-05,지자체,소계,대구,0
2022-05,지자체,소계,광주,0
2022-05,지자체,소계,대전,0
2022-05,지자체,소계,울산,0
2022-05,지자체,소계,세종,0
2022-05,지자체,소계,강원,0
2022-05,지자체,소계,충북,0
2022-05,지자체,소계,충남,0
2022-05,지자체,소계,전북,0
2022-05,지자체,소계,전남,0
2022-05,지자체,소계,경북,0
2022-05,지자체,소계,경남,0
2022-05,지자체,소계,제주,0
2022-05,지자체,국민임대,전국,0
2022-05,지자체,국민임대,서울,0
2022-05,지자체,국민임대,인천,0
2022-05,지자체,국민임대,경기,0
2022-05,지자체,국민임대,부산,0
2022-05,지자체,국민임대,대구,0
2022-05,지자체,국민임대,광주,0
2022-05,지자체,국민임대,대전,0
2022-05,지자체,국민임대,울산,0
2022-05,지자체,국민임대,세종,0
2022-05,지자체,국민임대,강원,0
2022-05,지자체,국민임대,충북,0
2022-05,지자체,국민임대,충남,0
2022-05,지자체,국민임대,전북,0
2022-05,지자체,국민임대,전남,0
2022-05,지자체,국민임대,경북,0
2022-05,지자체,국민임대,경남,0
2022-05,지자체,국민임대,제주,0
2022-05,지자체,공공임대,전국,0
2022-05,지자체,공공임대,서울,0
2022-05,지자체,공공임대,인천,0
2022-05,지자체,공공임대,경기,0
2022-05,지자체,공공임대,부산,0
2022-05,지자체,공공임대,대구,0
2022-05,지자체,공공임대,광주,0
2022-05,지자체,공공임대,대전,0
2022-05,지자체,공공임대,울산,0
2022-05,지자체,공공임대,세종,0
2022-05,지자체,공공임대,강원,0
2022-05,지자체,공공임대,충북,0
2022-05,지자체,공공임대,충남,0
2022-05,지자체,공공임대,전북,0
2022-05,지자체,공공임대,전남,0
2022-05,지자체,공공임대,경북,0
2022-05,지자체,공공임대,경남,0
2022-05,지자체,공공임대,제주,0
2022-05,지자체,공공분양,전국,0
2022-05,지자체,공공분양,서울,0
2022-05,지자체,공공분양,인천,0
2022-05,지자체,공공분양,경기,0
2022-05,지자체,공공분양,부산,0
2022-05,지자체,공공분양,대구,0
2022-05,지자체,공공분양,광주,0
2022-05,지자체,공공분양,대전,0
2022-05,지자체,공공분양,울산,0
2022-05,지자체,공공분양,세종,0
2022-05,지자체,공공분양,강원,0
2022-05,지자체,공공분양,충북,0
2022-05,지자체,공공분양,충남,0
2022-05,지자체,공공분양,전북,0
2022-05,지자체,공공분양,전남,0
2022-05,지자체,공공분양,경북,0
2022-05,지자체,공공분양,경남,0
2022-05,지자체,공공분양,제주,0
2022-05,LH,소계,전국,4,660
2022-05,LH,소계,서울,0
2022-05,LH,소계,인천,0
2022-05,LH,소계,경기,1
2022-05,LH,소계,부산,0
2022-05,LH,소계,대구,0
2022-05,LH,소계,광주,0
2022-05,LH,소계,대전,0
2022-05,LH,소계,울산,100
2022-05,LH,소계,세종,597
2022-05,LH,소계,강원,0
2022-05,LH,소계,충북,605
2022-05,LH,소계,충남,1,428
2022-05,LH,소계,전북,1,928
2022-05,LH,소계,전남,0
2022-05,LH,소계,경북,0
2022-05,LH,소계,경남,1
2022-05,LH,소계,제주,0
2022-05,LH,국민임대,전국,2,664
2022-05,LH,국민임대,서울,0
2022-05,LH,국민임대,인천,0
2022-05,LH,국민임대,경기,0
2022-05,LH,국민임대,부산,0
2022-05,LH,국민임대,대구,0
2022-05,LH,국민임대,광주,0
2022-05,LH,국민임대,대전,0
2022-05,LH,국민임대,울산,0
2022-05,LH,국민임대,세종,0
2022-05,LH,국민임대,강원,0
2022-05,LH,국민임대,충북,605
2022-05,LH,국민임대,충남,1,228
2022-05,LH,국민임대,전북,831
2022-05,LH,국민임대,전남,0
2022-05,LH,국민임대,경북,0
2022-05,LH,국민임대,경남,0
2022-05,LH,국민임대,제주,0
2022-05,LH,공공임대,전국,1,052
2022-05,LH,공공임대,서울,0
2022-05,LH,공공임대,인천,0
2022-05,LH,공공임대,경기,1
2022-05,LH,공공임대,부산,0
2022-05,LH,공공임대,대구,0
2022-05,LH,공공임대,광주,0
2022-05,LH,공공임대,대전,0
2022-05,LH,공공임대,울산,100
2022-05,LH,공공임대,세종,199
2022-05,LH,공공임대,강원,0
2022-05,LH,공공임대,충북,0
2022-05,LH,공공임대,충남,200
2022-05,LH,공공임대,전북,551
2022-05,LH,공공임대,전남,0
2022-05,LH,공공임대,경북,0
2022-05,LH,공공임대,경남,1
2022-05,LH,공공임대,제주,0
2022-05,LH,공공분양,전국,944
2022-05,LH,공공분양,서울,0
2022-05,LH,공공분양,인천,0
2022-05,LH,공공분양,경기,0
2022-05,LH,공공분양,부산,0
2022-05,LH,공공분양,대구,0
2022-05,LH,공공분양,광주,0
2022-05,LH,공공분양,대전,0
2022-05,LH,공공분양,울산,0
2022-05,LH,공공분양,세종,398
2022-05,LH,공공분양,강원,0
2022-05,LH,공공분양,충북,0
2022-05,LH,공공분양,충남,0
2022-05,LH,공공분양,전북,546
2022-05,LH,공공분양,전남,0
2022-05,LH,공공분양,경북,0
2022-05,LH,공공분양,경남,0
2022-05,LH,공공분양,제주,0
2022-05,주택업체,소계,전국,8,460
2022-05,주택업체,소계,서울,0
2022-05,주택업체,소계,인천,5,678
2022-05,주택업체,소계,경기,1,584
2022-05,주택업체,소계,부산,1,198
2022-05,주택업체,소계,대구,0
2022-05,주택업체,소계,광주,0
2022-05,주택업체,소계,대전,0
2022-05,주택업체,소계,울산,0
2022-05,주택업체,소계,세종,0
2022-05,주택업체,소계,강원,0
2022-05,주택업체,소계,충북,0
2022-05,주택업체,소계,충남,0
2022-05,주택업체,소계,전북,0
2022-05,주택업체,소계,전남,0
2022-05,주택업체,소계,경북,0
2022-05,주택업체,소계,경남,0
2022-05,주택업체,소계,제주,0
2022-05,주택업체,국민임대,전국,0
2022-05,주택업체,국민임대,서울,0
2022-05,주택업체,국민임대,인천,0
2022-05,주택업체,국민임대,경기,0
2022-05,주택업체,국민임대,부산,0
2022-05,주택업체,국민임대,대구,0
2022-05,주택업체,국민임대,광주,0
2022-05,주택업체,국민임대,대전,0
2022-05,주택업체,국민임대,울산,0
2022-05,주택업체,국민임대,세종,0
2022-05,주택업체,국민임대,강원,0
2022-05,주택업체,국민임대,충북,0
2022-05,주택업체,국민임대,충남,0
2022-05,주택업체,국민임대,전북,0
2022-05,주택업체,국민임대,전남,0
2022-05,주택업체,국민임대,경북,0
2022-05,주택업체,국민임대,경남,0
2022-05,주택업체,국민임대,제주,0
2022-05,주택업체,공공임대,전국,2,782
2022-05,주택업체,공공임대,서울,0
2022-05,주택업체,공공임대,인천,0
2022-05,주택업체,공공임대,경기,1,584
2022-05,주택업체,공공임대,부산,1,198
2022-05,주택업체,공공임대,대구,0
2022-05,주택업체,공공임대,광주,0
2022-05,주택업체,공공임대,대전,0
2022-05,주택업체,공공임대,울산,0
2022-05,주택업체,공공임대,세종,0
2022-05,주택업체,공공임대,강원,0
2022-05,주택업체,공공임대,충북,0
2022-05,주택업체,공공임대,충남,0
2022-05,주택업체,공공임대,전북,0
2022-05,주택업체,공공임대,전남,0
2022-05,주택업체,공공임대,경북,0
2022-05,주택업체,공공임대,경남,0
2022-05,주택업체,공공임대,제주,0
2022-05,주택업체,공공분양,전국,5,678
2022-05,주택업체,공공분양,서울,0
2022-05,주택업체,공공분양,인천,5,678
2022-05,주택업체,공공분양,경기,0
2022-05,주택업체,공공분양,부산,0
2022-05,주택업체,공공분양,대구,0
2022-05,주택업체,공공분양,광주,0
2022-05,주택업체,공공분양,대전,0
2022-05,주택업체,공공분양,울산,0
2022-05,주택업체,공공분양,세종,0
2022-05,주택업체,공공분양,강원,0
2022-05,주택업체,공공분양,충북,0
2022-05,주택업체,공공분양,충남,0
2022-05,주택업체,공공분양,전북,0
2022-05,주택업체,공공분양,전남,0
2022-05,주택업체,공공분양,경북,0
2022-05,주택업체,공공분양,경남,0
2022-05,주택업체,공공분양,제주,0
2022-05,민간부문,소계,전국,29,399
2022-05,민간부문,소계,서울,3,034
2022-05,민간부문,소계,인천,3,124
2022-05,민간부문,소계,경기,4,854
2022-05,민간부문,소계,부산,3,191
2022-05,민간부문,소계,대구,1,780
2022-05,민간부문,소계,광주,122
2022-05,민간부문,소계,대전,2,787
2022-05,민간부문,소계,울산,83
2022-05,민간부문,소계,세종,21
2022-05,민간부문,소계,강원,1,255
2022-05,민간부문,소계,충북,1,802
2022-05,민간부문,소계,충남,4,514
2022-05,민간부문,소계,전북,1,508
2022-05,민간부문,소계,전남,362
2022-05,민간부문,소계,경북,333
2022-05,민간부문,소계,경남,367
2022-05,민간부문,소계,제주,262
2022-05,민간,민간임대,전국,1,114
2022-05,민간,민간임대,서울,0
2022-05,민간,민간임대,인천,0
2022-05,민간,민간임대,경기,285
2022-05,민간,민간임대,부산,0
2022-05,민간,민간임대,대구,0
2022-05,민간,민간임대,광주,0
2022-05,민간,민간임대,대전,0
2022-05,민간,민간임대,울산,0
2022-05,민간,민간임대,세종,0
2022-05,민간,민간임대,강원,0
2022-05,민간,민간임대,충북,0
2022-05,민간,민간임대,충남,829
2022-05,민간,민간임대,전북,0
2022-05,민간,민간임대,전남,0
2022-05,민간,민간임대,경북,0
2022-05,민간,민간임대,경남,0
2022-05,민간,민간임대,제주,0
2022-05,민간,민간분양,전국,28,285
2022-05,민간,민간분양,서울,3,034
2022-05,민간,민간분양,인천,3,124
2022-05,민간,민간분양,경기,4,569
2022-05,민간,민간분양,부산,3,191
2022-05,민간,민간분양,대구,1,780
2022-05,민간,민간분양,광주,122
2022-05,민간,민간분양,대전,2,787
2022-05,민간,민간분양,울산,83
2022-05,민간,민간분양,세종,21
2022-05,민간,민간분양,강원,1,255
2022-05,민간,민간분양,충북,1,802
2022-05,민간,민간분양,충남,3,685
2022-05,민간,민간분양,전북,1,508
2022-05,민간,민간분양,전남,362
2022-05,민간,민간분양,경북,333
2022-05,민간,민간분양,경남,367
2022-05,민간,민간분양,제주,262
2022-06,총계,총계,전국,31,329
2022-06,총계,총계,서울,2,988
2022-06,총계,총계,인천,3,279
2022-06,총계,총계,경기,9,803
2022-06,총계,총계,부산,1,884
2022-06,총계,총계,대구,3,542
2022-06,총계,총계,광주,123
2022-06,총계,총계,대전,109
2022-06,총계,총계,울산,112
2022-06,총계,총계,세종,20
2022-06,총계,총계,강원,1,343
2022-06,총계,총계,충북,1,918
2022-06,총계,총계,충남,1,922
2022-06,총계,총계,전북,1,676
2022-06,총계,총계,전남,408
2022-06,총계,총계,경북,361
2022-06,총계,총계,경남,1,584
2022-06,총계,총계,제주,257
2022-06,공공부문,소계,전국,9,404
2022-06,공공부문,소계,서울,1
2022-06,공공부문,소계,인천,1,487
2022-06,공공부문,소계,경기,4,708
2022-06,공공부문,소계,부산,728
2022-06,공공부문,소계,대구,0
2022-06,공공부문,소계,광주,50
2022-06,공공부문,소계,대전,0
2022-06,공공부문,소계,울산,43
2022-06,공공부문,소계,세종,0
2022-06,공공부문,소계,강원,0
2022-06,공공부문,소계,충북,1,299
2022-06,공공부문,소계,충남,888
2022-06,공공부문,소계,전북,0
2022-06,공공부문,소계,전남,0
2022-06,공공부문,소계,경북,0
2022-06,공공부문,소계,경남,200
2022-06,공공부문,소계,제주,0
2022-06,합,국민임대,전국,1,299
2022-06,합,국민임대,서울,0
2022-06,합,국민임대,인천,0
2022-06,합,국민임대,경기,0
2022-06,합,국민임대,부산,0
2022-06,합,국민임대,대구,0
2022-06,합,국민임대,광주,0
2022-06,합,국민임대,대전,0
2022-06,합,국민임대,울산,0
2022-06,합,국민임대,세종,0
2022-06,합,국민임대,강원,0
2022-06,합,국민임대,충북,1,299
2022-06,합,국민임대,충남,0
2022-06,합,국민임대,전북,0
2022-06,합,국민임대,전남,0
2022-06,합,국민임대,경북,0
2022-06,합,국민임대,경남,0
2022-06,합,국민임대,제주,0
2022-06,합,공공임대,전국,6,352
2022-06,합,공공임대,서울,1
2022-06,합,공공임대,인천,1,487
2022-06,합,공공임대,경기,3,441
2022-06,합,공공임대,부산,242
2022-06,합,공공임대,대구,0
2022-06,합,공공임대,광주,50
2022-06,합,공공임대,대전,0
2022-06,합,공공임대,울산,43
2022-06,합,공공임대,세종,0
2022-06,합,공공임대,강원,0
2022-06,합,공공임대,충북,0
2022-06,합,공공임대,충남,888
2022-06,합,공공임대,전북,0
2022-06,합,공공임대,전남,0
2022-06,합,공공임대,경북,0
2022-06,합,공공임대,경남,200
2022-06,합,공공임대,제주,0
2022-06,합,공공분양,전국,1,753
2022-06,합,공공분양,서울,0
2022-06,합,공공분양,인천,0
2022-06,합,공공분양,경기,1,267
2022-06,합,공공분양,부산,486
2022-06,합,공공분양,대구,0
2022-06,합,공공분양,광주,0
2022-06,합,공공분양,대전,0
2022-06,합,공공분양,울산,0
2022-06,합,공공분양,세종,0
2022-06,합,공공분양,강원,0
2022-06,합,공공분양,충북,0
2022-06,합,공공분양,충남,0
2022-06,합,공공분양,전북,0
2022-06,합,공공분양,전남,0
2022-06,합,공공분양,경북,0
2022-06,합,공공분양,경남,0
2022-06,합,공공분양,제주,0
2022-06,지자체,소계,전국,0
2022-06,지자체,소계,서울,0
2022-06,지자체,소계,인천,0
2022-06,지자체,소계,경기,0
2022-06,지자체,소계,부산,0
2022-06,지자체,소계,대구,0
2022-06,지자체,소계,광주,0
2022-06,지자체,소계,대전,0
2022-06,지자체,소계,울산,0
2022-06,지자체,소계,세종,0
2022-06,지자체,소계,강원,0
2022-06,지자체,소계,충북,0
2022-06,지자체,소계,충남,0
2022-06,지자체,소계,전북,0
2022-06,지자체,소계,전남,0
2022-06,지자체,소계,경북,0
2022-06,지자체,소계,경남,0
2022-06,지자체,소계,제주,0
2022-06,지자체,국민임대,전국,0
2022-06,지자체,국민임대,서울,0
2022-06,지자체,국민임대,인천,0
2022-06,지자체,국민임대,경기,0
2022-06,지자체,국민임대,부산,0
2022-06,지자체,국민임대,대구,0
2022-06,지자체,국민임대,광주,0
2022-06,지자체,국민임대,대전,0
2022-06,지자체,국민임대,울산,0
2022-06,지자체,국민임대,세종,0
2022-06,지자체,국민임대,강원,0
2022-06,지자체,국민임대,충북,0
2022-06,지자체,국민임대,충남,0
2022-06,지자체,국민임대,전북,0
2022-06,지자체,국민임대,전남,0
2022-06,지자체,국민임대,경북,0
2022-06,지자체,국민임대,경남,0
2022-06,지자체,국민임대,제주,0
2022-06,지자체,공공임대,전국,0
2022-06,지자체,공공임대,서울,0
2022-06,지자체,공공임대,인천,0
2022-06,지자체,공공임대,경기,0
2022-06,지자체,공공임대,부산,0
2022-06,지자체,공공임대,대구,0
2022-06,지자체,공공임대,광주,0
2022-06,지자체,공공임대,대전,0
2022-06,지자체,공공임대,울산,0
2022-06,지자체,공공임대,세종,0
2022-06,지자체,공공임대,강원,0
2022-06,지자체,공공임대,충북,0
2022-06,지자체,공공임대,충남,0
2022-06,지자체,공공임대,전북,0
2022-06,지자체,공공임대,전남,0
2022-06,지자체,공공임대,경북,0
2022-06,지자체,공공임대,경남,0
2022-06,지자체,공공임대,제주,0
2022-06,지자체,공공분양,전국,0
2022-06,지자체,공공분양,서울,0
2022-06,지자체,공공분양,인천,0
2022-06,지자체,공공분양,경기,0
2022-06,지자체,공공분양,부산,0
2022-06,지자체,공공분양,대구,0
2022-06,지자체,공공분양,광주,0
2022-06,지자체,공공분양,대전,0
2022-06,지자체,공공분양,울산,0
2022-06,지자체,공공분양,세종,0
2022-06,지자체,공공분양,강원,0
2022-06,지자체,공공분양,충북,0
2022-06,지자체,공공분양,충남,0
2022-06,지자체,공공분양,전북,0
2022-06,지자체,공공분양,전남,0
2022-06,지자체,공공분양,경북,0
2022-06,지자체,공공분양,경남,0
2022-06,지자체,공공분양,제주,0
2022-06,LH,소계,전국,7,511
2022-06,LH,소계,서울,0
2022-06,LH,소계,인천,238
2022-06,LH,소계,경기,4,708
2022-06,LH,소계,부산,728
2022-06,LH,소계,대구,0
2022-06,LH,소계,광주,50
2022-06,LH,소계,대전,0
2022-06,LH,소계,울산,0
2022-06,LH,소계,세종,0
2022-06,LH,소계,강원,0
2022-06,LH,소계,충북,1,299
2022-06,LH,소계,충남,288
2022-06,LH,소계,전북,0
2022-06,LH,소계,전남,0
2022-06,LH,소계,경북,0
2022-06,LH,소계,경남,200
2022-06,LH,소계,제주,0
2022-06,LH,국민임대,전국,1,299
2022-06,LH,국민임대,서울,0
2022-06,LH,국민임대,인천,0
2022-06,LH,국민임대,경기,0
2022-06,LH,국민임대,부산,0
2022-06,LH,국민임대,대구,0
2022-06,LH,국민임대,광주,0
2022-06,LH,국민임대,대전,0
2022-06,LH,국민임대,울산,0
2022-06,LH,국민임대,세종,0
2022-06,LH,국민임대,강원,0
2022-06,LH,국민임대,충북,1,299
2022-06,LH,국민임대,충남,0
2022-06,LH,국민임대,전북,0
2022-06,LH,국민임대,전남,0
2022-06,LH,국민임대,경북,0
2022-06,LH,국민임대,경남,0
2022-06,LH,국민임대,제주,0
2022-06,LH,공공임대,전국,4,459
2022-06,LH,공공임대,서울,0
2022-06,LH,공공임대,인천,238
2022-06,LH,공공임대,경기,3,441
2022-06,LH,공공임대,부산,242
2022-06,LH,공공임대,대구,0
2022-06,LH,공공임대,광주,50
2022-06,LH,공공임대,대전,0
2022-06,LH,공공임대,울산,0
2022-06,LH,공공임대,세종,0
2022-06,LH,공공임대,강원,0
2022-06,LH,공공임대,충북,0
2022-06,LH,공공임대,충남,288
2022-06,LH,공공임대,전북,0
2022-06,LH,공공임대,전남,0
2022-06,LH,공공임대,경북,0
2022-06,LH,공공임대,경남,200
2022-06,LH,공공임대,제주,0
2022-06,LH,공공분양,전국,1,753
2022-06,LH,공공분양,서울,0
2022-06,LH,공공분양,인천,0
2022-06,LH,공공분양,경기,1,267
2022-06,LH,공공분양,부산,486
2022-06,LH,공공분양,대구,0
2022-06,LH,공공분양,광주,0
2022-06,LH,공공분양,대전,0
2022-06,LH,공공분양,울산,0
2022-06,LH,공공분양,세종,0
2022-06,LH,공공분양,강원,0
2022-06,LH,공공분양,충북,0
2022-06,LH,공공분양,충남,0
2022-06,LH,공공분양,전북,0
2022-06,LH,공공분양,전남,0
2022-06,LH,공공분양,경북,0
2022-06,LH,공공분양,경남,0
2022-06,LH,공공분양,제주,0
2022-06,주택업체,소계,전국,1,893
2022-06,주택업체,소계,서울,1
2022-06,주택업체,소계,인천,1,249
2022-06,주택업체,소계,경기,0
2022-06,주택업체,소계,부산,0
2022-06,주택업체,소계,대구,0
2022-06,주택업체,소계,광주,0
2022-06,주택업체,소계,대전,0
2022-06,주택업체,소계,울산,43
2022-06,주택업체,소계,세종,0
2022-06,주택업체,소계,강원,0
2022-06,주택업체,소계,충북,0
2022-06,주택업체,소계,충남,600
2022-06,주택업체,소계,전북,0
2022-06,주택업체,소계,전남,0
2022-06,주택업체,소계,경북,0
2022-06,주택업체,소계,경남,0
2022-06,주택업체,소계,제주,0
2022-06,주택업체,국민임대,전국,0
2022-06,주택업체,국민임대,서울,0
2022-06,주택업체,국민임대,인천,0
2022-06,주택업체,국민임대,경기,0
2022-06,주택업체,국민임대,부산,0
2022-06,주택업체,국민임대,대구,0
2022-06,주택업체,국민임대,광주,0
2022-06,주택업체,국민임대,대전,0
2022-06,주택업체,국민임대,울산,0
2022-06,주택업체,국민임대,세종,0
2022-06,주택업체,국민임대,강원,0
2022-06,주택업체,국민임대,충북,0
2022-06,주택업체,국민임대,충남,0
2022-06,주택업체,국민임대,전북,0
2022-06,주택업체,국민임대,전남,0
2022-06,주택업체,국민임대,경북,0
2022-06,주택업체,국민임대,경남,0
2022-06,주택업체,국민임대,제주,0
2022-06,주택업체,공공임대,전국,1,893
2022-06,주택업체,공공임대,서울,1
2022-06,주택업체,공공임대,인천,1,249
2022-06,주택업체,공공임대,경기,0
2022-06,주택업체,공공임대,부산,0
2022-06,주택업체,공공임대,대구,0
2022-06,주택업체,공공임대,광주,0
2022-06,주택업체,공공임대,대전,0
2022-06,주택업체,공공임대,울산,43
2022-06,주택업체,공공임대,세종,0
2022-06,주택업체,공공임대,강원,0
2022-06,주택업체,공공임대,충북,0
2022-06,주택업체,공공임대,충남,600
2022-06,주택업체,공공임대,전북,0
2022-06,주택업체,공공임대,전남,0
2022-06,주택업체,공공임대,경북,0
2022-06,주택업체,공공임대,경남,0
2022-06,주택업체,공공임대,제주,0
2022-06,주택업체,공공분양,전국,0
2022-06,주택업체,공공분양,서울,0
2022-06,주택업체,공공분양,인천,0
2022-06,주택업체,공공분양,경기,0
2022-06,주택업체,공공분양,부산,0
2022-06,주택업체,공공분양,대구,0
2022-06,주택업체,공공분양,광주,0
2022-06,주택업체,공공분양,대전,0
2022-06,주택업체,공공분양,울산,0
2022-06,주택업체,공공분양,세종,0
2022-06,주택업체,공공분양,강원,0
2022-06,주택업체,공공분양,충북,0
2022-06,주택업체,공공분양,충남,0
2022-06,주택업체,공공분양,전북,0
2022-06,주택업체,공공분양,전남,0
2022-06,주택업체,공공분양,경북,0
2022-06,주택업체,공공분양,경남,0
2022-06,주택업체,공공분양,제주,0
2022-06,민간부문,소계,전국,21,925
2022-06,민간부문,소계,서울,2,987
2022-06,민간부문,소계,인천,1,792
2022-06,민간부문,소계,경기,5,095
2022-06,민간부문,소계,부산,1,156
2022-06,민간부문,소계,대구,3,542
2022-06,민간부문,소계,광주,73
2022-06,민간부문,소계,대전,109
2022-06,민간부문,소계,울산,69
2022-06,민간부문,소계,세종,20
2022-06,민간부문,소계,강원,1,343
2022-06,민간부문,소계,충북,619
2022-06,민간부문,소계,충남,1,034
2022-06,민간부문,소계,전북,1,676
2022-06,민간부문,소계,전남,408
2022-06,민간부문,소계,경북,361
2022-06,민간부문,소계,경남,1,384
2022-06,민간부문,소계,제주,257
2022-06,민간,민간임대,전국,573
2022-06,민간,민간임대,서울,148
2022-06,민간,민간임대,인천,0
2022-06,민간,민간임대,경기,0
2022-06,민간,민간임대,부산,0
2022-06,민간,민간임대,대구,0
2022-06,민간,민간임대,광주,0
2022-06,민간,민간임대,대전,0
2022-06,민간,민간임대,울산,0
2022-06,민간,민간임대,세종,0
2022-06,민간,민간임대,강원,425
2022-06,민간,민간임대,충북,0
2022-06,민간,민간임대,충남,0
2022-06,민간,민간임대,전북,0
2022-06,민간,민간임대,전남,0
2022-06,민간,민간임대,경북,0
2022-06,민간,민간임대,경남,0
2022-06,민간,민간임대,제주,0
2022-06,민간,민간분양,전국,21,352
2022-06,민간,민간분양,서울,2,839
2022-06,민간,민간분양,인천,1,792
2022-06,민간,민간분양,경기,5,095
2022-06,민간,민간분양,부산,1,156
2022-06,민간,민간분양,대구,3,542
2022-06,민간,민간분양,광주,73
2022-06,민간,민간분양,대전,109
2022-06,민간,민간분양,울산,69
2022-06,민간,민간분양,세종,20
2022-06,민간,민간분양,강원,918
2022-06,민간,민간분양,충북,619
2022-06,민간,민간분양,충남,1,034
2022-06,민간,민간분양,전북,1,676
2022-06,민간,민간분양,전남,408
2022-06,민간,민간분양,경북,361
2022-06,민간,민간분양,경남,1,384
2022-06,민간,민간분양,제주,257
2022-07,총계,총계,전국,37,911
2022-07,총계,총계,서울,2,678
2022-07,총계,총계,인천,2,874
2022-07,총계,총계,경기,15,709
2022-07,총계,총계,부산,1,643
2022-07,총계,총계,대구,2,254
2022-07,총계,총계,광주,822
2022-07,총계,총계,대전,2,106
2022-07,총계,총계,울산,1,005
2022-07,총계,총계,세종,42
2022-07,총계,총계,강원,1,413
2022-07,총계,총계,충북,346
2022-07,총계,총계,충남,4,524
2022-07,총계,총계,전북,816
2022-07,총계,총계,전남,550
2022-07,총계,총계,경북,570
2022-07,총계,총계,경남,330
2022-07,총계,총계,제주,229
2022-07,공공부문,소계,전국,8,229
2022-07,공공부문,소계,서울,28
2022-07,공공부문,소계,인천,1,073
2022-07,공공부문,소계,경기,1,732
2022-07,공공부문,소계,부산,0
2022-07,공공부문,소계,대구,820
2022-07,공공부문,소계,광주,0
2022-07,공공부문,소계,대전,0
2022-07,공공부문,소계,울산,0
2022-07,공공부문,소계,세종,0
2022-07,공공부문,소계,강원,0
2022-07,공공부문,소계,충북,0
2022-07,공공부문,소계,충남,3,825
2022-07,공공부문,소계,전북,601
2022-07,공공부문,소계,전남,150
2022-07,공공부문,소계,경북,0
2022-07,공공부문,소계,경남,0
2022-07,공공부문,소계,제주,0
2022-07,합,국민임대,전국,1,254
2022-07,합,국민임대,서울,0
2022-07,합,국민임대,인천,0
2022-07,합,국민임대,경기,0
2022-07,합,국민임대,부산,0
2022-07,합,국민임대,대구,258
2022-07,합,국민임대,광주,0
2022-07,합,국민임대,대전,0
2022-07,합,국민임대,울산,0
2022-07,합,국민임대,세종,0
2022-07,합,국민임대,강원,0
2022-07,합,국민임대,충북,0
2022-07,합,국민임대,충남,996
2022-07,합,국민임대,전북,0
2022-07,합,국민임대,전남,0
2022-07,합,국민임대,경북,0
2022-07,합,국민임대,경남,0
2022-07,합,국민임대,제주,0
2022-07,합,공공임대,전국,5,831
2022-07,합,공공임대,서울,28
2022-07,합,공공임대,인천,1,073
2022-07,합,공공임대,경기,588
2022-07,합,공공임대,부산,0
2022-07,합,공공임대,대구,562
2022-07,합,공공임대,광주,0
2022-07,합,공공임대,대전,0
2022-07,합,공공임대,울산,0
2022-07,합,공공임대,세종,0
2022-07,합,공공임대,강원,0
2022-07,합,공공임대,충북,0
2022-07,합,공공임대,충남,2,829
2022-07,합,공공임대,전북,601
2022-07,합,공공임대,전남,150
2022-07,합,공공임대,경북,0
2022-07,합,공공임대,경남,0
2022-07,합,공공임대,제주,0
2022-07,합,공공분양,전국,1,144
2022-07,합,공공분양,서울,0
2022-07,합,공공분양,인천,0
2022-07,합,공공분양,경기,1,144
2022-07,합,공공분양,부산,0
2022-07,합,공공분양,대구,0
2022-07,합,공공분양,광주,0
2022-07,합,공공분양,대전,0
2022-07,합,공공분양,울산,0
2022-07,합,공공분양,세종,0
2022-07,합,공공분양,강원,0
2022-07,합,공공분양,충북,0
2022-07,합,공공분양,충남,0
2022-07,합,공공분양,전북,0
2022-07,합,공공분양,전남,0
2022-07,합,공공분양,경북,0
2022-07,합,공공분양,경남,0
2022-07,합,공공분양,제주,0
2022-07,지자체,소계,전국,0
2022-07,지자체,소계,서울,0
2022-07,지자체,소계,인천,0
2022-07,지자체,소계,경기,0
2022-07,지자체,소계,부산,0
2022-07,지자체,소계,대구,0
2022-07,지자체,소계,광주,0
2022-07,지자체,소계,대전,0
2022-07,지자체,소계,울산,0
2022-07,지자체,소계,세종,0
2022-07,지자체,소계,강원,0
2022-07,지자체,소계,충북,0
2022-07,지자체,소계,충남,0
2022-07,지자체,소계,전북,0
2022-07,지자체,소계,전남,0
2022-07,지자체,소계,경북,0
2022-07,지자체,소계,경남,0
2022-07,지자체,소계,제주,0
2022-07,지자체,국민임대,전국,0
2022-07,지자체,국민임대,서울,0
2022-07,지자체,국민임대,인천,0
2022-07,지자체,국민임대,경기,0
2022-07,지자체,국민임대,부산,0
2022-07,지자체,국민임대,대구,0
2022-07,지자체,국민임대,광주,0
2022-07,지자체,국민임대,대전,0
2022-07,지자체,국민임대,울산,0
2022-07,지자체,국민임대,세종,0
2022-07,지자체,국민임대,강원,0
2022-07,지자체,국민임대,충북,0
2022-07,지자체,국민임대,충남,0
2022-07,지자체,국민임대,전북,0
2022-07,지자체,국민임대,전남,0
2022-07,지자체,국민임대,경북,0
2022-07,지자체,국민임대,경남,0
2022-07,지자체,국민임대,제주,0
2022-07,지자체,공공임대,전국,0
2022-07,지자체,공공임대,서울,0
2022-07,지자체,공공임대,인천,0
2022-07,지자체,공공임대,경기,0
2022-07,지자체,공공임대,부산,0
2022-07,지자체,공공임대,대구,0
2022-07,지자체,공공임대,광주,0
2022-07,지자체,공공임대,대전,0
2022-07,지자체,공공임대,울산,0
2022-07,지자체,공공임대,세종,0
2022-07,지자체,공공임대,강원,0
2022-07,지자체,공공임대,충북,0
2022-07,지자체,공공임대,충남,0
2022-07,지자체,공공임대,전북,0
2022-07,지자체,공공임대,전남,0
2022-07,지자체,공공임대,경북,0
2022-07,지자체,공공임대,경남,0
2022-07,지자체,공공임대,제주,0
2022-07,지자체,공공분양,전국,0
2022-07,지자체,공공분양,서울,0
2022-07,지자체,공공분양,인천,0
2022-07,지자체,공공분양,경기,0
2022-07,지자체,공공분양,부산,0
2022-07,지자체,공공분양,대구,0
2022-07,지자체,공공분양,광주,0
2022-07,지자체,공공분양,대전,0
2022-07,지자체,공공분양,울산,0
2022-07,지자체,공공분양,세종,0
2022-07,지자체,공공분양,강원,0
2022-07,지자체,공공분양,충북,0
2022-07,지자체,공공분양,충남,0
2022-07,지자체,공공분양,전북,0
2022-07,지자체,공공분양,전남,0
2022-07,지자체,공공분양,경북,0
2022-07,지자체,공공분양,경남,0
2022-07,지자체,공공분양,제주,0
2022-07,LH,소계,전국,7,128
2022-07,LH,소계,서울,0
2022-07,LH,소계,인천,0
2022-07,LH,소계,경기,1,732
2022-07,LH,소계,부산,0
2022-07,LH,소계,대구,820
2022-07,LH,소계,광주,0
2022-07,LH,소계,대전,0
2022-07,LH,소계,울산,0
2022-07,LH,소계,세종,0
2022-07,LH,소계,강원,0
2022-07,LH,소계,충북,0
2022-07,LH,소계,충남,3,825
2022-07,LH,소계,전북,601
2022-07,LH,소계,전남,150
2022-07,LH,소계,경북,0
2022-07,LH,소계,경남,0
2022-07,LH,소계,제주,0
2022-07,LH,국민임대,전국,1,254
2022-07,LH,국민임대,서울,0
2022-07,LH,국민임대,인천,0
2022-07,LH,국민임대,경기,0
2022-07,LH,국민임대,부산,0
2022-07,LH,국민임대,대구,258
2022-07,LH,국민임대,광주,0
2022-07,LH,국민임대,대전,0
2022-07,LH,국민임대,울산,0
2022-07,LH,국민임대,세종,0
2022-07,LH,국민임대,강원,0
2022-07,LH,국민임대,충북,0
2022-07,LH,국민임대,충남,996
2022-07,LH,국민임대,전북,0
2022-07,LH,국민임대,전남,0
2022-07,LH,국민임대,경북,0
2022-07,LH,국민임대,경남,0
2022-07,LH,국민임대,제주,0
2022-07,LH,공공임대,전국,4,730
2022-07,LH,공공임대,서울,0
2022-07,LH,공공임대,인천,0
2022-07,LH,공공임대,경기,588
2022-07,LH,공공임대,부산,0
2022-07,LH,공공임대,대구,562
2022-07,LH,공공임대,광주,0
2022-07,LH,공공임대,대전,0
2022-07,LH,공공임대,울산,0
2022-07,LH,공공임대,세종,0
2022-07,LH,공공임대,강원,0
2022-07,LH,공공임대,충북,0
2022-07,LH,공공임대,충남,2,829
2022-07,LH,공공임대,전북,601
2022-07,LH,공공임대,전남,150
2022-07,LH,공공임대,경북,0
2022-07,LH,공공임대,경남,0
2022-07,LH,공공임대,제주,0
2022-07,LH,공공분양,전국,1,144
2022-07,LH,공공분양,서울,0
2022-07,LH,공공분양,인천,0
2022-07,LH,공공분양,경기,1,144
2022-07,LH,공공분양,부산,0
2022-07,LH,공공분양,대구,0
2022-07,LH,공공분양,광주,0
2022-07,LH,공공분양,대전,0
2022-07,LH,공공분양,울산,0
2022-07,LH,공공분양,세종,0
2022-07,LH,공공분양,강원,0
2022-07,LH,공공분양,충북,0
2022-07,LH,공공분양,충남,0
2022-07,LH,공공분양,전북,0
2022-07,LH,공공분양,전남,0
2022-07,LH,공공분양,경북,0
2022-07,LH,공공분양,경남,0
2022-07,LH,공공분양,제주,0
2022-07,주택업체,소계,전국,1,101
2022-07,주택업체,소계,서울,28
2022-07,주택업체,소계,인천,1,073
2022-07,주택업체,소계,경기,0
2022-07,주택업체,소계,부산,0
2022-07,주택업체,소계,대구,0
2022-07,주택업체,소계,광주,0
2022-07,주택업체,소계,대전,0
2022-07,주택업체,소계,울산,0
2022-07,주택업체,소계,세종,0
2022-07,주택업체,소계,강원,0
2022-07,주택업체,소계,충북,0
2022-07,주택업체,소계,충남,0
2022-07,주택업체,소계,전북,0
2022-07,주택업체,소계,전남,0
2022-07,주택업체,소계,경북,0
2022-07,주택업체,소계,경남,0
2022-07,주택업체,소계,제주,0
2022-07,주택업체,국민임대,전국,0
2022-07,주택업체,국민임대,서울,0
2022-07,주택업체,국민임대,인천,0
2022-07,주택업체,국민임대,경기,0
2022-07,주택업체,국민임대,부산,0
2022-07,주택업체,국민임대,대구,0
2022-07,주택업체,국민임대,광주,0
2022-07,주택업체,국민임대,대전,0
2022-07,주택업체,국민임대,울산,0
2022-07,주택업체,국민임대,세종,0
2022-07,주택업체,국민임대,강원,0
2022-07,주택업체,국민임대,충북,0
2022-07,주택업체,국민임대,충남,0
2022-07,주택업체,국민임대,전북,0
2022-07,주택업체,국민임대,전남,0
2022-07,주택업체,국민임대,경북,0
2022-07,주택업체,국민임대,경남,0
2022-07,주택업체,국민임대,제주,0
2022-07,주택업체,공공임대,전국,1,101
2022-07,주택업체,공공임대,서울,28
2022-07,주택업체,공공임대,인천,1,073
2022-07,주택업체,공공임대,경기,0
2022-07,주택업체,공공임대,부산,0
2022-07,주택업체,공공임대,대구,0
2022-07,주택업체,공공임대,광주,0
2022-07,주택업체,공공임대,대전,0
2022-07,주택업체,공공임대,울산,0
2022-07,주택업체,공공임대,세종,0
2022-07,주택업체,공공임대,강원,0
2022-07,주택업체,공공임대,충북,0
2022-07,주택업체,공공임대,충남,0
2022-07,주택업체,공공임대,전북,0
2022-07,주택업체,공공임대,전남,0
2022-07,주택업체,공공임대,경북,0
2022-07,주택업체,공공임대,경남,0
2022-07,주택업체,공공임대,제주,0
2022-07,주택업체,공공분양,전국,0
2022-07,주택업체,공공분양,서울,0
2022-07,주택업체,공공분양,인천,0
2022-07,주택업체,공공분양,경기,0
2022-07,주택업체,공공분양,부산,0
2022-07,주택업체,공공분양,대구,0
2022-07,주택업체,공공분양,광주,0
2022-07,주택업체,공공분양,대전,0
2022-07,주택업체,공공분양,울산,0
2022-07,주택업체,공공분양,세종,0
2022-07,주택업체,공공분양,강원,0
2022-07,주택업체,공공분양,충북,0
2022-07,주택업체,공공분양,충남,0
2022-07,주택업체,공공분양,전북,0
2022-07,주택업체,공공분양,전남,0
2022-07,주택업체,공공분양,경북,0
2022-07,주택업체,공공분양,경남,0
2022-07,주택업체,공공분양,제주,0
2022-07,민간부문,소계,전국,29,682
2022-07,민간부문,소계,서울,2,650
2022-07,민간부문,소계,인천,1,801
2022-07,민간부문,소계,경기,13,977
2022-07,민간부문,소계,부산,1,643
2022-07,민간부문,소계,대구,1,434
2022-07,민간부문,소계,광주,822
2022-07,민간부문,소계,대전,2,106
2022-07,민간부문,소계,울산,1,005
2022-07,민간부문,소계,세종,42
2022-07,민간부문,소계,강원,1,413
2022-07,민간부문,소계,충북,346
2022-07,민간부문,소계,충남,699
2022-07,민간부문,소계,전북,215
2022-07,민간부문,소계,전남,400
2022-07,민간부문,소계,경북,570
2022-07,민간부문,소계,경남,330
2022-07,민간부문,소계,제주,229
2022-07,민간,민간임대,전국,81
2022-07,민간,민간임대,서울,0
2022-07,민간,민간임대,인천,0
2022-07,민간,민간임대,경기,0
2022-07,민간,민간임대,부산,0
2022-07,민간,민간임대,대구,0
2022-07,민간,민간임대,광주,0
2022-07,민간,민간임대,대전,0
2022-07,민간,민간임대,울산,0
2022-07,민간,민간임대,세종,0
2022-07,민간,민간임대,강원,0
2022-07,민간,민간임대,충북,0
2022-07,민간,민간임대,충남,0
2022-07,민간,민간임대,전북,0
2022-07,민간,민간임대,전남,0
2022-07,민간,민간임대,경북,81
2022-07,민간,민간임대,경남,0
2022-07,민간,민간임대,제주,0
2022-07,민간,민간분양,전국,29,601
2022-07,민간,민간분양,서울,2,650
2022-07,민간,민간분양,인천,1,801
2022-07,민간,민간분양,경기,13,977
2022-07,민간,민간분양,부산,1,643
2022-07,민간,민간분양,대구,1,434
2022-07,민간,민간분양,광주,822
2022-07,민간,민간분양,대전,2,106
2022-07,민간,민간분양,울산,1,005
2022-07,민간,민간분양,세종,42
2022-07,민간,민간분양,강원,1,413
2022-07,민간,민간분양,충북,346
2022-07,민간,민간분양,충남,699
2022-07,민간,민간분양,전북,215
2022-07,민간,민간분양,전남,400
2022-07,민간,민간분양,경북,489
2022-07,민간,민간분양,경남,330
2022-07,민간,민간분양,제주,229
2022-08,총계,총계,전국,38,560
2022-08,총계,총계,서울,7,659
2022-08,총계,총계,인천,7,135
2022-08,총계,총계,경기,12,213
2022-08,총계,총계,부산,1,851
2022-08,총계,총계,대구,1,633
2022-08,총계,총계,광주,755
2022-08,총계,총계,대전,878
2022-08,총계,총계,울산,236
2022-08,총계,총계,세종,21
2022-08,총계,총계,강원,390
2022-08,총계,총계,충북,832
2022-08,총계,총계,충남,1,958
2022-08,총계,총계,전북,197
2022-08,총계,총계,전남,1,645
2022-08,총계,총계,경북,421
2022-08,총계,총계,경남,401
2022-08,총계,총계,제주,335
2022-08,공공부문,소계,전국,7,730
2022-08,공공부문,소계,서울,16
2022-08,공공부문,소계,인천,909
2022-08,공공부문,소계,경기,5,890
2022-08,공공부문,소계,부산,638
2022-08,공공부문,소계,대구,0
2022-08,공공부문,소계,광주,47
2022-08,공공부문,소계,대전,0
2022-08,공공부문,소계,울산,0
2022-08,공공부문,소계,세종,0
2022-08,공공부문,소계,강원,0
2022-08,공공부문,소계,충북,0
2022-08,공공부문,소계,충남,0
2022-08,공공부문,소계,전북,0
2022-08,공공부문,소계,전남,230
2022-08,공공부문,소계,경북,0
2022-08,공공부문,소계,경남,0
2022-08,공공부문,소계,제주,0
2022-08,합,국민임대,전국,1,664
2022-08,합,국민임대,서울,0
2022-08,합,국민임대,인천,0
2022-08,합,국민임대,경기,1,504
2022-08,합,국민임대,부산,0
2022-08,합,국민임대,대구,0
2022-08,합,국민임대,광주,0
2022-08,합,국민임대,대전,0
2022-08,합,국민임대,울산,0
2022-08,합,국민임대,세종,0
2022-08,합,국민임대,강원,0
2022-08,합,국민임대,충북,0
2022-08,합,국민임대,충남,0
2022-08,합,국민임대,전북,0
2022-08,합,국민임대,전남,160
2022-08,합,국민임대,경북,0
2022-08,합,국민임대,경남,0
2022-08,합,국민임대,제주,0
2022-08,합,공공임대,전국,4,570
2022-08,합,공공임대,서울,16
2022-08,합,공공임대,인천,0
2022-08,합,공공임대,경기,3,799
2022-08,합,공공임대,부산,638
2022-08,합,공공임대,대구,0
2022-08,합,공공임대,광주,47
2022-08,합,공공임대,대전,0
2022-08,합,공공임대,울산,0
2022-08,합,공공임대,세종,0
2022-08,합,공공임대,강원,0
2022-08,합,공공임대,충북,0
2022-08,합,공공임대,충남,0
2022-08,합,공공임대,전북,0
2022-08,합,공공임대,전남,70
2022-08,합,공공임대,경북,0
2022-08,합,공공임대,경남,0
2022-08,합,공공임대,제주,0
2022-08,합,공공분양,전국,1,496
2022-08,합,공공분양,서울,0
2022-08,합,공공분양,인천,909
2022-08,합,공공분양,경기,587
2022-08,합,공공분양,부산,0
2022-08,합,공공분양,대구,0
2022-08,합,공공분양,광주,0
2022-08,합,공공분양,대전,0
2022-08,합,공공분양,울산,0
2022-08,합,공공분양,세종,0
2022-08,합,공공분양,강원,0
2022-08,합,공공분양,충북,0
2022-08,합,공공분양,충남,0
2022-08,합,공공분양,전북,0
2022-08,합,공공분양,전남,0
2022-08,합,공공분양,경북,0
2022-08,합,공공분양,경남,0
2022-08,합,공공분양,제주,0
2022-08,지자체,소계,전국,909
2022-08,지자체,소계,서울,0
2022-08,지자체,소계,인천,909
2022-08,지자체,소계,경기,0
2022-08,지자체,소계,부산,0
2022-08,지자체,소계,대구,0
2022-08,지자체,소계,광주,0
2022-08,지자체,소계,대전,0
2022-08,지자체,소계,울산,0
2022-08,지자체,소계,세종,0
2022-08,지자체,소계,강원,0
2022-08,지자체,소계,충북,0
2022-08,지자체,소계,충남,0
2022-08,지자체,소계,전북,0
2022-08,지자체,소계,전남,0
2022-08,지자체,소계,경북,0
2022-08,지자체,소계,경남,0
2022-08,지자체,소계,제주,0
2022-08,지자체,국민임대,전국,0
2022-08,지자체,국민임대,서울,0
2022-08,지자체,국민임대,인천,0
2022-08,지자체,국민임대,경기,0
2022-08,지자체,국민임대,부산,0
2022-08,지자체,국민임대,대구,0
2022-08,지자체,국민임대,광주,0
2022-08,지자체,국민임대,대전,0
2022-08,지자체,국민임대,울산,0
2022-08,지자체,국민임대,세종,0
2022-08,지자체,국민임대,강원,0
2022-08,지자체,국민임대,충북,0
2022-08,지자체,국민임대,충남,0
2022-08,지자체,국민임대,전북,0
2022-08,지자체,국민임대,전남,0
2022-08,지자체,국민임대,경북,0
2022-08,지자체,국민임대,경남,0
2022-08,지자체,국민임대,제주,0
2022-08,지자체,공공임대,전국,0
2022-08,지자체,공공임대,서울,0
2022-08,지자체,공공임대,인천,0
2022-08,지자체,공공임대,경기,0
2022-08,지자체,공공임대,부산,0
2022-08,지자체,공공임대,대구,0
2022-08,지자체,공공임대,광주,0
2022-08,지자체,공공임대,대전,0
2022-08,지자체,공공임대,울산,0
2022-08,지자체,공공임대,세종,0
2022-08,지자체,공공임대,강원,0
2022-08,지자체,공공임대,충북,0
2022-08,지자체,공공임대,충남,0
2022-08,지자체,공공임대,전북,0
2022-08,지자체,공공임대,전남,0
2022-08,지자체,공공임대,경북,0
2022-08,지자체,공공임대,경남,0
2022-08,지자체,공공임대,제주,0
2022-08,지자체,공공분양,전국,909
2022-08,지자체,공공분양,서울,0
2022-08,지자체,공공분양,인천,909
2022-08,지자체,공공분양,경기,0
2022-08,지자체,공공분양,부산,0
2022-08,지자체,공공분양,대구,0
2022-08,지자체,공공분양,광주,0
2022-08,지자체,공공분양,대전,0
2022-08,지자체,공공분양,울산,0
2022-08,지자체,공공분양,세종,0
2022-08,지자체,공공분양,강원,0
2022-08,지자체,공공분양,충북,0
2022-08,지자체,공공분양,충남,0
2022-08,지자체,공공분양,전북,0
2022-08,지자체,공공분양,전남,0
2022-08,지자체,공공분양,경북,0
2022-08,지자체,공공분양,경남,0
2022-08,지자체,공공분양,제주,0
2022-08,LH,소계,전국,4,423
2022-08,LH,소계,서울,0
2022-08,LH,소계,인천,0
2022-08,LH,소계,경기,4,193
2022-08,LH,소계,부산,0
2022-08,LH,소계,대구,0
2022-08,LH,소계,광주,0
2022-08,LH,소계,대전,0
2022-08,LH,소계,울산,0
2022-08,LH,소계,세종,0
2022-08,LH,소계,강원,0
2022-08,LH,소계,충북,0
2022-08,LH,소계,충남,0
2022-08,LH,소계,전북,0
2022-08,LH,소계,전남,230
2022-08,LH,소계,경북,0
2022-08,LH,소계,경남,0
2022-08,LH,소계,제주,0
2022-08,LH,국민임대,전국,1,664
2022-08,LH,국민임대,서울,0
2022-08,LH,국민임대,인천,0
2022-08,LH,국민임대,경기,1,504
2022-08,LH,국민임대,부산,0
2022-08,LH,국민임대,대구,0
2022-08,LH,국민임대,광주,0
2022-08,LH,국민임대,대전,0
2022-08,LH,국민임대,울산,0
2022-08,LH,국민임대,세종,0
2022-08,LH,국민임대,강원,0
2022-08,LH,국민임대,충북,0
2022-08,LH,국민임대,충남,0
2022-08,LH,국민임대,전북,0
2022-08,LH,국민임대,전남,160
2022-08,LH,국민임대,경북,0
2022-08,LH,국민임대,경남,0
2022-08,LH,국민임대,제주,0
2022-08,LH,공공임대,전국,2,172
2022-08,LH,공공임대,서울,0
2022-08,LH,공공임대,인천,0
2022-08,LH,공공임대,경기,2,102
2022-08,LH,공공임대,부산,0
2022-08,LH,공공임대,대구,0
2022-08,LH,공공임대,광주,0
2022-08,LH,공공임대,대전,0
2022-08,LH,공공임대,울산,0
2022-08,LH,공공임대,세종,0
2022-08,LH,공공임대,강원,0
2022-08,LH,공공임대,충북,0
2022-08,LH,공공임대,충남,0
2022-08,LH,공공임대,전북,0
2022-08,LH,공공임대,전남,70
2022-08,LH,공공임대,경북,0
2022-08,LH,공공임대,경남,0
2022-08,LH,공공임대,제주,0
2022-08,LH,공공분양,전국,587
2022-08,LH,공공분양,서울,0
2022-08,LH,공공분양,인천,0
2022-08,LH,공공분양,경기,587
2022-08,LH,공공분양,부산,0
2022-08,LH,공공분양,대구,0
2022-08,LH,공공분양,광주,0
2022-08,LH,공공분양,대전,0
2022-08,LH,공공분양,울산,0
2022-08,LH,공공분양,세종,0
2022-08,LH,공공분양,강원,0
2022-08,LH,공공분양,충북,0
2022-08,LH,공공분양,충남,0
2022-08,LH,공공분양,전북,0
2022-08,LH,공공분양,전남,0
2022-08,LH,공공분양,경북,0
2022-08,LH,공공분양,경남,0
2022-08,LH,공공분양,제주,0
2022-08,주택업체,소계,전국,2,398
2022-08,주택업체,소계,서울,16
2022-08,주택업체,소계,인천,0
2022-08,주택업체,소계,경기,1,697
2022-08,주택업체,소계,부산,638
2022-08,주택업체,소계,대구,0
2022-08,주택업체,소계,광주,47
2022-08,주택업체,소계,대전,0
2022-08,주택업체,소계,울산,0
2022-08,주택업체,소계,세종,0
2022-08,주택업체,소계,강원,0
2022-08,주택업체,소계,충북,0
2022-08,주택업체,소계,충남,0
2022-08,주택업체,소계,전북,0
2022-08,주택업체,소계,전남,0
2022-08,주택업체,소계,경북,0
2022-08,주택업체,소계,경남,0
2022-08,주택업체,소계,제주,0
2022-08,주택업체,국민임대,전국,0
2022-08,주택업체,국민임대,서울,0
2022-08,주택업체,국민임대,인천,0
2022-08,주택업체,국민임대,경기,0
2022-08,주택업체,국민임대,부산,0
2022-08,주택업체,국민임대,대구,0
2022-08,주택업체,국민임대,광주,0
2022-08,주택업체,국민임대,대전,0
2022-08,주택업체,국민임대,울산,0
2022-08,주택업체,국민임대,세종,0
2022-08,주택업체,국민임대,강원,0
2022-08,주택업체,국민임대,충북,0
2022-08,주택업체,국민임대,충남,0
2022-08,주택업체,국민임대,전북,0
2022-08,주택업체,국민임대,전남,0
2022-08,주택업체,국민임대,경북,0
2022-08,주택업체,국민임대,경남,0
2022-08,주택업체,국민임대,제주,0
2022-08,주택업체,공공임대,전국,2,398
2022-08,주택업체,공공임대,서울,16
2022-08,주택업체,공공임대,인천,0
2022-08,주택업체,공공임대,경기,1,697
2022-08,주택업체,공공임대,부산,638
2022-08,주택업체,공공임대,대구,0
2022-08,주택업체,공공임대,광주,47
2022-08,주택업체,공공임대,대전,0
2022-08,주택업체,공공임대,울산,0
2022-08,주택업체,공공임대,세종,0
2022-08,주택업체,공공임대,강원,0
2022-08,주택업체,공공임대,충북,0
2022-08,주택업체,공공임대,충남,0
2022-08,주택업체,공공임대,전북,0
2022-08,주택업체,공공임대,전남,0
2022-08,주택업체,공공임대,경북,0
2022-08,주택업체,공공임대,경남,0
2022-08,주택업체,공공임대,제주,0
2022-08,주택업체,공공분양,전국,0
2022-08,주택업체,공공분양,서울,0
2022-08,주택업체,공공분양,인천,0
2022-08,주택업체,공공분양,경기,0
2022-08,주택업체,공공분양,부산,0
2022-08,주택업체,공공분양,대구,0
2022-08,주택업체,공공분양,광주,0
2022-08,주택업체,공공분양,대전,0
2022-08,주택업체,공공분양,울산,0
2022-08,주택업체,공공분양,세종,0
2022-08,주택업체,공공분양,강원,0
2022-08,주택업체,공공분양,충북,0
2022-08,주택업체,공공분양,충남,0
2022-08,주택업체,공공분양,전북,0
2022-08,주택업체,공공분양,전남,0
2022-08,주택업체,공공분양,경북,0
2022-08,주택업체,공공분양,경남,0
2022-08,주택업체,공공분양,제주,0
2022-08,민간부문,소계,전국,30,830
2022-08,민간부문,소계,서울,7,643
2022-08,민간부문,소계,인천,6,226
2022-08,민간부문,소계,경기,6,323
2022-08,민간부문,소계,부산,1,213
2022-08,민간부문,소계,대구,1,633
2022-08,민간부문,소계,광주,708
2022-08,민간부문,소계,대전,878
2022-08,민간부문,소계,울산,236
2022-08,민간부문,소계,세종,21
2022-08,민간부문,소계,강원,390
2022-08,민간부문,소계,충북,832
2022-08,민간부문,소계,충남,1,958
2022-08,민간부문,소계,전북,197
2022-08,민간부문,소계,전남,1,415
2022-08,민간부문,소계,경북,421
2022-08,민간부문,소계,경남,401
2022-08,민간부문,소계,제주,335
2022-08,민간,민간임대,전국,6,198
2022-08,민간,민간임대,서울,3,348
2022-08,민간,민간임대,인천,1,856
2022-08,민간,민간임대,경기,0
2022-08,민간,민간임대,부산,0
2022-08,민간,민간임대,대구,0
2022-08,민간,민간임대,광주,193
2022-08,민간,민간임대,대전,0
2022-08,민간,민간임대,울산,0
2022-08,민간,민간임대,세종,0
2022-08,민간,민간임대,강원,0
2022-08,민간,민간임대,충북,0
2022-08,민간,민간임대,충남,681
2022-08,민간,민간임대,전북,0
2022-08,민간,민간임대,전남,0
2022-08,민간,민간임대,경북,0
2022-08,민간,민간임대,경남,120
2022-08,민간,민간임대,제주,0
2022-08,민간,민간분양,전국,24,632
2022-08,민간,민간분양,서울,4,295
2022-08,민간,민간분양,인천,4,370
2022-08,민간,민간분양,경기,6,323
2022-08,민간,민간분양,부산,1,213
2022-08,민간,민간분양,대구,1,633
2022-08,민간,민간분양,광주,515
2022-08,민간,민간분양,대전,878
2022-08,민간,민간분양,울산,236
2022-08,민간,민간분양,세종,21
2022-08,민간,민간분양,강원,390
2022-08,민간,민간분양,충북,832
2022-08,민간,민간분양,충남,1,277
2022-08,민간,민간분양,전북,197
2022-08,민간,민간분양,전남,1,415
2022-08,민간,민간분양,경북,421
2022-08,민간,민간분양,경남,281
2022-08,민간,민간분양,제주,335
2022-09,총계,총계,전국,39,287
2022-09,총계,총계,서울,2,110
2022-09,총계,총계,인천,2,311
2022-09,총계,총계,경기,15,076
2022-09,총계,총계,부산,6,787
2022-09,총계,총계,대구,2,509
2022-09,총계,총계,광주,572
2022-09,총계,총계,대전,326
2022-09,총계,총계,울산,59
2022-09,총계,총계,세종,220
2022-09,총계,총계,강원,305
2022-09,총계,총계,충북,302
2022-09,총계,총계,충남,3,636
2022-09,총계,총계,전북,1,513
2022-09,총계,총계,전남,1,560
2022-09,총계,총계,경북,320
2022-09,총계,총계,경남,1,380
2022-09,총계,총계,제주,301
2022-09,공공부문,소계,전국,8,223
2022-09,공공부문,소계,서울,0
2022-09,공공부문,소계,인천,499
2022-09,공공부문,소계,경기,3,787
2022-09,공공부문,소계,부산,283
2022-09,공공부문,소계,대구,0
2022-09,공공부문,소계,광주,0
2022-09,공공부문,소계,대전,80
2022-09,공공부문,소계,울산,0
2022-09,공공부문,소계,세종,0
2022-09,공공부문,소계,강원,0
2022-09,공공부문,소계,충북,30
2022-09,공공부문,소계,충남,2,504
2022-09,공공부문,소계,전북,830
2022-09,공공부문,소계,전남,0
2022-09,공공부문,소계,경북,0
2022-09,공공부문,소계,경남,130
2022-09,공공부문,소계,제주,80
2022-09,합,국민임대,전국,1,437
2022-09,합,국민임대,서울,0
2022-09,합,국민임대,인천,0
2022-09,합,국민임대,경기,140
2022-09,합,국민임대,부산,115
2022-09,합,국민임대,대구,0
2022-09,합,국민임대,광주,0
2022-09,합,국민임대,대전,0
2022-09,합,국민임대,울산,0
2022-09,합,국민임대,세종,0
2022-09,합,국민임대,강원,0
2022-09,합,국민임대,충북,0
2022-09,합,국민임대,충남,1,082
2022-09,합,국민임대,전북,0
2022-09,합,국민임대,전남,0
2022-09,합,국민임대,경북,0
2022-09,합,국민임대,경남,100
2022-09,합,국민임대,제주,0
2022-09,합,공공임대,전국,2,413
2022-09,합,공공임대,서울,0
2022-09,합,공공임대,인천,0
2022-09,합,공공임대,경기,561
2022-09,합,공공임대,부산,168
2022-09,합,공공임대,대구,0
2022-09,합,공공임대,광주,0
2022-09,합,공공임대,대전,80
2022-09,합,공공임대,울산,0
2022-09,합,공공임대,세종,0
2022-09,합,공공임대,강원,0
2022-09,합,공공임대,충북,30
2022-09,합,공공임대,충남,714
2022-09,합,공공임대,전북,830
2022-09,합,공공임대,전남,0
2022-09,합,공공임대,경북,0
2022-09,합,공공임대,경남,30
2022-09,합,공공임대,제주,0
2022-09,합,공공분양,전국,4,373
2022-09,합,공공분양,서울,0
2022-09,합,공공분양,인천,499
2022-09,합,공공분양,경기,3,086
2022-09,합,공공분양,부산,0
2022-09,합,공공분양,대구,0
2022-09,합,공공분양,광주,0
2022-09,합,공공분양,대전,0
2022-09,합,공공분양,울산,0
2022-09,합,공공분양,세종,0
2022-09,합,공공분양,강원,0
2022-09,합,공공분양,충북,0
2022-09,합,공공분양,충남,708
2022-09,합,공공분양,전북,0
2022-09,합,공공분양,전남,0
2022-09,합,공공분양,경북,0
2022-09,합,공공분양,경남,0
2022-09,합,공공분양,제주,80
2022-09,지자체,소계,전국,499
2022-09,지자체,소계,서울,0
2022-09,지자체,소계,인천,499
2022-09,지자체,소계,경기,0
2022-09,지자체,소계,부산,0
2022-09,지자체,소계,대구,0
2022-09,지자체,소계,광주,0
2022-09,지자체,소계,대전,0
2022-09,지자체,소계,울산,0
2022-09,지자체,소계,세종,0
2022-09,지자체,소계,강원,0
2022-09,지자체,소계,충북,0
2022-09,지자체,소계,충남,0
2022-09,지자체,소계,전북,0
2022-09,지자체,소계,전남,0
2022-09,지자체,소계,경북,0
2022-09,지자체,소계,경남,0
2022-09,지자체,소계,제주,0
2022-09,지자체,국민임대,전국,0
2022-09,지자체,국민임대,서울,0
2022-09,지자체,국민임대,인천,0
2022-09,지자체,국민임대,경기,0
2022-09,지자체,국민임대,부산,0
2022-09,지자체,국민임대,대구,0
2022-09,지자체,국민임대,광주,0
2022-09,지자체,국민임대,대전,0
2022-09,지자체,국민임대,울산,0
2022-09,지자체,국민임대,세종,0
2022-09,지자체,국민임대,강원,0
2022-09,지자체,국민임대,충북,0
2022-09,지자체,국민임대,충남,0
2022-09,지자체,국민임대,전북,0
2022-09,지자체,국민임대,전남,0
2022-09,지자체,국민임대,경북,0
2022-09,지자체,국민임대,경남,0
2022-09,지자체,국민임대,제주,0
2022-09,지자체,공공임대,전국,0
2022-09,지자체,공공임대,서울,0
2022-09,지자체,공공임대,인천,0
2022-09,지자체,공공임대,경기,0
2022-09,지자체,공공임대,부산,0
2022-09,지자체,공공임대,대구,0
2022-09,지자체,공공임대,광주,0
2022-09,지자체,공공임대,대전,0
2022-09,지자체,공공임대,울산,0
2022-09,지자체,공공임대,세종,0
2022-09,지자체,공공임대,강원,0
2022-09,지자체,공공임대,충북,0
2022-09,지자체,공공임대,충남,0
2022-09,지자체,공공임대,전북,0
2022-09,지자체,공공임대,전남,0
2022-09,지자체,공공임대,경북,0
2022-09,지자체,공공임대,경남,0
2022-09,지자체,공공임대,제주,0
2022-09,지자체,공공분양,전국,499
2022-09,지자체,공공분양,서울,0
2022-09,지자체,공공분양,인천,499
2022-09,지자체,공공분양,경기,0
2022-09,지자체,공공분양,부산,0
2022-09,지자체,공공분양,대구,0
2022-09,지자체,공공분양,광주,0
2022-09,지자체,공공분양,대전,0
2022-09,지자체,공공분양,울산,0
2022-09,지자체,공공분양,세종,0
2022-09,지자체,공공분양,강원,0
2022-09,지자체,공공분양,충북,0
2022-09,지자체,공공분양,충남,0
2022-09,지자체,공공분양,전북,0
2022-09,지자체,공공분양,전남,0
2022-09,지자체,공공분양,경북,0
2022-09,지자체,공공분양,경남,0
2022-09,지자체,공공분양,제주,0
2022-09,LH,소계,전국,6,531
2022-09,LH,소계,서울,0
2022-09,LH,소계,인천,0
2022-09,LH,소계,경기,3,787
2022-09,LH,소계,부산,0
2022-09,LH,소계,대구,0
2022-09,LH,소계,광주,0
2022-09,LH,소계,대전,80
2022-09,LH,소계,울산,0
2022-09,LH,소계,세종,0
2022-09,LH,소계,강원,0
2022-09,LH,소계,충북,30
2022-09,LH,소계,충남,2,504
2022-09,LH,소계,전북,0
2022-09,LH,소계,전남,0
2022-09,LH,소계,경북,0
2022-09,LH,소계,경남,130
2022-09,LH,소계,제주,0
2022-09,LH,국민임대,전국,1,322
2022-09,LH,국민임대,서울,0
2022-09,LH,국민임대,인천,0
2022-09,LH,국민임대,경기,140
2022-09,LH,국민임대,부산,0
2022-09,LH,국민임대,대구,0
2022-09,LH,국민임대,광주,0
2022-09,LH,국민임대,대전,0
2022-09,LH,국민임대,울산,0
2022-09,LH,국민임대,세종,0
2022-09,LH,국민임대,강원,0
2022-09,LH,국민임대,충북,0
2022-09,LH,국민임대,충남,1,082
2022-09,LH,국민임대,전북,0
2022-09,LH,국민임대,전남,0
2022-09,LH,국민임대,경북,0
2022-09,LH,국민임대,경남,100
2022-09,LH,국민임대,제주,0
2022-09,LH,공공임대,전국,1,415
2022-09,LH,공공임대,서울,0
2022-09,LH,공공임대,인천,0
2022-09,LH,공공임대,경기,561
2022-09,LH,공공임대,부산,0
2022-09,LH,공공임대,대구,0
2022-09,LH,공공임대,광주,0
2022-09,LH,공공임대,대전,80
2022-09,LH,공공임대,울산,0
2022-09,LH,공공임대,세종,0
2022-09,LH,공공임대,강원,0
2022-09,LH,공공임대,충북,30
2022-09,LH,공공임대,충남,714
2022-09,LH,공공임대,전북,0
2022-09,LH,공공임대,전남,0
2022-09,LH,공공임대,경북,0
2022-09,LH,공공임대,경남,30
2022-09,LH,공공임대,제주,0
2022-09,LH,공공분양,전국,3,794
2022-09,LH,공공분양,서울,0
2022-09,LH,공공분양,인천,0
2022-09,LH,공공분양,경기,3,086
2022-09,LH,공공분양,부산,0
2022-09,LH,공공분양,대구,0
2022-09,LH,공공분양,광주,0
2022-09,LH,공공분양,대전,0
2022-09,LH,공공분양,울산,0
2022-09,LH,공공분양,세종,0
2022-09,LH,공공분양,강원,0
2022-09,LH,공공분양,충북,0
2022-09,LH,공공분양,충남,708
2022-09,LH,공공분양,전북,0
2022-09,LH,공공분양,전남,0
2022-09,LH,공공분양,경북,0
2022-09,LH,공공분양,경남,0
2022-09,LH,공공분양,제주,0
2022-09,주택업체,소계,전국,1,193
2022-09,주택업체,소계,서울,0
2022-09,주택업체,소계,인천,0
2022-09,주택업체,소계,경기,0
2022-09,주택업체,소계,부산,283
2022-09,주택업체,소계,대구,0
2022-09,주택업체,소계,광주,0
2022-09,주택업체,소계,대전,0
2022-09,주택업체,소계,울산,0
2022-09,주택업체,소계,세종,0
2022-09,주택업체,소계,강원,0
2022-09,주택업체,소계,충북,0
2022-09,주택업체,소계,충남,0
2022-09,주택업체,소계,전북,830
2022-09,주택업체,소계,전남,0
2022-09,주택업체,소계,경북,0
2022-09,주택업체,소계,경남,0
2022-09,주택업체,소계,제주,80
2022-09,주택업체,국민임대,전국,115
2022-09,주택업체,국민임대,서울,0
2022-09,주택업체,국민임대,인천,0
2022-09,주택업체,국민임대,경기,0
2022-09,주택업체,국민임대,부산,115
2022-09,주택업체,국민임대,대구,0
2022-09,주택업체,국민임대,광주,0
2022-09,주택업체,국민임대,대전,0
2022-09,주택업체,국민임대,울산,0
2022-09,주택업체,국민임대,세종,0
2022-09,주택업체,국민임대,강원,0
2022-09,주택업체,국민임대,충북,0
2022-09,주택업체,국민임대,충남,0
2022-09,주택업체,국민임대,전북,0
2022-09,주택업체,국민임대,전남,0
2022-09,주택업체,국민임대,경북,0
2022-09,주택업체,국민임대,경남,0
2022-09,주택업체,국민임대,제주,0
2022-09,주택업체,공공임대,전국,998
2022-09,주택업체,공공임대,서울,0
2022-09,주택업체,공공임대,인천,0
2022-09,주택업체,공공임대,경기,0
2022-09,주택업체,공공임대,부산,168
2022-09,주택업체,공공임대,대구,0
2022-09,주택업체,공공임대,광주,0
2022-09,주택업체,공공임대,대전,0
2022-09,주택업체,공공임대,울산,0
2022-09,주택업체,공공임대,세종,0
2022-09,주택업체,공공임대,강원,0
2022-09,주택업체,공공임대,충북,0
2022-09,주택업체,공공임대,충남,0
2022-09,주택업체,공공임대,전북,830
2022-09,주택업체,공공임대,전남,0
2022-09,주택업체,공공임대,경북,0
2022-09,주택업체,공공임대,경남,0
2022-09,주택업체,공공임대,제주,0
2022-09,주택업체,공공분양,전국,80
2022-09,주택업체,공공분양,서울,0
2022-09,주택업체,공공분양,인천,0
2022-09,주택업체,공공분양,경기,0
2022-09,주택업체,공공분양,부산,0
2022-09,주택업체,공공분양,대구,0
2022-09,주택업체,공공분양,광주,0
2022-09,주택업체,공공분양,대전,0
2022-09,주택업체,공공분양,울산,0
2022-09,주택업체,공공분양,세종,0
2022-09,주택업체,공공분양,강원,0
2022-09,주택업체,공공분양,충북,0
2022-09,주택업체,공공분양,충남,0
2022-09,주택업체,공공분양,전북,0
2022-09,주택업체,공공분양,전남,0
2022-09,주택업체,공공분양,경북,0
2022-09,주택업체,공공분양,경남,0
2022-09,주택업체,공공분양,제주,80
2022-09,민간부문,소계,전국,31,064
2022-09,민간부문,소계,서울,2,110
2022-09,민간부문,소계,인천,1,812
2022-09,민간부문,소계,경기,11,289
2022-09,민간부문,소계,부산,6,504
2022-09,민간부문,소계,대구,2,509
2022-09,민간부문,소계,광주,572
2022-09,민간부문,소계,대전,246
2022-09,민간부문,소계,울산,59
2022-09,민간부문,소계,세종,220
2022-09,민간부문,소계,강원,305
2022-09,민간부문,소계,충북,272
2022-09,민간부문,소계,충남,1,132
2022-09,민간부문,소계,전북,683
2022-09,민간부문,소계,전남,1,560
2022-09,민간부문,소계,경북,320
2022-09,민간부문,소계,경남,1,250
2022-09,민간부문,소계,제주,221
2022-09,민간,민간임대,전국,1,222
2022-09,민간,민간임대,서울,82
2022-09,민간,민간임대,인천,0
2022-09,민간,민간임대,경기,150
2022-09,민간,민간임대,부산,420
2022-09,민간,민간임대,대구,0
2022-09,민간,민간임대,광주,0
2022-09,민간,민간임대,대전,0
2022-09,민간,민간임대,울산,0
2022-09,민간,민간임대,세종,78
2022-09,민간,민간임대,강원,0
2022-09,민간,민간임대,충북,0
2022-09,민간,민간임대,충남,0
2022-09,민간,민간임대,전북,294
2022-09,민간,민간임대,전남,198
2022-09,민간,민간임대,경북,0
2022-09,민간,민간임대,경남,0
2022-09,민간,민간임대,제주,0
2022-09,민간,민간분양,전국,29,842
2022-09,민간,민간분양,서울,2,028
2022-09,민간,민간분양,인천,1,812
2022-09,민간,민간분양,경기,11,139
2022-09,민간,민간분양,부산,6,084
2022-09,민간,민간분양,대구,2,509
2022-09,민간,민간분양,광주,572
2022-09,민간,민간분양,대전,246
2022-09,민간,민간분양,울산,59
2022-09,민간,민간분양,세종,142
2022-09,민간,민간분양,강원,305
2022-09,민간,민간분양,충북,272
2022-09,민간,민간분양,충남,1,132
2022-09,민간,민간분양,전북,389
2022-09,민간,민간분양,전남,1,362
2022-09,민간,민간분양,경북,320
2022-09,민간,민간분양,경남,1,250
2022-09,민간,민간분양,제주,221
2022-10,총계,총계,전국,34,980
2022-10,총계,총계,서울,4,563
2022-10,총계,총계,인천,1,947
2022-10,총계,총계,경기,12,026
2022-10,총계,총계,부산,1,818
2022-10,총계,총계,대구,543
2022-10,총계,총계,광주,4,124
2022-10,총계,총계,대전,868
2022-10,총계,총계,울산,713
2022-10,총계,총계,세종,21
2022-10,총계,총계,강원,426
2022-10,총계,총계,충북,1,006
2022-10,총계,총계,충남,1,742
2022-10,총계,총계,전북,180
2022-10,총계,총계,전남,2,787
2022-10,총계,총계,경북,816
2022-10,총계,총계,경남,1,247
2022-10,총계,총계,제주,153
2022-10,공공부문,소계,전국,11,293
2022-10,공공부문,소계,서울,1,853
2022-10,공공부문,소계,인천,50
2022-10,공공부문,소계,경기,5,474
2022-10,공공부문,소계,부산,150
2022-10,공공부문,소계,대구,0
2022-10,공공부문,소계,광주,0
2022-10,공공부문,소계,대전,0
2022-10,공공부문,소계,울산,437
2022-10,공공부문,소계,세종,0
2022-10,공공부문,소계,강원,80
2022-10,공공부문,소계,충북,709
2022-10,공공부문,소계,충남,805
2022-10,공공부문,소계,전북,0
2022-10,공공부문,소계,전남,290
2022-10,공공부문,소계,경북,460
2022-10,공공부문,소계,경남,985
2022-10,공공부문,소계,제주,0
2022-10,합,국민임대,전국,1,778
2022-10,합,국민임대,서울,0
2022-10,합,국민임대,인천,40
2022-10,합,국민임대,경기,70
2022-10,합,국민임대,부산,0
2022-10,합,국민임대,대구,0
2022-10,합,국민임대,광주,0
2022-10,합,국민임대,대전,0
2022-10,합,국민임대,울산,437
2022-10,합,국민임대,세종,0
2022-10,합,국민임대,강원,60
2022-10,합,국민임대,충북,540
2022-10,합,국민임대,충남,0
2022-10,합,국민임대,전북,0
2022-10,합,국민임대,전남,110
2022-10,합,국민임대,경북,0
2022-10,합,국민임대,경남,521
2022-10,합,국민임대,제주,0
2022-10,합,공공임대,전국,4,963
2022-10,합,공공임대,서울,1,853
2022-10,합,공공임대,인천,10
2022-10,합,공공임대,경기,992
2022-10,합,공공임대,부산,150
2022-10,합,공공임대,대구,0
2022-10,합,공공임대,광주,0
2022-10,합,공공임대,대전,0
2022-10,합,공공임대,울산,0
2022-10,합,공공임대,세종,0
2022-10,합,공공임대,강원,20
2022-10,합,공공임대,충북,169
2022-10,합,공공임대,충남,805
2022-10,합,공공임대,전북,0
2022-10,합,공공임대,전남,40
2022-10,합,공공임대,경북,460
2022-10,합,공공임대,경남,464
2022-10,합,공공임대,제주,0
2022-10,합,공공분양,전국,4,552
2022-10,합,공공분양,서울,0
2022-10,합,공공분양,인천,0
2022-10,합,공공분양,경기,4,412
2022-10,합,공공분양,부산,0
2022-10,합,공공분양,대구,0
2022-10,합,공공분양,광주,0
2022-10,합,공공분양,대전,0
2022-10,합,공공분양,울산,0
2022-10,합,공공분양,세종,0
2022-10,합,공공분양,강원,0
2022-10,합,공공분양,충북,0
2022-10,합,공공분양,충남,0
2022-10,합,공공분양,전북,0
2022-10,합,공공분양,전남,140
2022-10,합,공공분양,경북,0
2022-10,합,공공분양,경남,0
2022-10,합,공공분양,제주,0
2022-10,지자체,소계,전국,437
2022-10,지자체,소계,서울,0
2022-10,지자체,소계,인천,0
2022-10,지자체,소계,경기,0
2022-10,지자체,소계,부산,0
2022-10,지자체,소계,대구,0
2022-10,지자체,소계,광주,0
2022-10,지자체,소계,대전,0
2022-10,지자체,소계,울산,437
2022-10,지자체,소계,세종,0
2022-10,지자체,소계,강원,0
2022-10,지자체,소계,충북,0
2022-10,지자체,소계,충남,0
2022-10,지자체,소계,전북,0
2022-10,지자체,소계,전남,0
2022-10,지자체,소계,경북,0
2022-10,지자체,소계,경남,0
2022-10,지자체,소계,제주,0
2022-10,지자체,국민임대,전국,437
2022-10,지자체,국민임대,서울,0
2022-10,지자체,국민임대,인천,0
2022-10,지자체,국민임대,경기,0
2022-10,지자체,국민임대,부산,0
2022-10,지자체,국민임대,대구,0
2022-10,지자체,국민임대,광주,0
2022-10,지자체,국민임대,대전,0
2022-10,지자체,국민임대,울산,437
2022-10,지자체,국민임대,세종,0
2022-10,지자체,국민임대,강원,0
2022-10,지자체,국민임대,충북,0
2022-10,지자체,국민임대,충남,0
2022-10,지자체,국민임대,전북,0
2022-10,지자체,국민임대,전남,0
2022-10,지자체,국민임대,경북,0
2022-10,지자체,국민임대,경남,0
2022-10,지자체,국민임대,제주,0
2022-10,지자체,공공임대,전국,0
2022-10,지자체,공공임대,서울,0
2022-10,지자체,공공임대,인천,0
2022-10,지자체,공공임대,경기,0
2022-10,지자체,공공임대,부산,0
2022-10,지자체,공공임대,대구,0
2022-10,지자체,공공임대,광주,0
2022-10,지자체,공공임대,대전,0
2022-10,지자체,공공임대,울산,0
2022-10,지자체,공공임대,세종,0
2022-10,지자체,공공임대,강원,0
2022-10,지자체,공공임대,충북,0
2022-10,지자체,공공임대,충남,0
2022-10,지자체,공공임대,전북,0
2022-10,지자체,공공임대,전남,0
2022-10,지자체,공공임대,경북,0
2022-10,지자체,공공임대,경남,0
2022-10,지자체,공공임대,제주,0
2022-10,지자체,공공분양,전국,0
2022-10,지자체,공공분양,서울,0
2022-10,지자체,공공분양,인천,0
2022-10,지자체,공공분양,경기,0
2022-10,지자체,공공분양,부산,0
2022-10,지자체,공공분양,대구,0
2022-10,지자체,공공분양,광주,0
2022-10,지자체,공공분양,대전,0
2022-10,지자체,공공분양,울산,0
2022-10,지자체,공공분양,세종,0
2022-10,지자체,공공분양,강원,0
2022-10,지자체,공공분양,충북,0
2022-10,지자체,공공분양,충남,0
2022-10,지자체,공공분양,전북,0
2022-10,지자체,공공분양,전남,0
2022-10,지자체,공공분양,경북,0
2022-10,지자체,공공분양,경남,0
2022-10,지자체,공공분양,제주,0
2022-10,LH,소계,전국,8,788
2022-10,LH,소계,서울,0
2022-10,LH,소계,인천,50
2022-10,LH,소계,경기,5,474
2022-10,LH,소계,부산,150
2022-10,LH,소계,대구,0
2022-10,LH,소계,광주,0
2022-10,LH,소계,대전,0
2022-10,LH,소계,울산,0
2022-10,LH,소계,세종,0
2022-10,LH,소계,강원,80
2022-10,LH,소계,충북,709
2022-10,LH,소계,충남,730
2022-10,LH,소계,전북,0
2022-10,LH,소계,전남,150
2022-10,LH,소계,경북,460
2022-10,LH,소계,경남,985
2022-10,LH,소계,제주,0
2022-10,LH,국민임대,전국,1,341
2022-10,LH,국민임대,서울,0
2022-10,LH,국민임대,인천,40
2022-10,LH,국민임대,경기,70
2022-10,LH,국민임대,부산,0
2022-10,LH,국민임대,대구,0
2022-10,LH,국민임대,광주,0
2022-10,LH,국민임대,대전,0
2022-10,LH,국민임대,울산,0
2022-10,LH,국민임대,세종,0
2022-10,LH,국민임대,강원,60
2022-10,LH,국민임대,충북,540
2022-10,LH,국민임대,충남,0
2022-10,LH,국민임대,전북,0
2022-10,LH,국민임대,전남,110
2022-10,LH,국민임대,경북,0
2022-10,LH,국민임대,경남,521
2022-10,LH,국민임대,제주,0
2022-10,LH,공공임대,전국,3,035
2022-10,LH,공공임대,서울,0
2022-10,LH,공공임대,인천,10
2022-10,LH,공공임대,경기,992
2022-10,LH,공공임대,부산,150
2022-10,LH,공공임대,대구,0
2022-10,LH,공공임대,광주,0
2022-10,LH,공공임대,대전,0
2022-10,LH,공공임대,울산,0
2022-10,LH,공공임대,세종,0
2022-10,LH,공공임대,강원,20
2022-10,LH,공공임대,충북,169
2022-10,LH,공공임대,충남,730
2022-10,LH,공공임대,전북,0
2022-10,LH,공공임대,전남,40
2022-10,LH,공공임대,경북,460
2022-10,LH,공공임대,경남,464
2022-10,LH,공공임대,제주,0
2022-10,LH,공공분양,전국,4,412
2022-10,LH,공공분양,서울,0
2022-10,LH,공공분양,인천,0
2022-10,LH,공공분양,경기,4,412
2022-10,LH,공공분양,부산,0
2022-10,LH,공공분양,대구,0
2022-10,LH,공공분양,광주,0
2022-10,LH,공공분양,대전,0
2022-10,LH,공공분양,울산,0
2022-10,LH,공공분양,세종,0
2022-10,LH,공공분양,강원,0
2022-10,LH,공공분양,충북,0
2022-10,LH,공공분양,충남,0
2022-10,LH,공공분양,전북,0
2022-10,LH,공공분양,전남,0
2022-10,LH,공공분양,경북,0
2022-10,LH,공공분양,경남,0
2022-10,LH,공공분양,제주,0
2022-10,주택업체,소계,전국,2,068
2022-10,주택업체,소계,서울,1,853
2022-10,주택업체,소계,인천,0
2022-10,주택업체,소계,경기,0
2022-10,주택업체,소계,부산,0
2022-10,주택업체,소계,대구,0
2022-10,주택업체,소계,광주,0
2022-10,주택업체,소계,대전,0
2022-10,주택업체,소계,울산,0
2022-10,주택업체,소계,세종,0
2022-10,주택업체,소계,강원,0
2022-10,주택업체,소계,충북,0
2022-10,주택업체,소계,충남,75
2022-10,주택업체,소계,전북,0
2022-10,주택업체,소계,전남,140
2022-10,주택업체,소계,경북,0
2022-10,주택업체,소계,경남,0
2022-10,주택업체,소계,제주,0
2022-10,주택업체,국민임대,전국,0
2022-10,주택업체,국민임대,서울,0
2022-10,주택업체,국민임대,인천,0
2022-10,주택업체,국민임대,경기,0
2022-10,주택업체,국민임대,부산,0
2022-10,주택업체,국민임대,대구,0
2022-10,주택업체,국민임대,광주,0
2022-10,주택업체,국민임대,대전,0
2022-10,주택업체,국민임대,울산,0
2022-10,주택업체,국민임대,세종,0
2022-10,주택업체,국민임대,강원,0
2022-10,주택업체,국민임대,충북,0
2022-10,주택업체,국민임대,충남,0
2022-10,주택업체,국민임대,전북,0
2022-10,주택업체,국민임대,전남,0
2022-10,주택업체,국민임대,경북,0
2022-10,주택업체,국민임대,경남,0
2022-10,주택업체,국민임대,제주,0
2022-10,주택업체,공공임대,전국,1,928
2022-10,주택업체,공공임대,서울,1,853
2022-10,주택업체,공공임대,인천,0
2022-10,주택업체,공공임대,경기,0
2022-10,주택업체,공공임대,부산,0
2022-10,주택업체,공공임대,대구,0
2022-10,주택업체,공공임대,광주,0
2022-10,주택업체,공공임대,대전,0
2022-10,주택업체,공공임대,울산,0
2022-10,주택업체,공공임대,세종,0
2022-10,주택업체,공공임대,강원,0
2022-10,주택업체,공공임대,충북,0
2022-10,주택업체,공공임대,충남,75
2022-10,주택업체,공공임대,전북,0
2022-10,주택업체,공공임대,전남,0
2022-10,주택업체,공공임대,경북,0
2022-10,주택업체,공공임대,경남,0
2022-10,주택업체,공공임대,제주,0
2022-10,주택업체,공공분양,전국,140
2022-10,주택업체,공공분양,서울,0
2022-10,주택업체,공공분양,인천,0
2022-10,주택업체,공공분양,경기,0
2022-10,주택업체,공공분양,부산,0
2022-10,주택업체,공공분양,대구,0
2022-10,주택업체,공공분양,광주,0
2022-10,주택업체,공공분양,대전,0
2022-10,주택업체,공공분양,울산,0
2022-10,주택업체,공공분양,세종,0
2022-10,주택업체,공공분양,강원,0
2022-10,주택업체,공공분양,충북,0
2022-10,주택업체,공공분양,충남,0
2022-10,주택업체,공공분양,전북,0
2022-10,주택업체,공공분양,전남,140
2022-10,주택업체,공공분양,경북,0
2022-10,주택업체,공공분양,경남,0
2022-10,주택업체,공공분양,제주,0
2022-10,민간부문,소계,전국,23,687
2022-10,민간부문,소계,서울,2,710
2022-10,민간부문,소계,인천,1,897
2022-10,민간부문,소계,경기,6,552
2022-10,민간부문,소계,부산,1,668
2022-10,민간부문,소계,대구,543
2022-10,민간부문,소계,광주,4,124
2022-10,민간부문,소계,대전,868
2022-10,민간부문,소계,울산,276
2022-10,민간부문,소계,세종,21
2022-10,민간부문,소계,강원,346
2022-10,민간부문,소계,충북,297
2022-10,민간부문,소계,충남,937
2022-10,민간부문,소계,전북,180
2022-10,민간부문,소계,전남,2,497
2022-10,민간부문,소계,경북,356
2022-10,민간부문,소계,경남,262
2022-10,민간부문,소계,제주,153
2022-10,민간,민간임대,전국,551
2022-10,민간,민간임대,서울,0
2022-10,민간,민간임대,인천,0
2022-10,민간,민간임대,경기,0
2022-10,민간,민간임대,부산,0
2022-10,민간,민간임대,대구,0
2022-10,민간,민간임대,광주,0
2022-10,민간,민간임대,대전,0
2022-10,민간,민간임대,울산,0
2022-10,민간,민간임대,세종,0
2022-10,민간,민간임대,강원,0
2022-10,민간,민간임대,충북,0
2022-10,민간,민간임대,충남,551
2022-10,민간,민간임대,전북,0
2022-10,민간,민간임대,전남,0
2022-10,민간,민간임대,경북,0
2022-10,민간,민간임대,경남,0
2022-10,민간,민간임대,제주,0
2022-10,민간,민간분양,전국,23,136
2022-10,민간,민간분양,서울,2,710
2022-10,민간,민간분양,인천,1,897
2022-10,민간,민간분양,경기,6,552
2022-10,민간,민간분양,부산,1,668
2022-10,민간,민간분양,대구,543
2022-10,민간,민간분양,광주,4,124
2022-10,민간,민간분양,대전,868
2022-10,민간,민간분양,울산,276
2022-10,민간,민간분양,세종,21
2022-10,민간,민간분양,강원,346
2022-10,민간,민간분양,충북,297
2022-10,민간,민간분양,충남,386
2022-10,민간,민간분양,전북,180
2022-10,민간,민간분양,전남,2,497
2022-10,민간,민간분양,경북,356
2022-10,민간,민간분양,경남,262
2022-10,민간,민간분양,제주,153
2022-11,총계,총계,전국,28,305
2022-11,총계,총계,서울,3,985
2022-11,총계,총계,인천,2,977
2022-11,총계,총계,경기,9,065
2022-11,총계,총계,부산,1,898
2022-11,총계,총계,대구,1,233
2022-11,총계,총계,광주,113
2022-11,총계,총계,대전,1,850
2022-11,총계,총계,울산,46
2022-11,총계,총계,세종,513
2022-11,총계,총계,강원,504
2022-11,총계,총계,충북,471
2022-11,총계,총계,충남,1,457
2022-11,총계,총계,전북,916
2022-11,총계,총계,전남,626
2022-11,총계,총계,경북,1,183
2022-11,총계,총계,경남,1,107
2022-11,총계,총계,제주,361
2022-11,공공부문,소계,전국,2,815
2022-11,공공부문,소계,서울,316
2022-11,공공부문,소계,인천,0
2022-11,공공부문,소계,경기,1,588
2022-11,공공부문,소계,부산,0
2022-11,공공부문,소계,대구,0
2022-11,공공부문,소계,광주,0
2022-11,공공부문,소계,대전,0
2022-11,공공부문,소계,울산,0
2022-11,공공부문,소계,세종,465
2022-11,공공부문,소계,강원,128
2022-11,공공부문,소계,충북,0
2022-11,공공부문,소계,충남,228
2022-11,공공부문,소계,전북,0
2022-11,공공부문,소계,전남,0
2022-11,공공부문,소계,경북,0
2022-11,공공부문,소계,경남,90
2022-11,공공부문,소계,제주,0
2022-11,합,국민임대,전국,70
2022-11,합,국민임대,서울,0
2022-11,합,국민임대,인천,0
2022-11,합,국민임대,경기,0
2022-11,합,국민임대,부산,0
2022-11,합,국민임대,대구,0
2022-11,합,국민임대,광주,0
2022-11,합,국민임대,대전,0
2022-11,합,국민임대,울산,0
2022-11,합,국민임대,세종,0
2022-11,합,국민임대,강원,0
2022-11,합,국민임대,충북,0
2022-11,합,국민임대,충남,0
2022-11,합,국민임대,전북,0
2022-11,합,국민임대,전남,0
2022-11,합,국민임대,경북,0
2022-11,합,국민임대,경남,70
2022-11,합,국민임대,제주,0
2022-11,합,공공임대,전국,2,139
2022-11,합,공공임대,서울,316
2022-11,합,공공임대,인천,0
2022-11,합,공공임대,경기,982
2022-11,합,공공임대,부산,0
2022-11,합,공공임대,대구,0
2022-11,합,공공임대,광주,0
2022-11,합,공공임대,대전,0
2022-11,합,공공임대,울산,0
2022-11,합,공공임대,세종,465
2022-11,합,공공임대,강원,128
2022-11,합,공공임대,충북,0
2022-11,합,공공임대,충남,228
2022-11,합,공공임대,전북,0
2022-11,합,공공임대,전남,0
2022-11,합,공공임대,경북,0
2022-11,합,공공임대,경남,20
2022-11,합,공공임대,제주,0
2022-11,합,공공분양,전국,606
2022-11,합,공공분양,서울,0
2022-11,합,공공분양,인천,0
2022-11,합,공공분양,경기,606
2022-11,합,공공분양,부산,0
2022-11,합,공공분양,대구,0
2022-11,합,공공분양,광주,0
2022-11,합,공공분양,대전,0
2022-11,합,공공분양,울산,0
2022-11,합,공공분양,세종,0
2022-11,합,공공분양,강원,0
2022-11,합,공공분양,충북,0
2022-11,합,공공분양,충남,0
2022-11,합,공공분양,전북,0
2022-11,합,공공분양,전남,0
2022-11,합,공공분양,경북,0
2022-11,합,공공분양,경남,0
2022-11,합,공공분양,제주,0
2022-11,지자체,소계,전국,0
2022-11,지자체,소계,서울,0
2022-11,지자체,소계,인천,0
2022-11,지자체,소계,경기,0
2022-11,지자체,소계,부산,0
2022-11,지자체,소계,대구,0
2022-11,지자체,소계,광주,0
2022-11,지자체,소계,대전,0
2022-11,지자체,소계,울산,0
2022-11,지자체,소계,세종,0
2022-11,지자체,소계,강원,0
2022-11,지자체,소계,충북,0
2022-11,지자체,소계,충남,0
2022-11,지자체,소계,전북,0
2022-11,지자체,소계,전남,0
2022-11,지자체,소계,경북,0
2022-11,지자체,소계,경남,0
2022-11,지자체,소계,제주,0
2022-11,지자체,국민임대,전국,0
2022-11,지자체,국민임대,서울,0
2022-11,지자체,국민임대,인천,0
2022-11,지자체,국민임대,경기,0
2022-11,지자체,국민임대,부산,0
2022-11,지자체,국민임대,대구,0
2022-11,지자체,국민임대,광주,0
2022-11,지자체,국민임대,대전,0
2022-11,지자체,국민임대,울산,0
2022-11,지자체,국민임대,세종,0
2022-11,지자체,국민임대,강원,0
2022-11,지자체,국민임대,충북,0
2022-11,지자체,국민임대,충남,0
2022-11,지자체,국민임대,전북,0
2022-11,지자체,국민임대,전남,0
2022-11,지자체,국민임대,경북,0
2022-11,지자체,국민임대,경남,0
2022-11,지자체,국민임대,제주,0
2022-11,지자체,공공임대,전국,0
2022-11,지자체,공공임대,서울,0
2022-11,지자체,공공임대,인천,0
2022-11,지자체,공공임대,경기,0
2022-11,지자체,공공임대,부산,0
2022-11,지자체,공공임대,대구,0
2022-11,지자체,공공임대,광주,0
2022-11,지자체,공공임대,대전,0
2022-11,지자체,공공임대,울산,0
2022-11,지자체,공공임대,세종,0
2022-11,지자체,공공임대,강원,0
2022-11,지자체,공공임대,충북,0
2022-11,지자체,공공임대,충남,0
2022-11,지자체,공공임대,전북,0
2022-11,지자체,공공임대,전남,0
2022-11,지자체,공공임대,경북,0
2022-11,지자체,공공임대,경남,0
2022-11,지자체,공공임대,제주,0
2022-11,지자체,공공분양,전국,0
2022-11,지자체,공공분양,서울,0
2022-11,지자체,공공분양,인천,0
2022-11,지자체,공공분양,경기,0
2022-11,지자체,공공분양,부산,0
2022-11,지자체,공공분양,대구,0
2022-11,지자체,공공분양,광주,0
2022-11,지자체,공공분양,대전,0
2022-11,지자체,공공분양,울산,0
2022-11,지자체,공공분양,세종,0
2022-11,지자체,공공분양,강원,0
2022-11,지자체,공공분양,충북,0
2022-11,지자체,공공분양,충남,0
2022-11,지자체,공공분양,전북,0
2022-11,지자체,공공분양,전남,0
2022-11,지자체,공공분양,경북,0
2022-11,지자체,공공분양,경남,0
2022-11,지자체,공공분양,제주,0
2022-11,LH,소계,전국,2,006
2022-11,LH,소계,서울,0
2022-11,LH,소계,인천,0
2022-11,LH,소계,경기,1,588
2022-11,LH,소계,부산,0
2022-11,LH,소계,대구,0
2022-11,LH,소계,광주,0
2022-11,LH,소계,대전,0
2022-11,LH,소계,울산,0
2022-11,LH,소계,세종,0
2022-11,LH,소계,강원,128
2022-11,LH,소계,충북,0
2022-11,LH,소계,충남,200
2022-11,LH,소계,전북,0
2022-11,LH,소계,전남,0
2022-11,LH,소계,경북,0
2022-11,LH,소계,경남,90
2022-11,LH,소계,제주,0
2022-11,LH,국민임대,전국,70
2022-11,LH,국민임대,서울,0
2022-11,LH,국민임대,인천,0
2022-11,LH,국민임대,경기,0
2022-11,LH,국민임대,부산,0
2022-11,LH,국민임대,대구,0
2022-11,LH,국민임대,광주,0
2022-11,LH,국민임대,대전,0
2022-11,LH,국민임대,울산,0
2022-11,LH,국민임대,세종,0
2022-11,LH,국민임대,강원,0
2022-11,LH,국민임대,충북,0
2022-11,LH,국민임대,충남,0
2022-11,LH,국민임대,전북,0
2022-11,LH,국민임대,전남,0
2022-11,LH,국민임대,경북,0
2022-11,LH,국민임대,경남,70
2022-11,LH,국민임대,제주,0
2022-11,LH,공공임대,전국,1,330
2022-11,LH,공공임대,서울,0
2022-11,LH,공공임대,인천,0
2022-11,LH,공공임대,경기,982
2022-11,LH,공공임대,부산,0
2022-11,LH,공공임대,대구,0
2022-11,LH,공공임대,광주,0
2022-11,LH,공공임대,대전,0
2022-11,LH,공공임대,울산,0
2022-11,LH,공공임대,세종,0
2022-11,LH,공공임대,강원,128
2022-11,LH,공공임대,충북,0
2022-11,LH,공공임대,충남,200
2022-11,LH,공공임대,전북,0
2022-11,LH,공공임대,전남,0
2022-11,LH,공공임대,경북,0
2022-11,LH,공공임대,경남,20
2022-11,LH,공공임대,제주,0
2022-11,LH,공공분양,전국,606
2022-11,LH,공공분양,서울,0
2022-11,LH,공공분양,인천,0
2022-11,LH,공공분양,경기,606
2022-11,LH,공공분양,부산,0
2022-11,LH,공공분양,대구,0
2022-11,LH,공공분양,광주,0
2022-11,LH,공공분양,대전,0
2022-11,LH,공공분양,울산,0
2022-11,LH,공공분양,세종,0
2022-11,LH,공공분양,강원,0
2022-11,LH,공공분양,충북,0
2022-11,LH,공공분양,충남,0
2022-11,LH,공공분양,전북,0
2022-11,LH,공공분양,전남,0
2022-11,LH,공공분양,경북,0
2022-11,LH,공공분양,경남,0
2022-11,LH,공공분양,제주,0
2022-11,주택업체,소계,전국,809
2022-11,주택업체,소계,서울,316
2022-11,주택업체,소계,인천,0
2022-11,주택업체,소계,경기,0
2022-11,주택업체,소계,부산,0
2022-11,주택업체,소계,대구,0
2022-11,주택업체,소계,광주,0
2022-11,주택업체,소계,대전,0
2022-11,주택업체,소계,울산,0
2022-11,주택업체,소계,세종,465
2022-11,주택업체,소계,강원,0
2022-11,주택업체,소계,충북,0
2022-11,주택업체,소계,충남,28
2022-11,주택업체,소계,전북,0
2022-11,주택업체,소계,전남,0
2022-11,주택업체,소계,경북,0
2022-11,주택업체,소계,경남,0
2022-11,주택업체,소계,제주,0
2022-11,주택업체,국민임대,전국,0
2022-11,주택업체,국민임대,서울,0
2022-11,주택업체,국민임대,인천,0
2022-11,주택업체,국민임대,경기,0
2022-11,주택업체,국민임대,부산,0
2022-11,주택업체,국민임대,대구,0
2022-11,주택업체,국민임대,광주,0
2022-11,주택업체,국민임대,대전,0
2022-11,주택업체,국민임대,울산,0
2022-11,주택업체,국민임대,세종,0
2022-11,주택업체,국민임대,강원,0
2022-11,주택업체,국민임대,충북,0
2022-11,주택업체,국민임대,충남,0
2022-11,주택업체,국민임대,전북,0
2022-11,주택업체,국민임대,전남,0
2022-11,주택업체,국민임대,경북,0
2022-11,주택업체,국민임대,경남,0
2022-11,주택업체,국민임대,제주,0
2022-11,주택업체,공공임대,전국,809
2022-11,주택업체,공공임대,서울,316
2022-11,주택업체,공공임대,인천,0
2022-11,주택업체,공공임대,경기,0
2022-11,주택업체,공공임대,부산,0
2022-11,주택업체,공공임대,대구,0
2022-11,주택업체,공공임대,광주,0
2022-11,주택업체,공공임대,대전,0
2022-11,주택업체,공공임대,울산,0
2022-11,주택업체,공공임대,세종,465
2022-11,주택업체,공공임대,강원,0
2022-11,주택업체,공공임대,충북,0
2022-11,주택업체,공공임대,충남,28
2022-11,주택업체,공공임대,전북,0
2022-11,주택업체,공공임대,전남,0
2022-11,주택업체,공공임대,경북,0
2022-11,주택업체,공공임대,경남,0
2022-11,주택업체,공공임대,제주,0
2022-11,주택업체,공공분양,전국,0
2022-11,주택업체,공공분양,서울,0
2022-11,주택업체,공공분양,인천,0
2022-11,주택업체,공공분양,경기,0
2022-11,주택업체,공공분양,부산,0
2022-11,주택업체,공공분양,대구,0
2022-11,주택업체,공공분양,광주,0
2022-11,주택업체,공공분양,대전,0
2022-11,주택업체,공공분양,울산,0
2022-11,주택업체,공공분양,세종,0
2022-11,주택업체,공공분양,강원,0
2022-11,주택업체,공공분양,충북,0
2022-11,주택업체,공공분양,충남,0
2022-11,주택업체,공공분양,전북,0
2022-11,주택업체,공공분양,전남,0
2022-11,주택업체,공공분양,경북,0
2022-11,주택업체,공공분양,경남,0
2022-11,주택업체,공공분양,제주,0
2022-11,민간부문,소계,전국,25,490
2022-11,민간부문,소계,서울,3,669
2022-11,민간부문,소계,인천,2,977
2022-11,민간부문,소계,경기,7,477
2022-11,민간부문,소계,부산,1,898
2022-11,민간부문,소계,대구,1,233
2022-11,민간부문,소계,광주,113
2022-11,민간부문,소계,대전,1,850
2022-11,민간부문,소계,울산,46
2022-11,민간부문,소계,세종,48
2022-11,민간부문,소계,강원,376
2022-11,민간부문,소계,충북,471
2022-11,민간부문,소계,충남,1,229
2022-11,민간부문,소계,전북,916
2022-11,민간부문,소계,전남,626
2022-11,민간부문,소계,경북,1,183
2022-11,민간부문,소계,경남,1,017
2022-11,민간부문,소계,제주,361
2022-11,민간,민간임대,전국,941
2022-11,민간,민간임대,서울,58
2022-11,민간,민간임대,인천,0
2022-11,민간,민간임대,경기,0
2022-11,민간,민간임대,부산,0
2022-11,민간,민간임대,대구,0
2022-11,민간,민간임대,광주,0
2022-11,민간,민간임대,대전,0
2022-11,민간,민간임대,울산,0
2022-11,민간,민간임대,세종,0
2022-11,민간,민간임대,강원,0
2022-11,민간,민간임대,충북,0
2022-11,민간,민간임대,충남,0
2022-11,민간,민간임대,전북,0
2022-11,민간,민간임대,전남,96
2022-11,민간,민간임대,경북,787
2022-11,민간,민간임대,경남,0
2022-11,민간,민간임대,제주,0
2022-11,민간,민간분양,전국,24,549
2022-11,민간,민간분양,서울,3,611
2022-11,민간,민간분양,인천,2,977
2022-11,민간,민간분양,경기,7,477
2022-11,민간,민간분양,부산,1,898
2022-11,민간,민간분양,대구,1,233
2022-11,민간,민간분양,광주,113
2022-11,민간,민간분양,대전,1,850
2022-11,민간,민간분양,울산,46
2022-11,민간,민간분양,세종,48
2022-11,민간,민간분양,강원,376
2022-11,민간,민간분양,충북,471
2022-11,민간,민간분양,충남,1,229
2022-11,민간,민간분양,전북,916
2022-11,민간,민간분양,전남,530
2022-11,민간,민간분양,경북,396
2022-11,민간,민간분양,경남,1,017
2022-11,민간,민간분양,제주,361
2022-12,총계,총계,전국,53,139
2022-12,총계,총계,서울,6,247
2022-12,총계,총계,인천,3,246
2022-12,총계,총계,경기,19,575
2022-12,총계,총계,부산,3,800
2022-12,총계,총계,대구,2,373
2022-12,총계,총계,광주,145
2022-12,총계,총계,대전,135
2022-12,총계,총계,울산,430
2022-12,총계,총계,세종,1,598
2022-12,총계,총계,강원,853
2022-12,총계,총계,충북,2,588
2022-12,총계,총계,충남,4,794
2022-12,총계,총계,전북,2,751
2022-12,총계,총계,전남,2,188
2022-12,총계,총계,경북,1,224
2022-12,총계,총계,경남,848
2022-12,총계,총계,제주,344
2022-12,공공부문,소계,전국,11,103
2022-12,공공부문,소계,서울,1,280
2022-12,공공부문,소계,인천,0
2022-12,공공부문,소계,경기,6,585
2022-12,공공부문,소계,부산,0
2022-12,공공부문,소계,대구,1,200
2022-12,공공부문,소계,광주,0
2022-12,공공부문,소계,대전,0
2022-12,공공부문,소계,울산,0
2022-12,공공부문,소계,세종,1,032
2022-12,공공부문,소계,강원,0
2022-12,공공부문,소계,충북,4
2022-12,공공부문,소계,충남,256
2022-12,공공부문,소계,전북,120
2022-12,공공부문,소계,전남,0
2022-12,공공부문,소계,경북,626
2022-12,공공부문,소계,경남,0
2022-12,공공부문,소계,제주,0
2022-12,합,국민임대,전국,3,604
2022-12,합,국민임대,서울,0
2022-12,합,국민임대,인천,0
2022-12,합,국민임대,경기,2,070
2022-12,합,국민임대,부산,0
2022-12,합,국민임대,대구,800
2022-12,합,국민임대,광주,0
2022-12,합,국민임대,대전,0
2022-12,합,국민임대,울산,0
2022-12,합,국민임대,세종,734
2022-12,합,국민임대,강원,0
2022-12,합,국민임대,충북,0
2022-12,합,국민임대,충남,0
2022-12,합,국민임대,전북,0
2022-12,합,국민임대,전남,0
2022-12,합,국민임대,경북,0
2022-12,합,국민임대,경남,0
2022-12,합,국민임대,제주,0
2022-12,합,공공임대,전국,5,464
2022-12,합,공공임대,서울,1,280
2022-12,합,공공임대,인천,0
2022-12,합,공공임대,경기,3,106
2022-12,합,공공임대,부산,0
2022-12,합,공공임대,대구,400
2022-12,합,공공임대,광주,0
2022-12,합,공공임대,대전,0
2022-12,합,공공임대,울산,0
2022-12,합,공공임대,세종,298
2022-12,합,공공임대,강원,0
2022-12,합,공공임대,충북,4
2022-12,합,공공임대,충남,256
2022-12,합,공공임대,전북,120
2022-12,합,공공임대,전남,0
2022-12,합,공공임대,경북,0
2022-12,합,공공임대,경남,0
2022-12,합,공공임대,제주,0
2022-12,합,공공분양,전국,2,035
2022-12,합,공공분양,서울,0
2022-12,합,공공분양,인천,0
2022-12,합,공공분양,경기,1,409
2022-12,합,공공분양,부산,0
2022-12,합,공공분양,대구,0
2022-12,합,공공분양,광주,0
2022-12,합,공공분양,대전,0
2022-12,합,공공분양,울산,0
2022-12,합,공공분양,세종,0
2022-12,합,공공분양,강원,0
2022-12,합,공공분양,충북,0
2022-12,합,공공분양,충남,0
2022-12,합,공공분양,전북,0
2022-12,합,공공분양,전남,0
2022-12,합,공공분양,경북,626
2022-12,합,공공분양,경남,0
2022-12,합,공공분양,제주,0
2022-12,지자체,소계,전국,0
2022-12,지자체,소계,서울,0
2022-12,지자체,소계,인천,0
2022-12,지자체,소계,경기,0
2022-12,지자체,소계,부산,0
2022-12,지자체,소계,대구,0
2022-12,지자체,소계,광주,0
2022-12,지자체,소계,대전,0
2022-12,지자체,소계,울산,0
2022-12,지자체,소계,세종,0
2022-12,지자체,소계,강원,0
2022-12,지자체,소계,충북,0
2022-12,지자체,소계,충남,0
2022-12,지자체,소계,전북,0
2022-12,지자체,소계,전남,0
2022-12,지자체,소계,경북,0
2022-12,지자체,소계,경남,0
2022-12,지자체,소계,제주,0
2022-12,지자체,국민임대,전국,0
2022-12,지자체,국민임대,서울,0
2022-12,지자체,국민임대,인천,0
2022-12,지자체,국민임대,경기,0
2022-12,지자체,국민임대,부산,0
2022-12,지자체,국민임대,대구,0
2022-12,지자체,국민임대,광주,0
2022-12,지자체,국민임대,대전,0
2022-12,지자체,국민임대,울산,0
2022-12,지자체,국민임대,세종,0
2022-12,지자체,국민임대,강원,0
2022-12,지자체,국민임대,충북,0
2022-12,지자체,국민임대,충남,0
2022-12,지자체,국민임대,전북,0
2022-12,지자체,국민임대,전남,0
2022-12,지자체,국민임대,경북,0
2022-12,지자체,국민임대,경남,0
2022-12,지자체,국민임대,제주,0
2022-12,지자체,공공임대,전국,0
2022-12,지자체,공공임대,서울,0
2022-12,지자체,공공임대,인천,0
2022-12,지자체,공공임대,경기,0
2022-12,지자체,공공임대,부산,0
2022-12,지자체,공공임대,대구,0
2022-12,지자체,공공임대,광주,0
2022-12,지자체,공공임대,대전,0
2022-12,지자체,공공임대,울산,0
2022-12,지자체,공공임대,세종,0
2022-12,지자체,공공임대,강원,0
2022-12,지자체,공공임대,충북,0
2022-12,지자체,공공임대,충남,0
2022-12,지자체,공공임대,전북,0
2022-12,지자체,공공임대,전남,0
2022-12,지자체,공공임대,경북,0
2022-12,지자체,공공임대,경남,0
2022-12,지자체,공공임대,제주,0
2022-12,지자체,공공분양,전국,0
2022-12,지자체,공공분양,서울,0
2022-12,지자체,공공분양,인천,0
2022-12,지자체,공공분양,경기,0
2022-12,지자체,공공분양,부산,0
2022-12,지자체,공공분양,대구,0
2022-12,지자체,공공분양,광주,0
2022-12,지자체,공공분양,대전,0
2022-12,지자체,공공분양,울산,0
2022-12,지자체,공공분양,세종,0
2022-12,지자체,공공분양,강원,0
2022-12,지자체,공공분양,충북,0
2022-12,지자체,공공분양,충남,0
2022-12,지자체,공공분양,전북,0
2022-12,지자체,공공분양,전남,0
2022-12,지자체,공공분양,경북,0
2022-12,지자체,공공분양,경남,0
2022-12,지자체,공공분양,제주,0
2022-12,LH,소계,전국,10,991
2022-12,LH,소계,서울,1,280
2022-12,LH,소계,인천,0
2022-12,LH,소계,경기,6,585
2022-12,LH,소계,부산,0
2022-12,LH,소계,대구,1,200
2022-12,LH,소계,광주,0
2022-12,LH,소계,대전,0
2022-12,LH,소계,울산,0
2022-12,LH,소계,세종,1,032
2022-12,LH,소계,강원,0
2022-12,LH,소계,충북,4
2022-12,LH,소계,충남,144
2022-12,LH,소계,전북,120
2022-12,LH,소계,전남,0
2022-12,LH,소계,경북,626
2022-12,LH,소계,경남,0
2022-12,LH,소계,제주,0
2022-12,LH,국민임대,전국,3,604
2022-12,LH,국민임대,서울,0
2022-12,LH,국민임대,인천,0
2022-12,LH,국민임대,경기,2,070
2022-12,LH,국민임대,부산,0
2022-12,LH,국민임대,대구,800
2022-12,LH,국민임대,광주,0
2022-12,LH,국민임대,대전,0
2022-12,LH,국민임대,울산,0
2022-12,LH,국민임대,세종,734
2022-12,LH,국민임대,강원,0
2022-12,LH,국민임대,충북,0
2022-12,LH,국민임대,충남,0
2022-12,LH,국민임대,전북,0
2022-12,LH,국민임대,전남,0
2022-12,LH,국민임대,경북,0
2022-12,LH,국민임대,경남,0
2022-12,LH,국민임대,제주,0
2022-12,LH,공공임대,전국,5,352
2022-12,LH,공공임대,서울,1,280
2022-12,LH,공공임대,인천,0
2022-12,LH,공공임대,경기,3,106
2022-12,LH,공공임대,부산,0
2022-12,LH,공공임대,대구,400
2022-12,LH,공공임대,광주,0
2022-12,LH,공공임대,대전,0
2022-12,LH,공공임대,울산,0
2022-12,LH,공공임대,세종,298
2022-12,LH,공공임대,강원,0
2022-12,LH,공공임대,충북,4
2022-12,LH,공공임대,충남,144
2022-12,LH,공공임대,전북,120
2022-12,LH,공공임대,전남,0
2022-12,LH,공공임대,경북,0
2022-12,LH,공공임대,경남,0
2022-12,LH,공공임대,제주,0
2022-12,LH,공공분양,전국,2,035
2022-12,LH,공공분양,서울,0
2022-12,LH,공공분양,인천,0
2022-12,LH,공공분양,경기,1,409
2022-12,LH,공공분양,부산,0
2022-12,LH,공공분양,대구,0
2022-12,LH,공공분양,광주,0
2022-12,LH,공공분양,대전,0
2022-12,LH,공공분양,울산,0
2022-12,LH,공공분양,세종,0
2022-12,LH,공공분양,강원,0
2022-12,LH,공공분양,충북,0
2022-12,LH,공공분양,충남,0
2022-12,LH,공공분양,전북,0
2022-12,LH,공공분양,전남,0
2022-12,LH,공공분양,경북,626
2022-12,LH,공공분양,경남,0
2022-12,LH,공공분양,제주,0
2022-12,주택업체,소계,전국,112
2022-12,주택업체,소계,서울,0
2022-12,주택업체,소계,인천,0
2022-12,주택업체,소계,경기,0
2022-12,주택업체,소계,부산,0
2022-12,주택업체,소계,대구,0
2022-12,주택업체,소계,광주,0
2022-12,주택업체,소계,대전,0
2022-12,주택업체,소계,울산,0
2022-12,주택업체,소계,세종,0
2022-12,주택업체,소계,강원,0
2022-12,주택업체,소계,충북,0
2022-12,주택업체,소계,충남,112
2022-12,주택업체,소계,전북,0
2022-12,주택업체,소계,전남,0
2022-12,주택업체,소계,경북,0
2022-12,주택업체,소계,경남,0
2022-12,주택업체,소계,제주,0
2022-12,주택업체,국민임대,전국,0
2022-12,주택업체,국민임대,서울,0
2022-12,주택업체,국민임대,인천,0
2022-12,주택업체,국민임대,경기,0
2022-12,주택업체,국민임대,부산,0
2022-12,주택업체,국민임대,대구,0
2022-12,주택업체,국민임대,광주,0
2022-12,주택업체,국민임대,대전,0
2022-12,주택업체,국민임대,울산,0
2022-12,주택업체,국민임대,세종,0
2022-12,주택업체,국민임대,강원,0
2022-12,주택업체,국민임대,충북,0
2022-12,주택업체,국민임대,충남,0
2022-12,주택업체,국민임대,전북,0
2022-12,주택업체,국민임대,전남,0
2022-12,주택업체,국민임대,경북,0
2022-12,주택업체,국민임대,경남,0
2022-12,주택업체,국민임대,제주,0
2022-12,주택업체,공공임대,전국,112
2022-12,주택업체,공공임대,서울,0
2022-12,주택업체,공공임대,인천,0
2022-12,주택업체,공공임대,경기,0
2022-12,주택업체,공공임대,부산,0
2022-12,주택업체,공공임대,대구,0
2022-12,주택업체,공공임대,광주,0
2022-12,주택업체,공공임대,대전,0
2022-12,주택업체,공공임대,울산,0
2022-12,주택업체,공공임대,세종,0
2022-12,주택업체,공공임대,강원,0
2022-12,주택업체,공공임대,충북,0
2022-12,주택업체,공공임대,충남,112
2022-12,주택업체,공공임대,전북,0
2022-12,주택업체,공공임대,전남,0
2022-12,주택업체,공공임대,경북,0
2022-12,주택업체,공공임대,경남,0
2022-12,주택업체,공공임대,제주,0
2022-12,주택업체,공공분양,전국,0
2022-12,주택업체,공공분양,서울,0
2022-12,주택업체,공공분양,인천,0
2022-12,주택업체,공공분양,경기,0
2022-12,주택업체,공공분양,부산,0
2022-12,주택업체,공공분양,대구,0
2022-12,주택업체,공공분양,광주,0
2022-12,주택업체,공공분양,대전,0
2022-12,주택업체,공공분양,울산,0
2022-12,주택업체,공공분양,세종,0
2022-12,주택업체,공공분양,강원,0
2022-12,주택업체,공공분양,충북,0
2022-12,주택업체,공공분양,충남,0
2022-12,주택업체,공공분양,전북,0
2022-12,주택업체,공공분양,전남,0
2022-12,주택업체,공공분양,경북,0
2022-12,주택업체,공공분양,경남,0
2022-12,주택업체,공공분양,제주,0
2022-12,민간부문,소계,전국,42,036
2022-12,민간부문,소계,서울,4,967
2022-12,민간부문,소계,인천,3,246
2022-12,민간부문,소계,경기,12,990
2022-12,민간부문,소계,부산,3,800
2022-12,민간부문,소계,대구,1,173
2022-12,민간부문,소계,광주,145
2022-12,민간부문,소계,대전,135
2022-12,민간부문,소계,울산,430
2022-12,민간부문,소계,세종,566
2022-12,민간부문,소계,강원,853
2022-12,민간부문,소계,충북,2,584
2022-12,민간부문,소계,충남,4,538
2022-12,민간부문,소계,전북,2,631
2022-12,민간부문,소계,전남,2,188
2022-12,민간부문,소계,경북,598
2022-12,민간부문,소계,경남,848
2022-12,민간부문,소계,제주,344
2022-12,민간,민간임대,전국,5,091
2022-12,민간,민간임대,서울,1,546
2022-12,민간,민간임대,인천,0
2022-12,민간,민간임대,경기,0
2022-12,민간,민간임대,부산,140
2022-12,민간,민간임대,대구,0
2022-12,민간,민간임대,광주,0
2022-12,민간,민간임대,대전,0
2022-12,민간,민간임대,울산,0
2022-12,민간,민간임대,세종,326
2022-12,민간,민간임대,강원,295
2022-12,민간,민간임대,충북,874
2022-12,민간,민간임대,충남,420
2022-12,민간,민간임대,전북,0
2022-12,민간,민간임대,전남,1,490
2022-12,민간,민간임대,경북,0
2022-12,민간,민간임대,경남,0
2022-12,민간,민간임대,제주,0
2022-12,민간,민간분양,전국,36,945
2022-12,민간,민간분양,서울,3,421
2022-12,민간,민간분양,인천,3,246
2022-12,민간,민간분양,경기,12,990
2022-12,민간,민간분양,부산,3,660
2022-12,민간,민간분양,대구,1,173
2022-12,민간,민간분양,광주,145
2022-12,민간,민간분양,대전,135
2022-12,민간,민간분양,울산,430
2022-12,민간,민간분양,세종,240
2022-12,민간,민간분양,강원,558
2022-12,민간,민간분양,충북,1,710
2022-12,민간,민간분양,충남,4,118
2022-12,민간,민간분양,전북,2,631
2022-12,민간,민간분양,전남,698
2022-12,민간,민간분양,경북,598
2022-12,민간,민간분양,경남,848
2022-12,민간,민간분양,제주,344
2023-01,총계,총계,전국,27,271
2023-01,총계,총계,서울,3,319
2023-01,총계,총계,인천,2,506
2023-01,총계,총계,경기,8,038
2023-01,총계,총계,부산,3,320
2023-01,총계,총계,대구,883
2023-01,총계,총계,광주,136
2023-01,총계,총계,대전,162
2023-01,총계,총계,울산,27
2023-01,총계,총계,세종,22
2023-01,총계,총계,강원,350
2023-01,총계,총계,충북,319
2023-01,총계,총계,충남,1,757
2023-01,총계,총계,전북,1,192
2023-01,총계,총계,전남,2,452
2023-01,총계,총계,경북,585
2023-01,총계,총계,경남,1,713
2023-01,총계,총계,제주,490
2023-01,공공부문,소계,전국,256
2023-01,공공부문,소계,서울,85
2023-01,공공부문,소계,인천,40
2023-01,공공부문,소계,경기,0
2023-01,공공부문,소계,부산,0
2023-01,공공부문,소계,대구,0
2023-01,공공부문,소계,광주,0
2023-01,공공부문,소계,대전,0
2023-01,공공부문,소계,울산,0
2023-01,공공부문,소계,세종,0
2023-01,공공부문,소계,강원,0
2023-01,공공부문,소계,충북,31
2023-01,공공부문,소계,충남,0
2023-01,공공부문,소계,전북,0
2023-01,공공부문,소계,전남,100
2023-01,공공부문,소계,경북,0
2023-01,공공부문,소계,경남,0
2023-01,공공부문,소계,제주,0
2023-01,합,국민임대,전국,31
2023-01,합,국민임대,서울,1
2023-01,합,국민임대,인천,0
2023-01,합,국민임대,경기,0
2023-01,합,국민임대,부산,0
2023-01,합,국민임대,대구,0
2023-01,합,국민임대,광주,0
2023-01,합,국민임대,대전,0
2023-01,합,국민임대,울산,0
2023-01,합,국민임대,세종,0
2023-01,합,국민임대,강원,0
2023-01,합,국민임대,충북,30
2023-01,합,국민임대,충남,0
2023-01,합,국민임대,전북,0
2023-01,합,국민임대,전남,0
2023-01,합,국민임대,경북,0
2023-01,합,국민임대,경남,0
2023-01,합,국민임대,제주,0
2023-01,합,공공임대,전국,225
2023-01,합,공공임대,서울,84
2023-01,합,공공임대,인천,40
2023-01,합,공공임대,경기,0
2023-01,합,공공임대,부산,0
2023-01,합,공공임대,대구,0
2023-01,합,공공임대,광주,0
2023-01,합,공공임대,대전,0
2023-01,합,공공임대,울산,0
2023-01,합,공공임대,세종,0
2023-01,합,공공임대,강원,0
2023-01,합,공공임대,충북,1
2023-01,합,공공임대,충남,0
2023-01,합,공공임대,전북,0
2023-01,합,공공임대,전남,100
2023-01,합,공공임대,경북,0
2023-01,합,공공임대,경남,0
2023-01,합,공공임대,제주,0
2023-01,합,공공분양,전국,0
2023-01,합,공공분양,서울,0
2023-01,합,공공분양,인천,0
2023-01,합,공공분양,경기,0
2023-01,합,공공분양,부산,0
2023-01,합,공공분양,대구,0
2023-01,합,공공분양,광주,0
2023-01,합,공공분양,대전,0
2023-01,합,공공분양,울산,0
2023-01,합,공공분양,세종,0
2023-01,합,공공분양,강원,0
2023-01,합,공공분양,충북,0
2023-01,합,공공분양,충남,0
2023-01,합,공공분양,전북,0
2023-01,합,공공분양,전남,0
2023-01,합,공공분양,경북,0
2023-01,합,공공분양,경남,0
2023-01,합,공공분양,제주,0
2023-01,지자체,소계,전국,0
2023-01,지자체,소계,서울,0
2023-01,지자체,소계,인천,0
2023-01,지자체,소계,경기,0
2023-01,지자체,소계,부산,0
2023-01,지자체,소계,대구,0
2023-01,지자체,소계,광주,0
2023-01,지자체,소계,대전,0
2023-01,지자체,소계,울산,0
2023-01,지자체,소계,세종,0
2023-01,지자체,소계,강원,0
2023-01,지자체,소계,충북,0
2023-01,지자체,소계,충남,0
2023-01,지자체,소계,전북,0
2023-01,지자체,소계,전남,0
2023-01,지자체,소계,경북,0
2023-01,지자체,소계,경남,0
2023-01,지자체,소계,제주,0
2023-01,지자체,국민임대,전국,0
2023-01,지자체,국민임대,서울,0
2023-01,지자체,국민임대,인천,0
2023-01,지자체,국민임대,경기,0
2023-01,지자체,국민임대,부산,0
2023-01,지자체,국민임대,대구,0
2023-01,지자체,국민임대,광주,0
2023-01,지자체,국민임대,대전,0
2023-01,지자체,국민임대,울산,0
2023-01,지자체,국민임대,세종,0
2023-01,지자체,국민임대,강원,0
2023-01,지자체,국민임대,충북,0
2023-01,지자체,국민임대,충남,0
2023-01,지자체,국민임대,전북,0
2023-01,지자체,국민임대,전남,0
2023-01,지자체,국민임대,경북,0
2023-01,지자체,국민임대,경남,0
2023-01,지자체,국민임대,제주,0
2023-01,지자체,공공임대,전국,0
2023-01,지자체,공공임대,서울,0
2023-01,지자체,공공임대,인천,0
2023-01,지자체,공공임대,경기,0
2023-01,지자체,공공임대,부산,0
2023-01,지자체,공공임대,대구,0
2023-01,지자체,공공임대,광주,0
2023-01,지자체,공공임대,대전,0
2023-01,지자체,공공임대,울산,0
2023-01,지자체,공공임대,세종,0
2023-01,지자체,공공임대,강원,0
2023-01,지자체,공공임대,충북,0
2023-01,지자체,공공임대,충남,0
2023-01,지자체,공공임대,전북,0
2023-01,지자체,공공임대,전남,0
2023-01,지자체,공공임대,경북,0
2023-01,지자체,공공임대,경남,0
2023-01,지자체,공공임대,제주,0
2023-01,지자체,공공분양,전국,0
2023-01,지자체,공공분양,서울,0
2023-01,지자체,공공분양,인천,0
2023-01,지자체,공공분양,경기,0
2023-01,지자체,공공분양,부산,0
2023-01,지자체,공공분양,대구,0
2023-01,지자체,공공분양,광주,0
2023-01,지자체,공공분양,대전,0
2023-01,지자체,공공분양,울산,0
2023-01,지자체,공공분양,세종,0
2023-01,지자체,공공분양,강원,0
2023-01,지자체,공공분양,충북,0
2023-01,지자체,공공분양,충남,0
2023-01,지자체,공공분양,전북,0
2023-01,지자체,공공분양,전남,0
2023-01,지자체,공공분양,경북,0
2023-01,지자체,공공분양,경남,0
2023-01,지자체,공공분양,제주,0
2023-01,LH,소계,전국,141
2023-01,LH,소계,서울,0
2023-01,LH,소계,인천,40
2023-01,LH,소계,경기,0
2023-01,LH,소계,부산,0
2023-01,LH,소계,대구,0
2023-01,LH,소계,광주,0
2023-01,LH,소계,대전,0
2023-01,LH,소계,울산,0
2023-01,LH,소계,세종,0
2023-01,LH,소계,강원,0
2023-01,LH,소계,충북,1
2023-01,LH,소계,충남,0
2023-01,LH,소계,전북,0
2023-01,LH,소계,전남,100
2023-01,LH,소계,경북,0
2023-01,LH,소계,경남,0
2023-01,LH,소계,제주,0
2023-01,LH,국민임대,전국,0
2023-01,LH,국민임대,서울,0
2023-01,LH,국민임대,인천,0
2023-01,LH,국민임대,경기,0
2023-01,LH,국민임대,부산,0
2023-01,LH,국민임대,대구,0
2023-01,LH,국민임대,광주,0
2023-01,LH,국민임대,대전,0
2023-01,LH,국민임대,울산,0
2023-01,LH,국민임대,세종,0
2023-01,LH,국민임대,강원,0
2023-01,LH,국민임대,충북,0
2023-01,LH,국민임대,충남,0
2023-01,LH,국민임대,전북,0
2023-01,LH,국민임대,전남,0
2023-01,LH,국민임대,경북,0
2023-01,LH,국민임대,경남,0
2023-01,LH,국민임대,제주,0
2023-01,LH,공공임대,전국,141
2023-01,LH,공공임대,서울,0
2023-01,LH,공공임대,인천,40
2023-01,LH,공공임대,경기,0
2023-01,LH,공공임대,부산,0
2023-01,LH,공공임대,대구,0
2023-01,LH,공공임대,광주,0
2023-01,LH,공공임대,대전,0
2023-01,LH,공공임대,울산,0
2023-01,LH,공공임대,세종,0
2023-01,LH,공공임대,강원,0
2023-01,LH,공공임대,충북,1
2023-01,LH,공공임대,충남,0
2023-01,LH,공공임대,전북,0
2023-01,LH,공공임대,전남,100
2023-01,LH,공공임대,경북,0
2023-01,LH,공공임대,경남,0
2023-01,LH,공공임대,제주,0
2023-01,LH,공공분양,전국,0
2023-01,LH,공공분양,서울,0
2023-01,LH,공공분양,인천,0
2023-01,LH,공공분양,경기,0
2023-01,LH,공공분양,부산,0
2023-01,LH,공공분양,대구,0
2023-01,LH,공공분양,광주,0
2023-01,LH,공공분양,대전,0
2023-01,LH,공공분양,울산,0
2023-01,LH,공공분양,세종,0
2023-01,LH,공공분양,강원,0
2023-01,LH,공공분양,충북,0
2023-01,LH,공공분양,충남,0
2023-01,LH,공공분양,전북,0
2023-01,LH,공공분양,전남,0
2023-01,LH,공공분양,경북,0
2023-01,LH,공공분양,경남,0
2023-01,LH,공공분양,제주,0
2023-01,주택업체,소계,전국,115
2023-01,주택업체,소계,서울,85
2023-01,주택업체,소계,인천,0
2023-01,주택업체,소계,경기,0
2023-01,주택업체,소계,부산,0
2023-01,주택업체,소계,대구,0
2023-01,주택업체,소계,광주,0
2023-01,주택업체,소계,대전,0
2023-01,주택업체,소계,울산,0
2023-01,주택업체,소계,세종,0
2023-01,주택업체,소계,강원,0
2023-01,주택업체,소계,충북,30
2023-01,주택업체,소계,충남,0
2023-01,주택업체,소계,전북,0
2023-01,주택업체,소계,전남,0
2023-01,주택업체,소계,경북,0
2023-01,주택업체,소계,경남,0
2023-01,주택업체,소계,제주,0
2023-01,주택업체,국민임대,전국,31
2023-01,주택업체,국민임대,서울,1
2023-01,주택업체,국민임대,인천,0
2023-01,주택업체,국민임대,경기,0
2023-01,주택업체,국민임대,부산,0
2023-01,주택업체,국민임대,대구,0
2023-01,주택업체,국민임대,광주,0
2023-01,주택업체,국민임대,대전,0
2023-01,주택업체,국민임대,울산,0
2023-01,주택업체,국민임대,세종,0
2023-01,주택업체,국민임대,강원,0
2023-01,주택업체,국민임대,충북,30
2023-01,주택업체,국민임대,충남,0
2023-01,주택업체,국민임대,전북,0
2023-01,주택업체,국민임대,전남,0
2023-01,주택업체,국민임대,경북,0
2023-01,주택업체,국민임대,경남,0
2023-01,주택업체,국민임대,제주,0
2023-01,주택업체,공공임대,전국,84
2023-01,주택업체,공공임대,서울,84
2023-01,주택업체,공공임대,인천,0
2023-01,주택업체,공공임대,경기,0
2023-01,주택업체,공공임대,부산,0
2023-01,주택업체,공공임대,대구,0
2023-01,주택업체,공공임대,광주,0
2023-01,주택업체,공공임대,대전,0
2023-01,주택업체,공공임대,울산,0
2023-01,주택업체,공공임대,세종,0
2023-01,주택업체,공공임대,강원,0
2023-01,주택업체,공공임대,충북,0
2023-01,주택업체,공공임대,충남,0
2023-01,주택업체,공공임대,전북,0
2023-01,주택업체,공공임대,전남,0
2023-01,주택업체,공공임대,경북,0
2023-01,주택업체,공공임대,경남,0
2023-01,주택업체,공공임대,제주,0
2023-01,주택업체,공공분양,전국,0
2023-01,주택업체,공공분양,서울,0
2023-01,주택업체,공공분양,인천,0
2023-01,주택업체,공공분양,경기,0
2023-01,주택업체,공공분양,부산,0
2023-01,주택업체,공공분양,대구,0
2023-01,주택업체,공공분양,광주,0
2023-01,주택업체,공공분양,대전,0
2023-01,주택업체,공공분양,울산,0
2023-01,주택업체,공공분양,세종,0
2023-01,주택업체,공공분양,강원,0
2023-01,주택업체,공공분양,충북,0
2023-01,주택업체,공공분양,충남,0
2023-01,주택업체,공공분양,전북,0
2023-01,주택업체,공공분양,전남,0
2023-01,주택업체,공공분양,경북,0
2023-01,주택업체,공공분양,경남,0
2023-01,주택업체,공공분양,제주,0
2023-01,민간부문,소계,전국,27,015
2023-01,민간부문,소계,서울,3,234
2023-01,민간부문,소계,인천,2,466
2023-01,민간부문,소계,경기,8,038
2023-01,민간부문,소계,부산,3,320
2023-01,민간부문,소계,대구,883
2023-01,민간부문,소계,광주,136
2023-01,민간부문,소계,대전,162
2023-01,민간부문,소계,울산,27
2023-01,민간부문,소계,세종,22
2023-01,민간부문,소계,강원,350
2023-01,민간부문,소계,충북,288
2023-01,민간부문,소계,충남,1,757
2023-01,민간부문,소계,전북,1,192
2023-01,민간부문,소계,전남,2,352
2023-01,민간부문,소계,경북,585
2023-01,민간부문,소계,경남,1,713
2023-01,민간부문,소계,제주,490
2023-01,민간,민간임대,전국,1,837
2023-01,민간,민간임대,서울,631
2023-01,민간,민간임대,인천,0
2023-01,민간,민간임대,경기,522
2023-01,민간,민간임대,부산,0
2023-01,민간,민간임대,대구,0
2023-01,민간,민간임대,광주,0
2023-01,민간,민간임대,대전,0
2023-01,민간,민간임대,울산,0
2023-01,민간,민간임대,세종,0
2023-01,민간,민간임대,강원,0
2023-01,민간,민간임대,충북,0
2023-01,민간,민간임대,충남,0
2023-01,민간,민간임대,전북,390
2023-01,민간,민간임대,전남,294
2023-01,민간,민간임대,경북,0
2023-01,민간,민간임대,경남,0
2023-01,민간,민간임대,제주,0
2023-01,민간,민간분양,전국,25,178
2023-01,민간,민간분양,서울,2,603
2023-01,민간,민간분양,인천,2,466
2023-01,민간,민간분양,경기,7,516
2023-01,민간,민간분양,부산,3,320
2023-01,민간,민간분양,대구,883
2023-01,민간,민간분양,광주,136
2023-01,민간,민간분양,대전,162
2023-01,민간,민간분양,울산,27
2023-01,민간,민간분양,세종,22
2023-01,민간,민간분양,강원,350
2023-01,민간,민간분양,충북,288
2023-01,민간,민간분양,충남,1,757
2023-01,민간,민간분양,전북,802
2023-01,민간,민간분양,전남,2,058
2023-01,민간,민간분양,경북,585
2023-01,민간,민간분양,경남,1,713
2023-01,민간,민간분양,제주,490