월(Monthly),구  분,부문명,시도별,사용검사실적
2015-01,총계,총계,전국,34,247
2015-01,총계,총계,서울,4,986
2015-01,총계,총계,인천,877
2015-01,총계,총계,경기,6,537
2015-01,총계,총계,부산,2,324
2015-01,총계,총계,대구,2,363
2015-01,총계,총계,광주,1,687
2015-01,총계,총계,대전,609
2015-01,총계,총계,울산,279
2015-01,총계,총계,세종,2,397
2015-01,총계,총계,강원,339
2015-01,총계,총계,충북,531
2015-01,총계,총계,충남,955
2015-01,총계,총계,전북,2,772
2015-01,총계,총계,전남,1,918
2015-01,총계,총계,경북,896
2015-01,총계,총계,경남,4,063
2015-01,총계,총계,제주,714
2015-01,공공부문,소계,전국,4,102
2015-01,공공부문,소계,서울,0
2015-01,공공부문,소계,인천,0
2015-01,공공부문,소계,경기,763
2015-01,공공부문,소계,부산,0
2015-01,공공부문,소계,대구,0
2015-01,공공부문,소계,광주,1,374
2015-01,공공부문,소계,대전,0
2015-01,공공부문,소계,울산,0
2015-01,공공부문,소계,세종,0
2015-01,공공부문,소계,강원,0
2015-01,공공부문,소계,충북,0
2015-01,공공부문,소계,충남,0
2015-01,공공부문,소계,전북,990
2015-01,공공부문,소계,전남,975
2015-01,공공부문,소계,경북,0
2015-01,공공부문,소계,경남,0
2015-01,공공부문,소계,제주,0
2015-01,합,국민임대,전국,0
2015-01,합,국민임대,서울,0
2015-01,합,국민임대,인천,0
2015-01,합,국민임대,경기,0
2015-01,합,국민임대,부산,0
2015-01,합,국민임대,대구,0
2015-01,합,국민임대,광주,0
2015-01,합,국민임대,대전,0
2015-01,합,국민임대,울산,0
2015-01,합,국민임대,세종,0
2015-01,합,국민임대,강원,0
2015-01,합,국민임대,충북,0
2015-01,합,국민임대,충남,0
2015-01,합,국민임대,전북,0
2015-01,합,국민임대,전남,0
2015-01,합,국민임대,경북,0
2015-01,합,국민임대,경남,0
2015-01,합,국민임대,제주,0
2015-01,합,공공임대,전국,1,565
2015-01,합,공공임대,서울,0
2015-01,합,공공임대,인천,0
2015-01,합,공공임대,경기,0
2015-01,합,공공임대,부산,0
2015-01,합,공공임대,대구,0
2015-01,합,공공임대,광주,590
2015-01,합,공공임대,대전,0
2015-01,합,공공임대,울산,0
2015-01,합,공공임대,세종,0
2015-01,합,공공임대,강원,0
2015-01,합,공공임대,충북,0
2015-01,합,공공임대,충남,0
2015-01,합,공공임대,전북,0
2015-01,합,공공임대,전남,975
2015-01,합,공공임대,경북,0
2015-01,합,공공임대,경남,0
2015-01,합,공공임대,제주,0
2015-01,합,공공분양,전국,2,537
2015-01,합,공공분양,서울,0
2015-01,합,공공분양,인천,0
2015-01,합,공공분양,경기,763
2015-01,합,공공분양,부산,0
2015-01,합,공공분양,대구,0
2015-01,합,공공분양,광주,784
2015-01,합,공공분양,대전,0
2015-01,합,공공분양,울산,0
2015-01,합,공공분양,세종,0
2015-01,합,공공분양,강원,0
2015-01,합,공공분양,충북,0
2015-01,합,공공분양,충남,0
2015-01,합,공공분양,전북,990
2015-01,합,공공분양,전남,0
2015-01,합,공공분양,경북,0
2015-01,합,공공분양,경남,0
2015-01,합,공공분양,제주,0
2015-01,지자체,소계,전국,590
2015-01,지자체,소계,서울,0
2015-01,지자체,소계,인천,0
2015-01,지자체,소계,경기,0
2015-01,지자체,소계,부산,0
2015-01,지자체,소계,대구,0
2015-01,지자체,소계,광주,590
2015-01,지자체,소계,대전,0
2015-01,지자체,소계,울산,0
2015-01,지자체,소계,세종,0
2015-01,지자체,소계,강원,0
2015-01,지자체,소계,충북,0
2015-01,지자체,소계,충남,0
2015-01,지자체,소계,전북,0
2015-01,지자체,소계,전남,0
2015-01,지자체,소계,경북,0
2015-01,지자체,소계,경남,0
2015-01,지자체,소계,제주,0
2015-01,지자체,국민임대,전국,0
2015-01,지자체,국민임대,서울,0
2015-01,지자체,국민임대,인천,0
2015-01,지자체,국민임대,경기,0
2015-01,지자체,국민임대,부산,0
2015-01,지자체,국민임대,대구,0
2015-01,지자체,국민임대,광주,0
2015-01,지자체,국민임대,대전,0
2015-01,지자체,국민임대,울산,0
2015-01,지자체,국민임대,세종,0
2015-01,지자체,국민임대,강원,0
2015-01,지자체,국민임대,충북,0
2015-01,지자체,국민임대,충남,0
2015-01,지자체,국민임대,전북,0
2015-01,지자체,국민임대,전남,0
2015-01,지자체,국민임대,경북,0
2015-01,지자체,국민임대,경남,0
2015-01,지자체,국민임대,제주,0
2015-01,지자체,공공임대,전국,590
2015-01,지자체,공공임대,서울,0
2015-01,지자체,공공임대,인천,0
2015-01,지자체,공공임대,경기,0
2015-01,지자체,공공임대,부산,0
2015-01,지자체,공공임대,대구,0
2015-01,지자체,공공임대,광주,590
2015-01,지자체,공공임대,대전,0
2015-01,지자체,공공임대,울산,0
2015-01,지자체,공공임대,세종,0
2015-01,지자체,공공임대,강원,0
2015-01,지자체,공공임대,충북,0
2015-01,지자체,공공임대,충남,0
2015-01,지자체,공공임대,전북,0
2015-01,지자체,공공임대,전남,0
2015-01,지자체,공공임대,경북,0
2015-01,지자체,공공임대,경남,0
2015-01,지자체,공공임대,제주,0
2015-01,지자체,공공분양,전국,0
2015-01,지자체,공공분양,서울,0
2015-01,지자체,공공분양,인천,0
2015-01,지자체,공공분양,경기,0
2015-01,지자체,공공분양,부산,0
2015-01,지자체,공공분양,대구,0
2015-01,지자체,공공분양,광주,0
2015-01,지자체,공공분양,대전,0
2015-01,지자체,공공분양,울산,0
2015-01,지자체,공공분양,세종,0
2015-01,지자체,공공분양,강원,0
2015-01,지자체,공공분양,충북,0
2015-01,지자체,공공분양,충남,0
2015-01,지자체,공공분양,전북,0
2015-01,지자체,공공분양,전남,0
2015-01,지자체,공공분양,경북,0
2015-01,지자체,공공분양,경남,0
2015-01,지자체,공공분양,제주,0
2015-01,LH,소계,전국,2,236
2015-01,LH,소계,서울,0
2015-01,LH,소계,인천,0
2015-01,LH,소계,경기,763
2015-01,LH,소계,부산,0
2015-01,LH,소계,대구,0
2015-01,LH,소계,광주,0
2015-01,LH,소계,대전,0
2015-01,LH,소계,울산,0
2015-01,LH,소계,세종,0
2015-01,LH,소계,강원,0
2015-01,LH,소계,충북,0
2015-01,LH,소계,충남,0
2015-01,LH,소계,전북,554
2015-01,LH,소계,전남,919
2015-01,LH,소계,경북,0
2015-01,LH,소계,경남,0
2015-01,LH,소계,제주,0
2015-01,LH,국민임대,전국,0
2015-01,LH,국민임대,서울,0
2015-01,LH,국민임대,인천,0
2015-01,LH,국민임대,경기,0
2015-01,LH,국민임대,부산,0
2015-01,LH,국민임대,대구,0
2015-01,LH,국민임대,광주,0
2015-01,LH,국민임대,대전,0
2015-01,LH,국민임대,울산,0
2015-01,LH,국민임대,세종,0
2015-01,LH,국민임대,강원,0
2015-01,LH,국민임대,충북,0
2015-01,LH,국민임대,충남,0
2015-01,LH,국민임대,전북,0
2015-01,LH,국민임대,전남,0
2015-01,LH,국민임대,경북,0
2015-01,LH,국민임대,경남,0
2015-01,LH,국민임대,제주,0
2015-01,LH,공공임대,전국,919
2015-01,LH,공공임대,서울,0
2015-01,LH,공공임대,인천,0
2015-01,LH,공공임대,경기,0
2015-01,LH,공공임대,부산,0
2015-01,LH,공공임대,대구,0
2015-01,LH,공공임대,광주,0
2015-01,LH,공공임대,대전,0
2015-01,LH,공공임대,울산,0
2015-01,LH,공공임대,세종,0
2015-01,LH,공공임대,강원,0
2015-01,LH,공공임대,충북,0
2015-01,LH,공공임대,충남,0
2015-01,LH,공공임대,전북,0
2015-01,LH,공공임대,전남,919
2015-01,LH,공공임대,경북,0
2015-01,LH,공공임대,경남,0
2015-01,LH,공공임대,제주,0
2015-01,LH,공공분양,전국,1,317
2015-01,LH,공공분양,서울,0
2015-01,LH,공공분양,인천,0
2015-01,LH,공공분양,경기,763
2015-01,LH,공공분양,부산,0
2015-01,LH,공공분양,대구,0
2015-01,LH,공공분양,광주,0
2015-01,LH,공공분양,대전,0
2015-01,LH,공공분양,울산,0
2015-01,LH,공공분양,세종,0
2015-01,LH,공공분양,강원,0
2015-01,LH,공공분양,충북,0
2015-01,LH,공공분양,충남,0
2015-01,LH,공공분양,전북,554
2015-01,LH,공공분양,전남,0
2015-01,LH,공공분양,경북,0
2015-01,LH,공공분양,경남,0
2015-01,LH,공공분양,제주,0
2015-01,주택업체,소계,전국,1,276
2015-01,주택업체,소계,서울,0
2015-01,주택업체,소계,인천,0
2015-01,주택업체,소계,경기,0
2015-01,주택업체,소계,부산,0
2015-01,주택업체,소계,대구,0
2015-01,주택업체,소계,광주,784
2015-01,주택업체,소계,대전,0
2015-01,주택업체,소계,울산,0
2015-01,주택업체,소계,세종,0
2015-01,주택업체,소계,강원,0
2015-01,주택업체,소계,충북,0
2015-01,주택업체,소계,충남,0
2015-01,주택업체,소계,전북,436
2015-01,주택업체,소계,전남,56
2015-01,주택업체,소계,경북,0
2015-01,주택업체,소계,경남,0
2015-01,주택업체,소계,제주,0
2015-01,주택업체,국민임대,전국,0
2015-01,주택업체,국민임대,서울,0
2015-01,주택업체,국민임대,인천,0
2015-01,주택업체,국민임대,경기,0
2015-01,주택업체,국민임대,부산,0
2015-01,주택업체,국민임대,대구,0
2015-01,주택업체,국민임대,광주,0
2015-01,주택업체,국민임대,대전,0
2015-01,주택업체,국민임대,울산,0
2015-01,주택업체,국민임대,세종,0
2015-01,주택업체,국민임대,강원,0
2015-01,주택업체,국민임대,충북,0
2015-01,주택업체,국민임대,충남,0
2015-01,주택업체,국민임대,전북,0
2015-01,주택업체,국민임대,전남,0
2015-01,주택업체,국민임대,경북,0
2015-01,주택업체,국민임대,경남,0
2015-01,주택업체,국민임대,제주,0
2015-01,주택업체,공공임대,전국,56
2015-01,주택업체,공공임대,서울,0
2015-01,주택업체,공공임대,인천,0
2015-01,주택업체,공공임대,경기,0
2015-01,주택업체,공공임대,부산,0
2015-01,주택업체,공공임대,대구,0
2015-01,주택업체,공공임대,광주,0
2015-01,주택업체,공공임대,대전,0
2015-01,주택업체,공공임대,울산,0
2015-01,주택업체,공공임대,세종,0
2015-01,주택업체,공공임대,강원,0
2015-01,주택업체,공공임대,충북,0
2015-01,주택업체,공공임대,충남,0
2015-01,주택업체,공공임대,전북,0
2015-01,주택업체,공공임대,전남,56
2015-01,주택업체,공공임대,경북,0
2015-01,주택업체,공공임대,경남,0
2015-01,주택업체,공공임대,제주,0
2015-01,주택업체,공공분양,전국,1,220
2015-01,주택업체,공공분양,서울,0
2015-01,주택업체,공공분양,인천,0
2015-01,주택업체,공공분양,경기,0
2015-01,주택업체,공공분양,부산,0
2015-01,주택업체,공공분양,대구,0
2015-01,주택업체,공공분양,광주,784
2015-01,주택업체,공공분양,대전,0
2015-01,주택업체,공공분양,울산,0
2015-01,주택업체,공공분양,세종,0
2015-01,주택업체,공공분양,강원,0
2015-01,주택업체,공공분양,충북,0
2015-01,주택업체,공공분양,충남,0
2015-01,주택업체,공공분양,전북,436
2015-01,주택업체,공공분양,전남,0
2015-01,주택업체,공공분양,경북,0
2015-01,주택업체,공공분양,경남,0
2015-01,주택업체,공공분양,제주,0
2015-01,민간부문,소계,전국,30,145
2015-01,민간부문,소계,서울,4,986
2015-01,민간부문,소계,인천,877
2015-01,민간부문,소계,경기,5,774
2015-01,민간부문,소계,부산,2,324
2015-01,민간부문,소계,대구,2,363
2015-01,민간부문,소계,광주,313
2015-01,민간부문,소계,대전,609
2015-01,민간부문,소계,울산,279
2015-01,민간부문,소계,세종,2,397
2015-01,민간부문,소계,강원,339
2015-01,민간부문,소계,충북,531
2015-01,민간부문,소계,충남,955
2015-01,민간부문,소계,전북,1,782
2015-01,민간부문,소계,전남,943
2015-01,민간부문,소계,경북,896
2015-01,민간부문,소계,경남,4,063
2015-01,민간부문,소계,제주,714
2015-01,민간,민간임대,전국,0
2015-01,민간,민간임대,서울,0
2015-01,민간,민간임대,인천,0
2015-01,민간,민간임대,경기,0
2015-01,민간,민간임대,부산,0
2015-01,민간,민간임대,대구,0
2015-01,민간,민간임대,광주,0
2015-01,민간,민간임대,대전,0
2015-01,민간,민간임대,울산,0
2015-01,민간,민간임대,세종,0
2015-01,민간,민간임대,강원,0
2015-01,민간,민간임대,충북,0
2015-01,민간,민간임대,충남,0
2015-01,민간,민간임대,전북,0
2015-01,민간,민간임대,전남,0
2015-01,민간,민간임대,경북,0
2015-01,민간,민간임대,경남,0
2015-01,민간,민간임대,제주,0
2015-01,민간,민간분양,전국,30,145
2015-01,민간,민간분양,서울,4,986
2015-01,민간,민간분양,인천,877
2015-01,민간,민간분양,경기,5,774
2015-01,민간,민간분양,부산,2,324
2015-01,민간,민간분양,대구,2,363
2015-01,민간,민간분양,광주,313
2015-01,민간,민간분양,대전,609
2015-01,민간,민간분양,울산,279
2015-01,민간,민간분양,세종,2,397
2015-01,민간,민간분양,강원,339
2015-01,민간,민간분양,충북,531
2015-01,민간,민간분양,충남,955
2015-01,민간,민간분양,전북,1,782
2015-01,민간,민간분양,전남,943
2015-01,민간,민간분양,경북,896
2015-01,민간,민간분양,경남,4,063
2015-01,민간,민간분양,제주,714
2015-02,총계,총계,전국,28,613
2015-02,총계,총계,서울,3,924
2015-02,총계,총계,인천,741
2015-02,총계,총계,경기,9,367
2015-02,총계,총계,부산,1,020
2015-02,총계,총계,대구,785
2015-02,총계,총계,광주,1,178
2015-02,총계,총계,대전,377
2015-02,총계,총계,울산,1,971
2015-02,총계,총계,세종,1,364
2015-02,총계,총계,강원,344
2015-02,총계,총계,충북,325
2015-02,총계,총계,충남,917
2015-02,총계,총계,전북,950
2015-02,총계,총계,전남,784
2015-02,총계,총계,경북,2,654
2015-02,총계,총계,경남,1,282
2015-02,총계,총계,제주,630
2015-02,공공부문,소계,전국,948
2015-02,공공부문,소계,서울,0
2015-02,공공부문,소계,인천,0
2015-02,공공부문,소계,경기,0
2015-02,공공부문,소계,부산,0
2015-02,공공부문,소계,대구,0
2015-02,공공부문,소계,광주,0
2015-02,공공부문,소계,대전,0
2015-02,공공부문,소계,울산,0
2015-02,공공부문,소계,세종,559
2015-02,공공부문,소계,강원,0
2015-02,공공부문,소계,충북,0
2015-02,공공부문,소계,충남,299
2015-02,공공부문,소계,전북,0
2015-02,공공부문,소계,전남,90
2015-02,공공부문,소계,경북,0
2015-02,공공부문,소계,경남,0
2015-02,공공부문,소계,제주,0
2015-02,합,국민임대,전국,0
2015-02,합,국민임대,서울,0
2015-02,합,국민임대,인천,0
2015-02,합,국민임대,경기,0
2015-02,합,국민임대,부산,0
2015-02,합,국민임대,대구,0
2015-02,합,국민임대,광주,0
2015-02,합,국민임대,대전,0
2015-02,합,국민임대,울산,0
2015-02,합,국민임대,세종,0
2015-02,합,국민임대,강원,0
2015-02,합,국민임대,충북,0
2015-02,합,국민임대,충남,0
2015-02,합,국민임대,전북,0
2015-02,합,국민임대,전남,0
2015-02,합,국민임대,경북,0
2015-02,합,국민임대,경남,0
2015-02,합,국민임대,제주,0
2015-02,합,공공임대,전국,948
2015-02,합,공공임대,서울,0
2015-02,합,공공임대,인천,0
2015-02,합,공공임대,경기,0
2015-02,합,공공임대,부산,0
2015-02,합,공공임대,대구,0
2015-02,합,공공임대,광주,0
2015-02,합,공공임대,대전,0
2015-02,합,공공임대,울산,0
2015-02,합,공공임대,세종,559
2015-02,합,공공임대,강원,0
2015-02,합,공공임대,충북,0
2015-02,합,공공임대,충남,299
2015-02,합,공공임대,전북,0
2015-02,합,공공임대,전남,90
2015-02,합,공공임대,경북,0
2015-02,합,공공임대,경남,0
2015-02,합,공공임대,제주,0
2015-02,합,공공분양,전국,0
2015-02,합,공공분양,서울,0
2015-02,합,공공분양,인천,0
2015-02,합,공공분양,경기,0
2015-02,합,공공분양,부산,0
2015-02,합,공공분양,대구,0
2015-02,합,공공분양,광주,0
2015-02,합,공공분양,대전,0
2015-02,합,공공분양,울산,0
2015-02,합,공공분양,세종,0
2015-02,합,공공분양,강원,0
2015-02,합,공공분양,충북,0
2015-02,합,공공분양,충남,0
2015-02,합,공공분양,전북,0
2015-02,합,공공분양,전남,0
2015-02,합,공공분양,경북,0
2015-02,합,공공분양,경남,0
2015-02,합,공공분양,제주,0
2015-02,지자체,소계,전국,0
2015-02,지자체,소계,서울,0
2015-02,지자체,소계,인천,0
2015-02,지자체,소계,경기,0
2015-02,지자체,소계,부산,0
2015-02,지자체,소계,대구,0
2015-02,지자체,소계,광주,0
2015-02,지자체,소계,대전,0
2015-02,지자체,소계,울산,0
2015-02,지자체,소계,세종,0
2015-02,지자체,소계,강원,0
2015-02,지자체,소계,충북,0
2015-02,지자체,소계,충남,0
2015-02,지자체,소계,전북,0
2015-02,지자체,소계,전남,0
2015-02,지자체,소계,경북,0
2015-02,지자체,소계,경남,0
2015-02,지자체,소계,제주,0
2015-02,지자체,국민임대,전국,0
2015-02,지자체,국민임대,서울,0
2015-02,지자체,국민임대,인천,0
2015-02,지자체,국민임대,경기,0
2015-02,지자체,국민임대,부산,0
2015-02,지자체,국민임대,대구,0
2015-02,지자체,국민임대,광주,0
2015-02,지자체,국민임대,대전,0
2015-02,지자체,국민임대,울산,0
2015-02,지자체,국민임대,세종,0
2015-02,지자체,국민임대,강원,0
2015-02,지자체,국민임대,충북,0
2015-02,지자체,국민임대,충남,0
2015-02,지자체,국민임대,전북,0
2015-02,지자체,국민임대,전남,0
2015-02,지자체,국민임대,경북,0
2015-02,지자체,국민임대,경남,0
2015-02,지자체,국민임대,제주,0
2015-02,지자체,공공임대,전국,0
2015-02,지자체,공공임대,서울,0
2015-02,지자체,공공임대,인천,0
2015-02,지자체,공공임대,경기,0
2015-02,지자체,공공임대,부산,0
2015-02,지자체,공공임대,대구,0
2015-02,지자체,공공임대,광주,0
2015-02,지자체,공공임대,대전,0
2015-02,지자체,공공임대,울산,0
2015-02,지자체,공공임대,세종,0
2015-02,지자체,공공임대,강원,0
2015-02,지자체,공공임대,충북,0
2015-02,지자체,공공임대,충남,0
2015-02,지자체,공공임대,전북,0
2015-02,지자체,공공임대,전남,0
2015-02,지자체,공공임대,경북,0
2015-02,지자체,공공임대,경남,0
2015-02,지자체,공공임대,제주,0
2015-02,지자체,공공분양,전국,0
2015-02,지자체,공공분양,서울,0
2015-02,지자체,공공분양,인천,0
2015-02,지자체,공공분양,경기,0
2015-02,지자체,공공분양,부산,0
2015-02,지자체,공공분양,대구,0
2015-02,지자체,공공분양,광주,0
2015-02,지자체,공공분양,대전,0
2015-02,지자체,공공분양,울산,0
2015-02,지자체,공공분양,세종,0
2015-02,지자체,공공분양,강원,0
2015-02,지자체,공공분양,충북,0
2015-02,지자체,공공분양,충남,0
2015-02,지자체,공공분양,전북,0
2015-02,지자체,공공분양,전남,0
2015-02,지자체,공공분양,경북,0
2015-02,지자체,공공분양,경남,0
2015-02,지자체,공공분양,제주,0
2015-02,LH,소계,전국,0
2015-02,LH,소계,서울,0
2015-02,LH,소계,인천,0
2015-02,LH,소계,경기,0
2015-02,LH,소계,부산,0
2015-02,LH,소계,대구,0
2015-02,LH,소계,광주,0
2015-02,LH,소계,대전,0
2015-02,LH,소계,울산,0
2015-02,LH,소계,세종,0
2015-02,LH,소계,강원,0
2015-02,LH,소계,충북,0
2015-02,LH,소계,충남,0
2015-02,LH,소계,전북,0
2015-02,LH,소계,전남,0
2015-02,LH,소계,경북,0
2015-02,LH,소계,경남,0
2015-02,LH,소계,제주,0
2015-02,LH,국민임대,전국,0
2015-02,LH,국민임대,서울,0
2015-02,LH,국민임대,인천,0
2015-02,LH,국민임대,경기,0
2015-02,LH,국민임대,부산,0
2015-02,LH,국민임대,대구,0
2015-02,LH,국민임대,광주,0
2015-02,LH,국민임대,대전,0
2015-02,LH,국민임대,울산,0
2015-02,LH,국민임대,세종,0
2015-02,LH,국민임대,강원,0
2015-02,LH,국민임대,충북,0
2015-02,LH,국민임대,충남,0
2015-02,LH,국민임대,전북,0
2015-02,LH,국민임대,전남,0
2015-02,LH,국민임대,경북,0
2015-02,LH,국민임대,경남,0
2015-02,LH,국민임대,제주,0
2015-02,LH,공공임대,전국,0
2015-02,LH,공공임대,서울,0
2015-02,LH,공공임대,인천,0
2015-02,LH,공공임대,경기,0
2015-02,LH,공공임대,부산,0
2015-02,LH,공공임대,대구,0
2015-02,LH,공공임대,광주,0
2015-02,LH,공공임대,대전,0
2015-02,LH,공공임대,울산,0
2015-02,LH,공공임대,세종,0
2015-02,LH,공공임대,강원,0
2015-02,LH,공공임대,충북,0
2015-02,LH,공공임대,충남,0
2015-02,LH,공공임대,전북,0
2015-02,LH,공공임대,전남,0
2015-02,LH,공공임대,경북,0
2015-02,LH,공공임대,경남,0
2015-02,LH,공공임대,제주,0
2015-02,LH,공공분양,전국,0
2015-02,LH,공공분양,서울,0
2015-02,LH,공공분양,인천,0
2015-02,LH,공공분양,경기,0
2015-02,LH,공공분양,부산,0
2015-02,LH,공공분양,대구,0
2015-02,LH,공공분양,광주,0
2015-02,LH,공공분양,대전,0
2015-02,LH,공공분양,울산,0
2015-02,LH,공공분양,세종,0
2015-02,LH,공공분양,강원,0
2015-02,LH,공공분양,충북,0
2015-02,LH,공공분양,충남,0
2015-02,LH,공공분양,전북,0
2015-02,LH,공공분양,전남,0
2015-02,LH,공공분양,경북,0
2015-02,LH,공공분양,경남,0
2015-02,LH,공공분양,제주,0
2015-02,주택업체,소계,전국,948
2015-02,주택업체,소계,서울,0
2015-02,주택업체,소계,인천,0
2015-02,주택업체,소계,경기,0
2015-02,주택업체,소계,부산,0
2015-02,주택업체,소계,대구,0
2015-02,주택업체,소계,광주,0
2015-02,주택업체,소계,대전,0
2015-02,주택업체,소계,울산,0
2015-02,주택업체,소계,세종,559
2015-02,주택업체,소계,강원,0
2015-02,주택업체,소계,충북,0
2015-02,주택업체,소계,충남,299
2015-02,주택업체,소계,전북,0
2015-02,주택업체,소계,전남,90
2015-02,주택업체,소계,경북,0
2015-02,주택업체,소계,경남,0
2015-02,주택업체,소계,제주,0
2015-02,주택업체,국민임대,전국,0
2015-02,주택업체,국민임대,서울,0
2015-02,주택업체,국민임대,인천,0
2015-02,주택업체,국민임대,경기,0
2015-02,주택업체,국민임대,부산,0
2015-02,주택업체,국민임대,대구,0
2015-02,주택업체,국민임대,광주,0
2015-02,주택업체,국민임대,대전,0
2015-02,주택업체,국민임대,울산,0
2015-02,주택업체,국민임대,세종,0
2015-02,주택업체,국민임대,강원,0
2015-02,주택업체,국민임대,충북,0
2015-02,주택업체,국민임대,충남,0
2015-02,주택업체,국민임대,전북,0
2015-02,주택업체,국민임대,전남,0
2015-02,주택업체,국민임대,경북,0
2015-02,주택업체,국민임대,경남,0
2015-02,주택업체,국민임대,제주,0
2015-02,주택업체,공공임대,전국,948
2015-02,주택업체,공공임대,서울,0
2015-02,주택업체,공공임대,인천,0
2015-02,주택업체,공공임대,경기,0
2015-02,주택업체,공공임대,부산,0
2015-02,주택업체,공공임대,대구,0
2015-02,주택업체,공공임대,광주,0
2015-02,주택업체,공공임대,대전,0
2015-02,주택업체,공공임대,울산,0
2015-02,주택업체,공공임대,세종,559
2015-02,주택업체,공공임대,강원,0
2015-02,주택업체,공공임대,충북,0
2015-02,주택업체,공공임대,충남,299
2015-02,주택업체,공공임대,전북,0
2015-02,주택업체,공공임대,전남,90
2015-02,주택업체,공공임대,경북,0
2015-02,주택업체,공공임대,경남,0
2015-02,주택업체,공공임대,제주,0
2015-02,주택업체,공공분양,전국,0
2015-02,주택업체,공공분양,서울,0
2015-02,주택업체,공공분양,인천,0
2015-02,주택업체,공공분양,경기,0
2015-02,주택업체,공공분양,부산,0
2015-02,주택업체,공공분양,대구,0
2015-02,주택업체,공공분양,광주,0
2015-02,주택업체,공공분양,대전,0
2015-02,주택업체,공공분양,울산,0
2015-02,주택업체,공공분양,세종,0
2015-02,주택업체,공공분양,강원,0
2015-02,주택업체,공공분양,충북,0
2015-02,주택업체,공공분양,충남,0
2015-02,주택업체,공공분양,전북,0
2015-02,주택업체,공공분양,전남,0
2015-02,주택업체,공공분양,경북,0
2015-02,주택업체,공공분양,경남,0
2015-02,주택업체,공공분양,제주,0
2015-02,민간부문,소계,전국,27,665
2015-02,민간부문,소계,서울,3,924
2015-02,민간부문,소계,인천,741
2015-02,민간부문,소계,경기,9,367
2015-02,민간부문,소계,부산,1,020
2015-02,민간부문,소계,대구,785
2015-02,민간부문,소계,광주,1,178
2015-02,민간부문,소계,대전,377
2015-02,민간부문,소계,울산,1,971
2015-02,민간부문,소계,세종,805
2015-02,민간부문,소계,강원,344
2015-02,민간부문,소계,충북,325
2015-02,민간부문,소계,충남,618
2015-02,민간부문,소계,전북,950
2015-02,민간부문,소계,전남,694
2015-02,민간부문,소계,경북,2,654
2015-02,민간부문,소계,경남,1,282
2015-02,민간부문,소계,제주,630
2015-02,민간,민간임대,전국,604
2015-02,민간,민간임대,서울,189
2015-02,민간,민간임대,인천,0
2015-02,민간,민간임대,경기,0
2015-02,민간,민간임대,부산,0
2015-02,민간,민간임대,대구,0
2015-02,민간,민간임대,광주,0
2015-02,민간,민간임대,대전,0
2015-02,민간,민간임대,울산,157
2015-02,민간,민간임대,세종,0
2015-02,민간,민간임대,강원,0
2015-02,민간,민간임대,충북,0
2015-02,민간,민간임대,충남,174
2015-02,민간,민간임대,전북,0
2015-02,민간,민간임대,전남,84
2015-02,민간,민간임대,경북,0
2015-02,민간,민간임대,경남,0
2015-02,민간,민간임대,제주,0
2015-02,민간,민간분양,전국,27,061
2015-02,민간,민간분양,서울,3,735
2015-02,민간,민간분양,인천,741
2015-02,민간,민간분양,경기,9,367
2015-02,민간,민간분양,부산,1,020
2015-02,민간,민간분양,대구,785
2015-02,민간,민간분양,광주,1,178
2015-02,민간,민간분양,대전,377
2015-02,민간,민간분양,울산,1,814
2015-02,민간,민간분양,세종,805
2015-02,민간,민간분양,강원,344
2015-02,민간,민간분양,충북,325
2015-02,민간,민간분양,충남,444
2015-02,민간,민간분양,전북,950
2015-02,민간,민간분양,전남,610
2015-02,민간,민간분양,경북,2,654
2015-02,민간,민간분양,경남,1,282
2015-02,민간,민간분양,제주,630
2015-03,총계,총계,전국,29,804
2015-03,총계,총계,서울,3,981
2015-03,총계,총계,인천,954
2015-03,총계,총계,경기,5,067
2015-03,총계,총계,부산,2,493
2015-03,총계,총계,대구,2,801
2015-03,총계,총계,광주,900
2015-03,총계,총계,대전,124
2015-03,총계,총계,울산,1,364
2015-03,총계,총계,세종,560
2015-03,총계,총계,강원,257
2015-03,총계,총계,충북,1,291
2015-03,총계,총계,충남,1,576
2015-03,총계,총계,전북,960
2015-03,총계,총계,전남,1,476
2015-03,총계,총계,경북,2,988
2015-03,총계,총계,경남,2,580
2015-03,총계,총계,제주,432
2015-03,공공부문,소계,전국,5,781
2015-03,공공부문,소계,서울,29
2015-03,공공부문,소계,인천,0
2015-03,공공부문,소계,경기,1,503
2015-03,공공부문,소계,부산,43
2015-03,공공부문,소계,대구,2,405
2015-03,공공부문,소계,광주,735
2015-03,공공부문,소계,대전,0
2015-03,공공부문,소계,울산,0
2015-03,공공부문,소계,세종,0
2015-03,공공부문,소계,강원,0
2015-03,공공부문,소계,충북,0
2015-03,공공부문,소계,충남,0
2015-03,공공부문,소계,전북,210
2015-03,공공부문,소계,전남,0
2015-03,공공부문,소계,경북,856
2015-03,공공부문,소계,경남,0
2015-03,공공부문,소계,제주,0
2015-03,합,국민임대,전국,1,551
2015-03,합,국민임대,서울,0
2015-03,합,국민임대,인천,0
2015-03,합,국민임대,경기,1,255
2015-03,합,국민임대,부산,0
2015-03,합,국민임대,대구,0
2015-03,합,국민임대,광주,0
2015-03,합,국민임대,대전,0
2015-03,합,국민임대,울산,0
2015-03,합,국민임대,세종,0
2015-03,합,국민임대,강원,0
2015-03,합,국민임대,충북,0
2015-03,합,국민임대,충남,0
2015-03,합,국민임대,전북,0
2015-03,합,국민임대,전남,0
2015-03,합,국민임대,경북,296
2015-03,합,국민임대,경남,0
2015-03,합,국민임대,제주,0
2015-03,합,공공임대,전국,1,012
2015-03,합,공공임대,서울,29
2015-03,합,공공임대,인천,0
2015-03,합,공공임대,경기,248
2015-03,합,공공임대,부산,0
2015-03,합,공공임대,대구,0
2015-03,합,공공임대,광주,735
2015-03,합,공공임대,대전,0
2015-03,합,공공임대,울산,0
2015-03,합,공공임대,세종,0
2015-03,합,공공임대,강원,0
2015-03,합,공공임대,충북,0
2015-03,합,공공임대,충남,0
2015-03,합,공공임대,전북,0
2015-03,합,공공임대,전남,0
2015-03,합,공공임대,경북,0
2015-03,합,공공임대,경남,0
2015-03,합,공공임대,제주,0
2015-03,합,공공분양,전국,3,218
2015-03,합,공공분양,서울,0
2015-03,합,공공분양,인천,0
2015-03,합,공공분양,경기,0
2015-03,합,공공분양,부산,43
2015-03,합,공공분양,대구,2,405
2015-03,합,공공분양,광주,0
2015-03,합,공공분양,대전,0
2015-03,합,공공분양,울산,0
2015-03,합,공공분양,세종,0
2015-03,합,공공분양,강원,0
2015-03,합,공공분양,충북,0
2015-03,합,공공분양,충남,0
2015-03,합,공공분양,전북,210
2015-03,합,공공분양,전남,0
2015-03,합,공공분양,경북,560
2015-03,합,공공분양,경남,0
2015-03,합,공공분양,제주,0
2015-03,지자체,소계,전국,29
2015-03,지자체,소계,서울,29
2015-03,지자체,소계,인천,0
2015-03,지자체,소계,경기,0
2015-03,지자체,소계,부산,0
2015-03,지자체,소계,대구,0
2015-03,지자체,소계,광주,0
2015-03,지자체,소계,대전,0
2015-03,지자체,소계,울산,0
2015-03,지자체,소계,세종,0
2015-03,지자체,소계,강원,0
2015-03,지자체,소계,충북,0
2015-03,지자체,소계,충남,0
2015-03,지자체,소계,전북,0
2015-03,지자체,소계,전남,0
2015-03,지자체,소계,경북,0
2015-03,지자체,소계,경남,0
2015-03,지자체,소계,제주,0
2015-03,지자체,국민임대,전국,0
2015-03,지자체,국민임대,서울,0
2015-03,지자체,국민임대,인천,0
2015-03,지자체,국민임대,경기,0
2015-03,지자체,국민임대,부산,0
2015-03,지자체,국민임대,대구,0
2015-03,지자체,국민임대,광주,0
2015-03,지자체,국민임대,대전,0
2015-03,지자체,국민임대,울산,0
2015-03,지자체,국민임대,세종,0
2015-03,지자체,국민임대,강원,0
2015-03,지자체,국민임대,충북,0
2015-03,지자체,국민임대,충남,0
2015-03,지자체,국민임대,전북,0
2015-03,지자체,국민임대,전남,0
2015-03,지자체,국민임대,경북,0
2015-03,지자체,국민임대,경남,0
2015-03,지자체,국민임대,제주,0
2015-03,지자체,공공임대,전국,29
2015-03,지자체,공공임대,서울,29
2015-03,지자체,공공임대,인천,0
2015-03,지자체,공공임대,경기,0
2015-03,지자체,공공임대,부산,0
2015-03,지자체,공공임대,대구,0
2015-03,지자체,공공임대,광주,0
2015-03,지자체,공공임대,대전,0
2015-03,지자체,공공임대,울산,0
2015-03,지자체,공공임대,세종,0
2015-03,지자체,공공임대,강원,0
2015-03,지자체,공공임대,충북,0
2015-03,지자체,공공임대,충남,0
2015-03,지자체,공공임대,전북,0
2015-03,지자체,공공임대,전남,0
2015-03,지자체,공공임대,경북,0
2015-03,지자체,공공임대,경남,0
2015-03,지자체,공공임대,제주,0
2015-03,지자체,공공분양,전국,0
2015-03,지자체,공공분양,서울,0
2015-03,지자체,공공분양,인천,0
2015-03,지자체,공공분양,경기,0
2015-03,지자체,공공분양,부산,0
2015-03,지자체,공공분양,대구,0
2015-03,지자체,공공분양,광주,0
2015-03,지자체,공공분양,대전,0
2015-03,지자체,공공분양,울산,0
2015-03,지자체,공공분양,세종,0
2015-03,지자체,공공분양,강원,0
2015-03,지자체,공공분양,충북,0
2015-03,지자체,공공분양,충남,0
2015-03,지자체,공공분양,전북,0
2015-03,지자체,공공분양,전남,0
2015-03,지자체,공공분양,경북,0
2015-03,지자체,공공분양,경남,0
2015-03,지자체,공공분양,제주,0
2015-03,LH,소계,전국,4,204
2015-03,LH,소계,서울,0
2015-03,LH,소계,인천,0
2015-03,LH,소계,경기,1,503
2015-03,LH,소계,부산,0
2015-03,LH,소계,대구,2,405
2015-03,LH,소계,광주,0
2015-03,LH,소계,대전,0
2015-03,LH,소계,울산,0
2015-03,LH,소계,세종,0
2015-03,LH,소계,강원,0
2015-03,LH,소계,충북,0
2015-03,LH,소계,충남,0
2015-03,LH,소계,전북,0
2015-03,LH,소계,전남,0
2015-03,LH,소계,경북,296
2015-03,LH,소계,경남,0
2015-03,LH,소계,제주,0
2015-03,LH,국민임대,전국,1,551
2015-03,LH,국민임대,서울,0
2015-03,LH,국민임대,인천,0
2015-03,LH,국민임대,경기,1,255
2015-03,LH,국민임대,부산,0
2015-03,LH,국민임대,대구,0
2015-03,LH,국민임대,광주,0
2015-03,LH,국민임대,대전,0
2015-03,LH,국민임대,울산,0
2015-03,LH,국민임대,세종,0
2015-03,LH,국민임대,강원,0
2015-03,LH,국민임대,충북,0
2015-03,LH,국민임대,충남,0
2015-03,LH,국민임대,전북,0
2015-03,LH,국민임대,전남,0
2015-03,LH,국민임대,경북,296
2015-03,LH,국민임대,경남,0
2015-03,LH,국민임대,제주,0
2015-03,LH,공공임대,전국,248
2015-03,LH,공공임대,서울,0
2015-03,LH,공공임대,인천,0
2015-03,LH,공공임대,경기,248
2015-03,LH,공공임대,부산,0
2015-03,LH,공공임대,대구,0
2015-03,LH,공공임대,광주,0
2015-03,LH,공공임대,대전,0
2015-03,LH,공공임대,울산,0
2015-03,LH,공공임대,세종,0
2015-03,LH,공공임대,강원,0
2015-03,LH,공공임대,충북,0
2015-03,LH,공공임대,충남,0
2015-03,LH,공공임대,전북,0
2015-03,LH,공공임대,전남,0
2015-03,LH,공공임대,경북,0
2015-03,LH,공공임대,경남,0
2015-03,LH,공공임대,제주,0
2015-03,LH,공공분양,전국,2,405
2015-03,LH,공공분양,서울,0
2015-03,LH,공공분양,인천,0
2015-03,LH,공공분양,경기,0
2015-03,LH,공공분양,부산,0
2015-03,LH,공공분양,대구,2,405
2015-03,LH,공공분양,광주,0
2015-03,LH,공공분양,대전,0
2015-03,LH,공공분양,울산,0
2015-03,LH,공공분양,세종,0
2015-03,LH,공공분양,강원,0
2015-03,LH,공공분양,충북,0
2015-03,LH,공공분양,충남,0
2015-03,LH,공공분양,전북,0
2015-03,LH,공공분양,전남,0
2015-03,LH,공공분양,경북,0
2015-03,LH,공공분양,경남,0
2015-03,LH,공공분양,제주,0
2015-03,주택업체,소계,전국,1,548
2015-03,주택업체,소계,서울,0
2015-03,주택업체,소계,인천,0
2015-03,주택업체,소계,경기,0
2015-03,주택업체,소계,부산,43
2015-03,주택업체,소계,대구,0
2015-03,주택업체,소계,광주,735
2015-03,주택업체,소계,대전,0
2015-03,주택업체,소계,울산,0
2015-03,주택업체,소계,세종,0
2015-03,주택업체,소계,강원,0
2015-03,주택업체,소계,충북,0
2015-03,주택업체,소계,충남,0
2015-03,주택업체,소계,전북,210
2015-03,주택업체,소계,전남,0
2015-03,주택업체,소계,경북,560
2015-03,주택업체,소계,경남,0
2015-03,주택업체,소계,제주,0
2015-03,주택업체,국민임대,전국,0
2015-03,주택업체,국민임대,서울,0
2015-03,주택업체,국민임대,인천,0
2015-03,주택업체,국민임대,경기,0
2015-03,주택업체,국민임대,부산,0
2015-03,주택업체,국민임대,대구,0
2015-03,주택업체,국민임대,광주,0
2015-03,주택업체,국민임대,대전,0
2015-03,주택업체,국민임대,울산,0
2015-03,주택업체,국민임대,세종,0
2015-03,주택업체,국민임대,강원,0
2015-03,주택업체,국민임대,충북,0
2015-03,주택업체,국민임대,충남,0
2015-03,주택업체,국민임대,전북,0
2015-03,주택업체,국민임대,전남,0
2015-03,주택업체,국민임대,경북,0
2015-03,주택업체,국민임대,경남,0
2015-03,주택업체,국민임대,제주,0
2015-03,주택업체,공공임대,전국,735
2015-03,주택업체,공공임대,서울,0
2015-03,주택업체,공공임대,인천,0
2015-03,주택업체,공공임대,경기,0
2015-03,주택업체,공공임대,부산,0
2015-03,주택업체,공공임대,대구,0
2015-03,주택업체,공공임대,광주,735
2015-03,주택업체,공공임대,대전,0
2015-03,주택업체,공공임대,울산,0
2015-03,주택업체,공공임대,세종,0
2015-03,주택업체,공공임대,강원,0
2015-03,주택업체,공공임대,충북,0
2015-03,주택업체,공공임대,충남,0
2015-03,주택업체,공공임대,전북,0
2015-03,주택업체,공공임대,전남,0
2015-03,주택업체,공공임대,경북,0
2015-03,주택업체,공공임대,경남,0
2015-03,주택업체,공공임대,제주,0
2015-03,주택업체,공공분양,전국,813
2015-03,주택업체,공공분양,서울,0
2015-03,주택업체,공공분양,인천,0
2015-03,주택업체,공공분양,경기,0
2015-03,주택업체,공공분양,부산,43
2015-03,주택업체,공공분양,대구,0
2015-03,주택업체,공공분양,광주,0
2015-03,주택업체,공공분양,대전,0
2015-03,주택업체,공공분양,울산,0
2015-03,주택업체,공공분양,세종,0
2015-03,주택업체,공공분양,강원,0
2015-03,주택업체,공공분양,충북,0
2015-03,주택업체,공공분양,충남,0
2015-03,주택업체,공공분양,전북,210
2015-03,주택업체,공공분양,전남,0
2015-03,주택업체,공공분양,경북,560
2015-03,주택업체,공공분양,경남,0
2015-03,주택업체,공공분양,제주,0
2015-03,민간부문,소계,전국,24,023
2015-03,민간부문,소계,서울,3,952
2015-03,민간부문,소계,인천,954
2015-03,민간부문,소계,경기,3,564
2015-03,민간부문,소계,부산,2,450
2015-03,민간부문,소계,대구,396
2015-03,민간부문,소계,광주,165
2015-03,민간부문,소계,대전,124
2015-03,민간부문,소계,울산,1,364
2015-03,민간부문,소계,세종,560
2015-03,민간부문,소계,강원,257
2015-03,민간부문,소계,충북,1,291
2015-03,민간부문,소계,충남,1,576
2015-03,민간부문,소계,전북,750
2015-03,민간부문,소계,전남,1,476
2015-03,민간부문,소계,경북,2,132
2015-03,민간부문,소계,경남,2,580
2015-03,민간부문,소계,제주,432
2015-03,민간,민간임대,전국,0
2015-03,민간,민간임대,서울,0
2015-03,민간,민간임대,인천,0
2015-03,민간,민간임대,경기,0
2015-03,민간,민간임대,부산,0
2015-03,민간,민간임대,대구,0
2015-03,민간,민간임대,광주,0
2015-03,민간,민간임대,대전,0
2015-03,민간,민간임대,울산,0
2015-03,민간,민간임대,세종,0
2015-03,민간,민간임대,강원,0
2015-03,민간,민간임대,충북,0
2015-03,민간,민간임대,충남,0
2015-03,민간,민간임대,전북,0
2015-03,민간,민간임대,전남,0
2015-03,민간,민간임대,경북,0
2015-03,민간,민간임대,경남,0
2015-03,민간,민간임대,제주,0
2015-03,민간,민간분양,전국,24,023
2015-03,민간,민간분양,서울,3,952
2015-03,민간,민간분양,인천,954
2015-03,민간,민간분양,경기,3,564
2015-03,민간,민간분양,부산,2,450
2015-03,민간,민간분양,대구,396
2015-03,민간,민간분양,광주,165
2015-03,민간,민간분양,대전,124
2015-03,민간,민간분양,울산,1,364
2015-03,민간,민간분양,세종,560
2015-03,민간,민간분양,강원,257
2015-03,민간,민간분양,충북,1,291
2015-03,민간,민간분양,충남,1,576
2015-03,민간,민간분양,전북,750
2015-03,민간,민간분양,전남,1,476
2015-03,민간,민간분양,경북,2,132
2015-03,민간,민간분양,경남,2,580
2015-03,민간,민간분양,제주,432
2015-04,총계,총계,전국,30,690
2015-04,총계,총계,서울,6,989
2015-04,총계,총계,인천,830
2015-04,총계,총계,경기,7,326
2015-04,총계,총계,부산,1,048
2015-04,총계,총계,대구,2,333
2015-04,총계,총계,광주,269
2015-04,총계,총계,대전,78
2015-04,총계,총계,울산,1,538
2015-04,총계,총계,세종,2,009
2015-04,총계,총계,강원,889
2015-04,총계,총계,충북,375
2015-04,총계,총계,충남,1,320
2015-04,총계,총계,전북,209
2015-04,총계,총계,전남,562
2015-04,총계,총계,경북,1,964
2015-04,총계,총계,경남,2,519
2015-04,총계,총계,제주,432
2015-04,공공부문,소계,전국,7,888
2015-04,공공부문,소계,서울,1,505
2015-04,공공부문,소계,인천,0
2015-04,공공부문,소계,경기,2,001
2015-04,공공부문,소계,부산,0
2015-04,공공부문,소계,대구,908
2015-04,공공부문,소계,광주,0
2015-04,공공부문,소계,대전,0
2015-04,공공부문,소계,울산,0
2015-04,공공부문,소계,세종,0
2015-04,공공부문,소계,강원,0
2015-04,공공부문,소계,충북,0
2015-04,공공부문,소계,충남,290
2015-04,공공부문,소계,전북,0
2015-04,공공부문,소계,전남,140
2015-04,공공부문,소계,경북,1,271
2015-04,공공부문,소계,경남,1,773
2015-04,공공부문,소계,제주,0
2015-04,합,국민임대,전국,0
2015-04,합,국민임대,서울,0
2015-04,합,국민임대,인천,0
2015-04,합,국민임대,경기,0
2015-04,합,국민임대,부산,0
2015-04,합,국민임대,대구,0
2015-04,합,국민임대,광주,0
2015-04,합,국민임대,대전,0
2015-04,합,국민임대,울산,0
2015-04,합,국민임대,세종,0
2015-04,합,국민임대,강원,0
2015-04,합,국민임대,충북,0
2015-04,합,국민임대,충남,0
2015-04,합,국민임대,전북,0
2015-04,합,국민임대,전남,0
2015-04,합,국민임대,경북,0
2015-04,합,국민임대,경남,0
2015-04,합,국민임대,제주,0
2015-04,합,공공임대,전국,5,042
2015-04,합,공공임대,서울,920
2015-04,합,공공임대,인천,0
2015-04,합,공공임대,경기,1,386
2015-04,합,공공임대,부산,0
2015-04,합,공공임대,대구,908
2015-04,합,공공임대,광주,0
2015-04,합,공공임대,대전,0
2015-04,합,공공임대,울산,0
2015-04,합,공공임대,세종,0
2015-04,합,공공임대,강원,0
2015-04,합,공공임대,충북,0
2015-04,합,공공임대,충남,0
2015-04,합,공공임대,전북,0
2015-04,합,공공임대,전남,140
2015-04,합,공공임대,경북,1,271
2015-04,합,공공임대,경남,417
2015-04,합,공공임대,제주,0
2015-04,합,공공분양,전국,2,846
2015-04,합,공공분양,서울,585
2015-04,합,공공분양,인천,0
2015-04,합,공공분양,경기,615
2015-04,합,공공분양,부산,0
2015-04,합,공공분양,대구,0
2015-04,합,공공분양,광주,0
2015-04,합,공공분양,대전,0
2015-04,합,공공분양,울산,0
2015-04,합,공공분양,세종,0
2015-04,합,공공분양,강원,0
2015-04,합,공공분양,충북,0
2015-04,합,공공분양,충남,290
2015-04,합,공공분양,전북,0
2015-04,합,공공분양,전남,0
2015-04,합,공공분양,경북,0
2015-04,합,공공분양,경남,1,356
2015-04,합,공공분양,제주,0
2015-04,지자체,소계,전국,0
2015-04,지자체,소계,서울,0
2015-04,지자체,소계,인천,0
2015-04,지자체,소계,경기,0
2015-04,지자체,소계,부산,0
2015-04,지자체,소계,대구,0
2015-04,지자체,소계,광주,0
2015-04,지자체,소계,대전,0
2015-04,지자체,소계,울산,0
2015-04,지자체,소계,세종,0
2015-04,지자체,소계,강원,0
2015-04,지자체,소계,충북,0
2015-04,지자체,소계,충남,0
2015-04,지자체,소계,전북,0
2015-04,지자체,소계,전남,0
2015-04,지자체,소계,경북,0
2015-04,지자체,소계,경남,0
2015-04,지자체,소계,제주,0
2015-04,지자체,국민임대,전국,0
2015-04,지자체,국민임대,서울,0
2015-04,지자체,국민임대,인천,0
2015-04,지자체,국민임대,경기,0
2015-04,지자체,국민임대,부산,0
2015-04,지자체,국민임대,대구,0
2015-04,지자체,국민임대,광주,0
2015-04,지자체,국민임대,대전,0
2015-04,지자체,국민임대,울산,0
2015-04,지자체,국민임대,세종,0
2015-04,지자체,국민임대,강원,0
2015-04,지자체,국민임대,충북,0
2015-04,지자체,국민임대,충남,0
2015-04,지자체,국민임대,전북,0
2015-04,지자체,국민임대,전남,0
2015-04,지자체,국민임대,경북,0
2015-04,지자체,국민임대,경남,0
2015-04,지자체,국민임대,제주,0
2015-04,지자체,공공임대,전국,0
2015-04,지자체,공공임대,서울,0
2015-04,지자체,공공임대,인천,0
2015-04,지자체,공공임대,경기,0
2015-04,지자체,공공임대,부산,0
2015-04,지자체,공공임대,대구,0
2015-04,지자체,공공임대,광주,0
2015-04,지자체,공공임대,대전,0
2015-04,지자체,공공임대,울산,0
2015-04,지자체,공공임대,세종,0
2015-04,지자체,공공임대,강원,0
2015-04,지자체,공공임대,충북,0
2015-04,지자체,공공임대,충남,0
2015-04,지자체,공공임대,전북,0
2015-04,지자체,공공임대,전남,0
2015-04,지자체,공공임대,경북,0
2015-04,지자체,공공임대,경남,0
2015-04,지자체,공공임대,제주,0
2015-04,지자체,공공분양,전국,0
2015-04,지자체,공공분양,서울,0
2015-04,지자체,공공분양,인천,0
2015-04,지자체,공공분양,경기,0
2015-04,지자체,공공분양,부산,0
2015-04,지자체,공공분양,대구,0
2015-04,지자체,공공분양,광주,0
2015-04,지자체,공공분양,대전,0
2015-04,지자체,공공분양,울산,0
2015-04,지자체,공공분양,세종,0
2015-04,지자체,공공분양,강원,0
2015-04,지자체,공공분양,충북,0
2015-04,지자체,공공분양,충남,0
2015-04,지자체,공공분양,전북,0
2015-04,지자체,공공분양,전남,0
2015-04,지자체,공공분양,경북,0
2015-04,지자체,공공분양,경남,0
2015-04,지자체,공공분양,제주,0
2015-04,LH,소계,전국,5,490
2015-04,LH,소계,서울,920
2015-04,LH,소계,인천,0
2015-04,LH,소계,경기,2,001
2015-04,LH,소계,부산,0
2015-04,LH,소계,대구,0
2015-04,LH,소계,광주,0
2015-04,LH,소계,대전,0
2015-04,LH,소계,울산,0
2015-04,LH,소계,세종,0
2015-04,LH,소계,강원,0
2015-04,LH,소계,충북,0
2015-04,LH,소계,충남,0
2015-04,LH,소계,전북,0
2015-04,LH,소계,전남,0
2015-04,LH,소계,경북,1,271
2015-04,LH,소계,경남,1,298
2015-04,LH,소계,제주,0
2015-04,LH,국민임대,전국,0
2015-04,LH,국민임대,서울,0
2015-04,LH,국민임대,인천,0
2015-04,LH,국민임대,경기,0
2015-04,LH,국민임대,부산,0
2015-04,LH,국민임대,대구,0
2015-04,LH,국민임대,광주,0
2015-04,LH,국민임대,대전,0
2015-04,LH,국민임대,울산,0
2015-04,LH,국민임대,세종,0
2015-04,LH,국민임대,강원,0
2015-04,LH,국민임대,충북,0
2015-04,LH,국민임대,충남,0
2015-04,LH,국민임대,전북,0
2015-04,LH,국민임대,전남,0
2015-04,LH,국민임대,경북,0
2015-04,LH,국민임대,경남,0
2015-04,LH,국민임대,제주,0
2015-04,LH,공공임대,전국,3,577
2015-04,LH,공공임대,서울,920
2015-04,LH,공공임대,인천,0
2015-04,LH,공공임대,경기,1,386
2015-04,LH,공공임대,부산,0
2015-04,LH,공공임대,대구,0
2015-04,LH,공공임대,광주,0
2015-04,LH,공공임대,대전,0
2015-04,LH,공공임대,울산,0
2015-04,LH,공공임대,세종,0
2015-04,LH,공공임대,강원,0
2015-04,LH,공공임대,충북,0
2015-04,LH,공공임대,충남,0
2015-04,LH,공공임대,전북,0
2015-04,LH,공공임대,전남,0
2015-04,LH,공공임대,경북,1,271
2015-04,LH,공공임대,경남,0
2015-04,LH,공공임대,제주,0
2015-04,LH,공공분양,전국,1,913
2015-04,LH,공공분양,서울,0
2015-04,LH,공공분양,인천,0
2015-04,LH,공공분양,경기,615
2015-04,LH,공공분양,부산,0
2015-04,LH,공공분양,대구,0
2015-04,LH,공공분양,광주,0
2015-04,LH,공공분양,대전,0
2015-04,LH,공공분양,울산,0
2015-04,LH,공공분양,세종,0
2015-04,LH,공공분양,강원,0
2015-04,LH,공공분양,충북,0
2015-04,LH,공공분양,충남,0
2015-04,LH,공공분양,전북,0
2015-04,LH,공공분양,전남,0
2015-04,LH,공공분양,경북,0
2015-04,LH,공공분양,경남,1,298
2015-04,LH,공공분양,제주,0
2015-04,주택업체,소계,전국,2,398
2015-04,주택업체,소계,서울,585
2015-04,주택업체,소계,인천,0
2015-04,주택업체,소계,경기,0
2015-04,주택업체,소계,부산,0
2015-04,주택업체,소계,대구,908
2015-04,주택업체,소계,광주,0
2015-04,주택업체,소계,대전,0
2015-04,주택업체,소계,울산,0
2015-04,주택업체,소계,세종,0
2015-04,주택업체,소계,강원,0
2015-04,주택업체,소계,충북,0
2015-04,주택업체,소계,충남,290
2015-04,주택업체,소계,전북,0
2015-04,주택업체,소계,전남,140
2015-04,주택업체,소계,경북,0
2015-04,주택업체,소계,경남,475
2015-04,주택업체,소계,제주,0
2015-04,주택업체,국민임대,전국,0
2015-04,주택업체,국민임대,서울,0
2015-04,주택업체,국민임대,인천,0
2015-04,주택업체,국민임대,경기,0
2015-04,주택업체,국민임대,부산,0
2015-04,주택업체,국민임대,대구,0
2015-04,주택업체,국민임대,광주,0
2015-04,주택업체,국민임대,대전,0
2015-04,주택업체,국민임대,울산,0
2015-04,주택업체,국민임대,세종,0
2015-04,주택업체,국민임대,강원,0
2015-04,주택업체,국민임대,충북,0
2015-04,주택업체,국민임대,충남,0
2015-04,주택업체,국민임대,전북,0
2015-04,주택업체,국민임대,전남,0
2015-04,주택업체,국민임대,경북,0
2015-04,주택업체,국민임대,경남,0
2015-04,주택업체,국민임대,제주,0
2015-04,주택업체,공공임대,전국,1,465
2015-04,주택업체,공공임대,서울,0
2015-04,주택업체,공공임대,인천,0
2015-04,주택업체,공공임대,경기,0
2015-04,주택업체,공공임대,부산,0
2015-04,주택업체,공공임대,대구,908
2015-04,주택업체,공공임대,광주,0
2015-04,주택업체,공공임대,대전,0
2015-04,주택업체,공공임대,울산,0
2015-04,주택업체,공공임대,세종,0
2015-04,주택업체,공공임대,강원,0
2015-04,주택업체,공공임대,충북,0
2015-04,주택업체,공공임대,충남,0
2015-04,주택업체,공공임대,전북,0
2015-04,주택업체,공공임대,전남,140
2015-04,주택업체,공공임대,경북,0
2015-04,주택업체,공공임대,경남,417
2015-04,주택업체,공공임대,제주,0
2015-04,주택업체,공공분양,전국,933
2015-04,주택업체,공공분양,서울,585
2015-04,주택업체,공공분양,인천,0
2015-04,주택업체,공공분양,경기,0
2015-04,주택업체,공공분양,부산,0
2015-04,주택업체,공공분양,대구,0
2015-04,주택업체,공공분양,광주,0
2015-04,주택업체,공공분양,대전,0
2015-04,주택업체,공공분양,울산,0
2015-04,주택업체,공공분양,세종,0
2015-04,주택업체,공공분양,강원,0
2015-04,주택업체,공공분양,충북,0
2015-04,주택업체,공공분양,충남,290
2015-04,주택업체,공공분양,전북,0
2015-04,주택업체,공공분양,전남,0
2015-04,주택업체,공공분양,경북,0
2015-04,주택업체,공공분양,경남,58
2015-04,주택업체,공공분양,제주,0
2015-04,민간부문,소계,전국,22,802
2015-04,민간부문,소계,서울,5,484
2015-04,민간부문,소계,인천,830
2015-04,민간부문,소계,경기,5,325
2015-04,민간부문,소계,부산,1,048
2015-04,민간부문,소계,대구,1,425
2015-04,민간부문,소계,광주,269
2015-04,민간부문,소계,대전,78
2015-04,민간부문,소계,울산,1,538
2015-04,민간부문,소계,세종,2,009
2015-04,민간부문,소계,강원,889
2015-04,민간부문,소계,충북,375
2015-04,민간부문,소계,충남,1,030
2015-04,민간부문,소계,전북,209
2015-04,민간부문,소계,전남,422
2015-04,민간부문,소계,경북,693
2015-04,민간부문,소계,경남,746
2015-04,민간부문,소계,제주,432
2015-04,민간,민간임대,전국,60
2015-04,민간,민간임대,서울,0
2015-04,민간,민간임대,인천,0
2015-04,민간,민간임대,경기,0
2015-04,민간,민간임대,부산,0
2015-04,민간,민간임대,대구,0
2015-04,민간,민간임대,광주,0
2015-04,민간,민간임대,대전,0
2015-04,민간,민간임대,울산,0
2015-04,민간,민간임대,세종,0
2015-04,민간,민간임대,강원,0
2015-04,민간,민간임대,충북,0
2015-04,민간,민간임대,충남,0
2015-04,민간,민간임대,전북,0
2015-04,민간,민간임대,전남,60
2015-04,민간,민간임대,경북,0
2015-04,민간,민간임대,경남,0
2015-04,민간,민간임대,제주,0
2015-04,민간,민간분양,전국,22,742
2015-04,민간,민간분양,서울,5,484
2015-04,민간,민간분양,인천,830
2015-04,민간,민간분양,경기,5,325
2015-04,민간,민간분양,부산,1,048
2015-04,민간,민간분양,대구,1,425
2015-04,민간,민간분양,광주,269
2015-04,민간,민간분양,대전,78
2015-04,민간,민간분양,울산,1,538
2015-04,민간,민간분양,세종,2,009
2015-04,민간,민간분양,강원,889
2015-04,민간,민간분양,충북,375
2015-04,민간,민간분양,충남,1,030
2015-04,민간,민간분양,전북,209
2015-04,민간,민간분양,전남,362
2015-04,민간,민간분양,경북,693
2015-04,민간,민간분양,경남,746
2015-04,민간,민간분양,제주,432
2015-05,총계,총계,전국,28,300
2015-05,총계,총계,서울,4,204
2015-05,총계,총계,인천,997
2015-05,총계,총계,경기,7,414
2015-05,총계,총계,부산,718
2015-05,총계,총계,대구,787
2015-05,총계,총계,광주,91
2015-05,총계,총계,대전,1,319
2015-05,총계,총계,울산,1,901
2015-05,총계,총계,세종,736
2015-05,총계,총계,강원,1,789
2015-05,총계,총계,충북,1,760
2015-05,총계,총계,충남,731
2015-05,총계,총계,전북,425
2015-05,총계,총계,전남,1,539
2015-05,총계,총계,경북,2,872
2015-05,총계,총계,경남,759
2015-05,총계,총계,제주,258
2015-05,공공부문,소계,전국,8,099
2015-05,공공부문,소계,서울,0
2015-05,공공부문,소계,인천,0
2015-05,공공부문,소계,경기,3,325
2015-05,공공부문,소계,부산,0
2015-05,공공부문,소계,대구,0
2015-05,공공부문,소계,광주,0
2015-05,공공부문,소계,대전,687
2015-05,공공부문,소계,울산,1,189
2015-05,공공부문,소계,세종,0
2015-05,공공부문,소계,강원,728
2015-05,공공부문,소계,충북,989
2015-05,공공부문,소계,충남,0
2015-05,공공부문,소계,전북,0
2015-05,공공부문,소계,전남,1,181
2015-05,공공부문,소계,경북,0
2015-05,공공부문,소계,경남,0
2015-05,공공부문,소계,제주,0
2015-05,합,국민임대,전국,1,890
2015-05,합,국민임대,서울,0
2015-05,합,국민임대,인천,0
2015-05,합,국민임대,경기,1,890
2015-05,합,국민임대,부산,0
2015-05,합,국민임대,대구,0
2015-05,합,국민임대,광주,0
2015-05,합,국민임대,대전,0
2015-05,합,국민임대,울산,0
2015-05,합,국민임대,세종,0
2015-05,합,국민임대,강원,0
2015-05,합,국민임대,충북,0
2015-05,합,국민임대,충남,0
2015-05,합,국민임대,전북,0
2015-05,합,국민임대,전남,0
2015-05,합,국민임대,경북,0
2015-05,합,국민임대,경남,0
2015-05,합,국민임대,제주,0
2015-05,합,공공임대,전국,3,585
2015-05,합,공공임대,서울,0
2015-05,합,공공임대,인천,0
2015-05,합,공공임대,경기,0
2015-05,합,공공임대,부산,0
2015-05,합,공공임대,대구,0
2015-05,합,공공임대,광주,0
2015-05,합,공공임대,대전,687
2015-05,합,공공임대,울산,0
2015-05,합,공공임대,세종,0
2015-05,합,공공임대,강원,728
2015-05,합,공공임대,충북,989
2015-05,합,공공임대,충남,0
2015-05,합,공공임대,전북,0
2015-05,합,공공임대,전남,1,181
2015-05,합,공공임대,경북,0
2015-05,합,공공임대,경남,0
2015-05,합,공공임대,제주,0
2015-05,합,공공분양,전국,2,624
2015-05,합,공공분양,서울,0
2015-05,합,공공분양,인천,0
2015-05,합,공공분양,경기,1,435
2015-05,합,공공분양,부산,0
2015-05,합,공공분양,대구,0
2015-05,합,공공분양,광주,0
2015-05,합,공공분양,대전,0
2015-05,합,공공분양,울산,1,189
2015-05,합,공공분양,세종,0
2015-05,합,공공분양,강원,0
2015-05,합,공공분양,충북,0
2015-05,합,공공분양,충남,0
2015-05,합,공공분양,전북,0
2015-05,합,공공분양,전남,0
2015-05,합,공공분양,경북,0
2015-05,합,공공분양,경남,0
2015-05,합,공공분양,제주,0
2015-05,지자체,소계,전국,1,189
2015-05,지자체,소계,서울,0
2015-05,지자체,소계,인천,0
2015-05,지자체,소계,경기,0
2015-05,지자체,소계,부산,0
2015-05,지자체,소계,대구,0
2015-05,지자체,소계,광주,0
2015-05,지자체,소계,대전,0
2015-05,지자체,소계,울산,1,189
2015-05,지자체,소계,세종,0
2015-05,지자체,소계,강원,0
2015-05,지자체,소계,충북,0
2015-05,지자체,소계,충남,0
2015-05,지자체,소계,전북,0
2015-05,지자체,소계,전남,0
2015-05,지자체,소계,경북,0
2015-05,지자체,소계,경남,0
2015-05,지자체,소계,제주,0
2015-05,지자체,국민임대,전국,0
2015-05,지자체,국민임대,서울,0
2015-05,지자체,국민임대,인천,0
2015-05,지자체,국민임대,경기,0
2015-05,지자체,국민임대,부산,0
2015-05,지자체,국민임대,대구,0
2015-05,지자체,국민임대,광주,0
2015-05,지자체,국민임대,대전,0
2015-05,지자체,국민임대,울산,0
2015-05,지자체,국민임대,세종,0
2015-05,지자체,국민임대,강원,0
2015-05,지자체,국민임대,충북,0
2015-05,지자체,국민임대,충남,0
2015-05,지자체,국민임대,전북,0
2015-05,지자체,국민임대,전남,0
2015-05,지자체,국민임대,경북,0
2015-05,지자체,국민임대,경남,0
2015-05,지자체,국민임대,제주,0
2015-05,지자체,공공임대,전국,0
2015-05,지자체,공공임대,서울,0
2015-05,지자체,공공임대,인천,0
2015-05,지자체,공공임대,경기,0
2015-05,지자체,공공임대,부산,0
2015-05,지자체,공공임대,대구,0
2015-05,지자체,공공임대,광주,0
2015-05,지자체,공공임대,대전,0
2015-05,지자체,공공임대,울산,0
2015-05,지자체,공공임대,세종,0
2015-05,지자체,공공임대,강원,0
2015-05,지자체,공공임대,충북,0
2015-05,지자체,공공임대,충남,0
2015-05,지자체,공공임대,전북,0
2015-05,지자체,공공임대,전남,0
2015-05,지자체,공공임대,경북,0
2015-05,지자체,공공임대,경남,0
2015-05,지자체,공공임대,제주,0
2015-05,지자체,공공분양,전국,1,189
2015-05,지자체,공공분양,서울,0
2015-05,지자체,공공분양,인천,0
2015-05,지자체,공공분양,경기,0
2015-05,지자체,공공분양,부산,0
2015-05,지자체,공공분양,대구,0
2015-05,지자체,공공분양,광주,0
2015-05,지자체,공공분양,대전,0
2015-05,지자체,공공분양,울산,1,189
2015-05,지자체,공공분양,세종,0
2015-05,지자체,공공분양,강원,0
2015-05,지자체,공공분양,충북,0
2015-05,지자체,공공분양,충남,0
2015-05,지자체,공공분양,전북,0
2015-05,지자체,공공분양,전남,0
2015-05,지자체,공공분양,경북,0
2015-05,지자체,공공분양,경남,0
2015-05,지자체,공공분양,제주,0
2015-05,LH,소계,전국,4,740
2015-05,LH,소계,서울,0
2015-05,LH,소계,인천,0
2015-05,LH,소계,경기,3,325
2015-05,LH,소계,부산,0
2015-05,LH,소계,대구,0
2015-05,LH,소계,광주,0
2015-05,LH,소계,대전,687
2015-05,LH,소계,울산,0
2015-05,LH,소계,세종,0
2015-05,LH,소계,강원,728
2015-05,LH,소계,충북,0
2015-05,LH,소계,충남,0
2015-05,LH,소계,전북,0
2015-05,LH,소계,전남,0
2015-05,LH,소계,경북,0
2015-05,LH,소계,경남,0
2015-05,LH,소계,제주,0
2015-05,LH,국민임대,전국,1,890
2015-05,LH,국민임대,서울,0
2015-05,LH,국민임대,인천,0
2015-05,LH,국민임대,경기,1,890
2015-05,LH,국민임대,부산,0
2015-05,LH,국민임대,대구,0
2015-05,LH,국민임대,광주,0
2015-05,LH,국민임대,대전,0
2015-05,LH,국민임대,울산,0
2015-05,LH,국민임대,세종,0
2015-05,LH,국민임대,강원,0
2015-05,LH,국민임대,충북,0
2015-05,LH,국민임대,충남,0
2015-05,LH,국민임대,전북,0
2015-05,LH,국민임대,전남,0
2015-05,LH,국민임대,경북,0
2015-05,LH,국민임대,경남,0
2015-05,LH,국민임대,제주,0
2015-05,LH,공공임대,전국,1,415
2015-05,LH,공공임대,서울,0
2015-05,LH,공공임대,인천,0
2015-05,LH,공공임대,경기,0
2015-05,LH,공공임대,부산,0
2015-05,LH,공공임대,대구,0
2015-05,LH,공공임대,광주,0
2015-05,LH,공공임대,대전,687
2015-05,LH,공공임대,울산,0
2015-05,LH,공공임대,세종,0
2015-05,LH,공공임대,강원,728
2015-05,LH,공공임대,충북,0
2015-05,LH,공공임대,충남,0
2015-05,LH,공공임대,전북,0
2015-05,LH,공공임대,전남,0
2015-05,LH,공공임대,경북,0
2015-05,LH,공공임대,경남,0
2015-05,LH,공공임대,제주,0
2015-05,LH,공공분양,전국,1,435
2015-05,LH,공공분양,서울,0
2015-05,LH,공공분양,인천,0
2015-05,LH,공공분양,경기,1,435
2015-05,LH,공공분양,부산,0
2015-05,LH,공공분양,대구,0
2015-05,LH,공공분양,광주,0
2015-05,LH,공공분양,대전,0
2015-05,LH,공공분양,울산,0
2015-05,LH,공공분양,세종,0
2015-05,LH,공공분양,강원,0
2015-05,LH,공공분양,충북,0
2015-05,LH,공공분양,충남,0
2015-05,LH,공공분양,전북,0
2015-05,LH,공공분양,전남,0
2015-05,LH,공공분양,경북,0
2015-05,LH,공공분양,경남,0
2015-05,LH,공공분양,제주,0
2015-05,주택업체,소계,전국,2,170
2015-05,주택업체,소계,서울,0
2015-05,주택업체,소계,인천,0
2015-05,주택업체,소계,경기,0
2015-05,주택업체,소계,부산,0
2015-05,주택업체,소계,대구,0
2015-05,주택업체,소계,광주,0
2015-05,주택업체,소계,대전,0
2015-05,주택업체,소계,울산,0
2015-05,주택업체,소계,세종,0
2015-05,주택업체,소계,강원,0
2015-05,주택업체,소계,충북,989
2015-05,주택업체,소계,충남,0
2015-05,주택업체,소계,전북,0
2015-05,주택업체,소계,전남,1,181
2015-05,주택업체,소계,경북,0
2015-05,주택업체,소계,경남,0
2015-05,주택업체,소계,제주,0
2015-05,주택업체,국민임대,전국,0
2015-05,주택업체,국민임대,서울,0
2015-05,주택업체,국민임대,인천,0
2015-05,주택업체,국민임대,경기,0
2015-05,주택업체,국민임대,부산,0
2015-05,주택업체,국민임대,대구,0
2015-05,주택업체,국민임대,광주,0
2015-05,주택업체,국민임대,대전,0
2015-05,주택업체,국민임대,울산,0
2015-05,주택업체,국민임대,세종,0
2015-05,주택업체,국민임대,강원,0
2015-05,주택업체,국민임대,충북,0
2015-05,주택업체,국민임대,충남,0
2015-05,주택업체,국민임대,전북,0
2015-05,주택업체,국민임대,전남,0
2015-05,주택업체,국민임대,경북,0
2015-05,주택업체,국민임대,경남,0
2015-05,주택업체,국민임대,제주,0
2015-05,주택업체,공공임대,전국,2,170
2015-05,주택업체,공공임대,서울,0
2015-05,주택업체,공공임대,인천,0
2015-05,주택업체,공공임대,경기,0
2015-05,주택업체,공공임대,부산,0
2015-05,주택업체,공공임대,대구,0
2015-05,주택업체,공공임대,광주,0
2015-05,주택업체,공공임대,대전,0
2015-05,주택업체,공공임대,울산,0
2015-05,주택업체,공공임대,세종,0
2015-05,주택업체,공공임대,강원,0
2015-05,주택업체,공공임대,충북,989
2015-05,주택업체,공공임대,충남,0
2015-05,주택업체,공공임대,전북,0
2015-05,주택업체,공공임대,전남,1,181
2015-05,주택업체,공공임대,경북,0
2015-05,주택업체,공공임대,경남,0
2015-05,주택업체,공공임대,제주,0
2015-05,주택업체,공공분양,전국,0
2015-05,주택업체,공공분양,서울,0
2015-05,주택업체,공공분양,인천,0
2015-05,주택업체,공공분양,경기,0
2015-05,주택업체,공공분양,부산,0
2015-05,주택업체,공공분양,대구,0
2015-05,주택업체,공공분양,광주,0
2015-05,주택업체,공공분양,대전,0
2015-05,주택업체,공공분양,울산,0
2015-05,주택업체,공공분양,세종,0
2015-05,주택업체,공공분양,강원,0
2015-05,주택업체,공공분양,충북,0
2015-05,주택업체,공공분양,충남,0
2015-05,주택업체,공공분양,전북,0
2015-05,주택업체,공공분양,전남,0
2015-05,주택업체,공공분양,경북,0
2015-05,주택업체,공공분양,경남,0
2015-05,주택업체,공공분양,제주,0
2015-05,민간부문,소계,전국,20,201
2015-05,민간부문,소계,서울,4,204
2015-05,민간부문,소계,인천,997
2015-05,민간부문,소계,경기,4,089
2015-05,민간부문,소계,부산,718
2015-05,민간부문,소계,대구,787
2015-05,민간부문,소계,광주,91
2015-05,민간부문,소계,대전,632
2015-05,민간부문,소계,울산,712
2015-05,민간부문,소계,세종,736
2015-05,민간부문,소계,강원,1,061
2015-05,민간부문,소계,충북,771
2015-05,민간부문,소계,충남,731
2015-05,민간부문,소계,전북,425
2015-05,민간부문,소계,전남,358
2015-05,민간부문,소계,경북,2,872
2015-05,민간부문,소계,경남,759
2015-05,민간부문,소계,제주,258
2015-05,민간,민간임대,전국,271
2015-05,민간,민간임대,서울,271
2015-05,민간,민간임대,인천,0
2015-05,민간,민간임대,경기,0
2015-05,민간,민간임대,부산,0
2015-05,민간,민간임대,대구,0
2015-05,민간,민간임대,광주,0
2015-05,민간,민간임대,대전,0
2015-05,민간,민간임대,울산,0
2015-05,민간,민간임대,세종,0
2015-05,민간,민간임대,강원,0
2015-05,민간,민간임대,충북,0
2015-05,민간,민간임대,충남,0
2015-05,민간,민간임대,전북,0
2015-05,민간,민간임대,전남,0
2015-05,민간,민간임대,경북,0
2015-05,민간,민간임대,경남,0
2015-05,민간,민간임대,제주,0
2015-05,민간,민간분양,전국,19,930
2015-05,민간,민간분양,서울,3,933
2015-05,민간,민간분양,인천,997
2015-05,민간,민간분양,경기,4,089
2015-05,민간,민간분양,부산,718
2015-05,민간,민간분양,대구,787
2015-05,민간,민간분양,광주,91
2015-05,민간,민간분양,대전,632
2015-05,민간,민간분양,울산,712
2015-05,민간,민간분양,세종,736
2015-05,민간,민간분양,강원,1,061
2015-05,민간,민간분양,충북,771
2015-05,민간,민간분양,충남,731
2015-05,민간,민간분양,전북,425
2015-05,민간,민간분양,전남,358
2015-05,민간,민간분양,경북,2,872
2015-05,민간,민간분양,경남,759
2015-05,민간,민간분양,제주,258
2015-06,총계,총계,전국,44,263
2015-06,총계,총계,서울,4,744
2015-06,총계,총계,인천,5,256
2015-06,총계,총계,경기,14,064
2015-06,총계,총계,부산,4,549
2015-06,총계,총계,대구,396
2015-06,총계,총계,광주,220
2015-06,총계,총계,대전,2,018
2015-06,총계,총계,울산,194
2015-06,총계,총계,세종,2,284
2015-06,총계,총계,강원,855
2015-06,총계,총계,충북,548
2015-06,총계,총계,충남,875
2015-06,총계,총계,전북,1,414
2015-06,총계,총계,전남,1,050
2015-06,총계,총계,경북,2,476
2015-06,총계,총계,경남,2,194
2015-06,총계,총계,제주,1,126
2015-06,공공부문,소계,전국,16,695
2015-06,공공부문,소계,서울,1,077
2015-06,공공부문,소계,인천,4,149
2015-06,공공부문,소계,경기,7,646
2015-06,공공부문,소계,부산,0
2015-06,공공부문,소계,대구,0
2015-06,공공부문,소계,광주,138
2015-06,공공부문,소계,대전,1,255
2015-06,공공부문,소계,울산,0
2015-06,공공부문,소계,세종,350
2015-06,공공부문,소계,강원,298
2015-06,공공부문,소계,충북,0
2015-06,공공부문,소계,충남,0
2015-06,공공부문,소계,전북,606
2015-06,공공부문,소계,전남,0
2015-06,공공부문,소계,경북,0
2015-06,공공부문,소계,경남,1,176
2015-06,공공부문,소계,제주,0
2015-06,합,국민임대,전국,600
2015-06,합,국민임대,서울,0
2015-06,합,국민임대,인천,0
2015-06,합,국민임대,경기,0
2015-06,합,국민임대,부산,0
2015-06,합,국민임대,대구,0
2015-06,합,국민임대,광주,0
2015-06,합,국민임대,대전,600
2015-06,합,국민임대,울산,0
2015-06,합,국민임대,세종,0
2015-06,합,국민임대,강원,0
2015-06,합,국민임대,충북,0
2015-06,합,국민임대,충남,0
2015-06,합,국민임대,전북,0
2015-06,합,국민임대,전남,0
2015-06,합,국민임대,경북,0
2015-06,합,국민임대,경남,0
2015-06,합,국민임대,제주,0
2015-06,합,공공임대,전국,7,765
2015-06,합,공공임대,서울,1,077
2015-06,합,공공임대,인천,1,113
2015-06,합,공공임대,경기,3,452
2015-06,합,공공임대,부산,0
2015-06,합,공공임대,대구,0
2015-06,합,공공임대,광주,43
2015-06,합,공공임대,대전,0
2015-06,합,공공임대,울산,0
2015-06,합,공공임대,세종,0
2015-06,합,공공임대,강원,298
2015-06,합,공공임대,충북,0
2015-06,합,공공임대,충남,0
2015-06,합,공공임대,전북,606
2015-06,합,공공임대,전남,0
2015-06,합,공공임대,경북,0
2015-06,합,공공임대,경남,1,176
2015-06,합,공공임대,제주,0
2015-06,합,공공분양,전국,8,330
2015-06,합,공공분양,서울,0
2015-06,합,공공분양,인천,3,036
2015-06,합,공공분양,경기,4,194
2015-06,합,공공분양,부산,0
2015-06,합,공공분양,대구,0
2015-06,합,공공분양,광주,95
2015-06,합,공공분양,대전,655
2015-06,합,공공분양,울산,0
2015-06,합,공공분양,세종,350
2015-06,합,공공분양,강원,0
2015-06,합,공공분양,충북,0
2015-06,합,공공분양,충남,0
2015-06,합,공공분양,전북,0
2015-06,합,공공분양,전남,0
2015-06,합,공공분양,경북,0
2015-06,합,공공분양,경남,0
2015-06,합,공공분양,제주,0
2015-06,지자체,소계,전국,6,277
2015-06,지자체,소계,서울,1,077
2015-06,지자체,소계,인천,4,149
2015-06,지자체,소계,경기,0
2015-06,지자체,소계,부산,0
2015-06,지자체,소계,대구,0
2015-06,지자체,소계,광주,95
2015-06,지자체,소계,대전,0
2015-06,지자체,소계,울산,0
2015-06,지자체,소계,세종,350
2015-06,지자체,소계,강원,0
2015-06,지자체,소계,충북,0
2015-06,지자체,소계,충남,0
2015-06,지자체,소계,전북,606
2015-06,지자체,소계,전남,0
2015-06,지자체,소계,경북,0
2015-06,지자체,소계,경남,0
2015-06,지자체,소계,제주,0
2015-06,지자체,국민임대,전국,0
2015-06,지자체,국민임대,서울,0
2015-06,지자체,국민임대,인천,0
2015-06,지자체,국민임대,경기,0
2015-06,지자체,국민임대,부산,0
2015-06,지자체,국민임대,대구,0
2015-06,지자체,국민임대,광주,0
2015-06,지자체,국민임대,대전,0
2015-06,지자체,국민임대,울산,0
2015-06,지자체,국민임대,세종,0
2015-06,지자체,국민임대,강원,0
2015-06,지자체,국민임대,충북,0
2015-06,지자체,국민임대,충남,0
2015-06,지자체,국민임대,전북,0
2015-06,지자체,국민임대,전남,0
2015-06,지자체,국민임대,경북,0
2015-06,지자체,국민임대,경남,0
2015-06,지자체,국민임대,제주,0
2015-06,지자체,공공임대,전국,2,796
2015-06,지자체,공공임대,서울,1,077
2015-06,지자체,공공임대,인천,1,113
2015-06,지자체,공공임대,경기,0
2015-06,지자체,공공임대,부산,0
2015-06,지자체,공공임대,대구,0
2015-06,지자체,공공임대,광주,0
2015-06,지자체,공공임대,대전,0
2015-06,지자체,공공임대,울산,0
2015-06,지자체,공공임대,세종,0
2015-06,지자체,공공임대,강원,0
2015-06,지자체,공공임대,충북,0
2015-06,지자체,공공임대,충남,0
2015-06,지자체,공공임대,전북,606
2015-06,지자체,공공임대,전남,0
2015-06,지자체,공공임대,경북,0
2015-06,지자체,공공임대,경남,0
2015-06,지자체,공공임대,제주,0
2015-06,지자체,공공분양,전국,3,481
2015-06,지자체,공공분양,서울,0
2015-06,지자체,공공분양,인천,3,036
2015-06,지자체,공공분양,경기,0
2015-06,지자체,공공분양,부산,0
2015-06,지자체,공공분양,대구,0
2015-06,지자체,공공분양,광주,95
2015-06,지자체,공공분양,대전,0
2015-06,지자체,공공분양,울산,0
2015-06,지자체,공공분양,세종,350
2015-06,지자체,공공분양,강원,0
2015-06,지자체,공공분양,충북,0
2015-06,지자체,공공분양,충남,0
2015-06,지자체,공공분양,전북,0
2015-06,지자체,공공분양,전남,0
2015-06,지자체,공공분양,경북,0
2015-06,지자체,공공분양,경남,0
2015-06,지자체,공공분양,제주,0
2015-06,LH,소계,전국,7,283
2015-06,LH,소계,서울,0
2015-06,LH,소계,인천,0
2015-06,LH,소계,경기,6,028
2015-06,LH,소계,부산,0
2015-06,LH,소계,대구,0
2015-06,LH,소계,광주,0
2015-06,LH,소계,대전,1,255
2015-06,LH,소계,울산,0
2015-06,LH,소계,세종,0
2015-06,LH,소계,강원,0
2015-06,LH,소계,충북,0
2015-06,LH,소계,충남,0
2015-06,LH,소계,전북,0
2015-06,LH,소계,전남,0
2015-06,LH,소계,경북,0
2015-06,LH,소계,경남,0
2015-06,LH,소계,제주,0
2015-06,LH,국민임대,전국,600
2015-06,LH,국민임대,서울,0
2015-06,LH,국민임대,인천,0
2015-06,LH,국민임대,경기,0
2015-06,LH,국민임대,부산,0
2015-06,LH,국민임대,대구,0
2015-06,LH,국민임대,광주,0
2015-06,LH,국민임대,대전,600
2015-06,LH,국민임대,울산,0
2015-06,LH,국민임대,세종,0
2015-06,LH,국민임대,강원,0
2015-06,LH,국민임대,충북,0
2015-06,LH,국민임대,충남,0
2015-06,LH,국민임대,전북,0
2015-06,LH,국민임대,전남,0
2015-06,LH,국민임대,경북,0
2015-06,LH,국민임대,경남,0
2015-06,LH,국민임대,제주,0
2015-06,LH,공공임대,전국,1,834
2015-06,LH,공공임대,서울,0
2015-06,LH,공공임대,인천,0
2015-06,LH,공공임대,경기,1,834
2015-06,LH,공공임대,부산,0
2015-06,LH,공공임대,대구,0
2015-06,LH,공공임대,광주,0
2015-06,LH,공공임대,대전,0
2015-06,LH,공공임대,울산,0
2015-06,LH,공공임대,세종,0
2015-06,LH,공공임대,강원,0
2015-06,LH,공공임대,충북,0
2015-06,LH,공공임대,충남,0
2015-06,LH,공공임대,전북,0
2015-06,LH,공공임대,전남,0
2015-06,LH,공공임대,경북,0
2015-06,LH,공공임대,경남,0
2015-06,LH,공공임대,제주,0
2015-06,LH,공공분양,전국,4,849
2015-06,LH,공공분양,서울,0
2015-06,LH,공공분양,인천,0
2015-06,LH,공공분양,경기,4,194
2015-06,LH,공공분양,부산,0
2015-06,LH,공공분양,대구,0
2015-06,LH,공공분양,광주,0
2015-06,LH,공공분양,대전,655
2015-06,LH,공공분양,울산,0
2015-06,LH,공공분양,세종,0
2015-06,LH,공공분양,강원,0
2015-06,LH,공공분양,충북,0
2015-06,LH,공공분양,충남,0
2015-06,LH,공공분양,전북,0
2015-06,LH,공공분양,전남,0
2015-06,LH,공공분양,경북,0
2015-06,LH,공공분양,경남,0
2015-06,LH,공공분양,제주,0
2015-06,주택업체,소계,전국,3,135
2015-06,주택업체,소계,서울,0
2015-06,주택업체,소계,인천,0
2015-06,주택업체,소계,경기,1,618
2015-06,주택업체,소계,부산,0
2015-06,주택업체,소계,대구,0
2015-06,주택업체,소계,광주,43
2015-06,주택업체,소계,대전,0
2015-06,주택업체,소계,울산,0
2015-06,주택업체,소계,세종,0
2015-06,주택업체,소계,강원,298
2015-06,주택업체,소계,충북,0
2015-06,주택업체,소계,충남,0
2015-06,주택업체,소계,전북,0
2015-06,주택업체,소계,전남,0
2015-06,주택업체,소계,경북,0
2015-06,주택업체,소계,경남,1,176
2015-06,주택업체,소계,제주,0
2015-06,주택업체,국민임대,전국,0
2015-06,주택업체,국민임대,서울,0
2015-06,주택업체,국민임대,인천,0
2015-06,주택업체,국민임대,경기,0
2015-06,주택업체,국민임대,부산,0
2015-06,주택업체,국민임대,대구,0
2015-06,주택업체,국민임대,광주,0
2015-06,주택업체,국민임대,대전,0
2015-06,주택업체,국민임대,울산,0
2015-06,주택업체,국민임대,세종,0
2015-06,주택업체,국민임대,강원,0
2015-06,주택업체,국민임대,충북,0
2015-06,주택업체,국민임대,충남,0
2015-06,주택업체,국민임대,전북,0
2015-06,주택업체,국민임대,전남,0
2015-06,주택업체,국민임대,경북,0
2015-06,주택업체,국민임대,경남,0
2015-06,주택업체,국민임대,제주,0
2015-06,주택업체,공공임대,전국,3,135
2015-06,주택업체,공공임대,서울,0
2015-06,주택업체,공공임대,인천,0
2015-06,주택업체,공공임대,경기,1,618
2015-06,주택업체,공공임대,부산,0
2015-06,주택업체,공공임대,대구,0
2015-06,주택업체,공공임대,광주,43
2015-06,주택업체,공공임대,대전,0
2015-06,주택업체,공공임대,울산,0
2015-06,주택업체,공공임대,세종,0
2015-06,주택업체,공공임대,강원,298
2015-06,주택업체,공공임대,충북,0
2015-06,주택업체,공공임대,충남,0
2015-06,주택업체,공공임대,전북,0
2015-06,주택업체,공공임대,전남,0
2015-06,주택업체,공공임대,경북,0
2015-06,주택업체,공공임대,경남,1,176
2015-06,주택업체,공공임대,제주,0
2015-06,주택업체,공공분양,전국,0
2015-06,주택업체,공공분양,서울,0
2015-06,주택업체,공공분양,인천,0
2015-06,주택업체,공공분양,경기,0
2015-06,주택업체,공공분양,부산,0
2015-06,주택업체,공공분양,대구,0
2015-06,주택업체,공공분양,광주,0
2015-06,주택업체,공공분양,대전,0
2015-06,주택업체,공공분양,울산,0
2015-06,주택업체,공공분양,세종,0
2015-06,주택업체,공공분양,강원,0
2015-06,주택업체,공공분양,충북,0
2015-06,주택업체,공공분양,충남,0
2015-06,주택업체,공공분양,전북,0
2015-06,주택업체,공공분양,전남,0
2015-06,주택업체,공공분양,경북,0
2015-06,주택업체,공공분양,경남,0
2015-06,주택업체,공공분양,제주,0
2015-06,민간부문,소계,전국,27,568
2015-06,민간부문,소계,서울,3,667
2015-06,민간부문,소계,인천,1,107
2015-06,민간부문,소계,경기,6,418
2015-06,민간부문,소계,부산,4,549
2015-06,민간부문,소계,대구,396
2015-06,민간부문,소계,광주,82
2015-06,민간부문,소계,대전,763
2015-06,민간부문,소계,울산,194
2015-06,민간부문,소계,세종,1,934
2015-06,민간부문,소계,강원,557
2015-06,민간부문,소계,충북,548
2015-06,민간부문,소계,충남,875
2015-06,민간부문,소계,전북,808
2015-06,민간부문,소계,전남,1,050
2015-06,민간부문,소계,경북,2,476
2015-06,민간부문,소계,경남,1,018
2015-06,민간부문,소계,제주,1,126
2015-06,민간,민간임대,전국,59
2015-06,민간,민간임대,서울,0
2015-06,민간,민간임대,인천,0
2015-06,민간,민간임대,경기,0
2015-06,민간,민간임대,부산,0
2015-06,민간,민간임대,대구,0
2015-06,민간,민간임대,광주,0
2015-06,민간,민간임대,대전,0
2015-06,민간,민간임대,울산,0
2015-06,민간,민간임대,세종,59
2015-06,민간,민간임대,강원,0
2015-06,민간,민간임대,충북,0
2015-06,민간,민간임대,충남,0
2015-06,민간,민간임대,전북,0
2015-06,민간,민간임대,전남,0
2015-06,민간,민간임대,경북,0
2015-06,민간,민간임대,경남,0
2015-06,민간,민간임대,제주,0
2015-06,민간,민간분양,전국,27,509
2015-06,민간,민간분양,서울,3,667
2015-06,민간,민간분양,인천,1,107
2015-06,민간,민간분양,경기,6,418
2015-06,민간,민간분양,부산,4,549
2015-06,민간,민간분양,대구,396
2015-06,민간,민간분양,광주,82
2015-06,민간,민간분양,대전,763
2015-06,민간,민간분양,울산,194
2015-06,민간,민간분양,세종,1,875
2015-06,민간,민간분양,강원,557
2015-06,민간,민간분양,충북,548
2015-06,민간,민간분양,충남,875
2015-06,민간,민간분양,전북,808
2015-06,민간,민간분양,전남,1,050
2015-06,민간,민간분양,경북,2,476
2015-06,민간,민간분양,경남,1,018
2015-06,민간,민간분양,제주,1,126
2015-07,총계,총계,전국,48,412
2015-07,총계,총계,서울,5,707
2015-07,총계,총계,인천,3,036
2015-07,총계,총계,경기,16,199
2015-07,총계,총계,부산,1,088
2015-07,총계,총계,대구,1,004
2015-07,총계,총계,광주,1,730
2015-07,총계,총계,대전,128
2015-07,총계,총계,울산,221
2015-07,총계,총계,세종,2,555
2015-07,총계,총계,강원,946
2015-07,총계,총계,충북,1,245
2015-07,총계,총계,충남,4,440
2015-07,총계,총계,전북,1,937
2015-07,총계,총계,전남,2,563
2015-07,총계,총계,경북,2,200
2015-07,총계,총계,경남,2,498
2015-07,총계,총계,제주,915
2015-07,공공부문,소계,전국,9,467
2015-07,공공부문,소계,서울,0
2015-07,공공부문,소계,인천,0
2015-07,공공부문,소계,경기,1,289
2015-07,공공부문,소계,부산,0
2015-07,공공부문,소계,대구,0
2015-07,공공부문,소계,광주,849
2015-07,공공부문,소계,대전,0
2015-07,공공부문,소계,울산,0
2015-07,공공부문,소계,세종,1,623
2015-07,공공부문,소계,강원,0
2015-07,공공부문,소계,충북,0
2015-07,공공부문,소계,충남,2,742
2015-07,공공부문,소계,전북,0
2015-07,공공부문,소계,전남,580
2015-07,공공부문,소계,경북,960
2015-07,공공부문,소계,경남,876
2015-07,공공부문,소계,제주,548
2015-07,합,국민임대,전국,960
2015-07,합,국민임대,서울,0
2015-07,합,국민임대,인천,0
2015-07,합,국민임대,경기,0
2015-07,합,국민임대,부산,0
2015-07,합,국민임대,대구,0
2015-07,합,국민임대,광주,0
2015-07,합,국민임대,대전,0
2015-07,합,국민임대,울산,0
2015-07,합,국민임대,세종,0
2015-07,합,국민임대,강원,0
2015-07,합,국민임대,충북,0
2015-07,합,국민임대,충남,0
2015-07,합,국민임대,전북,0
2015-07,합,국민임대,전남,0
2015-07,합,국민임대,경북,960
2015-07,합,국민임대,경남,0
2015-07,합,국민임대,제주,0
2015-07,합,공공임대,전국,4,553
2015-07,합,공공임대,서울,0
2015-07,합,공공임대,인천,0
2015-07,합,공공임대,경기,664
2015-07,합,공공임대,부산,0
2015-07,합,공공임대,대구,0
2015-07,합,공공임대,광주,849
2015-07,합,공공임대,대전,0
2015-07,합,공공임대,울산,0
2015-07,합,공공임대,세종,0
2015-07,합,공공임대,강원,0
2015-07,합,공공임대,충북,0
2015-07,합,공공임대,충남,1,584
2015-07,합,공공임대,전북,0
2015-07,합,공공임대,전남,580
2015-07,합,공공임대,경북,0
2015-07,합,공공임대,경남,876
2015-07,합,공공임대,제주,0
2015-07,합,공공분양,전국,3,954
2015-07,합,공공분양,서울,0
2015-07,합,공공분양,인천,0
2015-07,합,공공분양,경기,625
2015-07,합,공공분양,부산,0
2015-07,합,공공분양,대구,0
2015-07,합,공공분양,광주,0
2015-07,합,공공분양,대전,0
2015-07,합,공공분양,울산,0
2015-07,합,공공분양,세종,1,623
2015-07,합,공공분양,강원,0
2015-07,합,공공분양,충북,0
2015-07,합,공공분양,충남,1,158
2015-07,합,공공분양,전북,0
2015-07,합,공공분양,전남,0
2015-07,합,공공분양,경북,0
2015-07,합,공공분양,경남,0
2015-07,합,공공분양,제주,548
2015-07,지자체,소계,전국,500
2015-07,지자체,소계,서울,0
2015-07,지자체,소계,인천,0
2015-07,지자체,소계,경기,0
2015-07,지자체,소계,부산,0
2015-07,지자체,소계,대구,0
2015-07,지자체,소계,광주,0
2015-07,지자체,소계,대전,0
2015-07,지자체,소계,울산,0
2015-07,지자체,소계,세종,0
2015-07,지자체,소계,강원,0
2015-07,지자체,소계,충북,0
2015-07,지자체,소계,충남,0
2015-07,지자체,소계,전북,0
2015-07,지자체,소계,전남,0
2015-07,지자체,소계,경북,0
2015-07,지자체,소계,경남,500
2015-07,지자체,소계,제주,0
2015-07,지자체,국민임대,전국,0
2015-07,지자체,국민임대,서울,0
2015-07,지자체,국민임대,인천,0
2015-07,지자체,국민임대,경기,0
2015-07,지자체,국민임대,부산,0
2015-07,지자체,국민임대,대구,0
2015-07,지자체,국민임대,광주,0
2015-07,지자체,국민임대,대전,0
2015-07,지자체,국민임대,울산,0
2015-07,지자체,국민임대,세종,0
2015-07,지자체,국민임대,강원,0
2015-07,지자체,국민임대,충북,0
2015-07,지자체,국민임대,충남,0
2015-07,지자체,국민임대,전북,0
2015-07,지자체,국민임대,전남,0
2015-07,지자체,국민임대,경북,0
2015-07,지자체,국민임대,경남,0
2015-07,지자체,국민임대,제주,0
2015-07,지자체,공공임대,전국,500
2015-07,지자체,공공임대,서울,0
2015-07,지자체,공공임대,인천,0
2015-07,지자체,공공임대,경기,0
2015-07,지자체,공공임대,부산,0
2015-07,지자체,공공임대,대구,0
2015-07,지자체,공공임대,광주,0
2015-07,지자체,공공임대,대전,0
2015-07,지자체,공공임대,울산,0
2015-07,지자체,공공임대,세종,0
2015-07,지자체,공공임대,강원,0
2015-07,지자체,공공임대,충북,0
2015-07,지자체,공공임대,충남,0
2015-07,지자체,공공임대,전북,0
2015-07,지자체,공공임대,전남,0
2015-07,지자체,공공임대,경북,0
2015-07,지자체,공공임대,경남,500
2015-07,지자체,공공임대,제주,0
2015-07,지자체,공공분양,전국,0
2015-07,지자체,공공분양,서울,0
2015-07,지자체,공공분양,인천,0
2015-07,지자체,공공분양,경기,0
2015-07,지자체,공공분양,부산,0
2015-07,지자체,공공분양,대구,0
2015-07,지자체,공공분양,광주,0
2015-07,지자체,공공분양,대전,0
2015-07,지자체,공공분양,울산,0
2015-07,지자체,공공분양,세종,0
2015-07,지자체,공공분양,강원,0
2015-07,지자체,공공분양,충북,0
2015-07,지자체,공공분양,충남,0
2015-07,지자체,공공분양,전북,0
2015-07,지자체,공공분양,전남,0
2015-07,지자체,공공분양,경북,0
2015-07,지자체,공공분양,경남,0
2015-07,지자체,공공분양,제주,0
2015-07,LH,소계,전국,6,923
2015-07,LH,소계,서울,0
2015-07,LH,소계,인천,0
2015-07,LH,소계,경기,1,289
2015-07,LH,소계,부산,0
2015-07,LH,소계,대구,0
2015-07,LH,소계,광주,0
2015-07,LH,소계,대전,0
2015-07,LH,소계,울산,0
2015-07,LH,소계,세종,1,623
2015-07,LH,소계,강원,0
2015-07,LH,소계,충북,0
2015-07,LH,소계,충남,2,127
2015-07,LH,소계,전북,0
2015-07,LH,소계,전남,0
2015-07,LH,소계,경북,960
2015-07,LH,소계,경남,376
2015-07,LH,소계,제주,548
2015-07,LH,국민임대,전국,960
2015-07,LH,국민임대,서울,0
2015-07,LH,국민임대,인천,0
2015-07,LH,국민임대,경기,0
2015-07,LH,국민임대,부산,0
2015-07,LH,국민임대,대구,0
2015-07,LH,국민임대,광주,0
2015-07,LH,국민임대,대전,0
2015-07,LH,국민임대,울산,0
2015-07,LH,국민임대,세종,0
2015-07,LH,국민임대,강원,0
2015-07,LH,국민임대,충북,0
2015-07,LH,국민임대,충남,0
2015-07,LH,국민임대,전북,0
2015-07,LH,국민임대,전남,0
2015-07,LH,국민임대,경북,960
2015-07,LH,국민임대,경남,0
2015-07,LH,국민임대,제주,0
2015-07,LH,공공임대,전국,2,624
2015-07,LH,공공임대,서울,0
2015-07,LH,공공임대,인천,0
2015-07,LH,공공임대,경기,664
2015-07,LH,공공임대,부산,0
2015-07,LH,공공임대,대구,0
2015-07,LH,공공임대,광주,0
2015-07,LH,공공임대,대전,0
2015-07,LH,공공임대,울산,0
2015-07,LH,공공임대,세종,0
2015-07,LH,공공임대,강원,0
2015-07,LH,공공임대,충북,0
2015-07,LH,공공임대,충남,1,584
2015-07,LH,공공임대,전북,0
2015-07,LH,공공임대,전남,0
2015-07,LH,공공임대,경북,0
2015-07,LH,공공임대,경남,376
2015-07,LH,공공임대,제주,0
2015-07,LH,공공분양,전국,3,339
2015-07,LH,공공분양,서울,0
2015-07,LH,공공분양,인천,0
2015-07,LH,공공분양,경기,625
2015-07,LH,공공분양,부산,0
2015-07,LH,공공분양,대구,0
2015-07,LH,공공분양,광주,0
2015-07,LH,공공분양,대전,0
2015-07,LH,공공분양,울산,0
2015-07,LH,공공분양,세종,1,623
2015-07,LH,공공분양,강원,0
2015-07,LH,공공분양,충북,0
2015-07,LH,공공분양,충남,543
2015-07,LH,공공분양,전북,0
2015-07,LH,공공분양,전남,0
2015-07,LH,공공분양,경북,0
2015-07,LH,공공분양,경남,0
2015-07,LH,공공분양,제주,548
2015-07,주택업체,소계,전국,2,044
2015-07,주택업체,소계,서울,0
2015-07,주택업체,소계,인천,0
2015-07,주택업체,소계,경기,0
2015-07,주택업체,소계,부산,0
2015-07,주택업체,소계,대구,0
2015-07,주택업체,소계,광주,849
2015-07,주택업체,소계,대전,0
2015-07,주택업체,소계,울산,0
2015-07,주택업체,소계,세종,0
2015-07,주택업체,소계,강원,0
2015-07,주택업체,소계,충북,0
2015-07,주택업체,소계,충남,615
2015-07,주택업체,소계,전북,0
2015-07,주택업체,소계,전남,580
2015-07,주택업체,소계,경북,0
2015-07,주택업체,소계,경남,0
2015-07,주택업체,소계,제주,0
2015-07,주택업체,국민임대,전국,0
2015-07,주택업체,국민임대,서울,0
2015-07,주택업체,국민임대,인천,0
2015-07,주택업체,국민임대,경기,0
2015-07,주택업체,국민임대,부산,0
2015-07,주택업체,국민임대,대구,0
2015-07,주택업체,국민임대,광주,0
2015-07,주택업체,국민임대,대전,0
2015-07,주택업체,국민임대,울산,0
2015-07,주택업체,국민임대,세종,0
2015-07,주택업체,국민임대,강원,0
2015-07,주택업체,국민임대,충북,0
2015-07,주택업체,국민임대,충남,0
2015-07,주택업체,국민임대,전북,0
2015-07,주택업체,국민임대,전남,0
2015-07,주택업체,국민임대,경북,0
2015-07,주택업체,국민임대,경남,0
2015-07,주택업체,국민임대,제주,0
2015-07,주택업체,공공임대,전국,1,429
2015-07,주택업체,공공임대,서울,0
2015-07,주택업체,공공임대,인천,0
2015-07,주택업체,공공임대,경기,0
2015-07,주택업체,공공임대,부산,0
2015-07,주택업체,공공임대,대구,0
2015-07,주택업체,공공임대,광주,849
2015-07,주택업체,공공임대,대전,0
2015-07,주택업체,공공임대,울산,0
2015-07,주택업체,공공임대,세종,0
2015-07,주택업체,공공임대,강원,0
2015-07,주택업체,공공임대,충북,0
2015-07,주택업체,공공임대,충남,0
2015-07,주택업체,공공임대,전북,0
2015-07,주택업체,공공임대,전남,580
2015-07,주택업체,공공임대,경북,0
2015-07,주택업체,공공임대,경남,0
2015-07,주택업체,공공임대,제주,0
2015-07,주택업체,공공분양,전국,615
2015-07,주택업체,공공분양,서울,0
2015-07,주택업체,공공분양,인천,0
2015-07,주택업체,공공분양,경기,0
2015-07,주택업체,공공분양,부산,0
2015-07,주택업체,공공분양,대구,0
2015-07,주택업체,공공분양,광주,0
2015-07,주택업체,공공분양,대전,0
2015-07,주택업체,공공분양,울산,0
2015-07,주택업체,공공분양,세종,0
2015-07,주택업체,공공분양,강원,0
2015-07,주택업체,공공분양,충북,0
2015-07,주택업체,공공분양,충남,615
2015-07,주택업체,공공분양,전북,0
2015-07,주택업체,공공분양,전남,0
2015-07,주택업체,공공분양,경북,0
2015-07,주택업체,공공분양,경남,0
2015-07,주택업체,공공분양,제주,0
2015-07,민간부문,소계,전국,38,945
2015-07,민간부문,소계,서울,5,707
2015-07,민간부문,소계,인천,3,036
2015-07,민간부문,소계,경기,14,910
2015-07,민간부문,소계,부산,1,088
2015-07,민간부문,소계,대구,1,004
2015-07,민간부문,소계,광주,881
2015-07,민간부문,소계,대전,128
2015-07,민간부문,소계,울산,221
2015-07,민간부문,소계,세종,932
2015-07,민간부문,소계,강원,946
2015-07,민간부문,소계,충북,1,245
2015-07,민간부문,소계,충남,1,698
2015-07,민간부문,소계,전북,1,937
2015-07,민간부문,소계,전남,1,983
2015-07,민간부문,소계,경북,1,240
2015-07,민간부문,소계,경남,1,622
2015-07,민간부문,소계,제주,367
2015-07,민간,민간임대,전국,0
2015-07,민간,민간임대,서울,0
2015-07,민간,민간임대,인천,0
2015-07,민간,민간임대,경기,0
2015-07,민간,민간임대,부산,0
2015-07,민간,민간임대,대구,0
2015-07,민간,민간임대,광주,0
2015-07,민간,민간임대,대전,0
2015-07,민간,민간임대,울산,0
2015-07,민간,민간임대,세종,0
2015-07,민간,민간임대,강원,0
2015-07,민간,민간임대,충북,0
2015-07,민간,민간임대,충남,0
2015-07,민간,민간임대,전북,0
2015-07,민간,민간임대,전남,0
2015-07,민간,민간임대,경북,0
2015-07,민간,민간임대,경남,0
2015-07,민간,민간임대,제주,0
2015-07,민간,민간분양,전국,38,945
2015-07,민간,민간분양,서울,5,707
2015-07,민간,민간분양,인천,3,036
2015-07,민간,민간분양,경기,14,910
2015-07,민간,민간분양,부산,1,088
2015-07,민간,민간분양,대구,1,004
2015-07,민간,민간분양,광주,881
2015-07,민간,민간분양,대전,128
2015-07,민간,민간분양,울산,221
2015-07,민간,민간분양,세종,932
2015-07,민간,민간분양,강원,946
2015-07,민간,민간분양,충북,1,245
2015-07,민간,민간분양,충남,1,698
2015-07,민간,민간분양,전북,1,937
2015-07,민간,민간분양,전남,1,983
2015-07,민간,민간분양,경북,1,240
2015-07,민간,민간분양,경남,1,622
2015-07,민간,민간분양,제주,367
2015-08,총계,총계,전국,37,983
2015-08,총계,총계,서울,7,014
2015-08,총계,총계,인천,811
2015-08,총계,총계,경기,12,462
2015-08,총계,총계,부산,1,137
2015-08,총계,총계,대구,1,774
2015-08,총계,총계,광주,218
2015-08,총계,총계,대전,306
2015-08,총계,총계,울산,894
2015-08,총계,총계,세종,1,457
2015-08,총계,총계,강원,496
2015-08,총계,총계,충북,1,014
2015-08,총계,총계,충남,1,631
2015-08,총계,총계,전북,1,928
2015-08,총계,총계,전남,1,458
2015-08,총계,총계,경북,1,872
2015-08,총계,총계,경남,2,307
2015-08,총계,총계,제주,1,204
2015-08,공공부문,소계,전국,5,019
2015-08,공공부문,소계,서울,0
2015-08,공공부문,소계,인천,0
2015-08,공공부문,소계,경기,2,294
2015-08,공공부문,소계,부산,368
2015-08,공공부문,소계,대구,0
2015-08,공공부문,소계,광주,0
2015-08,공공부문,소계,대전,0
2015-08,공공부문,소계,울산,0
2015-08,공공부문,소계,세종,0
2015-08,공공부문,소계,강원,0
2015-08,공공부문,소계,충북,0
2015-08,공공부문,소계,충남,0
2015-08,공공부문,소계,전북,1,376
2015-08,공공부문,소계,전남,623
2015-08,공공부문,소계,경북,0
2015-08,공공부문,소계,경남,0
2015-08,공공부문,소계,제주,358
2015-08,합,국민임대,전국,552
2015-08,합,국민임대,서울,0
2015-08,합,국민임대,인천,0
2015-08,합,국민임대,경기,0
2015-08,합,국민임대,부산,0
2015-08,합,국민임대,대구,0
2015-08,합,국민임대,광주,0
2015-08,합,국민임대,대전,0
2015-08,합,국민임대,울산,0
2015-08,합,국민임대,세종,0
2015-08,합,국민임대,강원,0
2015-08,합,국민임대,충북,0
2015-08,합,국민임대,충남,0
2015-08,합,국민임대,전북,552
2015-08,합,국민임대,전남,0
2015-08,합,국민임대,경북,0
2015-08,합,국민임대,경남,0
2015-08,합,국민임대,제주,0
2015-08,합,공공임대,전국,2,935
2015-08,합,공공임대,서울,0
2015-08,합,공공임대,인천,0
2015-08,합,공공임대,경기,1,130
2015-08,합,공공임대,부산,0
2015-08,합,공공임대,대구,0
2015-08,합,공공임대,광주,0
2015-08,합,공공임대,대전,0
2015-08,합,공공임대,울산,0
2015-08,합,공공임대,세종,0
2015-08,합,공공임대,강원,0
2015-08,합,공공임대,충북,0
2015-08,합,공공임대,충남,0
2015-08,합,공공임대,전북,824
2015-08,합,공공임대,전남,623
2015-08,합,공공임대,경북,0
2015-08,합,공공임대,경남,0
2015-08,합,공공임대,제주,358
2015-08,합,공공분양,전국,1,532
2015-08,합,공공분양,서울,0
2015-08,합,공공분양,인천,0
2015-08,합,공공분양,경기,1,164
2015-08,합,공공분양,부산,368
2015-08,합,공공분양,대구,0
2015-08,합,공공분양,광주,0
2015-08,합,공공분양,대전,0
2015-08,합,공공분양,울산,0
2015-08,합,공공분양,세종,0
2015-08,합,공공분양,강원,0
2015-08,합,공공분양,충북,0
2015-08,합,공공분양,충남,0
2015-08,합,공공분양,전북,0
2015-08,합,공공분양,전남,0
2015-08,합,공공분양,경북,0
2015-08,합,공공분양,경남,0
2015-08,합,공공분양,제주,0
2015-08,지자체,소계,전국,623
2015-08,지자체,소계,서울,0
2015-08,지자체,소계,인천,0
2015-08,지자체,소계,경기,0
2015-08,지자체,소계,부산,0
2015-08,지자체,소계,대구,0
2015-08,지자체,소계,광주,0
2015-08,지자체,소계,대전,0
2015-08,지자체,소계,울산,0
2015-08,지자체,소계,세종,0
2015-08,지자체,소계,강원,0
2015-08,지자체,소계,충북,0
2015-08,지자체,소계,충남,0
2015-08,지자체,소계,전북,0
2015-08,지자체,소계,전남,623
2015-08,지자체,소계,경북,0
2015-08,지자체,소계,경남,0
2015-08,지자체,소계,제주,0
2015-08,지자체,국민임대,전국,0
2015-08,지자체,국민임대,서울,0
2015-08,지자체,국민임대,인천,0
2015-08,지자체,국민임대,경기,0
2015-08,지자체,국민임대,부산,0
2015-08,지자체,국민임대,대구,0
2015-08,지자체,국민임대,광주,0
2015-08,지자체,국민임대,대전,0
2015-08,지자체,국민임대,울산,0
2015-08,지자체,국민임대,세종,0
2015-08,지자체,국민임대,강원,0
2015-08,지자체,국민임대,충북,0
2015-08,지자체,국민임대,충남,0
2015-08,지자체,국민임대,전북,0
2015-08,지자체,국민임대,전남,0
2015-08,지자체,국민임대,경북,0
2015-08,지자체,국민임대,경남,0
2015-08,지자체,국민임대,제주,0
2015-08,지자체,공공임대,전국,623
2015-08,지자체,공공임대,서울,0
2015-08,지자체,공공임대,인천,0
2015-08,지자체,공공임대,경기,0
2015-08,지자체,공공임대,부산,0
2015-08,지자체,공공임대,대구,0
2015-08,지자체,공공임대,광주,0
2015-08,지자체,공공임대,대전,0
2015-08,지자체,공공임대,울산,0
2015-08,지자체,공공임대,세종,0
2015-08,지자체,공공임대,강원,0
2015-08,지자체,공공임대,충북,0
2015-08,지자체,공공임대,충남,0
2015-08,지자체,공공임대,전북,0
2015-08,지자체,공공임대,전남,623
2015-08,지자체,공공임대,경북,0
2015-08,지자체,공공임대,경남,0
2015-08,지자체,공공임대,제주,0
2015-08,지자체,공공분양,전국,0
2015-08,지자체,공공분양,서울,0
2015-08,지자체,공공분양,인천,0
2015-08,지자체,공공분양,경기,0
2015-08,지자체,공공분양,부산,0
2015-08,지자체,공공분양,대구,0
2015-08,지자체,공공분양,광주,0
2015-08,지자체,공공분양,대전,0
2015-08,지자체,공공분양,울산,0
2015-08,지자체,공공분양,세종,0
2015-08,지자체,공공분양,강원,0
2015-08,지자체,공공분양,충북,0
2015-08,지자체,공공분양,충남,0
2015-08,지자체,공공분양,전북,0
2015-08,지자체,공공분양,전남,0
2015-08,지자체,공공분양,경북,0
2015-08,지자체,공공분양,경남,0
2015-08,지자체,공공분양,제주,0
2015-08,LH,소계,전국,1,716
2015-08,LH,소계,서울,0
2015-08,LH,소계,인천,0
2015-08,LH,소계,경기,1,164
2015-08,LH,소계,부산,0
2015-08,LH,소계,대구,0
2015-08,LH,소계,광주,0
2015-08,LH,소계,대전,0
2015-08,LH,소계,울산,0
2015-08,LH,소계,세종,0
2015-08,LH,소계,강원,0
2015-08,LH,소계,충북,0
2015-08,LH,소계,충남,0
2015-08,LH,소계,전북,552
2015-08,LH,소계,전남,0
2015-08,LH,소계,경북,0
2015-08,LH,소계,경남,0
2015-08,LH,소계,제주,0
2015-08,LH,국민임대,전국,552
2015-08,LH,국민임대,서울,0
2015-08,LH,국민임대,인천,0
2015-08,LH,국민임대,경기,0
2015-08,LH,국민임대,부산,0
2015-08,LH,국민임대,대구,0
2015-08,LH,국민임대,광주,0
2015-08,LH,국민임대,대전,0
2015-08,LH,국민임대,울산,0
2015-08,LH,국민임대,세종,0
2015-08,LH,국민임대,강원,0
2015-08,LH,국민임대,충북,0
2015-08,LH,국민임대,충남,0
2015-08,LH,국민임대,전북,552
2015-08,LH,국민임대,전남,0
2015-08,LH,국민임대,경북,0
2015-08,LH,국민임대,경남,0
2015-08,LH,국민임대,제주,0
2015-08,LH,공공임대,전국,0
2015-08,LH,공공임대,서울,0
2015-08,LH,공공임대,인천,0
2015-08,LH,공공임대,경기,0
2015-08,LH,공공임대,부산,0
2015-08,LH,공공임대,대구,0
2015-08,LH,공공임대,광주,0
2015-08,LH,공공임대,대전,0
2015-08,LH,공공임대,울산,0
2015-08,LH,공공임대,세종,0
2015-08,LH,공공임대,강원,0
2015-08,LH,공공임대,충북,0
2015-08,LH,공공임대,충남,0
2015-08,LH,공공임대,전북,0
2015-08,LH,공공임대,전남,0
2015-08,LH,공공임대,경북,0
2015-08,LH,공공임대,경남,0
2015-08,LH,공공임대,제주,0
2015-08,LH,공공분양,전국,1,164
2015-08,LH,공공분양,서울,0
2015-08,LH,공공분양,인천,0
2015-08,LH,공공분양,경기,1,164
2015-08,LH,공공분양,부산,0
2015-08,LH,공공분양,대구,0
2015-08,LH,공공분양,광주,0
2015-08,LH,공공분양,대전,0
2015-08,LH,공공분양,울산,0
2015-08,LH,공공분양,세종,0
2015-08,LH,공공분양,강원,0
2015-08,LH,공공분양,충북,0
2015-08,LH,공공분양,충남,0
2015-08,LH,공공분양,전북,0
2015-08,LH,공공분양,전남,0
2015-08,LH,공공분양,경북,0
2015-08,LH,공공분양,경남,0
2015-08,LH,공공분양,제주,0
2015-08,주택업체,소계,전국,2,680
2015-08,주택업체,소계,서울,0
2015-08,주택업체,소계,인천,0
2015-08,주택업체,소계,경기,1,130
2015-08,주택업체,소계,부산,368
2015-08,주택업체,소계,대구,0
2015-08,주택업체,소계,광주,0
2015-08,주택업체,소계,대전,0
2015-08,주택업체,소계,울산,0
2015-08,주택업체,소계,세종,0
2015-08,주택업체,소계,강원,0
2015-08,주택업체,소계,충북,0
2015-08,주택업체,소계,충남,0
2015-08,주택업체,소계,전북,824
2015-08,주택업체,소계,전남,0
2015-08,주택업체,소계,경북,0
2015-08,주택업체,소계,경남,0
2015-08,주택업체,소계,제주,358
2015-08,주택업체,국민임대,전국,0
2015-08,주택업체,국민임대,서울,0
2015-08,주택업체,국민임대,인천,0
2015-08,주택업체,국민임대,경기,0
2015-08,주택업체,국민임대,부산,0
2015-08,주택업체,국민임대,대구,0
2015-08,주택업체,국민임대,광주,0
2015-08,주택업체,국민임대,대전,0
2015-08,주택업체,국민임대,울산,0
2015-08,주택업체,국민임대,세종,0
2015-08,주택업체,국민임대,강원,0
2015-08,주택업체,국민임대,충북,0
2015-08,주택업체,국민임대,충남,0
2015-08,주택업체,국민임대,전북,0
2015-08,주택업체,국민임대,전남,0
2015-08,주택업체,국민임대,경북,0
2015-08,주택업체,국민임대,경남,0
2015-08,주택업체,국민임대,제주,0
2015-08,주택업체,공공임대,전국,2,312
2015-08,주택업체,공공임대,서울,0
2015-08,주택업체,공공임대,인천,0
2015-08,주택업체,공공임대,경기,1,130
2015-08,주택업체,공공임대,부산,0
2015-08,주택업체,공공임대,대구,0
2015-08,주택업체,공공임대,광주,0
2015-08,주택업체,공공임대,대전,0
2015-08,주택업체,공공임대,울산,0
2015-08,주택업체,공공임대,세종,0
2015-08,주택업체,공공임대,강원,0
2015-08,주택업체,공공임대,충북,0
2015-08,주택업체,공공임대,충남,0
2015-08,주택업체,공공임대,전북,824
2015-08,주택업체,공공임대,전남,0
2015-08,주택업체,공공임대,경북,0
2015-08,주택업체,공공임대,경남,0
2015-08,주택업체,공공임대,제주,358
2015-08,주택업체,공공분양,전국,368
2015-08,주택업체,공공분양,서울,0
2015-08,주택업체,공공분양,인천,0
2015-08,주택업체,공공분양,경기,0
2015-08,주택업체,공공분양,부산,368
2015-08,주택업체,공공분양,대구,0
2015-08,주택업체,공공분양,광주,0
2015-08,주택업체,공공분양,대전,0
2015-08,주택업체,공공분양,울산,0
2015-08,주택업체,공공분양,세종,0
2015-08,주택업체,공공분양,강원,0
2015-08,주택업체,공공분양,충북,0
2015-08,주택업체,공공분양,충남,0
2015-08,주택업체,공공분양,전북,0
2015-08,주택업체,공공분양,전남,0
2015-08,주택업체,공공분양,경북,0
2015-08,주택업체,공공분양,경남,0
2015-08,주택업체,공공분양,제주,0
2015-08,민간부문,소계,전국,32,964
2015-08,민간부문,소계,서울,7,014
2015-08,민간부문,소계,인천,811
2015-08,민간부문,소계,경기,10,168
2015-08,민간부문,소계,부산,769
2015-08,민간부문,소계,대구,1,774
2015-08,민간부문,소계,광주,218
2015-08,민간부문,소계,대전,306
2015-08,민간부문,소계,울산,894
2015-08,민간부문,소계,세종,1,457
2015-08,민간부문,소계,강원,496
2015-08,민간부문,소계,충북,1,014
2015-08,민간부문,소계,충남,1,631
2015-08,민간부문,소계,전북,552
2015-08,민간부문,소계,전남,835
2015-08,민간부문,소계,경북,1,872
2015-08,민간부문,소계,경남,2,307
2015-08,민간부문,소계,제주,846
2015-08,민간,민간임대,전국,412
2015-08,민간,민간임대,서울,0
2015-08,민간,민간임대,인천,0
2015-08,민간,민간임대,경기,0
2015-08,민간,민간임대,부산,0
2015-08,민간,민간임대,대구,0
2015-08,민간,민간임대,광주,0
2015-08,민간,민간임대,대전,0
2015-08,민간,민간임대,울산,252
2015-08,민간,민간임대,세종,0
2015-08,민간,민간임대,강원,0
2015-08,민간,민간임대,충북,160
2015-08,민간,민간임대,충남,0
2015-08,민간,민간임대,전북,0
2015-08,민간,민간임대,전남,0
2015-08,민간,민간임대,경북,0
2015-08,민간,민간임대,경남,0
2015-08,민간,민간임대,제주,0
2015-08,민간,민간분양,전국,32,552
2015-08,민간,민간분양,서울,7,014
2015-08,민간,민간분양,인천,811
2015-08,민간,민간분양,경기,10,168
2015-08,민간,민간분양,부산,769
2015-08,민간,민간분양,대구,1,774
2015-08,민간,민간분양,광주,218
2015-08,민간,민간분양,대전,306
2015-08,민간,민간분양,울산,642
2015-08,민간,민간분양,세종,1,457
2015-08,민간,민간분양,강원,496
2015-08,민간,민간분양,충북,854
2015-08,민간,민간분양,충남,1,631
2015-08,민간,민간분양,전북,552
2015-08,민간,민간분양,전남,835
2015-08,민간,민간분양,경북,1,872
2015-08,민간,민간분양,경남,2,307
2015-08,민간,민간분양,제주,846
2015-09,총계,총계,전국,37,897
2015-09,총계,총계,서울,7,104
2015-09,총계,총계,인천,638
2015-09,총계,총계,경기,10,090
2015-09,총계,총계,부산,1,002
2015-09,총계,총계,대구,2,052
2015-09,총계,총계,광주,905
2015-09,총계,총계,대전,235
2015-09,총계,총계,울산,1,300
2015-09,총계,총계,세종,587
2015-09,총계,총계,강원,1,863
2015-09,총계,총계,충북,2,319
2015-09,총계,총계,충남,2,341
2015-09,총계,총계,전북,1,559
2015-09,총계,총계,전남,669
2015-09,총계,총계,경북,2,503
2015-09,총계,총계,경남,2,226
2015-09,총계,총계,제주,504
2015-09,공공부문,소계,전국,6,705
2015-09,공공부문,소계,서울,587
2015-09,공공부문,소계,인천,0
2015-09,공공부문,소계,경기,1,171
2015-09,공공부문,소계,부산,0
2015-09,공공부문,소계,대구,792
2015-09,공공부문,소계,광주,0
2015-09,공공부문,소계,대전,0
2015-09,공공부문,소계,울산,0
2015-09,공공부문,소계,세종,0
2015-09,공공부문,소계,강원,1,290
2015-09,공공부문,소계,충북,1,270
2015-09,공공부문,소계,충남,491
2015-09,공공부문,소계,전북,266
2015-09,공공부문,소계,전남,0
2015-09,공공부문,소계,경북,0
2015-09,공공부문,소계,경남,838
2015-09,공공부문,소계,제주,0
2015-09,합,국민임대,전국,268
2015-09,합,국민임대,서울,0
2015-09,합,국민임대,인천,0
2015-09,합,국민임대,경기,0
2015-09,합,국민임대,부산,0
2015-09,합,국민임대,대구,0
2015-09,합,국민임대,광주,0
2015-09,합,국민임대,대전,0
2015-09,합,국민임대,울산,0
2015-09,합,국민임대,세종,0
2015-09,합,국민임대,강원,0
2015-09,합,국민임대,충북,268
2015-09,합,국민임대,충남,0
2015-09,합,국민임대,전북,0
2015-09,합,국민임대,전남,0
2015-09,합,국민임대,경북,0
2015-09,합,국민임대,경남,0
2015-09,합,국민임대,제주,0
2015-09,합,공공임대,전국,4,842
2015-09,합,공공임대,서울,209
2015-09,합,공공임대,인천,0
2015-09,합,공공임대,경기,654
2015-09,합,공공임대,부산,0
2015-09,합,공공임대,대구,792
2015-09,합,공공임대,광주,0
2015-09,합,공공임대,대전,0
2015-09,합,공공임대,울산,0
2015-09,합,공공임대,세종,0
2015-09,합,공공임대,강원,1,290
2015-09,합,공공임대,충북,1,002
2015-09,합,공공임대,충남,491
2015-09,합,공공임대,전북,266
2015-09,합,공공임대,전남,0
2015-09,합,공공임대,경북,0
2015-09,합,공공임대,경남,138
2015-09,합,공공임대,제주,0
2015-09,합,공공분양,전국,1,595
2015-09,합,공공분양,서울,378
2015-09,합,공공분양,인천,0
2015-09,합,공공분양,경기,517
2015-09,합,공공분양,부산,0
2015-09,합,공공분양,대구,0
2015-09,합,공공분양,광주,0
2015-09,합,공공분양,대전,0
2015-09,합,공공분양,울산,0
2015-09,합,공공분양,세종,0
2015-09,합,공공분양,강원,0
2015-09,합,공공분양,충북,0
2015-09,합,공공분양,충남,0
2015-09,합,공공분양,전북,0
2015-09,합,공공분양,전남,0
2015-09,합,공공분양,경북,0
2015-09,합,공공분양,경남,700
2015-09,합,공공분양,제주,0
2015-09,지자체,소계,전국,0
2015-09,지자체,소계,서울,0
2015-09,지자체,소계,인천,0
2015-09,지자체,소계,경기,0
2015-09,지자체,소계,부산,0
2015-09,지자체,소계,대구,0
2015-09,지자체,소계,광주,0
2015-09,지자체,소계,대전,0
2015-09,지자체,소계,울산,0
2015-09,지자체,소계,세종,0
2015-09,지자체,소계,강원,0
2015-09,지자체,소계,충북,0
2015-09,지자체,소계,충남,0
2015-09,지자체,소계,전북,0
2015-09,지자체,소계,전남,0
2015-09,지자체,소계,경북,0
2015-09,지자체,소계,경남,0
2015-09,지자체,소계,제주,0
2015-09,지자체,국민임대,전국,0
2015-09,지자체,국민임대,서울,0
2015-09,지자체,국민임대,인천,0
2015-09,지자체,국민임대,경기,0
2015-09,지자체,국민임대,부산,0
2015-09,지자체,국민임대,대구,0
2015-09,지자체,국민임대,광주,0
2015-09,지자체,국민임대,대전,0
2015-09,지자체,국민임대,울산,0
2015-09,지자체,국민임대,세종,0
2015-09,지자체,국민임대,강원,0
2015-09,지자체,국민임대,충북,0
2015-09,지자체,국민임대,충남,0
2015-09,지자체,국민임대,전북,0
2015-09,지자체,국민임대,전남,0
2015-09,지자체,국민임대,경북,0
2015-09,지자체,국민임대,경남,0
2015-09,지자체,국민임대,제주,0
2015-09,지자체,공공임대,전국,0
2015-09,지자체,공공임대,서울,0
2015-09,지자체,공공임대,인천,0
2015-09,지자체,공공임대,경기,0
2015-09,지자체,공공임대,부산,0
2015-09,지자체,공공임대,대구,0
2015-09,지자체,공공임대,광주,0
2015-09,지자체,공공임대,대전,0
2015-09,지자체,공공임대,울산,0
2015-09,지자체,공공임대,세종,0
2015-09,지자체,공공임대,강원,0
2015-09,지자체,공공임대,충북,0
2015-09,지자체,공공임대,충남,0
2015-09,지자체,공공임대,전북,0
2015-09,지자체,공공임대,전남,0
2015-09,지자체,공공임대,경북,0
2015-09,지자체,공공임대,경남,0
2015-09,지자체,공공임대,제주,0
2015-09,지자체,공공분양,전국,0
2015-09,지자체,공공분양,서울,0
2015-09,지자체,공공분양,인천,0
2015-09,지자체,공공분양,경기,0
2015-09,지자체,공공분양,부산,0
2015-09,지자체,공공분양,대구,0
2015-09,지자체,공공분양,광주,0
2015-09,지자체,공공분양,대전,0
2015-09,지자체,공공분양,울산,0
2015-09,지자체,공공분양,세종,0
2015-09,지자체,공공분양,강원,0
2015-09,지자체,공공분양,충북,0
2015-09,지자체,공공분양,충남,0
2015-09,지자체,공공분양,전북,0
2015-09,지자체,공공분양,전남,0
2015-09,지자체,공공분양,경북,0
2015-09,지자체,공공분양,경남,0
2015-09,지자체,공공분양,제주,0
2015-09,LH,소계,전국,3,152
2015-09,LH,소계,서울,40
2015-09,LH,소계,인천,0
2015-09,LH,소계,경기,1,171
2015-09,LH,소계,부산,0
2015-09,LH,소계,대구,0
2015-09,LH,소계,광주,0
2015-09,LH,소계,대전,0
2015-09,LH,소계,울산,0
2015-09,LH,소계,세종,0
2015-09,LH,소계,강원,0
2015-09,LH,소계,충북,612
2015-09,LH,소계,충남,491
2015-09,LH,소계,전북,0
2015-09,LH,소계,전남,0
2015-09,LH,소계,경북,0
2015-09,LH,소계,경남,838
2015-09,LH,소계,제주,0
2015-09,LH,국민임대,전국,268
2015-09,LH,국민임대,서울,0
2015-09,LH,국민임대,인천,0
2015-09,LH,국민임대,경기,0
2015-09,LH,국민임대,부산,0
2015-09,LH,국민임대,대구,0
2015-09,LH,국민임대,광주,0
2015-09,LH,국민임대,대전,0
2015-09,LH,국민임대,울산,0
2015-09,LH,국민임대,세종,0
2015-09,LH,국민임대,강원,0
2015-09,LH,국민임대,충북,268
2015-09,LH,국민임대,충남,0
2015-09,LH,국민임대,전북,0
2015-09,LH,국민임대,전남,0
2015-09,LH,국민임대,경북,0
2015-09,LH,국민임대,경남,0
2015-09,LH,국민임대,제주,0
2015-09,LH,공공임대,전국,1,667
2015-09,LH,공공임대,서울,40
2015-09,LH,공공임대,인천,0
2015-09,LH,공공임대,경기,654
2015-09,LH,공공임대,부산,0
2015-09,LH,공공임대,대구,0
2015-09,LH,공공임대,광주,0
2015-09,LH,공공임대,대전,0
2015-09,LH,공공임대,울산,0
2015-09,LH,공공임대,세종,0
2015-09,LH,공공임대,강원,0
2015-09,LH,공공임대,충북,344
2015-09,LH,공공임대,충남,491
2015-09,LH,공공임대,전북,0
2015-09,LH,공공임대,전남,0
2015-09,LH,공공임대,경북,0
2015-09,LH,공공임대,경남,138
2015-09,LH,공공임대,제주,0
2015-09,LH,공공분양,전국,1,217
2015-09,LH,공공분양,서울,0
2015-09,LH,공공분양,인천,0
2015-09,LH,공공분양,경기,517
2015-09,LH,공공분양,부산,0
2015-09,LH,공공분양,대구,0
2015-09,LH,공공분양,광주,0
2015-09,LH,공공분양,대전,0
2015-09,LH,공공분양,울산,0
2015-09,LH,공공분양,세종,0
2015-09,LH,공공분양,강원,0
2015-09,LH,공공분양,충북,0
2015-09,LH,공공분양,충남,0
2015-09,LH,공공분양,전북,0
2015-09,LH,공공분양,전남,0
2015-09,LH,공공분양,경북,0
2015-09,LH,공공분양,경남,700
2015-09,LH,공공분양,제주,0
2015-09,주택업체,소계,전국,3,553
2015-09,주택업체,소계,서울,547
2015-09,주택업체,소계,인천,0
2015-09,주택업체,소계,경기,0
2015-09,주택업체,소계,부산,0
2015-09,주택업체,소계,대구,792
2015-09,주택업체,소계,광주,0
2015-09,주택업체,소계,대전,0
2015-09,주택업체,소계,울산,0
2015-09,주택업체,소계,세종,0
2015-09,주택업체,소계,강원,1,290
2015-09,주택업체,소계,충북,658
2015-09,주택업체,소계,충남,0
2015-09,주택업체,소계,전북,266
2015-09,주택업체,소계,전남,0
2015-09,주택업체,소계,경북,0
2015-09,주택업체,소계,경남,0
2015-09,주택업체,소계,제주,0
2015-09,주택업체,국민임대,전국,0
2015-09,주택업체,국민임대,서울,0
2015-09,주택업체,국민임대,인천,0
2015-09,주택업체,국민임대,경기,0
2015-09,주택업체,국민임대,부산,0
2015-09,주택업체,국민임대,대구,0
2015-09,주택업체,국민임대,광주,0
2015-09,주택업체,국민임대,대전,0
2015-09,주택업체,국민임대,울산,0
2015-09,주택업체,국민임대,세종,0
2015-09,주택업체,국민임대,강원,0
2015-09,주택업체,국민임대,충북,0
2015-09,주택업체,국민임대,충남,0
2015-09,주택업체,국민임대,전북,0
2015-09,주택업체,국민임대,전남,0
2015-09,주택업체,국민임대,경북,0
2015-09,주택업체,국민임대,경남,0
2015-09,주택업체,국민임대,제주,0
2015-09,주택업체,공공임대,전국,3,175
2015-09,주택업체,공공임대,서울,169
2015-09,주택업체,공공임대,인천,0
2015-09,주택업체,공공임대,경기,0
2015-09,주택업체,공공임대,부산,0
2015-09,주택업체,공공임대,대구,792
2015-09,주택업체,공공임대,광주,0
2015-09,주택업체,공공임대,대전,0
2015-09,주택업체,공공임대,울산,0
2015-09,주택업체,공공임대,세종,0
2015-09,주택업체,공공임대,강원,1,290
2015-09,주택업체,공공임대,충북,658
2015-09,주택업체,공공임대,충남,0
2015-09,주택업체,공공임대,전북,266
2015-09,주택업체,공공임대,전남,0
2015-09,주택업체,공공임대,경북,0
2015-09,주택업체,공공임대,경남,0
2015-09,주택업체,공공임대,제주,0
2015-09,주택업체,공공분양,전국,378
2015-09,주택업체,공공분양,서울,378
2015-09,주택업체,공공분양,인천,0
2015-09,주택업체,공공분양,경기,0
2015-09,주택업체,공공분양,부산,0
2015-09,주택업체,공공분양,대구,0
2015-09,주택업체,공공분양,광주,0
2015-09,주택업체,공공분양,대전,0
2015-09,주택업체,공공분양,울산,0
2015-09,주택업체,공공분양,세종,0
2015-09,주택업체,공공분양,강원,0
2015-09,주택업체,공공분양,충북,0
2015-09,주택업체,공공분양,충남,0
2015-09,주택업체,공공분양,전북,0
2015-09,주택업체,공공분양,전남,0
2015-09,주택업체,공공분양,경북,0
2015-09,주택업체,공공분양,경남,0
2015-09,주택업체,공공분양,제주,0
2015-09,민간부문,소계,전국,31,192
2015-09,민간부문,소계,서울,6,517
2015-09,민간부문,소계,인천,638
2015-09,민간부문,소계,경기,8,919
2015-09,민간부문,소계,부산,1,002
2015-09,민간부문,소계,대구,1,260
2015-09,민간부문,소계,광주,905
2015-09,민간부문,소계,대전,235
2015-09,민간부문,소계,울산,1,300
2015-09,민간부문,소계,세종,587
2015-09,민간부문,소계,강원,573
2015-09,민간부문,소계,충북,1,049
2015-09,민간부문,소계,충남,1,850
2015-09,민간부문,소계,전북,1,293
2015-09,민간부문,소계,전남,669
2015-09,민간부문,소계,경북,2,503
2015-09,민간부문,소계,경남,1,388
2015-09,민간부문,소계,제주,504
2015-09,민간,민간임대,전국,0
2015-09,민간,민간임대,서울,0
2015-09,민간,민간임대,인천,0
2015-09,민간,민간임대,경기,0
2015-09,민간,민간임대,부산,0
2015-09,민간,민간임대,대구,0
2015-09,민간,민간임대,광주,0
2015-09,민간,민간임대,대전,0
2015-09,민간,민간임대,울산,0
2015-09,민간,민간임대,세종,0
2015-09,민간,민간임대,강원,0
2015-09,민간,민간임대,충북,0
2015-09,민간,민간임대,충남,0
2015-09,민간,민간임대,전북,0
2015-09,민간,민간임대,전남,0
2015-09,민간,민간임대,경북,0
2015-09,민간,민간임대,경남,0
2015-09,민간,민간임대,제주,0
2015-09,민간,민간분양,전국,31,192
2015-09,민간,민간분양,서울,6,517
2015-09,민간,민간분양,인천,638
2015-09,민간,민간분양,경기,8,919
2015-09,민간,민간분양,부산,1,002
2015-09,민간,민간분양,대구,1,260
2015-09,민간,민간분양,광주,905
2015-09,민간,민간분양,대전,235
2015-09,민간,민간분양,울산,1,300
2015-09,민간,민간분양,세종,587
2015-09,민간,민간분양,강원,573
2015-09,민간,민간분양,충북,1,049
2015-09,민간,민간분양,충남,1,850
2015-09,민간,민간분양,전북,1,293
2015-09,민간,민간분양,전남,669
2015-09,민간,민간분양,경북,2,503
2015-09,민간,민간분양,경남,1,388
2015-09,민간,민간분양,제주,504
2015-10,총계,총계,전국,52,689
2015-10,총계,총계,서울,5,497
2015-10,총계,총계,인천,1,638
2015-10,총계,총계,경기,16,001
2015-10,총계,총계,부산,5,156
2015-10,총계,총계,대구,364
2015-10,총계,총계,광주,414
2015-10,총계,총계,대전,644
2015-10,총계,총계,울산,164
2015-10,총계,총계,세종,1,841
2015-10,총계,총계,강원,540
2015-10,총계,총계,충북,1,099
2015-10,총계,총계,충남,2,757
2015-10,총계,총계,전북,1,528
2015-10,총계,총계,전남,2,945
2015-10,총계,총계,경북,2,909
2015-10,총계,총계,경남,7,847
2015-10,총계,총계,제주,1,345
2015-10,공공부문,소계,전국,9,838
2015-10,공공부문,소계,서울,683
2015-10,공공부문,소계,인천,40
2015-10,공공부문,소계,경기,5,260
2015-10,공공부문,소계,부산,0
2015-10,공공부문,소계,대구,0
2015-10,공공부문,소계,광주,0
2015-10,공공부문,소계,대전,0
2015-10,공공부문,소계,울산,0
2015-10,공공부문,소계,세종,694
2015-10,공공부문,소계,강원,0
2015-10,공공부문,소계,충북,534
2015-10,공공부문,소계,충남,903
2015-10,공공부문,소계,전북,0
2015-10,공공부문,소계,전남,874
2015-10,공공부문,소계,경북,0
2015-10,공공부문,소계,경남,0
2015-10,공공부문,소계,제주,850
2015-10,합,국민임대,전국,5,544
2015-10,합,국민임대,서울,683
2015-10,합,국민임대,인천,0
2015-10,합,국민임대,경기,3,137
2015-10,합,국민임대,부산,0
2015-10,합,국민임대,대구,0
2015-10,합,국민임대,광주,0
2015-10,합,국민임대,대전,0
2015-10,합,국민임대,울산,0
2015-10,합,국민임대,세종,0
2015-10,합,국민임대,강원,0
2015-10,합,국민임대,충북,0
2015-10,합,국민임대,충남,0
2015-10,합,국민임대,전북,0
2015-10,합,국민임대,전남,874
2015-10,합,국민임대,경북,0
2015-10,합,국민임대,경남,0
2015-10,합,국민임대,제주,850
2015-10,합,공공임대,전국,3,251
2015-10,합,공공임대,서울,0
2015-10,합,공공임대,인천,0
2015-10,합,공공임대,경기,2,123
2015-10,합,공공임대,부산,0
2015-10,합,공공임대,대구,0
2015-10,합,공공임대,광주,0
2015-10,합,공공임대,대전,0
2015-10,합,공공임대,울산,0
2015-10,합,공공임대,세종,254
2015-10,합,공공임대,강원,0
2015-10,합,공공임대,충북,534
2015-10,합,공공임대,충남,340
2015-10,합,공공임대,전북,0
2015-10,합,공공임대,전남,0
2015-10,합,공공임대,경북,0
2015-10,합,공공임대,경남,0
2015-10,합,공공임대,제주,0
2015-10,합,공공분양,전국,1,043
2015-10,합,공공분양,서울,0
2015-10,합,공공분양,인천,40
2015-10,합,공공분양,경기,0
2015-10,합,공공분양,부산,0
2015-10,합,공공분양,대구,0
2015-10,합,공공분양,광주,0
2015-10,합,공공분양,대전,0
2015-10,합,공공분양,울산,0
2015-10,합,공공분양,세종,440
2015-10,합,공공분양,강원,0
2015-10,합,공공분양,충북,0
2015-10,합,공공분양,충남,563
2015-10,합,공공분양,전북,0
2015-10,합,공공분양,전남,0
2015-10,합,공공분양,경북,0
2015-10,합,공공분양,경남,0
2015-10,합,공공분양,제주,0
2015-10,지자체,소계,전국,374
2015-10,지자체,소계,서울,374
2015-10,지자체,소계,인천,0
2015-10,지자체,소계,경기,0
2015-10,지자체,소계,부산,0
2015-10,지자체,소계,대구,0
2015-10,지자체,소계,광주,0
2015-10,지자체,소계,대전,0
2015-10,지자체,소계,울산,0
2015-10,지자체,소계,세종,0
2015-10,지자체,소계,강원,0
2015-10,지자체,소계,충북,0
2015-10,지자체,소계,충남,0
2015-10,지자체,소계,전북,0
2015-10,지자체,소계,전남,0
2015-10,지자체,소계,경북,0
2015-10,지자체,소계,경남,0
2015-10,지자체,소계,제주,0
2015-10,지자체,국민임대,전국,374
2015-10,지자체,국민임대,서울,374
2015-10,지자체,국민임대,인천,0
2015-10,지자체,국민임대,경기,0
2015-10,지자체,국민임대,부산,0
2015-10,지자체,국민임대,대구,0
2015-10,지자체,국민임대,광주,0
2015-10,지자체,국민임대,대전,0
2015-10,지자체,국민임대,울산,0
2015-10,지자체,국민임대,세종,0
2015-10,지자체,국민임대,강원,0
2015-10,지자체,국민임대,충북,0
2015-10,지자체,국민임대,충남,0
2015-10,지자체,국민임대,전북,0
2015-10,지자체,국민임대,전남,0
2015-10,지자체,국민임대,경북,0
2015-10,지자체,국민임대,경남,0
2015-10,지자체,국민임대,제주,0
2015-10,지자체,공공임대,전국,0
2015-10,지자체,공공임대,서울,0
2015-10,지자체,공공임대,인천,0
2015-10,지자체,공공임대,경기,0
2015-10,지자체,공공임대,부산,0
2015-10,지자체,공공임대,대구,0
2015-10,지자체,공공임대,광주,0
2015-10,지자체,공공임대,대전,0
2015-10,지자체,공공임대,울산,0
2015-10,지자체,공공임대,세종,0
2015-10,지자체,공공임대,강원,0
2015-10,지자체,공공임대,충북,0
2015-10,지자체,공공임대,충남,0
2015-10,지자체,공공임대,전북,0
2015-10,지자체,공공임대,전남,0
2015-10,지자체,공공임대,경북,0
2015-10,지자체,공공임대,경남,0
2015-10,지자체,공공임대,제주,0
2015-10,지자체,공공분양,전국,0
2015-10,지자체,공공분양,서울,0
2015-10,지자체,공공분양,인천,0
2015-10,지자체,공공분양,경기,0
2015-10,지자체,공공분양,부산,0
2015-10,지자체,공공분양,대구,0
2015-10,지자체,공공분양,광주,0
2015-10,지자체,공공분양,대전,0
2015-10,지자체,공공분양,울산,0
2015-10,지자체,공공분양,세종,0
2015-10,지자체,공공분양,강원,0
2015-10,지자체,공공분양,충북,0
2015-10,지자체,공공분양,충남,0
2015-10,지자체,공공분양,전북,0
2015-10,지자체,공공분양,전남,0
2015-10,지자체,공공분양,경북,0
2015-10,지자체,공공분양,경남,0
2015-10,지자체,공공분양,제주,0
2015-10,LH,소계,전국,7,324
2015-10,LH,소계,서울,0
2015-10,LH,소계,인천,0
2015-10,LH,소계,경기,5,260
2015-10,LH,소계,부산,0
2015-10,LH,소계,대구,0
2015-10,LH,소계,광주,0
2015-10,LH,소계,대전,0
2015-10,LH,소계,울산,0
2015-10,LH,소계,세종,0
2015-10,LH,소계,강원,0
2015-10,LH,소계,충북,0
2015-10,LH,소계,충남,340
2015-10,LH,소계,전북,0
2015-10,LH,소계,전남,874
2015-10,LH,소계,경북,0
2015-10,LH,소계,경남,0
2015-10,LH,소계,제주,850
2015-10,LH,국민임대,전국,4,861
2015-10,LH,국민임대,서울,0
2015-10,LH,국민임대,인천,0
2015-10,LH,국민임대,경기,3,137
2015-10,LH,국민임대,부산,0
2015-10,LH,국민임대,대구,0
2015-10,LH,국민임대,광주,0
2015-10,LH,국민임대,대전,0
2015-10,LH,국민임대,울산,0
2015-10,LH,국민임대,세종,0
2015-10,LH,국민임대,강원,0
2015-10,LH,국민임대,충북,0
2015-10,LH,국민임대,충남,0
2015-10,LH,국민임대,전북,0
2015-10,LH,국민임대,전남,874
2015-10,LH,국민임대,경북,0
2015-10,LH,국민임대,경남,0
2015-10,LH,국민임대,제주,850
2015-10,LH,공공임대,전국,2,463
2015-10,LH,공공임대,서울,0
2015-10,LH,공공임대,인천,0
2015-10,LH,공공임대,경기,2,123
2015-10,LH,공공임대,부산,0
2015-10,LH,공공임대,대구,0
2015-10,LH,공공임대,광주,0
2015-10,LH,공공임대,대전,0
2015-10,LH,공공임대,울산,0
2015-10,LH,공공임대,세종,0
2015-10,LH,공공임대,강원,0
2015-10,LH,공공임대,충북,0
2015-10,LH,공공임대,충남,340
2015-10,LH,공공임대,전북,0
2015-10,LH,공공임대,전남,0
2015-10,LH,공공임대,경북,0
2015-10,LH,공공임대,경남,0
2015-10,LH,공공임대,제주,0
2015-10,LH,공공분양,전국,0
2015-10,LH,공공분양,서울,0
2015-10,LH,공공분양,인천,0
2015-10,LH,공공분양,경기,0
2015-10,LH,공공분양,부산,0
2015-10,LH,공공분양,대구,0
2015-10,LH,공공분양,광주,0
2015-10,LH,공공분양,대전,0
2015-10,LH,공공분양,울산,0
2015-10,LH,공공분양,세종,0
2015-10,LH,공공분양,강원,0
2015-10,LH,공공분양,충북,0
2015-10,LH,공공분양,충남,0
2015-10,LH,공공분양,전북,0
2015-10,LH,공공분양,전남,0
2015-10,LH,공공분양,경북,0
2015-10,LH,공공분양,경남,0
2015-10,LH,공공분양,제주,0
2015-10,주택업체,소계,전국,2,140
2015-10,주택업체,소계,서울,309
2015-10,주택업체,소계,인천,40
2015-10,주택업체,소계,경기,0
2015-10,주택업체,소계,부산,0
2015-10,주택업체,소계,대구,0
2015-10,주택업체,소계,광주,0
2015-10,주택업체,소계,대전,0
2015-10,주택업체,소계,울산,0
2015-10,주택업체,소계,세종,694
2015-10,주택업체,소계,강원,0
2015-10,주택업체,소계,충북,534
2015-10,주택업체,소계,충남,563
2015-10,주택업체,소계,전북,0
2015-10,주택업체,소계,전남,0
2015-10,주택업체,소계,경북,0
2015-10,주택업체,소계,경남,0
2015-10,주택업체,소계,제주,0
2015-10,주택업체,국민임대,전국,309
2015-10,주택업체,국민임대,서울,309
2015-10,주택업체,국민임대,인천,0
2015-10,주택업체,국민임대,경기,0
2015-10,주택업체,국민임대,부산,0
2015-10,주택업체,국민임대,대구,0
2015-10,주택업체,국민임대,광주,0
2015-10,주택업체,국민임대,대전,0
2015-10,주택업체,국민임대,울산,0
2015-10,주택업체,국민임대,세종,0
2015-10,주택업체,국민임대,강원,0
2015-10,주택업체,국민임대,충북,0
2015-10,주택업체,국민임대,충남,0
2015-10,주택업체,국민임대,전북,0
2015-10,주택업체,국민임대,전남,0
2015-10,주택업체,국민임대,경북,0
2015-10,주택업체,국민임대,경남,0
2015-10,주택업체,국민임대,제주,0
2015-10,주택업체,공공임대,전국,788
2015-10,주택업체,공공임대,서울,0
2015-10,주택업체,공공임대,인천,0
2015-10,주택업체,공공임대,경기,0
2015-10,주택업체,공공임대,부산,0
2015-10,주택업체,공공임대,대구,0
2015-10,주택업체,공공임대,광주,0
2015-10,주택업체,공공임대,대전,0
2015-10,주택업체,공공임대,울산,0
2015-10,주택업체,공공임대,세종,254
2015-10,주택업체,공공임대,강원,0
2015-10,주택업체,공공임대,충북,534
2015-10,주택업체,공공임대,충남,0
2015-10,주택업체,공공임대,전북,0
2015-10,주택업체,공공임대,전남,0
2015-10,주택업체,공공임대,경북,0
2015-10,주택업체,공공임대,경남,0
2015-10,주택업체,공공임대,제주,0
2015-10,주택업체,공공분양,전국,1,043
2015-10,주택업체,공공분양,서울,0
2015-10,주택업체,공공분양,인천,40
2015-10,주택업체,공공분양,경기,0
2015-10,주택업체,공공분양,부산,0
2015-10,주택업체,공공분양,대구,0
2015-10,주택업체,공공분양,광주,0
2015-10,주택업체,공공분양,대전,0
2015-10,주택업체,공공분양,울산,0
2015-10,주택업체,공공분양,세종,440
2015-10,주택업체,공공분양,강원,0
2015-10,주택업체,공공분양,충북,0
2015-10,주택업체,공공분양,충남,563
2015-10,주택업체,공공분양,전북,0
2015-10,주택업체,공공분양,전남,0
2015-10,주택업체,공공분양,경북,0
2015-10,주택업체,공공분양,경남,0
2015-10,주택업체,공공분양,제주,0
2015-10,민간부문,소계,전국,42,851
2015-10,민간부문,소계,서울,4,814
2015-10,민간부문,소계,인천,1,598
2015-10,민간부문,소계,경기,10,741
2015-10,민간부문,소계,부산,5,156
2015-10,민간부문,소계,대구,364
2015-10,민간부문,소계,광주,414
2015-10,민간부문,소계,대전,644
2015-10,민간부문,소계,울산,164
2015-10,민간부문,소계,세종,1,147
2015-10,민간부문,소계,강원,540
2015-10,민간부문,소계,충북,565
2015-10,민간부문,소계,충남,1,854
2015-10,민간부문,소계,전북,1,528
2015-10,민간부문,소계,전남,2,071
2015-10,민간부문,소계,경북,2,909
2015-10,민간부문,소계,경남,7,847
2015-10,민간부문,소계,제주,495
2015-10,민간,민간임대,전국,0
2015-10,민간,민간임대,서울,0
2015-10,민간,민간임대,인천,0
2015-10,민간,민간임대,경기,0
2015-10,민간,민간임대,부산,0
2015-10,민간,민간임대,대구,0
2015-10,민간,민간임대,광주,0
2015-10,민간,민간임대,대전,0
2015-10,민간,민간임대,울산,0
2015-10,민간,민간임대,세종,0
2015-10,민간,민간임대,강원,0
2015-10,민간,민간임대,충북,0
2015-10,민간,민간임대,충남,0
2015-10,민간,민간임대,전북,0
2015-10,민간,민간임대,전남,0
2015-10,민간,민간임대,경북,0
2015-10,민간,민간임대,경남,0
2015-10,민간,민간임대,제주,0
2015-10,민간,민간분양,전국,42,851
2015-10,민간,민간분양,서울,4,814
2015-10,민간,민간분양,인천,1,598
2015-10,민간,민간분양,경기,10,741
2015-10,민간,민간분양,부산,5,156
2015-10,민간,민간분양,대구,364
2015-10,민간,민간분양,광주,414
2015-10,민간,민간분양,대전,644
2015-10,민간,민간분양,울산,164
2015-10,민간,민간분양,세종,1,147
2015-10,민간,민간분양,강원,540
2015-10,민간,민간분양,충북,565
2015-10,민간,민간분양,충남,1,854
2015-10,민간,민간분양,전북,1,528
2015-10,민간,민간분양,전남,2,071
2015-10,민간,민간분양,경북,2,909
2015-10,민간,민간분양,경남,7,847
2015-10,민간,민간분양,제주,495
2015-11,총계,총계,전국,39,079
2015-11,총계,총계,서울,4,778
2015-11,총계,총계,인천,1,046
2015-11,총계,총계,경기,9,473
2015-11,총계,총계,부산,1,281
2015-11,총계,총계,대구,2,855
2015-11,총계,총계,광주,180
2015-11,총계,총계,대전,1,323
2015-11,총계,총계,울산,713
2015-11,총계,총계,세종,284
2015-11,총계,총계,강원,2,653
2015-11,총계,총계,충북,3,199
2015-11,총계,총계,충남,2,353
2015-11,총계,총계,전북,762
2015-11,총계,총계,전남,1,228
2015-11,총계,총계,경북,2,954
2015-11,총계,총계,경남,2,929
2015-11,총계,총계,제주,1,068
2015-11,공공부문,소계,전국,9,457
2015-11,공공부문,소계,서울,0
2015-11,공공부문,소계,인천,0
2015-11,공공부문,소계,경기,1,292
2015-11,공공부문,소계,부산,0
2015-11,공공부문,소계,대구,487
2015-11,공공부문,소계,광주,0
2015-11,공공부문,소계,대전,1,106
2015-11,공공부문,소계,울산,0
2015-11,공공부문,소계,세종,0
2015-11,공공부문,소계,강원,1,106
2015-11,공공부문,소계,충북,1,278
2015-11,공공부문,소계,충남,1,338
2015-11,공공부문,소계,전북,0
2015-11,공공부문,소계,전남,570
2015-11,공공부문,소계,경북,0
2015-11,공공부문,소계,경남,1,926
2015-11,공공부문,소계,제주,354
2015-11,합,국민임대,전국,4,368
2015-11,합,국민임대,서울,0
2015-11,합,국민임대,인천,0
2015-11,합,국민임대,경기,0
2015-11,합,국민임대,부산,0
2015-11,합,국민임대,대구,0
2015-11,합,국민임대,광주,0
2015-11,합,국민임대,대전,866
2015-11,합,국민임대,울산,0
2015-11,합,국민임대,세종,0
2015-11,합,국민임대,강원,935
2015-11,합,국민임대,충북,1,278
2015-11,합,국민임대,충남,0
2015-11,합,국민임대,전북,0
2015-11,합,국민임대,전남,0
2015-11,합,국민임대,경북,0
2015-11,합,국민임대,경남,935
2015-11,합,국민임대,제주,354
2015-11,합,공공임대,전국,3,000
2015-11,합,공공임대,서울,0
2015-11,합,공공임대,인천,0
2015-11,합,공공임대,경기,1,292
2015-11,합,공공임대,부산,0
2015-11,합,공공임대,대구,0
2015-11,합,공공임대,광주,0
2015-11,합,공공임대,대전,240
2015-11,합,공공임대,울산,0
2015-11,합,공공임대,세종,0
2015-11,합,공공임대,강원,171
2015-11,합,공공임대,충북,0
2015-11,합,공공임대,충남,538
2015-11,합,공공임대,전북,0
2015-11,합,공공임대,전남,570
2015-11,합,공공임대,경북,0
2015-11,합,공공임대,경남,189
2015-11,합,공공임대,제주,0
2015-11,합,공공분양,전국,2,089
2015-11,합,공공분양,서울,0
2015-11,합,공공분양,인천,0
2015-11,합,공공분양,경기,0
2015-11,합,공공분양,부산,0
2015-11,합,공공분양,대구,487
2015-11,합,공공분양,광주,0
2015-11,합,공공분양,대전,0
2015-11,합,공공분양,울산,0
2015-11,합,공공분양,세종,0
2015-11,합,공공분양,강원,0
2015-11,합,공공분양,충북,0
2015-11,합,공공분양,충남,800
2015-11,합,공공분양,전북,0
2015-11,합,공공분양,전남,0
2015-11,합,공공분양,경북,0
2015-11,합,공공분양,경남,802
2015-11,합,공공분양,제주,0
2015-11,지자체,소계,전국,0
2015-11,지자체,소계,서울,0
2015-11,지자체,소계,인천,0
2015-11,지자체,소계,경기,0
2015-11,지자체,소계,부산,0
2015-11,지자체,소계,대구,0
2015-11,지자체,소계,광주,0
2015-11,지자체,소계,대전,0
2015-11,지자체,소계,울산,0
2015-11,지자체,소계,세종,0
2015-11,지자체,소계,강원,0
2015-11,지자체,소계,충북,0
2015-11,지자체,소계,충남,0
2015-11,지자체,소계,전북,0
2015-11,지자체,소계,전남,0
2015-11,지자체,소계,경북,0
2015-11,지자체,소계,경남,0
2015-11,지자체,소계,제주,0
2015-11,지자체,국민임대,전국,0
2015-11,지자체,국민임대,서울,0
2015-11,지자체,국민임대,인천,0
2015-11,지자체,국민임대,경기,0
2015-11,지자체,국민임대,부산,0
2015-11,지자체,국민임대,대구,0
2015-11,지자체,국민임대,광주,0
2015-11,지자체,국민임대,대전,0
2015-11,지자체,국민임대,울산,0
2015-11,지자체,국민임대,세종,0
2015-11,지자체,국민임대,강원,0
2015-11,지자체,국민임대,충북,0
2015-11,지자체,국민임대,충남,0
2015-11,지자체,국민임대,전북,0
2015-11,지자체,국민임대,전남,0
2015-11,지자체,국민임대,경북,0
2015-11,지자체,국민임대,경남,0
2015-11,지자체,국민임대,제주,0
2015-11,지자체,공공임대,전국,0
2015-11,지자체,공공임대,서울,0
2015-11,지자체,공공임대,인천,0
2015-11,지자체,공공임대,경기,0
2015-11,지자체,공공임대,부산,0
2015-11,지자체,공공임대,대구,0
2015-11,지자체,공공임대,광주,0
2015-11,지자체,공공임대,대전,0
2015-11,지자체,공공임대,울산,0
2015-11,지자체,공공임대,세종,0
2015-11,지자체,공공임대,강원,0
2015-11,지자체,공공임대,충북,0
2015-11,지자체,공공임대,충남,0
2015-11,지자체,공공임대,전북,0
2015-11,지자체,공공임대,전남,0
2015-11,지자체,공공임대,경북,0
2015-11,지자체,공공임대,경남,0
2015-11,지자체,공공임대,제주,0
2015-11,지자체,공공분양,전국,0
2015-11,지자체,공공분양,서울,0
2015-11,지자체,공공분양,인천,0
2015-11,지자체,공공분양,경기,0
2015-11,지자체,공공분양,부산,0
2015-11,지자체,공공분양,대구,0
2015-11,지자체,공공분양,광주,0
2015-11,지자체,공공분양,대전,0
2015-11,지자체,공공분양,울산,0
2015-11,지자체,공공분양,세종,0
2015-11,지자체,공공분양,강원,0
2015-11,지자체,공공분양,충북,0
2015-11,지자체,공공분양,충남,0
2015-11,지자체,공공분양,전북,0
2015-11,지자체,공공분양,전남,0
2015-11,지자체,공공분양,경북,0
2015-11,지자체,공공분양,경남,0
2015-11,지자체,공공분양,제주,0
2015-11,LH,소계,전국,7,424
2015-11,LH,소계,서울,0
2015-11,LH,소계,인천,0
2015-11,LH,소계,경기,0
2015-11,LH,소계,부산,0
2015-11,LH,소계,대구,487
2015-11,LH,소계,광주,0
2015-11,LH,소계,대전,1,106
2015-11,LH,소계,울산,0
2015-11,LH,소계,세종,0
2015-11,LH,소계,강원,935
2015-11,LH,소계,충북,1,278
2015-11,LH,소계,충남,1,338
2015-11,LH,소계,전북,0
2015-11,LH,소계,전남,0
2015-11,LH,소계,경북,0
2015-11,LH,소계,경남,1,926
2015-11,LH,소계,제주,354
2015-11,LH,국민임대,전국,4,368
2015-11,LH,국민임대,서울,0
2015-11,LH,국민임대,인천,0
2015-11,LH,국민임대,경기,0
2015-11,LH,국민임대,부산,0
2015-11,LH,국민임대,대구,0
2015-11,LH,국민임대,광주,0
2015-11,LH,국민임대,대전,866
2015-11,LH,국민임대,울산,0
2015-11,LH,국민임대,세종,0
2015-11,LH,국민임대,강원,935
2015-11,LH,국민임대,충북,1,278
2015-11,LH,국민임대,충남,0
2015-11,LH,국민임대,전북,0
2015-11,LH,국민임대,전남,0
2015-11,LH,국민임대,경북,0
2015-11,LH,국민임대,경남,935
2015-11,LH,국민임대,제주,354
2015-11,LH,공공임대,전국,967
2015-11,LH,공공임대,서울,0
2015-11,LH,공공임대,인천,0
2015-11,LH,공공임대,경기,0
2015-11,LH,공공임대,부산,0
2015-11,LH,공공임대,대구,0
2015-11,LH,공공임대,광주,0
2015-11,LH,공공임대,대전,240
2015-11,LH,공공임대,울산,0
2015-11,LH,공공임대,세종,0
2015-11,LH,공공임대,강원,0
2015-11,LH,공공임대,충북,0
2015-11,LH,공공임대,충남,538
2015-11,LH,공공임대,전북,0
2015-11,LH,공공임대,전남,0
2015-11,LH,공공임대,경북,0
2015-11,LH,공공임대,경남,189
2015-11,LH,공공임대,제주,0
2015-11,LH,공공분양,전국,2,089
2015-11,LH,공공분양,서울,0
2015-11,LH,공공분양,인천,0
2015-11,LH,공공분양,경기,0
2015-11,LH,공공분양,부산,0
2015-11,LH,공공분양,대구,487
2015-11,LH,공공분양,광주,0
2015-11,LH,공공분양,대전,0
2015-11,LH,공공분양,울산,0
2015-11,LH,공공분양,세종,0
2015-11,LH,공공분양,강원,0
2015-11,LH,공공분양,충북,0
2015-11,LH,공공분양,충남,800
2015-11,LH,공공분양,전북,0
2015-11,LH,공공분양,전남,0
2015-11,LH,공공분양,경북,0
2015-11,LH,공공분양,경남,802
2015-11,LH,공공분양,제주,0
2015-11,주택업체,소계,전국,2,033
2015-11,주택업체,소계,서울,0
2015-11,주택업체,소계,인천,0
2015-11,주택업체,소계,경기,1,292
2015-11,주택업체,소계,부산,0
2015-11,주택업체,소계,대구,0
2015-11,주택업체,소계,광주,0
2015-11,주택업체,소계,대전,0
2015-11,주택업체,소계,울산,0
2015-11,주택업체,소계,세종,0
2015-11,주택업체,소계,강원,171
2015-11,주택업체,소계,충북,0
2015-11,주택업체,소계,충남,0
2015-11,주택업체,소계,전북,0
2015-11,주택업체,소계,전남,570
2015-11,주택업체,소계,경북,0
2015-11,주택업체,소계,경남,0
2015-11,주택업체,소계,제주,0
2015-11,주택업체,국민임대,전국,0
2015-11,주택업체,국민임대,서울,0
2015-11,주택업체,국민임대,인천,0
2015-11,주택업체,국민임대,경기,0
2015-11,주택업체,국민임대,부산,0
2015-11,주택업체,국민임대,대구,0
2015-11,주택업체,국민임대,광주,0
2015-11,주택업체,국민임대,대전,0
2015-11,주택업체,국민임대,울산,0
2015-11,주택업체,국민임대,세종,0
2015-11,주택업체,국민임대,강원,0
2015-11,주택업체,국민임대,충북,0
2015-11,주택업체,국민임대,충남,0
2015-11,주택업체,국민임대,전북,0
2015-11,주택업체,국민임대,전남,0
2015-11,주택업체,국민임대,경북,0
2015-11,주택업체,국민임대,경남,0
2015-11,주택업체,국민임대,제주,0
2015-11,주택업체,공공임대,전국,2,033
2015-11,주택업체,공공임대,서울,0
2015-11,주택업체,공공임대,인천,0
2015-11,주택업체,공공임대,경기,1,292
2015-11,주택업체,공공임대,부산,0
2015-11,주택업체,공공임대,대구,0
2015-11,주택업체,공공임대,광주,0
2015-11,주택업체,공공임대,대전,0
2015-11,주택업체,공공임대,울산,0
2015-11,주택업체,공공임대,세종,0
2015-11,주택업체,공공임대,강원,171
2015-11,주택업체,공공임대,충북,0
2015-11,주택업체,공공임대,충남,0
2015-11,주택업체,공공임대,전북,0
2015-11,주택업체,공공임대,전남,570
2015-11,주택업체,공공임대,경북,0
2015-11,주택업체,공공임대,경남,0
2015-11,주택업체,공공임대,제주,0
2015-11,주택업체,공공분양,전국,0
2015-11,주택업체,공공분양,서울,0
2015-11,주택업체,공공분양,인천,0
2015-11,주택업체,공공분양,경기,0
2015-11,주택업체,공공분양,부산,0
2015-11,주택업체,공공분양,대구,0
2015-11,주택업체,공공분양,광주,0
2015-11,주택업체,공공분양,대전,0
2015-11,주택업체,공공분양,울산,0
2015-11,주택업체,공공분양,세종,0
2015-11,주택업체,공공분양,강원,0
2015-11,주택업체,공공분양,충북,0
2015-11,주택업체,공공분양,충남,0
2015-11,주택업체,공공분양,전북,0
2015-11,주택업체,공공분양,전남,0
2015-11,주택업체,공공분양,경북,0
2015-11,주택업체,공공분양,경남,0
2015-11,주택업체,공공분양,제주,0
2015-11,민간부문,소계,전국,29,622
2015-11,민간부문,소계,서울,4,778
2015-11,민간부문,소계,인천,1,046
2015-11,민간부문,소계,경기,8,181
2015-11,민간부문,소계,부산,1,281
2015-11,민간부문,소계,대구,2,368
2015-11,민간부문,소계,광주,180
2015-11,민간부문,소계,대전,217
2015-11,민간부문,소계,울산,713
2015-11,민간부문,소계,세종,284
2015-11,민간부문,소계,강원,1,547
2015-11,민간부문,소계,충북,1,921
2015-11,민간부문,소계,충남,1,015
2015-11,민간부문,소계,전북,762
2015-11,민간부문,소계,전남,658
2015-11,민간부문,소계,경북,2,954
2015-11,민간부문,소계,경남,1,003
2015-11,민간부문,소계,제주,714
2015-11,민간,민간임대,전국,69
2015-11,민간,민간임대,서울,0
2015-11,민간,민간임대,인천,0
2015-11,민간,민간임대,경기,0
2015-11,민간,민간임대,부산,0
2015-11,민간,민간임대,대구,0
2015-11,민간,민간임대,광주,0
2015-11,민간,민간임대,대전,0
2015-11,민간,민간임대,울산,0
2015-11,민간,민간임대,세종,69
2015-11,민간,민간임대,강원,0
2015-11,민간,민간임대,충북,0
2015-11,민간,민간임대,충남,0
2015-11,민간,민간임대,전북,0
2015-11,민간,민간임대,전남,0
2015-11,민간,민간임대,경북,0
2015-11,민간,민간임대,경남,0
2015-11,민간,민간임대,제주,0
2015-11,민간,민간분양,전국,29,553
2015-11,민간,민간분양,서울,4,778
2015-11,민간,민간분양,인천,1,046
2015-11,민간,민간분양,경기,8,181
2015-11,민간,민간분양,부산,1,281
2015-11,민간,민간분양,대구,2,368
2015-11,민간,민간분양,광주,180
2015-11,민간,민간분양,대전,217
2015-11,민간,민간분양,울산,713
2015-11,민간,민간분양,세종,215
2015-11,민간,민간분양,강원,1,547
2015-11,민간,민간분양,충북,1,921
2015-11,민간,민간분양,충남,1,015
2015-11,민간,민간분양,전북,762
2015-11,민간,민간분양,전남,658
2015-11,민간,민간분양,경북,2,954
2015-11,민간,민간분양,경남,1,003
2015-11,민간,민간분양,제주,714
2015-12,총계,총계,전국,61,334
2015-12,총계,총계,서울,5,924
2015-12,총계,총계,인천,1,622
2015-12,총계,총계,경기,17,323
2015-12,총계,총계,부산,3,742
2015-12,총계,총계,대구,5,605
2015-12,총계,총계,광주,763
2015-12,총계,총계,대전,239
2015-12,총계,총계,울산,2,145
2015-12,총계,총계,세종,3,090
2015-12,총계,총계,강원,2,680
2015-12,총계,총계,충북,2,434
2015-12,총계,총계,충남,3,056
2015-12,총계,총계,전북,1,217
2015-12,총계,총계,전남,2,704
2015-12,총계,총계,경북,4,331
2015-12,총계,총계,경남,3,037
2015-12,총계,총계,제주,1,422
2015-12,공공부문,소계,전국,20,777
2015-12,공공부문,소계,서울,400
2015-12,공공부문,소계,인천,742
2015-12,공공부문,소계,경기,6,435
2015-12,공공부문,소계,부산,0
2015-12,공공부문,소계,대구,3,544
2015-12,공공부문,소계,광주,601
2015-12,공공부문,소계,대전,0
2015-12,공공부문,소계,울산,30
2015-12,공공부문,소계,세종,2,311
2015-12,공공부문,소계,강원,1,403
2015-12,공공부문,소계,충북,640
2015-12,공공부문,소계,충남,0
2015-12,공공부문,소계,전북,0
2015-12,공공부문,소계,전남,2,099
2015-12,공공부문,소계,경북,843
2015-12,공공부문,소계,경남,1,369
2015-12,공공부문,소계,제주,360
2015-12,합,국민임대,전국,6,046
2015-12,합,국민임대,서울,346
2015-12,합,국민임대,인천,0
2015-12,합,국민임대,경기,1,084
2015-12,합,국민임대,부산,0
2015-12,합,국민임대,대구,3,544
2015-12,합,국민임대,광주,0
2015-12,합,국민임대,대전,0
2015-12,합,국민임대,울산,0
2015-12,합,국민임대,세종,0
2015-12,합,국민임대,강원,432
2015-12,합,국민임대,충북,640
2015-12,합,국민임대,충남,0
2015-12,합,국민임대,전북,0
2015-12,합,국민임대,전남,0
2015-12,합,국민임대,경북,0
2015-12,합,국민임대,경남,0
2015-12,합,국민임대,제주,0
2015-12,합,공공임대,전국,10,256
2015-12,합,공공임대,서울,54
2015-12,합,공공임대,인천,742
2015-12,합,공공임대,경기,2,609
2015-12,합,공공임대,부산,0
2015-12,합,공공임대,대구,0
2015-12,합,공공임대,광주,601
2015-12,합,공공임대,대전,0
2015-12,합,공공임대,울산,0
2015-12,합,공공임대,세종,1,459
2015-12,합,공공임대,강원,971
2015-12,합,공공임대,충북,0
2015-12,합,공공임대,충남,0
2015-12,합,공공임대,전북,0
2015-12,합,공공임대,전남,1,248
2015-12,합,공공임대,경북,843
2015-12,합,공공임대,경남,1,369
2015-12,합,공공임대,제주,360
2015-12,합,공공분양,전국,4,475
2015-12,합,공공분양,서울,0
2015-12,합,공공분양,인천,0
2015-12,합,공공분양,경기,2,742
2015-12,합,공공분양,부산,0
2015-12,합,공공분양,대구,0
2015-12,합,공공분양,광주,0
2015-12,합,공공분양,대전,0
2015-12,합,공공분양,울산,30
2015-12,합,공공분양,세종,852
2015-12,합,공공분양,강원,0
2015-12,합,공공분양,충북,0
2015-12,합,공공분양,충남,0
2015-12,합,공공분양,전북,0
2015-12,합,공공분양,전남,851
2015-12,합,공공분양,경북,0
2015-12,합,공공분양,경남,0
2015-12,합,공공분양,제주,0
2015-12,지자체,소계,전국,54
2015-12,지자체,소계,서울,54
2015-12,지자체,소계,인천,0
2015-12,지자체,소계,경기,0
2015-12,지자체,소계,부산,0
2015-12,지자체,소계,대구,0
2015-12,지자체,소계,광주,0
2015-12,지자체,소계,대전,0
2015-12,지자체,소계,울산,0
2015-12,지자체,소계,세종,0
2015-12,지자체,소계,강원,0
2015-12,지자체,소계,충북,0
2015-12,지자체,소계,충남,0
2015-12,지자체,소계,전북,0
2015-12,지자체,소계,전남,0
2015-12,지자체,소계,경북,0
2015-12,지자체,소계,경남,0
2015-12,지자체,소계,제주,0
2015-12,지자체,국민임대,전국,0
2015-12,지자체,국민임대,서울,0
2015-12,지자체,국민임대,인천,0
2015-12,지자체,국민임대,경기,0
2015-12,지자체,국민임대,부산,0
2015-12,지자체,국민임대,대구,0
2015-12,지자체,국민임대,광주,0
2015-12,지자체,국민임대,대전,0
2015-12,지자체,국민임대,울산,0
2015-12,지자체,국민임대,세종,0
2015-12,지자체,국민임대,강원,0
2015-12,지자체,국민임대,충북,0
2015-12,지자체,국민임대,충남,0
2015-12,지자체,국민임대,전북,0
2015-12,지자체,국민임대,전남,0
2015-12,지자체,국민임대,경북,0
2015-12,지자체,국민임대,경남,0
2015-12,지자체,국민임대,제주,0
2015-12,지자체,공공임대,전국,54
2015-12,지자체,공공임대,서울,54
2015-12,지자체,공공임대,인천,0
2015-12,지자체,공공임대,경기,0
2015-12,지자체,공공임대,부산,0
2015-12,지자체,공공임대,대구,0
2015-12,지자체,공공임대,광주,0
2015-12,지자체,공공임대,대전,0
2015-12,지자체,공공임대,울산,0
2015-12,지자체,공공임대,세종,0
2015-12,지자체,공공임대,강원,0
2015-12,지자체,공공임대,충북,0
2015-12,지자체,공공임대,충남,0
2015-12,지자체,공공임대,전북,0
2015-12,지자체,공공임대,전남,0
2015-12,지자체,공공임대,경북,0
2015-12,지자체,공공임대,경남,0
2015-12,지자체,공공임대,제주,0
2015-12,지자체,공공분양,전국,0
2015-12,지자체,공공분양,서울,0
2015-12,지자체,공공분양,인천,0
2015-12,지자체,공공분양,경기,0
2015-12,지자체,공공분양,부산,0
2015-12,지자체,공공분양,대구,0
2015-12,지자체,공공분양,광주,0
2015-12,지자체,공공분양,대전,0
2015-12,지자체,공공분양,울산,0
2015-12,지자체,공공분양,세종,0
2015-12,지자체,공공분양,강원,0
2015-12,지자체,공공분양,충북,0
2015-12,지자체,공공분양,충남,0
2015-12,지자체,공공분양,전북,0
2015-12,지자체,공공분양,전남,0
2015-12,지자체,공공분양,경북,0
2015-12,지자체,공공분양,경남,0
2015-12,지자체,공공분양,제주,0
2015-12,LH,소계,전국,11,187
2015-12,LH,소계,서울,0
2015-12,LH,소계,인천,742
2015-12,LH,소계,경기,4,438
2015-12,LH,소계,부산,0
2015-12,LH,소계,대구,3,544
2015-12,LH,소계,광주,0
2015-12,LH,소계,대전,0
2015-12,LH,소계,울산,0
2015-12,LH,소계,세종,0
2015-12,LH,소계,강원,432
2015-12,LH,소계,충북,640
2015-12,LH,소계,충남,0
2015-12,LH,소계,전북,0
2015-12,LH,소계,전남,1,391
2015-12,LH,소계,경북,0
2015-12,LH,소계,경남,0
2015-12,LH,소계,제주,0
2015-12,LH,국민임대,전국,5,700
2015-12,LH,국민임대,서울,0
2015-12,LH,국민임대,인천,0
2015-12,LH,국민임대,경기,1,084
2015-12,LH,국민임대,부산,0
2015-12,LH,국민임대,대구,3,544
2015-12,LH,국민임대,광주,0
2015-12,LH,국민임대,대전,0
2015-12,LH,국민임대,울산,0
2015-12,LH,국민임대,세종,0
2015-12,LH,국민임대,강원,432
2015-12,LH,국민임대,충북,640
2015-12,LH,국민임대,충남,0
2015-12,LH,국민임대,전북,0
2015-12,LH,국민임대,전남,0
2015-12,LH,국민임대,경북,0
2015-12,LH,국민임대,경남,0
2015-12,LH,국민임대,제주,0
2015-12,LH,공공임대,전국,1,894
2015-12,LH,공공임대,서울,0
2015-12,LH,공공임대,인천,742
2015-12,LH,공공임대,경기,612
2015-12,LH,공공임대,부산,0
2015-12,LH,공공임대,대구,0
2015-12,LH,공공임대,광주,0
2015-12,LH,공공임대,대전,0
2015-12,LH,공공임대,울산,0
2015-12,LH,공공임대,세종,0
2015-12,LH,공공임대,강원,0
2015-12,LH,공공임대,충북,0
2015-12,LH,공공임대,충남,0
2015-12,LH,공공임대,전북,0
2015-12,LH,공공임대,전남,540
2015-12,LH,공공임대,경북,0
2015-12,LH,공공임대,경남,0
2015-12,LH,공공임대,제주,0
2015-12,LH,공공분양,전국,3,593
2015-12,LH,공공분양,서울,0
2015-12,LH,공공분양,인천,0
2015-12,LH,공공분양,경기,2,742
2015-12,LH,공공분양,부산,0
2015-12,LH,공공분양,대구,0
2015-12,LH,공공분양,광주,0
2015-12,LH,공공분양,대전,0
2015-12,LH,공공분양,울산,0
2015-12,LH,공공분양,세종,0
2015-12,LH,공공분양,강원,0
2015-12,LH,공공분양,충북,0
2015-12,LH,공공분양,충남,0
2015-12,LH,공공분양,전북,0
2015-12,LH,공공분양,전남,851
2015-12,LH,공공분양,경북,0
2015-12,LH,공공분양,경남,0
2015-12,LH,공공분양,제주,0
2015-12,주택업체,소계,전국,9,536
2015-12,주택업체,소계,서울,346
2015-12,주택업체,소계,인천,0
2015-12,주택업체,소계,경기,1,997
2015-12,주택업체,소계,부산,0
2015-12,주택업체,소계,대구,0
2015-12,주택업체,소계,광주,601
2015-12,주택업체,소계,대전,0
2015-12,주택업체,소계,울산,30
2015-12,주택업체,소계,세종,2,311
2015-12,주택업체,소계,강원,971
2015-12,주택업체,소계,충북,0
2015-12,주택업체,소계,충남,0
2015-12,주택업체,소계,전북,0
2015-12,주택업체,소계,전남,708
2015-12,주택업체,소계,경북,843
2015-12,주택업체,소계,경남,1,369
2015-12,주택업체,소계,제주,360
2015-12,주택업체,국민임대,전국,346
2015-12,주택업체,국민임대,서울,346
2015-12,주택업체,국민임대,인천,0
2015-12,주택업체,국민임대,경기,0
2015-12,주택업체,국민임대,부산,0
2015-12,주택업체,국민임대,대구,0
2015-12,주택업체,국민임대,광주,0
2015-12,주택업체,국민임대,대전,0
2015-12,주택업체,국민임대,울산,0
2015-12,주택업체,국민임대,세종,0
2015-12,주택업체,국민임대,강원,0
2015-12,주택업체,국민임대,충북,0
2015-12,주택업체,국민임대,충남,0
2015-12,주택업체,국민임대,전북,0
2015-12,주택업체,국민임대,전남,0
2015-12,주택업체,국민임대,경북,0
2015-12,주택업체,국민임대,경남,0
2015-12,주택업체,국민임대,제주,0
2015-12,주택업체,공공임대,전국,8,308
2015-12,주택업체,공공임대,서울,0
2015-12,주택업체,공공임대,인천,0
2015-12,주택업체,공공임대,경기,1,997
2015-12,주택업체,공공임대,부산,0
2015-12,주택업체,공공임대,대구,0
2015-12,주택업체,공공임대,광주,601
2015-12,주택업체,공공임대,대전,0
2015-12,주택업체,공공임대,울산,0
2015-12,주택업체,공공임대,세종,1,459
2015-12,주택업체,공공임대,강원,971
2015-12,주택업체,공공임대,충북,0
2015-12,주택업체,공공임대,충남,0
2015-12,주택업체,공공임대,전북,0
2015-12,주택업체,공공임대,전남,708
2015-12,주택업체,공공임대,경북,843
2015-12,주택업체,공공임대,경남,1,369
2015-12,주택업체,공공임대,제주,360
2015-12,주택업체,공공분양,전국,882
2015-12,주택업체,공공분양,서울,0
2015-12,주택업체,공공분양,인천,0
2015-12,주택업체,공공분양,경기,0
2015-12,주택업체,공공분양,부산,0
2015-12,주택업체,공공분양,대구,0
2015-12,주택업체,공공분양,광주,0
2015-12,주택업체,공공분양,대전,0
2015-12,주택업체,공공분양,울산,30
2015-12,주택업체,공공분양,세종,852
2015-12,주택업체,공공분양,강원,0
2015-12,주택업체,공공분양,충북,0
2015-12,주택업체,공공분양,충남,0
2015-12,주택업체,공공분양,전북,0
2015-12,주택업체,공공분양,전남,0
2015-12,주택업체,공공분양,경북,0
2015-12,주택업체,공공분양,경남,0
2015-12,주택업체,공공분양,제주,0
2015-12,민간부문,소계,전국,40,557
2015-12,민간부문,소계,서울,5,524
2015-12,민간부문,소계,인천,880
2015-12,민간부문,소계,경기,10,888
2015-12,민간부문,소계,부산,3,742
2015-12,민간부문,소계,대구,2,061
2015-12,민간부문,소계,광주,162
2015-12,민간부문,소계,대전,239
2015-12,민간부문,소계,울산,2,115
2015-12,민간부문,소계,세종,779
2015-12,민간부문,소계,강원,1,277
2015-12,민간부문,소계,충북,1,794
2015-12,민간부문,소계,충남,3,056
2015-12,민간부문,소계,전북,1,217
2015-12,민간부문,소계,전남,605
2015-12,민간부문,소계,경북,3,488
2015-12,민간부문,소계,경남,1,668
2015-12,민간부문,소계,제주,1,062
2015-12,민간,민간임대,전국,30
2015-12,민간,민간임대,서울,0
2015-12,민간,민간임대,인천,0
2015-12,민간,민간임대,경기,0
2015-12,민간,민간임대,부산,0
2015-12,민간,민간임대,대구,0
2015-12,민간,민간임대,광주,0
2015-12,민간,민간임대,대전,0
2015-12,민간,민간임대,울산,0
2015-12,민간,민간임대,세종,0
2015-12,민간,민간임대,강원,30
2015-12,민간,민간임대,충북,0
2015-12,민간,민간임대,충남,0
2015-12,민간,민간임대,전북,0
2015-12,민간,민간임대,전남,0
2015-12,민간,민간임대,경북,0
2015-12,민간,민간임대,경남,0
2015-12,민간,민간임대,제주,0
2015-12,민간,민간분양,전국,40,527
2015-12,민간,민간분양,서울,5,524
2015-12,민간,민간분양,인천,880
2015-12,민간,민간분양,경기,10,888
2015-12,민간,민간분양,부산,3,742
2015-12,민간,민간분양,대구,2,061
2015-12,민간,민간분양,광주,162
2015-12,민간,민간분양,대전,239
2015-12,민간,민간분양,울산,2,115
2015-12,민간,민간분양,세종,779
2015-12,민간,민간분양,강원,1,247
2015-12,민간,민간분양,충북,1,794
2015-12,민간,민간분양,충남,3,056
2015-12,민간,민간분양,전북,1,217
2015-12,민간,민간분양,전남,605
2015-12,민간,민간분양,경북,3,488
2015-12,민간,민간분양,경남,1,668
2015-12,민간,민간분양,제주,1,062
2016-01,총계,총계,전국,38,455
2016-01,총계,총계,서울,8,227
2016-01,총계,총계,인천,702
2016-01,총계,총계,경기,8,656
2016-01,총계,총계,부산,1,241
2016-01,총계,총계,대구,2,529
2016-01,총계,총계,광주,865
2016-01,총계,총계,대전,346
2016-01,총계,총계,울산,175
2016-01,총계,총계,세종,804
2016-01,총계,총계,강원,407
2016-01,총계,총계,충북,1,942
2016-01,총계,총계,충남,3,515
2016-01,총계,총계,전북,1,507
2016-01,총계,총계,전남,823
2016-01,총계,총계,경북,1,628
2016-01,총계,총계,경남,4,258
2016-01,총계,총계,제주,830
2016-01,공공부문,소계,전국,5,303
2016-01,공공부문,소계,서울,73
2016-01,공공부문,소계,인천,0
2016-01,공공부문,소계,경기,1,673
2016-01,공공부문,소계,부산,468
2016-01,공공부문,소계,대구,759
2016-01,공공부문,소계,광주,0
2016-01,공공부문,소계,대전,0
2016-01,공공부문,소계,울산,0
2016-01,공공부문,소계,세종,773
2016-01,공공부문,소계,강원,0
2016-01,공공부문,소계,충북,0
2016-01,공공부문,소계,충남,0
2016-01,공공부문,소계,전북,0
2016-01,공공부문,소계,전남,0
2016-01,공공부문,소계,경북,0
2016-01,공공부문,소계,경남,1,557
2016-01,공공부문,소계,제주,0
2016-01,합,국민임대,전국,1,557
2016-01,합,국민임대,서울,0
2016-01,합,국민임대,인천,0
2016-01,합,국민임대,경기,0
2016-01,합,국민임대,부산,0
2016-01,합,국민임대,대구,0
2016-01,합,국민임대,광주,0
2016-01,합,국민임대,대전,0
2016-01,합,국민임대,울산,0
2016-01,합,국민임대,세종,0
2016-01,합,국민임대,강원,0
2016-01,합,국민임대,충북,0
2016-01,합,국민임대,충남,0
2016-01,합,국민임대,전북,0
2016-01,합,국민임대,전남,0
2016-01,합,국민임대,경북,0
2016-01,합,국민임대,경남,1,557
2016-01,합,국민임대,제주,0
2016-01,합,공공임대,전국,2,073
2016-01,합,공공임대,서울,73
2016-01,합,공공임대,인천,0
2016-01,합,공공임대,경기,0
2016-01,합,공공임대,부산,468
2016-01,합,공공임대,대구,759
2016-01,합,공공임대,광주,0
2016-01,합,공공임대,대전,0
2016-01,합,공공임대,울산,0
2016-01,합,공공임대,세종,773
2016-01,합,공공임대,강원,0
2016-01,합,공공임대,충북,0
2016-01,합,공공임대,충남,0
2016-01,합,공공임대,전북,0
2016-01,합,공공임대,전남,0
2016-01,합,공공임대,경북,0
2016-01,합,공공임대,경남,0
2016-01,합,공공임대,제주,0
2016-01,합,공공분양,전국,1,673
2016-01,합,공공분양,서울,0
2016-01,합,공공분양,인천,0
2016-01,합,공공분양,경기,1,673
2016-01,합,공공분양,부산,0
2016-01,합,공공분양,대구,0
2016-01,합,공공분양,광주,0
2016-01,합,공공분양,대전,0
2016-01,합,공공분양,울산,0
2016-01,합,공공분양,세종,0
2016-01,합,공공분양,강원,0
2016-01,합,공공분양,충북,0
2016-01,합,공공분양,충남,0
2016-01,합,공공분양,전북,0
2016-01,합,공공분양,전남,0
2016-01,합,공공분양,경북,0
2016-01,합,공공분양,경남,0
2016-01,합,공공분양,제주,0
2016-01,지자체,소계,전국,1,746
2016-01,지자체,소계,서울,73
2016-01,지자체,소계,인천,0
2016-01,지자체,소계,경기,1,673
2016-01,지자체,소계,부산,0
2016-01,지자체,소계,대구,0
2016-01,지자체,소계,광주,0
2016-01,지자체,소계,대전,0
2016-01,지자체,소계,울산,0
2016-01,지자체,소계,세종,0
2016-01,지자체,소계,강원,0
2016-01,지자체,소계,충북,0
2016-01,지자체,소계,충남,0
2016-01,지자체,소계,전북,0
2016-01,지자체,소계,전남,0
2016-01,지자체,소계,경북,0
2016-01,지자체,소계,경남,0
2016-01,지자체,소계,제주,0
2016-01,지자체,국민임대,전국,0
2016-01,지자체,국민임대,서울,0
2016-01,지자체,국민임대,인천,0
2016-01,지자체,국민임대,경기,0
2016-01,지자체,국민임대,부산,0
2016-01,지자체,국민임대,대구,0
2016-01,지자체,국민임대,광주,0
2016-01,지자체,국민임대,대전,0
2016-01,지자체,국민임대,울산,0
2016-01,지자체,국민임대,세종,0
2016-01,지자체,국민임대,강원,0
2016-01,지자체,국민임대,충북,0
2016-01,지자체,국민임대,충남,0
2016-01,지자체,국민임대,전북,0
2016-01,지자체,국민임대,전남,0
2016-01,지자체,국민임대,경북,0
2016-01,지자체,국민임대,경남,0
2016-01,지자체,국민임대,제주,0
2016-01,지자체,공공임대,전국,73
2016-01,지자체,공공임대,서울,73
2016-01,지자체,공공임대,인천,0
2016-01,지자체,공공임대,경기,0
2016-01,지자체,공공임대,부산,0
2016-01,지자체,공공임대,대구,0
2016-01,지자체,공공임대,광주,0
2016-01,지자체,공공임대,대전,0
2016-01,지자체,공공임대,울산,0
2016-01,지자체,공공임대,세종,0
2016-01,지자체,공공임대,강원,0
2016-01,지자체,공공임대,충북,0
2016-01,지자체,공공임대,충남,0
2016-01,지자체,공공임대,전북,0
2016-01,지자체,공공임대,전남,0
2016-01,지자체,공공임대,경북,0
2016-01,지자체,공공임대,경남,0
2016-01,지자체,공공임대,제주,0
2016-01,지자체,공공분양,전국,1,673
2016-01,지자체,공공분양,서울,0
2016-01,지자체,공공분양,인천,0
2016-01,지자체,공공분양,경기,1,673
2016-01,지자체,공공분양,부산,0
2016-01,지자체,공공분양,대구,0
2016-01,지자체,공공분양,광주,0
2016-01,지자체,공공분양,대전,0
2016-01,지자체,공공분양,울산,0
2016-01,지자체,공공분양,세종,0
2016-01,지자체,공공분양,강원,0
2016-01,지자체,공공분양,충북,0
2016-01,지자체,공공분양,충남,0
2016-01,지자체,공공분양,전북,0
2016-01,지자체,공공분양,전남,0
2016-01,지자체,공공분양,경북,0
2016-01,지자체,공공분양,경남,0
2016-01,지자체,공공분양,제주,0
2016-01,LH,소계,전국,2,025
2016-01,LH,소계,서울,0
2016-01,LH,소계,인천,0
2016-01,LH,소계,경기,0
2016-01,LH,소계,부산,468
2016-01,LH,소계,대구,0
2016-01,LH,소계,광주,0
2016-01,LH,소계,대전,0
2016-01,LH,소계,울산,0
2016-01,LH,소계,세종,0
2016-01,LH,소계,강원,0
2016-01,LH,소계,충북,0
2016-01,LH,소계,충남,0
2016-01,LH,소계,전북,0
2016-01,LH,소계,전남,0
2016-01,LH,소계,경북,0
2016-01,LH,소계,경남,1,557
2016-01,LH,소계,제주,0
2016-01,LH,국민임대,전국,1,557
2016-01,LH,국민임대,서울,0
2016-01,LH,국민임대,인천,0
2016-01,LH,국민임대,경기,0
2016-01,LH,국민임대,부산,0
2016-01,LH,국민임대,대구,0
2016-01,LH,국민임대,광주,0
2016-01,LH,국민임대,대전,0
2016-01,LH,국민임대,울산,0
2016-01,LH,국민임대,세종,0
2016-01,LH,국민임대,강원,0
2016-01,LH,국민임대,충북,0
2016-01,LH,국민임대,충남,0
2016-01,LH,국민임대,전북,0
2016-01,LH,국민임대,전남,0
2016-01,LH,국민임대,경북,0
2016-01,LH,국민임대,경남,1,557
2016-01,LH,국민임대,제주,0
2016-01,LH,공공임대,전국,468
2016-01,LH,공공임대,서울,0
2016-01,LH,공공임대,인천,0
2016-01,LH,공공임대,경기,0
2016-01,LH,공공임대,부산,468
2016-01,LH,공공임대,대구,0
2016-01,LH,공공임대,광주,0
2016-01,LH,공공임대,대전,0
2016-01,LH,공공임대,울산,0
2016-01,LH,공공임대,세종,0
2016-01,LH,공공임대,강원,0
2016-01,LH,공공임대,충북,0
2016-01,LH,공공임대,충남,0
2016-01,LH,공공임대,전북,0
2016-01,LH,공공임대,전남,0
2016-01,LH,공공임대,경북,0
2016-01,LH,공공임대,경남,0
2016-01,LH,공공임대,제주,0
2016-01,LH,공공분양,전국,0
2016-01,LH,공공분양,서울,0
2016-01,LH,공공분양,인천,0
2016-01,LH,공공분양,경기,0
2016-01,LH,공공분양,부산,0
2016-01,LH,공공분양,대구,0
2016-01,LH,공공분양,광주,0
2016-01,LH,공공분양,대전,0
2016-01,LH,공공분양,울산,0
2016-01,LH,공공분양,세종,0
2016-01,LH,공공분양,강원,0
2016-01,LH,공공분양,충북,0
2016-01,LH,공공분양,충남,0
2016-01,LH,공공분양,전북,0
2016-01,LH,공공분양,전남,0
2016-01,LH,공공분양,경북,0
2016-01,LH,공공분양,경남,0
2016-01,LH,공공분양,제주,0
2016-01,주택업체,소계,전국,1,532
2016-01,주택업체,소계,서울,0
2016-01,주택업체,소계,인천,0
2016-01,주택업체,소계,경기,0
2016-01,주택업체,소계,부산,0
2016-01,주택업체,소계,대구,759
2016-01,주택업체,소계,광주,0
2016-01,주택업체,소계,대전,0
2016-01,주택업체,소계,울산,0
2016-01,주택업체,소계,세종,773
2016-01,주택업체,소계,강원,0
2016-01,주택업체,소계,충북,0
2016-01,주택업체,소계,충남,0
2016-01,주택업체,소계,전북,0
2016-01,주택업체,소계,전남,0
2016-01,주택업체,소계,경북,0
2016-01,주택업체,소계,경남,0
2016-01,주택업체,소계,제주,0
2016-01,주택업체,국민임대,전국,0
2016-01,주택업체,국민임대,서울,0
2016-01,주택업체,국민임대,인천,0
2016-01,주택업체,국민임대,경기,0
2016-01,주택업체,국민임대,부산,0
2016-01,주택업체,국민임대,대구,0
2016-01,주택업체,국민임대,광주,0
2016-01,주택업체,국민임대,대전,0
2016-01,주택업체,국민임대,울산,0
2016-01,주택업체,국민임대,세종,0
2016-01,주택업체,국민임대,강원,0
2016-01,주택업체,국민임대,충북,0
2016-01,주택업체,국민임대,충남,0
2016-01,주택업체,국민임대,전북,0
2016-01,주택업체,국민임대,전남,0
2016-01,주택업체,국민임대,경북,0
2016-01,주택업체,국민임대,경남,0
2016-01,주택업체,국민임대,제주,0
2016-01,주택업체,공공임대,전국,1,532
2016-01,주택업체,공공임대,서울,0
2016-01,주택업체,공공임대,인천,0
2016-01,주택업체,공공임대,경기,0
2016-01,주택업체,공공임대,부산,0
2016-01,주택업체,공공임대,대구,759
2016-01,주택업체,공공임대,광주,0
2016-01,주택업체,공공임대,대전,0
2016-01,주택업체,공공임대,울산,0
2016-01,주택업체,공공임대,세종,773
2016-01,주택업체,공공임대,강원,0
2016-01,주택업체,공공임대,충북,0
2016-01,주택업체,공공임대,충남,0
2016-01,주택업체,공공임대,전북,0
2016-01,주택업체,공공임대,전남,0
2016-01,주택업체,공공임대,경북,0
2016-01,주택업체,공공임대,경남,0
2016-01,주택업체,공공임대,제주,0
2016-01,주택업체,공공분양,전국,0
2016-01,주택업체,공공분양,서울,0
2016-01,주택업체,공공분양,인천,0
2016-01,주택업체,공공분양,경기,0
2016-01,주택업체,공공분양,부산,0
2016-01,주택업체,공공분양,대구,0
2016-01,주택업체,공공분양,광주,0
2016-01,주택업체,공공분양,대전,0
2016-01,주택업체,공공분양,울산,0
2016-01,주택업체,공공분양,세종,0
2016-01,주택업체,공공분양,강원,0
2016-01,주택업체,공공분양,충북,0
2016-01,주택업체,공공분양,충남,0
2016-01,주택업체,공공분양,전북,0
2016-01,주택업체,공공분양,전남,0
2016-01,주택업체,공공분양,경북,0
2016-01,주택업체,공공분양,경남,0
2016-01,주택업체,공공분양,제주,0
2016-01,민간부문,소계,전국,33,152
2016-01,민간부문,소계,서울,8,154
2016-01,민간부문,소계,인천,702
2016-01,민간부문,소계,경기,6,983
2016-01,민간부문,소계,부산,773
2016-01,민간부문,소계,대구,1,770
2016-01,민간부문,소계,광주,865
2016-01,민간부문,소계,대전,346
2016-01,민간부문,소계,울산,175
2016-01,민간부문,소계,세종,31
2016-01,민간부문,소계,강원,407
2016-01,민간부문,소계,충북,1,942
2016-01,민간부문,소계,충남,3,515
2016-01,민간부문,소계,전북,1,507
2016-01,민간부문,소계,전남,823
2016-01,민간부문,소계,경북,1,628
2016-01,민간부문,소계,경남,2,701
2016-01,민간부문,소계,제주,830
2016-01,민간,민간임대,전국,63
2016-01,민간,민간임대,서울,63
2016-01,민간,민간임대,인천,0
2016-01,민간,민간임대,경기,0
2016-01,민간,민간임대,부산,0
2016-01,민간,민간임대,대구,0
2016-01,민간,민간임대,광주,0
2016-01,민간,민간임대,대전,0
2016-01,민간,민간임대,울산,0
2016-01,민간,민간임대,세종,0
2016-01,민간,민간임대,강원,0
2016-01,민간,민간임대,충북,0
2016-01,민간,민간임대,충남,0
2016-01,민간,민간임대,전북,0
2016-01,민간,민간임대,전남,0
2016-01,민간,민간임대,경북,0
2016-01,민간,민간임대,경남,0
2016-01,민간,민간임대,제주,0
2016-01,민간,민간분양,전국,33,089
2016-01,민간,민간분양,서울,8,091
2016-01,민간,민간분양,인천,702
2016-01,민간,민간분양,경기,6,983
2016-01,민간,민간분양,부산,773
2016-01,민간,민간분양,대구,1,770
2016-01,민간,민간분양,광주,865
2016-01,민간,민간분양,대전,346
2016-01,민간,민간분양,울산,175
2016-01,민간,민간분양,세종,31
2016-01,민간,민간분양,강원,407
2016-01,민간,민간분양,충북,1,942
2016-01,민간,민간분양,충남,3,515
2016-01,민간,민간분양,전북,1,507
2016-01,민간,민간분양,전남,823
2016-01,민간,민간분양,경북,1,628
2016-01,민간,민간분양,경남,2,701
2016-01,민간,민간분양,제주,830
2016-02,총계,총계,전국,31,567
2016-02,총계,총계,서울,5,640
2016-02,총계,총계,인천,562
2016-02,총계,총계,경기,9,501
2016-02,총계,총계,부산,827
2016-02,총계,총계,대구,1,030
2016-02,총계,총계,광주,213
2016-02,총계,총계,대전,546
2016-02,총계,총계,울산,186
2016-02,총계,총계,세종,847
2016-02,총계,총계,강원,892
2016-02,총계,총계,충북,1,454
2016-02,총계,총계,충남,1,040
2016-02,총계,총계,전북,1,441
2016-02,총계,총계,전남,460
2016-02,총계,총계,경북,5,439
2016-02,총계,총계,경남,681
2016-02,총계,총계,제주,808
2016-02,공공부문,소계,전국,1,919
2016-02,공공부문,소계,서울,15
2016-02,공공부문,소계,인천,0
2016-02,공공부문,소계,경기,242
2016-02,공공부문,소계,부산,0
2016-02,공공부문,소계,대구,791
2016-02,공공부문,소계,광주,0
2016-02,공공부문,소계,대전,0
2016-02,공공부문,소계,울산,0
2016-02,공공부문,소계,세종,0
2016-02,공공부문,소계,강원,0
2016-02,공공부문,소계,충북,0
2016-02,공공부문,소계,충남,0
2016-02,공공부문,소계,전북,871
2016-02,공공부문,소계,전남,0
2016-02,공공부문,소계,경북,0
2016-02,공공부문,소계,경남,0
2016-02,공공부문,소계,제주,0
2016-02,합,국민임대,전국,15
2016-02,합,국민임대,서울,15
2016-02,합,국민임대,인천,0
2016-02,합,국민임대,경기,0
2016-02,합,국민임대,부산,0
2016-02,합,국민임대,대구,0
2016-02,합,국민임대,광주,0
2016-02,합,국민임대,대전,0
2016-02,합,국민임대,울산,0
2016-02,합,국민임대,세종,0
2016-02,합,국민임대,강원,0
2016-02,합,국민임대,충북,0
2016-02,합,국민임대,충남,0
2016-02,합,국민임대,전북,0
2016-02,합,국민임대,전남,0
2016-02,합,국민임대,경북,0
2016-02,합,국민임대,경남,0
2016-02,합,국민임대,제주,0
2016-02,합,공공임대,전국,1,662
2016-02,합,공공임대,서울,0
2016-02,합,공공임대,인천,0
2016-02,합,공공임대,경기,0
2016-02,합,공공임대,부산,0
2016-02,합,공공임대,대구,791
2016-02,합,공공임대,광주,0
2016-02,합,공공임대,대전,0
2016-02,합,공공임대,울산,0
2016-02,합,공공임대,세종,0
2016-02,합,공공임대,강원,0
2016-02,합,공공임대,충북,0
2016-02,합,공공임대,충남,0
2016-02,합,공공임대,전북,871
2016-02,합,공공임대,전남,0
2016-02,합,공공임대,경북,0
2016-02,합,공공임대,경남,0
2016-02,합,공공임대,제주,0
2016-02,합,공공분양,전국,242
2016-02,합,공공분양,서울,0
2016-02,합,공공분양,인천,0
2016-02,합,공공분양,경기,242
2016-02,합,공공분양,부산,0
2016-02,합,공공분양,대구,0
2016-02,합,공공분양,광주,0
2016-02,합,공공분양,대전,0
2016-02,합,공공분양,울산,0
2016-02,합,공공분양,세종,0
2016-02,합,공공분양,강원,0
2016-02,합,공공분양,충북,0
2016-02,합,공공분양,충남,0
2016-02,합,공공분양,전북,0
2016-02,합,공공분양,전남,0
2016-02,합,공공분양,경북,0
2016-02,합,공공분양,경남,0
2016-02,합,공공분양,제주,0
2016-02,지자체,소계,전국,15
2016-02,지자체,소계,서울,15
2016-02,지자체,소계,인천,0
2016-02,지자체,소계,경기,0
2016-02,지자체,소계,부산,0
2016-02,지자체,소계,대구,0
2016-02,지자체,소계,광주,0
2016-02,지자체,소계,대전,0
2016-02,지자체,소계,울산,0
2016-02,지자체,소계,세종,0
2016-02,지자체,소계,강원,0
2016-02,지자체,소계,충북,0
2016-02,지자체,소계,충남,0
2016-02,지자체,소계,전북,0
2016-02,지자체,소계,전남,0
2016-02,지자체,소계,경북,0
2016-02,지자체,소계,경남,0
2016-02,지자체,소계,제주,0
2016-02,지자체,국민임대,전국,15
2016-02,지자체,국민임대,서울,15
2016-02,지자체,국민임대,인천,0
2016-02,지자체,국민임대,경기,0
2016-02,지자체,국민임대,부산,0
2016-02,지자체,국민임대,대구,0
2016-02,지자체,국민임대,광주,0
2016-02,지자체,국민임대,대전,0
2016-02,지자체,국민임대,울산,0
2016-02,지자체,국민임대,세종,0
2016-02,지자체,국민임대,강원,0
2016-02,지자체,국민임대,충북,0
2016-02,지자체,국민임대,충남,0
2016-02,지자체,국민임대,전북,0
2016-02,지자체,국민임대,전남,0
2016-02,지자체,국민임대,경북,0
2016-02,지자체,국민임대,경남,0
2016-02,지자체,국민임대,제주,0
2016-02,지자체,공공임대,전국,0
2016-02,지자체,공공임대,서울,0
2016-02,지자체,공공임대,인천,0
2016-02,지자체,공공임대,경기,0
2016-02,지자체,공공임대,부산,0
2016-02,지자체,공공임대,대구,0
2016-02,지자체,공공임대,광주,0
2016-02,지자체,공공임대,대전,0
2016-02,지자체,공공임대,울산,0
2016-02,지자체,공공임대,세종,0
2016-02,지자체,공공임대,강원,0
2016-02,지자체,공공임대,충북,0
2016-02,지자체,공공임대,충남,0
2016-02,지자체,공공임대,전북,0
2016-02,지자체,공공임대,전남,0
2016-02,지자체,공공임대,경북,0
2016-02,지자체,공공임대,경남,0
2016-02,지자체,공공임대,제주,0
2016-02,지자체,공공분양,전국,0
2016-02,지자체,공공분양,서울,0
2016-02,지자체,공공분양,인천,0
2016-02,지자체,공공분양,경기,0
2016-02,지자체,공공분양,부산,0
2016-02,지자체,공공분양,대구,0
2016-02,지자체,공공분양,광주,0
2016-02,지자체,공공분양,대전,0
2016-02,지자체,공공분양,울산,0
2016-02,지자체,공공분양,세종,0
2016-02,지자체,공공분양,강원,0
2016-02,지자체,공공분양,충북,0
2016-02,지자체,공공분양,충남,0
2016-02,지자체,공공분양,전북,0
2016-02,지자체,공공분양,전남,0
2016-02,지자체,공공분양,경북,0
2016-02,지자체,공공분양,경남,0
2016-02,지자체,공공분양,제주,0
2016-02,LH,소계,전국,791
2016-02,LH,소계,서울,0
2016-02,LH,소계,인천,0
2016-02,LH,소계,경기,0
2016-02,LH,소계,부산,0
2016-02,LH,소계,대구,791
2016-02,LH,소계,광주,0
2016-02,LH,소계,대전,0
2016-02,LH,소계,울산,0
2016-02,LH,소계,세종,0
2016-02,LH,소계,강원,0
2016-02,LH,소계,충북,0
2016-02,LH,소계,충남,0
2016-02,LH,소계,전북,0
2016-02,LH,소계,전남,0
2016-02,LH,소계,경북,0
2016-02,LH,소계,경남,0
2016-02,LH,소계,제주,0
2016-02,LH,국민임대,전국,0
2016-02,LH,국민임대,서울,0
2016-02,LH,국민임대,인천,0
2016-02,LH,국민임대,경기,0
2016-02,LH,국민임대,부산,0
2016-02,LH,국민임대,대구,0
2016-02,LH,국민임대,광주,0
2016-02,LH,국민임대,대전,0
2016-02,LH,국민임대,울산,0
2016-02,LH,국민임대,세종,0
2016-02,LH,국민임대,강원,0
2016-02,LH,국민임대,충북,0
2016-02,LH,국민임대,충남,0
2016-02,LH,국민임대,전북,0
2016-02,LH,국민임대,전남,0
2016-02,LH,국민임대,경북,0
2016-02,LH,국민임대,경남,0
2016-02,LH,국민임대,제주,0
2016-02,LH,공공임대,전국,791
2016-02,LH,공공임대,서울,0
2016-02,LH,공공임대,인천,0
2016-02,LH,공공임대,경기,0
2016-02,LH,공공임대,부산,0
2016-02,LH,공공임대,대구,791
2016-02,LH,공공임대,광주,0
2016-02,LH,공공임대,대전,0
2016-02,LH,공공임대,울산,0
2016-02,LH,공공임대,세종,0
2016-02,LH,공공임대,강원,0
2016-02,LH,공공임대,충북,0
2016-02,LH,공공임대,충남,0
2016-02,LH,공공임대,전북,0
2016-02,LH,공공임대,전남,0
2016-02,LH,공공임대,경북,0
2016-02,LH,공공임대,경남,0
2016-02,LH,공공임대,제주,0
2016-02,LH,공공분양,전국,0
2016-02,LH,공공분양,서울,0
2016-02,LH,공공분양,인천,0
2016-02,LH,공공분양,경기,0
2016-02,LH,공공분양,부산,0
2016-02,LH,공공분양,대구,0
2016-02,LH,공공분양,광주,0
2016-02,LH,공공분양,대전,0
2016-02,LH,공공분양,울산,0
2016-02,LH,공공분양,세종,0
2016-02,LH,공공분양,강원,0
2016-02,LH,공공분양,충북,0
2016-02,LH,공공분양,충남,0
2016-02,LH,공공분양,전북,0
2016-02,LH,공공분양,전남,0
2016-02,LH,공공분양,경북,0
2016-02,LH,공공분양,경남,0
2016-02,LH,공공분양,제주,0
2016-02,주택업체,소계,전국,1,113
2016-02,주택업체,소계,서울,0
2016-02,주택업체,소계,인천,0
2016-02,주택업체,소계,경기,242
2016-02,주택업체,소계,부산,0
2016-02,주택업체,소계,대구,0
2016-02,주택업체,소계,광주,0
2016-02,주택업체,소계,대전,0
2016-02,주택업체,소계,울산,0
2016-02,주택업체,소계,세종,0
2016-02,주택업체,소계,강원,0
2016-02,주택업체,소계,충북,0
2016-02,주택업체,소계,충남,0
2016-02,주택업체,소계,전북,871
2016-02,주택업체,소계,전남,0
2016-02,주택업체,소계,경북,0
2016-02,주택업체,소계,경남,0
2016-02,주택업체,소계,제주,0
2016-02,주택업체,국민임대,전국,0
2016-02,주택업체,국민임대,서울,0
2016-02,주택업체,국민임대,인천,0
2016-02,주택업체,국민임대,경기,0
2016-02,주택업체,국민임대,부산,0
2016-02,주택업체,국민임대,대구,0
2016-02,주택업체,국민임대,광주,0
2016-02,주택업체,국민임대,대전,0
2016-02,주택업체,국민임대,울산,0
2016-02,주택업체,국민임대,세종,0
2016-02,주택업체,국민임대,강원,0
2016-02,주택업체,국민임대,충북,0
2016-02,주택업체,국민임대,충남,0
2016-02,주택업체,국민임대,전북,0
2016-02,주택업체,국민임대,전남,0
2016-02,주택업체,국민임대,경북,0
2016-02,주택업체,국민임대,경남,0
2016-02,주택업체,국민임대,제주,0
2016-02,주택업체,공공임대,전국,871
2016-02,주택업체,공공임대,서울,0
2016-02,주택업체,공공임대,인천,0
2016-02,주택업체,공공임대,경기,0
2016-02,주택업체,공공임대,부산,0
2016-02,주택업체,공공임대,대구,0
2016-02,주택업체,공공임대,광주,0
2016-02,주택업체,공공임대,대전,0
2016-02,주택업체,공공임대,울산,0
2016-02,주택업체,공공임대,세종,0
2016-02,주택업체,공공임대,강원,0
2016-02,주택업체,공공임대,충북,0
2016-02,주택업체,공공임대,충남,0
2016-02,주택업체,공공임대,전북,871
2016-02,주택업체,공공임대,전남,0
2016-02,주택업체,공공임대,경북,0
2016-02,주택업체,공공임대,경남,0
2016-02,주택업체,공공임대,제주,0
2016-02,주택업체,공공분양,전국,242
2016-02,주택업체,공공분양,서울,0
2016-02,주택업체,공공분양,인천,0
2016-02,주택업체,공공분양,경기,242
2016-02,주택업체,공공분양,부산,0
2016-02,주택업체,공공분양,대구,0
2016-02,주택업체,공공분양,광주,0
2016-02,주택업체,공공분양,대전,0
2016-02,주택업체,공공분양,울산,0
2016-02,주택업체,공공분양,세종,0
2016-02,주택업체,공공분양,강원,0
2016-02,주택업체,공공분양,충북,0
2016-02,주택업체,공공분양,충남,0
2016-02,주택업체,공공분양,전북,0
2016-02,주택업체,공공분양,전남,0
2016-02,주택업체,공공분양,경북,0
2016-02,주택업체,공공분양,경남,0
2016-02,주택업체,공공분양,제주,0
2016-02,민간부문,소계,전국,29,648
2016-02,민간부문,소계,서울,5,625
2016-02,민간부문,소계,인천,562
2016-02,민간부문,소계,경기,9,259
2016-02,민간부문,소계,부산,827
2016-02,민간부문,소계,대구,239
2016-02,민간부문,소계,광주,213
2016-02,민간부문,소계,대전,546
2016-02,민간부문,소계,울산,186
2016-02,민간부문,소계,세종,847
2016-02,민간부문,소계,강원,892
2016-02,민간부문,소계,충북,1,454
2016-02,민간부문,소계,충남,1,040
2016-02,민간부문,소계,전북,570
2016-02,민간부문,소계,전남,460
2016-02,민간부문,소계,경북,5,439
2016-02,민간부문,소계,경남,681
2016-02,민간부문,소계,제주,808
2016-02,민간,민간임대,전국,0
2016-02,민간,민간임대,서울,0
2016-02,민간,민간임대,인천,0
2016-02,민간,민간임대,경기,0
2016-02,민간,민간임대,부산,0
2016-02,민간,민간임대,대구,0
2016-02,민간,민간임대,광주,0
2016-02,민간,민간임대,대전,0
2016-02,민간,민간임대,울산,0
2016-02,민간,민간임대,세종,0
2016-02,민간,민간임대,강원,0
2016-02,민간,민간임대,충북,0
2016-02,민간,민간임대,충남,0
2016-02,민간,민간임대,전북,0
2016-02,민간,민간임대,전남,0
2016-02,민간,민간임대,경북,0
2016-02,민간,민간임대,경남,0
2016-02,민간,민간임대,제주,0
2016-02,민간,민간분양,전국,29,648
2016-02,민간,민간분양,서울,5,625
2016-02,민간,민간분양,인천,562
2016-02,민간,민간분양,경기,9,259
2016-02,민간,민간분양,부산,827
2016-02,민간,민간분양,대구,239
2016-02,민간,민간분양,광주,213
2016-02,민간,민간분양,대전,546
2016-02,민간,민간분양,울산,186
2016-02,민간,민간분양,세종,847
2016-02,민간,민간분양,강원,892
2016-02,민간,민간분양,충북,1,454
2016-02,민간,민간분양,충남,1,040
2016-02,민간,민간분양,전북,570
2016-02,민간,민간분양,전남,460
2016-02,민간,민간분양,경북,5,439
2016-02,민간,민간분양,경남,681
2016-02,민간,민간분양,제주,808
2016-03,총계,총계,전국,29,134
2016-03,총계,총계,서울,5,432
2016-03,총계,총계,인천,1,784
2016-03,총계,총계,경기,6,589
2016-03,총계,총계,부산,787
2016-03,총계,총계,대구,3,140
2016-03,총계,총계,광주,816
2016-03,총계,총계,대전,705
2016-03,총계,총계,울산,206
2016-03,총계,총계,세종,305
2016-03,총계,총계,강원,297
2016-03,총계,총계,충북,658
2016-03,총계,총계,충남,1,494
2016-03,총계,총계,전북,1,154
2016-03,총계,총계,전남,856
2016-03,총계,총계,경북,2,457
2016-03,총계,총계,경남,1,385
2016-03,총계,총계,제주,1,069
2016-03,공공부문,소계,전국,5,064
2016-03,공공부문,소계,서울,533
2016-03,공공부문,소계,인천,0
2016-03,공공부문,소계,경기,1,965
2016-03,공공부문,소계,부산,0
2016-03,공공부문,소계,대구,1,106
2016-03,공공부문,소계,광주,532
2016-03,공공부문,소계,대전,492
2016-03,공공부문,소계,울산,0
2016-03,공공부문,소계,세종,0
2016-03,공공부문,소계,강원,0
2016-03,공공부문,소계,충북,0
2016-03,공공부문,소계,충남,0
2016-03,공공부문,소계,전북,0
2016-03,공공부문,소계,전남,436
2016-03,공공부문,소계,경북,0
2016-03,공공부문,소계,경남,0
2016-03,공공부문,소계,제주,0
2016-03,합,국민임대,전국,966
2016-03,합,국민임대,서울,76
2016-03,합,국민임대,인천,0
2016-03,합,국민임대,경기,890
2016-03,합,국민임대,부산,0
2016-03,합,국민임대,대구,0
2016-03,합,국민임대,광주,0
2016-03,합,국민임대,대전,0
2016-03,합,국민임대,울산,0
2016-03,합,국민임대,세종,0
2016-03,합,국민임대,강원,0
2016-03,합,국민임대,충북,0
2016-03,합,국민임대,충남,0
2016-03,합,국민임대,전북,0
2016-03,합,국민임대,전남,0
2016-03,합,국민임대,경북,0
2016-03,합,국민임대,경남,0
2016-03,합,국민임대,제주,0
2016-03,합,공공임대,전국,2,293
2016-03,합,공공임대,서울,457
2016-03,합,공공임대,인천,0
2016-03,합,공공임대,경기,0
2016-03,합,공공임대,부산,0
2016-03,합,공공임대,대구,376
2016-03,합,공공임대,광주,532
2016-03,합,공공임대,대전,492
2016-03,합,공공임대,울산,0
2016-03,합,공공임대,세종,0
2016-03,합,공공임대,강원,0
2016-03,합,공공임대,충북,0
2016-03,합,공공임대,충남,0
2016-03,합,공공임대,전북,0
2016-03,합,공공임대,전남,436
2016-03,합,공공임대,경북,0
2016-03,합,공공임대,경남,0
2016-03,합,공공임대,제주,0
2016-03,합,공공분양,전국,1,805
2016-03,합,공공분양,서울,0
2016-03,합,공공분양,인천,0
2016-03,합,공공분양,경기,1,075
2016-03,합,공공분양,부산,0
2016-03,합,공공분양,대구,730
2016-03,합,공공분양,광주,0
2016-03,합,공공분양,대전,0
2016-03,합,공공분양,울산,0
2016-03,합,공공분양,세종,0
2016-03,합,공공분양,강원,0
2016-03,합,공공분양,충북,0
2016-03,합,공공분양,충남,0
2016-03,합,공공분양,전북,0
2016-03,합,공공분양,전남,0
2016-03,합,공공분양,경북,0
2016-03,합,공공분양,경남,0
2016-03,합,공공분양,제주,0
2016-03,지자체,소계,전국,533
2016-03,지자체,소계,서울,533
2016-03,지자체,소계,인천,0
2016-03,지자체,소계,경기,0
2016-03,지자체,소계,부산,0
2016-03,지자체,소계,대구,0
2016-03,지자체,소계,광주,0
2016-03,지자체,소계,대전,0
2016-03,지자체,소계,울산,0
2016-03,지자체,소계,세종,0
2016-03,지자체,소계,강원,0
2016-03,지자체,소계,충북,0
2016-03,지자체,소계,충남,0
2016-03,지자체,소계,전북,0
2016-03,지자체,소계,전남,0
2016-03,지자체,소계,경북,0
2016-03,지자체,소계,경남,0
2016-03,지자체,소계,제주,0
2016-03,지자체,국민임대,전국,76
2016-03,지자체,국민임대,서울,76
2016-03,지자체,국민임대,인천,0
2016-03,지자체,국민임대,경기,0
2016-03,지자체,국민임대,부산,0
2016-03,지자체,국민임대,대구,0
2016-03,지자체,국민임대,광주,0
2016-03,지자체,국민임대,대전,0
2016-03,지자체,국민임대,울산,0
2016-03,지자체,국민임대,세종,0
2016-03,지자체,국민임대,강원,0
2016-03,지자체,국민임대,충북,0
2016-03,지자체,국민임대,충남,0
2016-03,지자체,국민임대,전북,0
2016-03,지자체,국민임대,전남,0
2016-03,지자체,국민임대,경북,0
2016-03,지자체,국민임대,경남,0
2016-03,지자체,국민임대,제주,0
2016-03,지자체,공공임대,전국,457
2016-03,지자체,공공임대,서울,457
2016-03,지자체,공공임대,인천,0
2016-03,지자체,공공임대,경기,0
2016-03,지자체,공공임대,부산,0
2016-03,지자체,공공임대,대구,0
2016-03,지자체,공공임대,광주,0
2016-03,지자체,공공임대,대전,0
2016-03,지자체,공공임대,울산,0
2016-03,지자체,공공임대,세종,0
2016-03,지자체,공공임대,강원,0
2016-03,지자체,공공임대,충북,0
2016-03,지자체,공공임대,충남,0
2016-03,지자체,공공임대,전북,0
2016-03,지자체,공공임대,전남,0
2016-03,지자체,공공임대,경북,0
2016-03,지자체,공공임대,경남,0
2016-03,지자체,공공임대,제주,0
2016-03,지자체,공공분양,전국,0
2016-03,지자체,공공분양,서울,0
2016-03,지자체,공공분양,인천,0
2016-03,지자체,공공분양,경기,0
2016-03,지자체,공공분양,부산,0
2016-03,지자체,공공분양,대구,0
2016-03,지자체,공공분양,광주,0
2016-03,지자체,공공분양,대전,0
2016-03,지자체,공공분양,울산,0
2016-03,지자체,공공분양,세종,0
2016-03,지자체,공공분양,강원,0
2016-03,지자체,공공분양,충북,0
2016-03,지자체,공공분양,충남,0
2016-03,지자체,공공분양,전북,0
2016-03,지자체,공공분양,전남,0
2016-03,지자체,공공분양,경북,0
2016-03,지자체,공공분양,경남,0
2016-03,지자체,공공분양,제주,0
2016-03,LH,소계,전국,4,095
2016-03,LH,소계,서울,0
2016-03,LH,소계,인천,0
2016-03,LH,소계,경기,1,965
2016-03,LH,소계,부산,0
2016-03,LH,소계,대구,1,106
2016-03,LH,소계,광주,532
2016-03,LH,소계,대전,492
2016-03,LH,소계,울산,0
2016-03,LH,소계,세종,0
2016-03,LH,소계,강원,0
2016-03,LH,소계,충북,0
2016-03,LH,소계,충남,0
2016-03,LH,소계,전북,0
2016-03,LH,소계,전남,0
2016-03,LH,소계,경북,0
2016-03,LH,소계,경남,0
2016-03,LH,소계,제주,0
2016-03,LH,국민임대,전국,890
2016-03,LH,국민임대,서울,0
2016-03,LH,국민임대,인천,0
2016-03,LH,국민임대,경기,890
2016-03,LH,국민임대,부산,0
2016-03,LH,국민임대,대구,0
2016-03,LH,국민임대,광주,0
2016-03,LH,국민임대,대전,0
2016-03,LH,국민임대,울산,0
2016-03,LH,국민임대,세종,0
2016-03,LH,국민임대,강원,0
2016-03,LH,국민임대,충북,0
2016-03,LH,국민임대,충남,0
2016-03,LH,국민임대,전북,0
2016-03,LH,국민임대,전남,0
2016-03,LH,국민임대,경북,0
2016-03,LH,국민임대,경남,0
2016-03,LH,국민임대,제주,0
2016-03,LH,공공임대,전국,1,400
2016-03,LH,공공임대,서울,0
2016-03,LH,공공임대,인천,0
2016-03,LH,공공임대,경기,0
2016-03,LH,공공임대,부산,0
2016-03,LH,공공임대,대구,376
2016-03,LH,공공임대,광주,532
2016-03,LH,공공임대,대전,492
2016-03,LH,공공임대,울산,0
2016-03,LH,공공임대,세종,0
2016-03,LH,공공임대,강원,0
2016-03,LH,공공임대,충북,0
2016-03,LH,공공임대,충남,0
2016-03,LH,공공임대,전북,0
2016-03,LH,공공임대,전남,0
2016-03,LH,공공임대,경북,0
2016-03,LH,공공임대,경남,0
2016-03,LH,공공임대,제주,0
2016-03,LH,공공분양,전국,1,805
2016-03,LH,공공분양,서울,0
2016-03,LH,공공분양,인천,0
2016-03,LH,공공분양,경기,1,075
2016-03,LH,공공분양,부산,0
2016-03,LH,공공분양,대구,730
2016-03,LH,공공분양,광주,0
2016-03,LH,공공분양,대전,0
2016-03,LH,공공분양,울산,0
2016-03,LH,공공분양,세종,0
2016-03,LH,공공분양,강원,0
2016-03,LH,공공분양,충북,0
2016-03,LH,공공분양,충남,0
2016-03,LH,공공분양,전북,0
2016-03,LH,공공분양,전남,0
2016-03,LH,공공분양,경북,0
2016-03,LH,공공분양,경남,0
2016-03,LH,공공분양,제주,0
2016-03,주택업체,소계,전국,436
2016-03,주택업체,소계,서울,0
2016-03,주택업체,소계,인천,0
2016-03,주택업체,소계,경기,0
2016-03,주택업체,소계,부산,0
2016-03,주택업체,소계,대구,0
2016-03,주택업체,소계,광주,0
2016-03,주택업체,소계,대전,0
2016-03,주택업체,소계,울산,0
2016-03,주택업체,소계,세종,0
2016-03,주택업체,소계,강원,0
2016-03,주택업체,소계,충북,0
2016-03,주택업체,소계,충남,0
2016-03,주택업체,소계,전북,0
2016-03,주택업체,소계,전남,436
2016-03,주택업체,소계,경북,0
2016-03,주택업체,소계,경남,0
2016-03,주택업체,소계,제주,0
2016-03,주택업체,국민임대,전국,0
2016-03,주택업체,국민임대,서울,0
2016-03,주택업체,국민임대,인천,0
2016-03,주택업체,국민임대,경기,0
2016-03,주택업체,국민임대,부산,0
2016-03,주택업체,국민임대,대구,0
2016-03,주택업체,국민임대,광주,0
2016-03,주택업체,국민임대,대전,0
2016-03,주택업체,국민임대,울산,0
2016-03,주택업체,국민임대,세종,0
2016-03,주택업체,국민임대,강원,0
2016-03,주택업체,국민임대,충북,0
2016-03,주택업체,국민임대,충남,0
2016-03,주택업체,국민임대,전북,0
2016-03,주택업체,국민임대,전남,0
2016-03,주택업체,국민임대,경북,0
2016-03,주택업체,국민임대,경남,0
2016-03,주택업체,국민임대,제주,0
2016-03,주택업체,공공임대,전국,436
2016-03,주택업체,공공임대,서울,0
2016-03,주택업체,공공임대,인천,0
2016-03,주택업체,공공임대,경기,0
2016-03,주택업체,공공임대,부산,0
2016-03,주택업체,공공임대,대구,0
2016-03,주택업체,공공임대,광주,0
2016-03,주택업체,공공임대,대전,0
2016-03,주택업체,공공임대,울산,0
2016-03,주택업체,공공임대,세종,0
2016-03,주택업체,공공임대,강원,0
2016-03,주택업체,공공임대,충북,0
2016-03,주택업체,공공임대,충남,0
2016-03,주택업체,공공임대,전북,0
2016-03,주택업체,공공임대,전남,436
2016-03,주택업체,공공임대,경북,0
2016-03,주택업체,공공임대,경남,0
2016-03,주택업체,공공임대,제주,0
2016-03,주택업체,공공분양,전국,0
2016-03,주택업체,공공분양,서울,0
2016-03,주택업체,공공분양,인천,0
2016-03,주택업체,공공분양,경기,0
2016-03,주택업체,공공분양,부산,0
2016-03,주택업체,공공분양,대구,0
2016-03,주택업체,공공분양,광주,0
2016-03,주택업체,공공분양,대전,0
2016-03,주택업체,공공분양,울산,0
2016-03,주택업체,공공분양,세종,0
2016-03,주택업체,공공분양,강원,0
2016-03,주택업체,공공분양,충북,0
2016-03,주택업체,공공분양,충남,0
2016-03,주택업체,공공분양,전북,0
2016-03,주택업체,공공분양,전남,0
2016-03,주택업체,공공분양,경북,0
2016-03,주택업체,공공분양,경남,0
2016-03,주택업체,공공분양,제주,0
2016-03,민간부문,소계,전국,24,070
2016-03,민간부문,소계,서울,4,899
2016-03,민간부문,소계,인천,1,784
2016-03,민간부문,소계,경기,4,624
2016-03,민간부문,소계,부산,787
2016-03,민간부문,소계,대구,2,034
2016-03,민간부문,소계,광주,284
2016-03,민간부문,소계,대전,213
2016-03,민간부문,소계,울산,206
2016-03,민간부문,소계,세종,305
2016-03,민간부문,소계,강원,297
2016-03,민간부문,소계,충북,658
2016-03,민간부문,소계,충남,1,494
2016-03,민간부문,소계,전북,1,154
2016-03,민간부문,소계,전남,420
2016-03,민간부문,소계,경북,2,457
2016-03,민간부문,소계,경남,1,385
2016-03,민간부문,소계,제주,1,069
2016-03,민간,민간임대,전국,0
2016-03,민간,민간임대,서울,0
2016-03,민간,민간임대,인천,0
2016-03,민간,민간임대,경기,0
2016-03,민간,민간임대,부산,0
2016-03,민간,민간임대,대구,0
2016-03,민간,민간임대,광주,0
2016-03,민간,민간임대,대전,0
2016-03,민간,민간임대,울산,0
2016-03,민간,민간임대,세종,0
2016-03,민간,민간임대,강원,0
2016-03,민간,민간임대,충북,0
2016-03,민간,민간임대,충남,0
2016-03,민간,민간임대,전북,0
2016-03,민간,민간임대,전남,0
2016-03,민간,민간임대,경북,0
2016-03,민간,민간임대,경남,0
2016-03,민간,민간임대,제주,0
2016-03,민간,민간분양,전국,24,070
2016-03,민간,민간분양,서울,4,899
2016-03,민간,민간분양,인천,1,784
2016-03,민간,민간분양,경기,4,624
2016-03,민간,민간분양,부산,787
2016-03,민간,민간분양,대구,2,034
2016-03,민간,민간분양,광주,284
2016-03,민간,민간분양,대전,213
2016-03,민간,민간분양,울산,206
2016-03,민간,민간분양,세종,305
2016-03,민간,민간분양,강원,297
2016-03,민간,민간분양,충북,658
2016-03,민간,민간분양,충남,1,494
2016-03,민간,민간분양,전북,1,154
2016-03,민간,민간분양,전남,420
2016-03,민간,민간분양,경북,2,457
2016-03,민간,민간분양,경남,1,385
2016-03,민간,민간분양,제주,1,069
2016-04,총계,총계,전국,48,824
2016-04,총계,총계,서울,7,042
2016-04,총계,총계,인천,578
2016-04,총계,총계,경기,16,551
2016-04,총계,총계,부산,1,040
2016-04,총계,총계,대구,1,931
2016-04,총계,총계,광주,3,037
2016-04,총계,총계,대전,375
2016-04,총계,총계,울산,2,211
2016-04,총계,총계,세종,9
2016-04,총계,총계,강원,578
2016-04,총계,총계,충북,275
2016-04,총계,총계,충남,6,360
2016-04,총계,총계,전북,588
2016-04,총계,총계,전남,1,137
2016-04,총계,총계,경북,1,896
2016-04,총계,총계,경남,3,409
2016-04,총계,총계,제주,1,807
2016-04,공공부문,소계,전국,15,299
2016-04,공공부문,소계,서울,0
2016-04,공공부문,소계,인천,0
2016-04,공공부문,소계,경기,7,496
2016-04,공공부문,소계,부산,0
2016-04,공공부문,소계,대구,1,022
2016-04,공공부문,소계,광주,0
2016-04,공공부문,소계,대전,0
2016-04,공공부문,소계,울산,0
2016-04,공공부문,소계,세종,0
2016-04,공공부문,소계,강원,326
2016-04,공공부문,소계,충북,0
2016-04,공공부문,소계,충남,3,313
2016-04,공공부문,소계,전북,207
2016-04,공공부문,소계,전남,646
2016-04,공공부문,소계,경북,526
2016-04,공공부문,소계,경남,1,047
2016-04,공공부문,소계,제주,716
2016-04,합,국민임대,전국,6,626
2016-04,합,국민임대,서울,0
2016-04,합,국민임대,인천,0
2016-04,합,국민임대,경기,4,490
2016-04,합,국민임대,부산,0
2016-04,합,국민임대,대구,1,022
2016-04,합,국민임대,광주,0
2016-04,합,국민임대,대전,0
2016-04,합,국민임대,울산,0
2016-04,합,국민임대,세종,0
2016-04,합,국민임대,강원,326
2016-04,합,국민임대,충북,0
2016-04,합,국민임대,충남,0
2016-04,합,국민임대,전북,0
2016-04,합,국민임대,전남,0
2016-04,합,국민임대,경북,316
2016-04,합,국민임대,경남,472
2016-04,합,국민임대,제주,0
2016-04,합,공공임대,전국,7,642
2016-04,합,공공임대,서울,0
2016-04,합,공공임대,인천,0
2016-04,합,공공임대,경기,2,185
2016-04,합,공공임대,부산,0
2016-04,합,공공임대,대구,0
2016-04,합,공공임대,광주,0
2016-04,합,공공임대,대전,0
2016-04,합,공공임대,울산,0
2016-04,합,공공임대,세종,0
2016-04,합,공공임대,강원,0
2016-04,합,공공임대,충북,0
2016-04,합,공공임대,충남,3,313
2016-04,합,공공임대,전북,207
2016-04,합,공공임대,전남,646
2016-04,합,공공임대,경북,0
2016-04,합,공공임대,경남,575
2016-04,합,공공임대,제주,716
2016-04,합,공공분양,전국,1,031
2016-04,합,공공분양,서울,0
2016-04,합,공공분양,인천,0
2016-04,합,공공분양,경기,821
2016-04,합,공공분양,부산,0
2016-04,합,공공분양,대구,0
2016-04,합,공공분양,광주,0
2016-04,합,공공분양,대전,0
2016-04,합,공공분양,울산,0
2016-04,합,공공분양,세종,0
2016-04,합,공공분양,강원,0
2016-04,합,공공분양,충북,0
2016-04,합,공공분양,충남,0
2016-04,합,공공분양,전북,0
2016-04,합,공공분양,전남,0
2016-04,합,공공분양,경북,210
2016-04,합,공공분양,경남,0
2016-04,합,공공분양,제주,0
2016-04,지자체,소계,전국,0
2016-04,지자체,소계,서울,0
2016-04,지자체,소계,인천,0
2016-04,지자체,소계,경기,0
2016-04,지자체,소계,부산,0
2016-04,지자체,소계,대구,0
2016-04,지자체,소계,광주,0
2016-04,지자체,소계,대전,0
2016-04,지자체,소계,울산,0
2016-04,지자체,소계,세종,0
2016-04,지자체,소계,강원,0
2016-04,지자체,소계,충북,0
2016-04,지자체,소계,충남,0
2016-04,지자체,소계,전북,0
2016-04,지자체,소계,전남,0
2016-04,지자체,소계,경북,0
2016-04,지자체,소계,경남,0
2016-04,지자체,소계,제주,0
2016-04,지자체,국민임대,전국,0
2016-04,지자체,국민임대,서울,0
2016-04,지자체,국민임대,인천,0
2016-04,지자체,국민임대,경기,0
2016-04,지자체,국민임대,부산,0
2016-04,지자체,국민임대,대구,0
2016-04,지자체,국민임대,광주,0
2016-04,지자체,국민임대,대전,0
2016-04,지자체,국민임대,울산,0
2016-04,지자체,국민임대,세종,0
2016-04,지자체,국민임대,강원,0
2016-04,지자체,국민임대,충북,0
2016-04,지자체,국민임대,충남,0
2016-04,지자체,국민임대,전북,0
2016-04,지자체,국민임대,전남,0
2016-04,지자체,국민임대,경북,0
2016-04,지자체,국민임대,경남,0
2016-04,지자체,국민임대,제주,0
2016-04,지자체,공공임대,전국,0
2016-04,지자체,공공임대,서울,0
2016-04,지자체,공공임대,인천,0
2016-04,지자체,공공임대,경기,0
2016-04,지자체,공공임대,부산,0
2016-04,지자체,공공임대,대구,0
2016-04,지자체,공공임대,광주,0
2016-04,지자체,공공임대,대전,0
2016-04,지자체,공공임대,울산,0
2016-04,지자체,공공임대,세종,0
2016-04,지자체,공공임대,강원,0
2016-04,지자체,공공임대,충북,0
2016-04,지자체,공공임대,충남,0
2016-04,지자체,공공임대,전북,0
2016-04,지자체,공공임대,전남,0
2016-04,지자체,공공임대,경북,0
2016-04,지자체,공공임대,경남,0
2016-04,지자체,공공임대,제주,0
2016-04,지자체,공공분양,전국,0
2016-04,지자체,공공분양,서울,0
2016-04,지자체,공공분양,인천,0
2016-04,지자체,공공분양,경기,0
2016-04,지자체,공공분양,부산,0
2016-04,지자체,공공분양,대구,0
2016-04,지자체,공공분양,광주,0
2016-04,지자체,공공분양,대전,0
2016-04,지자체,공공분양,울산,0
2016-04,지자체,공공분양,세종,0
2016-04,지자체,공공분양,강원,0
2016-04,지자체,공공분양,충북,0
2016-04,지자체,공공분양,충남,0
2016-04,지자체,공공분양,전북,0
2016-04,지자체,공공분양,전남,0
2016-04,지자체,공공분양,경북,0
2016-04,지자체,공공분양,경남,0
2016-04,지자체,공공분양,제주,0
2016-04,LH,소계,전국,9,949
2016-04,LH,소계,서울,0
2016-04,LH,소계,인천,0
2016-04,LH,소계,경기,7,028
2016-04,LH,소계,부산,0
2016-04,LH,소계,대구,1,022
2016-04,LH,소계,광주,0
2016-04,LH,소계,대전,0
2016-04,LH,소계,울산,0
2016-04,LH,소계,세종,0
2016-04,LH,소계,강원,326
2016-04,LH,소계,충북,0
2016-04,LH,소계,충남,0
2016-04,LH,소계,전북,0
2016-04,LH,소계,전남,0
2016-04,LH,소계,경북,526
2016-04,LH,소계,경남,1,047
2016-04,LH,소계,제주,0
2016-04,LH,국민임대,전국,6,626
2016-04,LH,국민임대,서울,0
2016-04,LH,국민임대,인천,0
2016-04,LH,국민임대,경기,4,490
2016-04,LH,국민임대,부산,0
2016-04,LH,국민임대,대구,1,022
2016-04,LH,국민임대,광주,0
2016-04,LH,국민임대,대전,0
2016-04,LH,국민임대,울산,0
2016-04,LH,국민임대,세종,0
2016-04,LH,국민임대,강원,326
2016-04,LH,국민임대,충북,0
2016-04,LH,국민임대,충남,0
2016-04,LH,국민임대,전북,0
2016-04,LH,국민임대,전남,0
2016-04,LH,국민임대,경북,316
2016-04,LH,국민임대,경남,472
2016-04,LH,국민임대,제주,0
2016-04,LH,공공임대,전국,2,292
2016-04,LH,공공임대,서울,0
2016-04,LH,공공임대,인천,0
2016-04,LH,공공임대,경기,1,717
2016-04,LH,공공임대,부산,0
2016-04,LH,공공임대,대구,0
2016-04,LH,공공임대,광주,0
2016-04,LH,공공임대,대전,0
2016-04,LH,공공임대,울산,0
2016-04,LH,공공임대,세종,0
2016-04,LH,공공임대,강원,0
2016-04,LH,공공임대,충북,0
2016-04,LH,공공임대,충남,0
2016-04,LH,공공임대,전북,0
2016-04,LH,공공임대,전남,0
2016-04,LH,공공임대,경북,0
2016-04,LH,공공임대,경남,575
2016-04,LH,공공임대,제주,0
2016-04,LH,공공분양,전국,1,031
2016-04,LH,공공분양,서울,0
2016-04,LH,공공분양,인천,0
2016-04,LH,공공분양,경기,821
2016-04,LH,공공분양,부산,0
2016-04,LH,공공분양,대구,0
2016-04,LH,공공분양,광주,0
2016-04,LH,공공분양,대전,0
2016-04,LH,공공분양,울산,0
2016-04,LH,공공분양,세종,0
2016-04,LH,공공분양,강원,0
2016-04,LH,공공분양,충북,0
2016-04,LH,공공분양,충남,0
2016-04,LH,공공분양,전북,0
2016-04,LH,공공분양,전남,0
2016-04,LH,공공분양,경북,210
2016-04,LH,공공분양,경남,0
2016-04,LH,공공분양,제주,0
2016-04,주택업체,소계,전국,5,350
2016-04,주택업체,소계,서울,0
2016-04,주택업체,소계,인천,0
2016-04,주택업체,소계,경기,468
2016-04,주택업체,소계,부산,0
2016-04,주택업체,소계,대구,0
2016-04,주택업체,소계,광주,0
2016-04,주택업체,소계,대전,0
2016-04,주택업체,소계,울산,0
2016-04,주택업체,소계,세종,0
2016-04,주택업체,소계,강원,0
2016-04,주택업체,소계,충북,0
2016-04,주택업체,소계,충남,3,313
2016-04,주택업체,소계,전북,207
2016-04,주택업체,소계,전남,646
2016-04,주택업체,소계,경북,0
2016-04,주택업체,소계,경남,0
2016-04,주택업체,소계,제주,716
2016-04,주택업체,국민임대,전국,0
2016-04,주택업체,국민임대,서울,0
2016-04,주택업체,국민임대,인천,0
2016-04,주택업체,국민임대,경기,0
2016-04,주택업체,국민임대,부산,0
2016-04,주택업체,국민임대,대구,0
2016-04,주택업체,국민임대,광주,0
2016-04,주택업체,국민임대,대전,0
2016-04,주택업체,국민임대,울산,0
2016-04,주택업체,국민임대,세종,0
2016-04,주택업체,국민임대,강원,0
2016-04,주택업체,국민임대,충북,0
2016-04,주택업체,국민임대,충남,0
2016-04,주택업체,국민임대,전북,0
2016-04,주택업체,국민임대,전남,0
2016-04,주택업체,국민임대,경북,0
2016-04,주택업체,국민임대,경남,0
2016-04,주택업체,국민임대,제주,0
2016-04,주택업체,공공임대,전국,5,350
2016-04,주택업체,공공임대,서울,0
2016-04,주택업체,공공임대,인천,0
2016-04,주택업체,공공임대,경기,468
2016-04,주택업체,공공임대,부산,0
2016-04,주택업체,공공임대,대구,0
2016-04,주택업체,공공임대,광주,0
2016-04,주택업체,공공임대,대전,0
2016-04,주택업체,공공임대,울산,0
2016-04,주택업체,공공임대,세종,0
2016-04,주택업체,공공임대,강원,0
2016-04,주택업체,공공임대,충북,0
2016-04,주택업체,공공임대,충남,3,313
2016-04,주택업체,공공임대,전북,207
2016-04,주택업체,공공임대,전남,646
2016-04,주택업체,공공임대,경북,0
2016-04,주택업체,공공임대,경남,0
2016-04,주택업체,공공임대,제주,716
2016-04,주택업체,공공분양,전국,0
2016-04,주택업체,공공분양,서울,0
2016-04,주택업체,공공분양,인천,0
2016-04,주택업체,공공분양,경기,0
2016-04,주택업체,공공분양,부산,0
2016-04,주택업체,공공분양,대구,0
2016-04,주택업체,공공분양,광주,0
2016-04,주택업체,공공분양,대전,0
2016-04,주택업체,공공분양,울산,0
2016-04,주택업체,공공분양,세종,0
2016-04,주택업체,공공분양,강원,0
2016-04,주택업체,공공분양,충북,0
2016-04,주택업체,공공분양,충남,0
2016-04,주택업체,공공분양,전북,0
2016-04,주택업체,공공분양,전남,0
2016-04,주택업체,공공분양,경북,0
2016-04,주택업체,공공분양,경남,0
2016-04,주택업체,공공분양,제주,0
2016-04,민간부문,소계,전국,33,525
2016-04,민간부문,소계,서울,7,042
2016-04,민간부문,소계,인천,578
2016-04,민간부문,소계,경기,9,055
2016-04,민간부문,소계,부산,1,040
2016-04,민간부문,소계,대구,909
2016-04,민간부문,소계,광주,3,037
2016-04,민간부문,소계,대전,375
2016-04,민간부문,소계,울산,2,211
2016-04,민간부문,소계,세종,9
2016-04,민간부문,소계,강원,252
2016-04,민간부문,소계,충북,275
2016-04,민간부문,소계,충남,3,047
2016-04,민간부문,소계,전북,381
2016-04,민간부문,소계,전남,491
2016-04,민간부문,소계,경북,1,370
2016-04,민간부문,소계,경남,2,362
2016-04,민간부문,소계,제주,1,091
2016-04,민간,민간임대,전국,41
2016-04,민간,민간임대,서울,0
2016-04,민간,민간임대,인천,0
2016-04,민간,민간임대,경기,41
2016-04,민간,민간임대,부산,0
2016-04,민간,민간임대,대구,0
2016-04,민간,민간임대,광주,0
2016-04,민간,민간임대,대전,0
2016-04,민간,민간임대,울산,0
2016-04,민간,민간임대,세종,0
2016-04,민간,민간임대,강원,0
2016-04,민간,민간임대,충북,0
2016-04,민간,민간임대,충남,0
2016-04,민간,민간임대,전북,0
2016-04,민간,민간임대,전남,0
2016-04,민간,민간임대,경북,0
2016-04,민간,민간임대,경남,0
2016-04,민간,민간임대,제주,0
2016-04,민간,민간분양,전국,33,484
2016-04,민간,민간분양,서울,7,042
2016-04,민간,민간분양,인천,578
2016-04,민간,민간분양,경기,9,014
2016-04,민간,민간분양,부산,1,040
2016-04,민간,민간분양,대구,909
2016-04,민간,민간분양,광주,3,037
2016-04,민간,민간분양,대전,375
2016-04,민간,민간분양,울산,2,211
2016-04,민간,민간분양,세종,9
2016-04,민간,민간분양,강원,252
2016-04,민간,민간분양,충북,275
2016-04,민간,민간분양,충남,3,047
2016-04,민간,민간분양,전북,381
2016-04,민간,민간분양,전남,491
2016-04,민간,민간분양,경북,1,370
2016-04,민간,민간분양,경남,2,362
2016-04,민간,민간분양,제주,1,091
2016-05,총계,총계,전국,36,663
2016-05,총계,총계,서울,7,344
2016-05,총계,총계,인천,885
2016-05,총계,총계,경기,13,068
2016-05,총계,총계,부산,778
2016-05,총계,총계,대구,711
2016-05,총계,총계,광주,1,091
2016-05,총계,총계,대전,1,148
2016-05,총계,총계,울산,285
2016-05,총계,총계,세종,1,409
2016-05,총계,총계,강원,299
2016-05,총계,총계,충북,640
2016-05,총계,총계,충남,2,538
2016-05,총계,총계,전북,371
2016-05,총계,총계,전남,1,510
2016-05,총계,총계,경북,1,202
2016-05,총계,총계,경남,2,231
2016-05,총계,총계,제주,1,153
2016-05,공공부문,소계,전국,10,737
2016-05,공공부문,소계,서울,0
2016-05,공공부문,소계,인천,0
2016-05,공공부문,소계,경기,6,963
2016-05,공공부문,소계,부산,0
2016-05,공공부문,소계,대구,0
2016-05,공공부문,소계,광주,230
2016-05,공공부문,소계,대전,0
2016-05,공공부문,소계,울산,0
2016-05,공공부문,소계,세종,1,397
2016-05,공공부문,소계,강원,0
2016-05,공공부문,소계,충북,0
2016-05,공공부문,소계,충남,1,587
2016-05,공공부문,소계,전북,0
2016-05,공공부문,소계,전남,560
2016-05,공공부문,소계,경북,0
2016-05,공공부문,소계,경남,0
2016-05,공공부문,소계,제주,0
2016-05,합,국민임대,전국,5,871
2016-05,합,국민임대,서울,0
2016-05,합,국민임대,인천,0
2016-05,합,국민임대,경기,4,342
2016-05,합,국민임대,부산,0
2016-05,합,국민임대,대구,0
2016-05,합,국민임대,광주,0
2016-05,합,국민임대,대전,0
2016-05,합,국민임대,울산,0
2016-05,합,국민임대,세종,0
2016-05,합,국민임대,강원,0
2016-05,합,국민임대,충북,0
2016-05,합,국민임대,충남,1,529
2016-05,합,국민임대,전북,0
2016-05,합,국민임대,전남,0
2016-05,합,국민임대,경북,0
2016-05,합,국민임대,경남,0
2016-05,합,국민임대,제주,0
2016-05,합,공공임대,전국,2,970
2016-05,합,공공임대,서울,0
2016-05,합,공공임대,인천,0
2016-05,합,공공임대,경기,725
2016-05,합,공공임대,부산,0
2016-05,합,공공임대,대구,0
2016-05,합,공공임대,광주,230
2016-05,합,공공임대,대전,0
2016-05,합,공공임대,울산,0
2016-05,합,공공임대,세종,1,397
2016-05,합,공공임대,강원,0
2016-05,합,공공임대,충북,0
2016-05,합,공공임대,충남,58
2016-05,합,공공임대,전북,0
2016-05,합,공공임대,전남,560
2016-05,합,공공임대,경북,0
2016-05,합,공공임대,경남,0
2016-05,합,공공임대,제주,0
2016-05,합,공공분양,전국,1,896
2016-05,합,공공분양,서울,0
2016-05,합,공공분양,인천,0
2016-05,합,공공분양,경기,1,896
2016-05,합,공공분양,부산,0
2016-05,합,공공분양,대구,0
2016-05,합,공공분양,광주,0
2016-05,합,공공분양,대전,0
2016-05,합,공공분양,울산,0
2016-05,합,공공분양,세종,0
2016-05,합,공공분양,강원,0
2016-05,합,공공분양,충북,0
2016-05,합,공공분양,충남,0
2016-05,합,공공분양,전북,0
2016-05,합,공공분양,전남,0
2016-05,합,공공분양,경북,0
2016-05,합,공공분양,경남,0
2016-05,합,공공분양,제주,0
2016-05,지자체,소계,전국,0
2016-05,지자체,소계,서울,0
2016-05,지자체,소계,인천,0
2016-05,지자체,소계,경기,0
2016-05,지자체,소계,부산,0
2016-05,지자체,소계,대구,0
2016-05,지자체,소계,광주,0
2016-05,지자체,소계,대전,0
2016-05,지자체,소계,울산,0
2016-05,지자체,소계,세종,0
2016-05,지자체,소계,강원,0
2016-05,지자체,소계,충북,0
2016-05,지자체,소계,충남,0
2016-05,지자체,소계,전북,0
2016-05,지자체,소계,전남,0
2016-05,지자체,소계,경북,0
2016-05,지자체,소계,경남,0
2016-05,지자체,소계,제주,0
2016-05,지자체,국민임대,전국,0
2016-05,지자체,국민임대,서울,0
2016-05,지자체,국민임대,인천,0
2016-05,지자체,국민임대,경기,0
2016-05,지자체,국민임대,부산,0
2016-05,지자체,국민임대,대구,0
2016-05,지자체,국민임대,광주,0
2016-05,지자체,국민임대,대전,0
2016-05,지자체,국민임대,울산,0
2016-05,지자체,국민임대,세종,0
2016-05,지자체,국민임대,강원,0
2016-05,지자체,국민임대,충북,0
2016-05,지자체,국민임대,충남,0
2016-05,지자체,국민임대,전북,0
2016-05,지자체,국민임대,전남,0
2016-05,지자체,국민임대,경북,0
2016-05,지자체,국민임대,경남,0
2016-05,지자체,국민임대,제주,0
2016-05,지자체,공공임대,전국,0
2016-05,지자체,공공임대,서울,0
2016-05,지자체,공공임대,인천,0
2016-05,지자체,공공임대,경기,0
2016-05,지자체,공공임대,부산,0
2016-05,지자체,공공임대,대구,0
2016-05,지자체,공공임대,광주,0
2016-05,지자체,공공임대,대전,0
2016-05,지자체,공공임대,울산,0
2016-05,지자체,공공임대,세종,0
2016-05,지자체,공공임대,강원,0
2016-05,지자체,공공임대,충북,0
2016-05,지자체,공공임대,충남,0
2016-05,지자체,공공임대,전북,0
2016-05,지자체,공공임대,전남,0
2016-05,지자체,공공임대,경북,0
2016-05,지자체,공공임대,경남,0
2016-05,지자체,공공임대,제주,0
2016-05,지자체,공공분양,전국,0
2016-05,지자체,공공분양,서울,0
2016-05,지자체,공공분양,인천,0
2016-05,지자체,공공분양,경기,0
2016-05,지자체,공공분양,부산,0
2016-05,지자체,공공분양,대구,0
2016-05,지자체,공공분양,광주,0
2016-05,지자체,공공분양,대전,0
2016-05,지자체,공공분양,울산,0
2016-05,지자체,공공분양,세종,0
2016-05,지자체,공공분양,강원,0
2016-05,지자체,공공분양,충북,0
2016-05,지자체,공공분양,충남,0
2016-05,지자체,공공분양,전북,0
2016-05,지자체,공공분양,전남,0
2016-05,지자체,공공분양,경북,0
2016-05,지자체,공공분양,경남,0
2016-05,지자체,공공분양,제주,0
2016-05,LH,소계,전국,8,550
2016-05,LH,소계,서울,0
2016-05,LH,소계,인천,0
2016-05,LH,소계,경기,6,963
2016-05,LH,소계,부산,0
2016-05,LH,소계,대구,0
2016-05,LH,소계,광주,0
2016-05,LH,소계,대전,0
2016-05,LH,소계,울산,0
2016-05,LH,소계,세종,0
2016-05,LH,소계,강원,0
2016-05,LH,소계,충북,0
2016-05,LH,소계,충남,1,587
2016-05,LH,소계,전북,0
2016-05,LH,소계,전남,0
2016-05,LH,소계,경북,0
2016-05,LH,소계,경남,0
2016-05,LH,소계,제주,0
2016-05,LH,국민임대,전국,5,871
2016-05,LH,국민임대,서울,0
2016-05,LH,국민임대,인천,0
2016-05,LH,국민임대,경기,4,342
2016-05,LH,국민임대,부산,0
2016-05,LH,국민임대,대구,0
2016-05,LH,국민임대,광주,0
2016-05,LH,국민임대,대전,0
2016-05,LH,국민임대,울산,0
2016-05,LH,국민임대,세종,0
2016-05,LH,국민임대,강원,0
2016-05,LH,국민임대,충북,0
2016-05,LH,국민임대,충남,1,529
2016-05,LH,국민임대,전북,0
2016-05,LH,국민임대,전남,0
2016-05,LH,국민임대,경북,0
2016-05,LH,국민임대,경남,0
2016-05,LH,국민임대,제주,0
2016-05,LH,공공임대,전국,783
2016-05,LH,공공임대,서울,0
2016-05,LH,공공임대,인천,0
2016-05,LH,공공임대,경기,725
2016-05,LH,공공임대,부산,0
2016-05,LH,공공임대,대구,0
2016-05,LH,공공임대,광주,0
2016-05,LH,공공임대,대전,0
2016-05,LH,공공임대,울산,0
2016-05,LH,공공임대,세종,0
2016-05,LH,공공임대,강원,0
2016-05,LH,공공임대,충북,0
2016-05,LH,공공임대,충남,58
2016-05,LH,공공임대,전북,0
2016-05,LH,공공임대,전남,0
2016-05,LH,공공임대,경북,0
2016-05,LH,공공임대,경남,0
2016-05,LH,공공임대,제주,0
2016-05,LH,공공분양,전국,1,896
2016-05,LH,공공분양,서울,0
2016-05,LH,공공분양,인천,0
2016-05,LH,공공분양,경기,1,896
2016-05,LH,공공분양,부산,0
2016-05,LH,공공분양,대구,0
2016-05,LH,공공분양,광주,0
2016-05,LH,공공분양,대전,0
2016-05,LH,공공분양,울산,0
2016-05,LH,공공분양,세종,0
2016-05,LH,공공분양,강원,0
2016-05,LH,공공분양,충북,0
2016-05,LH,공공분양,충남,0
2016-05,LH,공공분양,전북,0
2016-05,LH,공공분양,전남,0
2016-05,LH,공공분양,경북,0
2016-05,LH,공공분양,경남,0
2016-05,LH,공공분양,제주,0
2016-05,주택업체,소계,전국,2,187
2016-05,주택업체,소계,서울,0
2016-05,주택업체,소계,인천,0
2016-05,주택업체,소계,경기,0
2016-05,주택업체,소계,부산,0
2016-05,주택업체,소계,대구,0
2016-05,주택업체,소계,광주,230
2016-05,주택업체,소계,대전,0
2016-05,주택업체,소계,울산,0
2016-05,주택업체,소계,세종,1,397
2016-05,주택업체,소계,강원,0
2016-05,주택업체,소계,충북,0
2016-05,주택업체,소계,충남,0
2016-05,주택업체,소계,전북,0
2016-05,주택업체,소계,전남,560
2016-05,주택업체,소계,경북,0
2016-05,주택업체,소계,경남,0
2016-05,주택업체,소계,제주,0
2016-05,주택업체,국민임대,전국,0
2016-05,주택업체,국민임대,서울,0
2016-05,주택업체,국민임대,인천,0
2016-05,주택업체,국민임대,경기,0
2016-05,주택업체,국민임대,부산,0
2016-05,주택업체,국민임대,대구,0
2016-05,주택업체,국민임대,광주,0
2016-05,주택업체,국민임대,대전,0
2016-05,주택업체,국민임대,울산,0
2016-05,주택업체,국민임대,세종,0
2016-05,주택업체,국민임대,강원,0
2016-05,주택업체,국민임대,충북,0
2016-05,주택업체,국민임대,충남,0
2016-05,주택업체,국민임대,전북,0
2016-05,주택업체,국민임대,전남,0
2016-05,주택업체,국민임대,경북,0
2016-05,주택업체,국민임대,경남,0
2016-05,주택업체,국민임대,제주,0
2016-05,주택업체,공공임대,전국,2,187
2016-05,주택업체,공공임대,서울,0
2016-05,주택업체,공공임대,인천,0
2016-05,주택업체,공공임대,경기,0
2016-05,주택업체,공공임대,부산,0
2016-05,주택업체,공공임대,대구,0
2016-05,주택업체,공공임대,광주,230
2016-05,주택업체,공공임대,대전,0
2016-05,주택업체,공공임대,울산,0
2016-05,주택업체,공공임대,세종,1,397
2016-05,주택업체,공공임대,강원,0
2016-05,주택업체,공공임대,충북,0
2016-05,주택업체,공공임대,충남,0
2016-05,주택업체,공공임대,전북,0
2016-05,주택업체,공공임대,전남,560
2016-05,주택업체,공공임대,경북,0
2016-05,주택업체,공공임대,경남,0
2016-05,주택업체,공공임대,제주,0
2016-05,주택업체,공공분양,전국,0
2016-05,주택업체,공공분양,서울,0
2016-05,주택업체,공공분양,인천,0
2016-05,주택업체,공공분양,경기,0
2016-05,주택업체,공공분양,부산,0
2016-05,주택업체,공공분양,대구,0
2016-05,주택업체,공공분양,광주,0
2016-05,주택업체,공공분양,대전,0
2016-05,주택업체,공공분양,울산,0
2016-05,주택업체,공공분양,세종,0
2016-05,주택업체,공공분양,강원,0
2016-05,주택업체,공공분양,충북,0
2016-05,주택업체,공공분양,충남,0
2016-05,주택업체,공공분양,전북,0
2016-05,주택업체,공공분양,전남,0
2016-05,주택업체,공공분양,경북,0
2016-05,주택업체,공공분양,경남,0
2016-05,주택업체,공공분양,제주,0
2016-05,민간부문,소계,전국,25,926
2016-05,민간부문,소계,서울,7,344
2016-05,민간부문,소계,인천,885
2016-05,민간부문,소계,경기,6,105
2016-05,민간부문,소계,부산,778
2016-05,민간부문,소계,대구,711
2016-05,민간부문,소계,광주,861
2016-05,민간부문,소계,대전,1,148
2016-05,민간부문,소계,울산,285
2016-05,민간부문,소계,세종,12
2016-05,민간부문,소계,강원,299
2016-05,민간부문,소계,충북,640
2016-05,민간부문,소계,충남,951
2016-05,민간부문,소계,전북,371
2016-05,민간부문,소계,전남,950
2016-05,민간부문,소계,경북,1,202
2016-05,민간부문,소계,경남,2,231
2016-05,민간부문,소계,제주,1,153
2016-05,민간,민간임대,전국,144
2016-05,민간,민간임대,서울,48
2016-05,민간,민간임대,인천,0
2016-05,민간,민간임대,경기,0
2016-05,민간,민간임대,부산,0
2016-05,민간,민간임대,대구,0
2016-05,민간,민간임대,광주,0
2016-05,민간,민간임대,대전,0
2016-05,민간,민간임대,울산,0
2016-05,민간,민간임대,세종,0
2016-05,민간,민간임대,강원,0
2016-05,민간,민간임대,충북,0
2016-05,민간,민간임대,충남,0
2016-05,민간,민간임대,전북,0
2016-05,민간,민간임대,전남,0
2016-05,민간,민간임대,경북,0
2016-05,민간,민간임대,경남,96
2016-05,민간,민간임대,제주,0
2016-05,민간,민간분양,전국,25,782
2016-05,민간,민간분양,서울,7,296
2016-05,민간,민간분양,인천,885
2016-05,민간,민간분양,경기,6,105
2016-05,민간,민간분양,부산,778
2016-05,민간,민간분양,대구,711
2016-05,민간,민간분양,광주,861
2016-05,민간,민간분양,대전,1,148
2016-05,민간,민간분양,울산,285
2016-05,민간,민간분양,세종,12
2016-05,민간,민간분양,강원,299
2016-05,민간,민간분양,충북,640
2016-05,민간,민간분양,충남,951
2016-05,민간,민간분양,전북,371
2016-05,민간,민간분양,전남,950
2016-05,민간,민간분양,경북,1,202
2016-05,민간,민간분양,경남,2,135
2016-05,민간,민간분양,제주,1,153
2016-06,총계,총계,전국,55,064
2016-06,총계,총계,서울,6,398
2016-06,총계,총계,인천,5,340
2016-06,총계,총계,경기,18,449
2016-06,총계,총계,부산,1,923
2016-06,총계,총계,대구,7,096
2016-06,총계,총계,광주,507
2016-06,총계,총계,대전,550
2016-06,총계,총계,울산,462
2016-06,총계,총계,세종,32
2016-06,총계,총계,강원,512
2016-06,총계,총계,충북,1,543
2016-06,총계,총계,충남,1,314
2016-06,총계,총계,전북,1,530
2016-06,총계,총계,전남,3,343
2016-06,총계,총계,경북,2,439
2016-06,총계,총계,경남,2,572
2016-06,총계,총계,제주,1,054
2016-06,공공부문,소계,전국,7,718
2016-06,공공부문,소계,서울,0
2016-06,공공부문,소계,인천,0
2016-06,공공부문,소계,경기,3,807
2016-06,공공부문,소계,부산,830
2016-06,공공부문,소계,대구,0
2016-06,공공부문,소계,광주,218
2016-06,공공부문,소계,대전,348
2016-06,공공부문,소계,울산,0
2016-06,공공부문,소계,세종,0
2016-06,공공부문,소계,강원,0
2016-06,공공부문,소계,충북,0
2016-06,공공부문,소계,충남,0
2016-06,공공부문,소계,전북,0
2016-06,공공부문,소계,전남,1,740
2016-06,공공부문,소계,경북,201
2016-06,공공부문,소계,경남,190
2016-06,공공부문,소계,제주,384
2016-06,합,국민임대,전국,1,004
2016-06,합,국민임대,서울,0
2016-06,합,국민임대,인천,0
2016-06,합,국민임대,경기,0
2016-06,합,국민임대,부산,0
2016-06,합,국민임대,대구,0
2016-06,합,국민임대,광주,0
2016-06,합,국민임대,대전,0
2016-06,합,국민임대,울산,0
2016-06,합,국민임대,세종,0
2016-06,합,국민임대,강원,0
2016-06,합,국민임대,충북,0
2016-06,합,국민임대,충남,0
2016-06,합,국민임대,전북,0
2016-06,합,국민임대,전남,814
2016-06,합,국민임대,경북,0
2016-06,합,국민임대,경남,190
2016-06,합,국민임대,제주,0
2016-06,합,공공임대,전국,3,719
2016-06,합,공공임대,서울,0
2016-06,합,공공임대,인천,0
2016-06,합,공공임대,경기,812
2016-06,합,공공임대,부산,830
2016-06,합,공공임대,대구,0
2016-06,합,공공임대,광주,218
2016-06,합,공공임대,대전,348
2016-06,합,공공임대,울산,0
2016-06,합,공공임대,세종,0
2016-06,합,공공임대,강원,0
2016-06,합,공공임대,충북,0
2016-06,합,공공임대,충남,0
2016-06,합,공공임대,전북,0
2016-06,합,공공임대,전남,926
2016-06,합,공공임대,경북,201
2016-06,합,공공임대,경남,0
2016-06,합,공공임대,제주,384
2016-06,합,공공분양,전국,2,995
2016-06,합,공공분양,서울,0
2016-06,합,공공분양,인천,0
2016-06,합,공공분양,경기,2,995
2016-06,합,공공분양,부산,0
2016-06,합,공공분양,대구,0
2016-06,합,공공분양,광주,0
2016-06,합,공공분양,대전,0
2016-06,합,공공분양,울산,0
2016-06,합,공공분양,세종,0
2016-06,합,공공분양,강원,0
2016-06,합,공공분양,충북,0
2016-06,합,공공분양,충남,0
2016-06,합,공공분양,전북,0
2016-06,합,공공분양,전남,0
2016-06,합,공공분양,경북,0
2016-06,합,공공분양,경남,0
2016-06,합,공공분양,제주,0
2016-06,지자체,소계,전국,2,370
2016-06,지자체,소계,서울,0
2016-06,지자체,소계,인천,0
2016-06,지자체,소계,경기,1,540
2016-06,지자체,소계,부산,830
2016-06,지자체,소계,대구,0
2016-06,지자체,소계,광주,0
2016-06,지자체,소계,대전,0
2016-06,지자체,소계,울산,0
2016-06,지자체,소계,세종,0
2016-06,지자체,소계,강원,0
2016-06,지자체,소계,충북,0
2016-06,지자체,소계,충남,0
2016-06,지자체,소계,전북,0
2016-06,지자체,소계,전남,0
2016-06,지자체,소계,경북,0
2016-06,지자체,소계,경남,0
2016-06,지자체,소계,제주,0
2016-06,지자체,국민임대,전국,0
2016-06,지자체,국민임대,서울,0
2016-06,지자체,국민임대,인천,0
2016-06,지자체,국민임대,경기,0
2016-06,지자체,국민임대,부산,0
2016-06,지자체,국민임대,대구,0
2016-06,지자체,국민임대,광주,0
2016-06,지자체,국민임대,대전,0
2016-06,지자체,국민임대,울산,0
2016-06,지자체,국민임대,세종,0
2016-06,지자체,국민임대,강원,0
2016-06,지자체,국민임대,충북,0
2016-06,지자체,국민임대,충남,0
2016-06,지자체,국민임대,전북,0
2016-06,지자체,국민임대,전남,0
2016-06,지자체,국민임대,경북,0
2016-06,지자체,국민임대,경남,0
2016-06,지자체,국민임대,제주,0
2016-06,지자체,공공임대,전국,830
2016-06,지자체,공공임대,서울,0
2016-06,지자체,공공임대,인천,0
2016-06,지자체,공공임대,경기,0
2016-06,지자체,공공임대,부산,830
2016-06,지자체,공공임대,대구,0
2016-06,지자체,공공임대,광주,0
2016-06,지자체,공공임대,대전,0
2016-06,지자체,공공임대,울산,0
2016-06,지자체,공공임대,세종,0
2016-06,지자체,공공임대,강원,0
2016-06,지자체,공공임대,충북,0
2016-06,지자체,공공임대,충남,0
2016-06,지자체,공공임대,전북,0
2016-06,지자체,공공임대,전남,0
2016-06,지자체,공공임대,경북,0
2016-06,지자체,공공임대,경남,0
2016-06,지자체,공공임대,제주,0
2016-06,지자체,공공분양,전국,1,540
2016-06,지자체,공공분양,서울,0
2016-06,지자체,공공분양,인천,0
2016-06,지자체,공공분양,경기,1,540
2016-06,지자체,공공분양,부산,0
2016-06,지자체,공공분양,대구,0
2016-06,지자체,공공분양,광주,0
2016-06,지자체,공공분양,대전,0
2016-06,지자체,공공분양,울산,0
2016-06,지자체,공공분양,세종,0
2016-06,지자체,공공분양,강원,0
2016-06,지자체,공공분양,충북,0
2016-06,지자체,공공분양,충남,0
2016-06,지자체,공공분양,전북,0
2016-06,지자체,공공분양,전남,0
2016-06,지자체,공공분양,경북,0
2016-06,지자체,공공분양,경남,0
2016-06,지자체,공공분양,제주,0
2016-06,LH,소계,전국,3,619
2016-06,LH,소계,서울,0
2016-06,LH,소계,인천,0
2016-06,LH,소계,경기,2,267
2016-06,LH,소계,부산,0
2016-06,LH,소계,대구,0
2016-06,LH,소계,광주,0
2016-06,LH,소계,대전,348
2016-06,LH,소계,울산,0
2016-06,LH,소계,세종,0
2016-06,LH,소계,강원,0
2016-06,LH,소계,충북,0
2016-06,LH,소계,충남,0
2016-06,LH,소계,전북,0
2016-06,LH,소계,전남,814
2016-06,LH,소계,경북,0
2016-06,LH,소계,경남,190
2016-06,LH,소계,제주,0
2016-06,LH,국민임대,전국,1,004
2016-06,LH,국민임대,서울,0
2016-06,LH,국민임대,인천,0
2016-06,LH,국민임대,경기,0
2016-06,LH,국민임대,부산,0
2016-06,LH,국민임대,대구,0
2016-06,LH,국민임대,광주,0
2016-06,LH,국민임대,대전,0
2016-06,LH,국민임대,울산,0
2016-06,LH,국민임대,세종,0
2016-06,LH,국민임대,강원,0
2016-06,LH,국민임대,충북,0
2016-06,LH,국민임대,충남,0
2016-06,LH,국민임대,전북,0
2016-06,LH,국민임대,전남,814
2016-06,LH,국민임대,경북,0
2016-06,LH,국민임대,경남,190
2016-06,LH,국민임대,제주,0
2016-06,LH,공공임대,전국,1,160
2016-06,LH,공공임대,서울,0
2016-06,LH,공공임대,인천,0
2016-06,LH,공공임대,경기,812
2016-06,LH,공공임대,부산,0
2016-06,LH,공공임대,대구,0
2016-06,LH,공공임대,광주,0
2016-06,LH,공공임대,대전,348
2016-06,LH,공공임대,울산,0
2016-06,LH,공공임대,세종,0
2016-06,LH,공공임대,강원,0
2016-06,LH,공공임대,충북,0
2016-06,LH,공공임대,충남,0
2016-06,LH,공공임대,전북,0
2016-06,LH,공공임대,전남,0
2016-06,LH,공공임대,경북,0
2016-06,LH,공공임대,경남,0
2016-06,LH,공공임대,제주,0
2016-06,LH,공공분양,전국,1,455
2016-06,LH,공공분양,서울,0
2016-06,LH,공공분양,인천,0
2016-06,LH,공공분양,경기,1,455
2016-06,LH,공공분양,부산,0
2016-06,LH,공공분양,대구,0
2016-06,LH,공공분양,광주,0
2016-06,LH,공공분양,대전,0
2016-06,LH,공공분양,울산,0
2016-06,LH,공공분양,세종,0
2016-06,LH,공공분양,강원,0
2016-06,LH,공공분양,충북,0
2016-06,LH,공공분양,충남,0
2016-06,LH,공공분양,전북,0
2016-06,LH,공공분양,전남,0
2016-06,LH,공공분양,경북,0
2016-06,LH,공공분양,경남,0
2016-06,LH,공공분양,제주,0
2016-06,주택업체,소계,전국,1,729
2016-06,주택업체,소계,서울,0
2016-06,주택업체,소계,인천,0
2016-06,주택업체,소계,경기,0
2016-06,주택업체,소계,부산,0
2016-06,주택업체,소계,대구,0
2016-06,주택업체,소계,광주,218
2016-06,주택업체,소계,대전,0
2016-06,주택업체,소계,울산,0
2016-06,주택업체,소계,세종,0
2016-06,주택업체,소계,강원,0
2016-06,주택업체,소계,충북,0
2016-06,주택업체,소계,충남,0
2016-06,주택업체,소계,전북,0
2016-06,주택업체,소계,전남,926
2016-06,주택업체,소계,경북,201
2016-06,주택업체,소계,경남,0
2016-06,주택업체,소계,제주,384
2016-06,주택업체,국민임대,전국,0
2016-06,주택업체,국민임대,서울,0
2016-06,주택업체,국민임대,인천,0
2016-06,주택업체,국민임대,경기,0
2016-06,주택업체,국민임대,부산,0
2016-06,주택업체,국민임대,대구,0
2016-06,주택업체,국민임대,광주,0
2016-06,주택업체,국민임대,대전,0
2016-06,주택업체,국민임대,울산,0
2016-06,주택업체,국민임대,세종,0
2016-06,주택업체,국민임대,강원,0
2016-06,주택업체,국민임대,충북,0
2016-06,주택업체,국민임대,충남,0
2016-06,주택업체,국민임대,전북,0
2016-06,주택업체,국민임대,전남,0
2016-06,주택업체,국민임대,경북,0
2016-06,주택업체,국민임대,경남,0
2016-06,주택업체,국민임대,제주,0
2016-06,주택업체,공공임대,전국,1,729
2016-06,주택업체,공공임대,서울,0
2016-06,주택업체,공공임대,인천,0
2016-06,주택업체,공공임대,경기,0
2016-06,주택업체,공공임대,부산,0
2016-06,주택업체,공공임대,대구,0
2016-06,주택업체,공공임대,광주,218
2016-06,주택업체,공공임대,대전,0
2016-06,주택업체,공공임대,울산,0
2016-06,주택업체,공공임대,세종,0
2016-06,주택업체,공공임대,강원,0
2016-06,주택업체,공공임대,충북,0
2016-06,주택업체,공공임대,충남,0
2016-06,주택업체,공공임대,전북,0
2016-06,주택업체,공공임대,전남,926
2016-06,주택업체,공공임대,경북,201
2016-06,주택업체,공공임대,경남,0
2016-06,주택업체,공공임대,제주,384
2016-06,주택업체,공공분양,전국,0
2016-06,주택업체,공공분양,서울,0
2016-06,주택업체,공공분양,인천,0
2016-06,주택업체,공공분양,경기,0
2016-06,주택업체,공공분양,부산,0
2016-06,주택업체,공공분양,대구,0
2016-06,주택업체,공공분양,광주,0
2016-06,주택업체,공공분양,대전,0
2016-06,주택업체,공공분양,울산,0
2016-06,주택업체,공공분양,세종,0
2016-06,주택업체,공공분양,강원,0
2016-06,주택업체,공공분양,충북,0
2016-06,주택업체,공공분양,충남,0
2016-06,주택업체,공공분양,전북,0
2016-06,주택업체,공공분양,전남,0
2016-06,주택업체,공공분양,경북,0
2016-06,주택업체,공공분양,경남,0
2016-06,주택업체,공공분양,제주,0
2016-06,민간부문,소계,전국,47,346
2016-06,민간부문,소계,서울,6,398
2016-06,민간부문,소계,인천,5,340
2016-06,민간부문,소계,경기,14,642
2016-06,민간부문,소계,부산,1,093
2016-06,민간부문,소계,대구,7,096
2016-06,민간부문,소계,광주,289
2016-06,민간부문,소계,대전,202
2016-06,민간부문,소계,울산,462
2016-06,민간부문,소계,세종,32
2016-06,민간부문,소계,강원,512
2016-06,민간부문,소계,충북,1,543
2016-06,민간부문,소계,충남,1,314
2016-06,민간부문,소계,전북,1,530
2016-06,민간부문,소계,전남,1,603
2016-06,민간부문,소계,경북,2,238
2016-06,민간부문,소계,경남,2,382
2016-06,민간부문,소계,제주,670
2016-06,민간,민간임대,전국,0
2016-06,민간,민간임대,서울,0
2016-06,민간,민간임대,인천,0
2016-06,민간,민간임대,경기,0
2016-06,민간,민간임대,부산,0
2016-06,민간,민간임대,대구,0
2016-06,민간,민간임대,광주,0
2016-06,민간,민간임대,대전,0
2016-06,민간,민간임대,울산,0
2016-06,민간,민간임대,세종,0
2016-06,민간,민간임대,강원,0
2016-06,민간,민간임대,충북,0
2016-06,민간,민간임대,충남,0
2016-06,민간,민간임대,전북,0
2016-06,민간,민간임대,전남,0
2016-06,민간,민간임대,경북,0
2016-06,민간,민간임대,경남,0
2016-06,민간,민간임대,제주,0
2016-06,민간,민간분양,전국,47,346
2016-06,민간,민간분양,서울,6,398
2016-06,민간,민간분양,인천,5,340
2016-06,민간,민간분양,경기,14,642
2016-06,민간,민간분양,부산,1,093
2016-06,민간,민간분양,대구,7,096
2016-06,민간,민간분양,광주,289
2016-06,민간,민간분양,대전,202
2016-06,민간,민간분양,울산,462
2016-06,민간,민간분양,세종,32
2016-06,민간,민간분양,강원,512
2016-06,민간,민간분양,충북,1,543
2016-06,민간,민간분양,충남,1,314
2016-06,민간,민간분양,전북,1,530
2016-06,민간,민간분양,전남,1,603
2016-06,민간,민간분양,경북,2,238
2016-06,민간,민간분양,경남,2,382
2016-06,민간,민간분양,제주,670
2016-07,총계,총계,전국,39,566
2016-07,총계,총계,서울,7,370
2016-07,총계,총계,인천,1,411
2016-07,총계,총계,경기,12,967
2016-07,총계,총계,부산,1,031
2016-07,총계,총계,대구,2,016
2016-07,총계,총계,광주,662
2016-07,총계,총계,대전,172
2016-07,총계,총계,울산,230
2016-07,총계,총계,세종,1,238
2016-07,총계,총계,강원,1,580
2016-07,총계,총계,충북,1,440
2016-07,총계,총계,충남,1,480
2016-07,총계,총계,전북,799
2016-07,총계,총계,전남,1,729
2016-07,총계,총계,경북,2,693
2016-07,총계,총계,경남,2,004
2016-07,총계,총계,제주,744
2016-07,공공부문,소계,전국,7,372
2016-07,공공부문,소계,서울,908
2016-07,공공부문,소계,인천,0
2016-07,공공부문,소계,경기,4,268
2016-07,공공부문,소계,부산,0
2016-07,공공부문,소계,대구,895
2016-07,공공부문,소계,광주,0
2016-07,공공부문,소계,대전,0
2016-07,공공부문,소계,울산,0
2016-07,공공부문,소계,세종,0
2016-07,공공부문,소계,강원,624
2016-07,공공부문,소계,충북,0
2016-07,공공부문,소계,충남,497
2016-07,공공부문,소계,전북,180
2016-07,공공부문,소계,전남,0
2016-07,공공부문,소계,경북,0
2016-07,공공부문,소계,경남,0
2016-07,공공부문,소계,제주,0
2016-07,합,국민임대,전국,2,842
2016-07,합,국민임대,서울,0
2016-07,합,국민임대,인천,0
2016-07,합,국민임대,경기,2,218
2016-07,합,국민임대,부산,0
2016-07,합,국민임대,대구,0
2016-07,합,국민임대,광주,0
2016-07,합,국민임대,대전,0
2016-07,합,국민임대,울산,0
2016-07,합,국민임대,세종,0
2016-07,합,국민임대,강원,624
2016-07,합,국민임대,충북,0
2016-07,합,국민임대,충남,0
2016-07,합,국민임대,전북,0
2016-07,합,국민임대,전남,0
2016-07,합,국민임대,경북,0
2016-07,합,국민임대,경남,0
2016-07,합,국민임대,제주,0
2016-07,합,공공임대,전국,2,857
2016-07,합,공공임대,서울,130
2016-07,합,공공임대,인천,0
2016-07,합,공공임대,경기,2,050
2016-07,합,공공임대,부산,0
2016-07,합,공공임대,대구,0
2016-07,합,공공임대,광주,0
2016-07,합,공공임대,대전,0
2016-07,합,공공임대,울산,0
2016-07,합,공공임대,세종,0
2016-07,합,공공임대,강원,0
2016-07,합,공공임대,충북,0
2016-07,합,공공임대,충남,497
2016-07,합,공공임대,전북,180
2016-07,합,공공임대,전남,0
2016-07,합,공공임대,경북,0
2016-07,합,공공임대,경남,0
2016-07,합,공공임대,제주,0
2016-07,합,공공분양,전국,1,673
2016-07,합,공공분양,서울,778
2016-07,합,공공분양,인천,0
2016-07,합,공공분양,경기,0
2016-07,합,공공분양,부산,0
2016-07,합,공공분양,대구,895
2016-07,합,공공분양,광주,0
2016-07,합,공공분양,대전,0
2016-07,합,공공분양,울산,0
2016-07,합,공공분양,세종,0
2016-07,합,공공분양,강원,0
2016-07,합,공공분양,충북,0
2016-07,합,공공분양,충남,0
2016-07,합,공공분양,전북,0
2016-07,합,공공분양,전남,0
2016-07,합,공공분양,경북,0
2016-07,합,공공분양,경남,0
2016-07,합,공공분양,제주,0
2016-07,지자체,소계,전국,531
2016-07,지자체,소계,서울,531
2016-07,지자체,소계,인천,0
2016-07,지자체,소계,경기,0
2016-07,지자체,소계,부산,0
2016-07,지자체,소계,대구,0
2016-07,지자체,소계,광주,0
2016-07,지자체,소계,대전,0
2016-07,지자체,소계,울산,0
2016-07,지자체,소계,세종,0
2016-07,지자체,소계,강원,0
2016-07,지자체,소계,충북,0
2016-07,지자체,소계,충남,0
2016-07,지자체,소계,전북,0
2016-07,지자체,소계,전남,0
2016-07,지자체,소계,경북,0
2016-07,지자체,소계,경남,0
2016-07,지자체,소계,제주,0
2016-07,지자체,국민임대,전국,0
2016-07,지자체,국민임대,서울,0
2016-07,지자체,국민임대,인천,0
2016-07,지자체,국민임대,경기,0
2016-07,지자체,국민임대,부산,0
2016-07,지자체,국민임대,대구,0
2016-07,지자체,국민임대,광주,0
2016-07,지자체,국민임대,대전,0
2016-07,지자체,국민임대,울산,0
2016-07,지자체,국민임대,세종,0
2016-07,지자체,국민임대,강원,0
2016-07,지자체,국민임대,충북,0
2016-07,지자체,국민임대,충남,0
2016-07,지자체,국민임대,전북,0
2016-07,지자체,국민임대,전남,0
2016-07,지자체,국민임대,경북,0
2016-07,지자체,국민임대,경남,0
2016-07,지자체,국민임대,제주,0
2016-07,지자체,공공임대,전국,0
2016-07,지자체,공공임대,서울,0
2016-07,지자체,공공임대,인천,0
2016-07,지자체,공공임대,경기,0
2016-07,지자체,공공임대,부산,0
2016-07,지자체,공공임대,대구,0
2016-07,지자체,공공임대,광주,0
2016-07,지자체,공공임대,대전,0
2016-07,지자체,공공임대,울산,0
2016-07,지자체,공공임대,세종,0
2016-07,지자체,공공임대,강원,0
2016-07,지자체,공공임대,충북,0
2016-07,지자체,공공임대,충남,0
2016-07,지자체,공공임대,전북,0
2016-07,지자체,공공임대,전남,0
2016-07,지자체,공공임대,경북,0
2016-07,지자체,공공임대,경남,0
2016-07,지자체,공공임대,제주,0
2016-07,지자체,공공분양,전국,531
2016-07,지자체,공공분양,서울,531
2016-07,지자체,공공분양,인천,0
2016-07,지자체,공공분양,경기,0
2016-07,지자체,공공분양,부산,0
2016-07,지자체,공공분양,대구,0
2016-07,지자체,공공분양,광주,0
2016-07,지자체,공공분양,대전,0
2016-07,지자체,공공분양,울산,0
2016-07,지자체,공공분양,세종,0
2016-07,지자체,공공분양,강원,0
2016-07,지자체,공공분양,충북,0
2016-07,지자체,공공분양,충남,0
2016-07,지자체,공공분양,전북,0
2016-07,지자체,공공분양,전남,0
2016-07,지자체,공공분양,경북,0
2016-07,지자체,공공분양,경남,0
2016-07,지자체,공공분양,제주,0
2016-07,LH,소계,전국,5,022
2016-07,LH,소계,서울,130
2016-07,LH,소계,인천,0
2016-07,LH,소계,경기,4,268
2016-07,LH,소계,부산,0
2016-07,LH,소계,대구,0
2016-07,LH,소계,광주,0
2016-07,LH,소계,대전,0
2016-07,LH,소계,울산,0
2016-07,LH,소계,세종,0
2016-07,LH,소계,강원,624
2016-07,LH,소계,충북,0
2016-07,LH,소계,충남,0
2016-07,LH,소계,전북,0
2016-07,LH,소계,전남,0
2016-07,LH,소계,경북,0
2016-07,LH,소계,경남,0
2016-07,LH,소계,제주,0
2016-07,LH,국민임대,전국,2,842
2016-07,LH,국민임대,서울,0
2016-07,LH,국민임대,인천,0
2016-07,LH,국민임대,경기,2,218
2016-07,LH,국민임대,부산,0
2016-07,LH,국민임대,대구,0
2016-07,LH,국민임대,광주,0
2016-07,LH,국민임대,대전,0
2016-07,LH,국민임대,울산,0
2016-07,LH,국민임대,세종,0
2016-07,LH,국민임대,강원,624
2016-07,LH,국민임대,충북,0
2016-07,LH,국민임대,충남,0
2016-07,LH,국민임대,전북,0
2016-07,LH,국민임대,전남,0
2016-07,LH,국민임대,경북,0
2016-07,LH,국민임대,경남,0
2016-07,LH,국민임대,제주,0
2016-07,LH,공공임대,전국,2,180
2016-07,LH,공공임대,서울,130
2016-07,LH,공공임대,인천,0
2016-07,LH,공공임대,경기,2,050
2016-07,LH,공공임대,부산,0
2016-07,LH,공공임대,대구,0
2016-07,LH,공공임대,광주,0
2016-07,LH,공공임대,대전,0
2016-07,LH,공공임대,울산,0
2016-07,LH,공공임대,세종,0
2016-07,LH,공공임대,강원,0
2016-07,LH,공공임대,충북,0
2016-07,LH,공공임대,충남,0
2016-07,LH,공공임대,전북,0
2016-07,LH,공공임대,전남,0
2016-07,LH,공공임대,경북,0
2016-07,LH,공공임대,경남,0
2016-07,LH,공공임대,제주,0
2016-07,LH,공공분양,전국,0
2016-07,LH,공공분양,서울,0
2016-07,LH,공공분양,인천,0
2016-07,LH,공공분양,경기,0
2016-07,LH,공공분양,부산,0
2016-07,LH,공공분양,대구,0
2016-07,LH,공공분양,광주,0
2016-07,LH,공공분양,대전,0
2016-07,LH,공공분양,울산,0
2016-07,LH,공공분양,세종,0
2016-07,LH,공공분양,강원,0
2016-07,LH,공공분양,충북,0
2016-07,LH,공공분양,충남,0
2016-07,LH,공공분양,전북,0
2016-07,LH,공공분양,전남,0
2016-07,LH,공공분양,경북,0
2016-07,LH,공공분양,경남,0
2016-07,LH,공공분양,제주,0
2016-07,주택업체,소계,전국,1,819
2016-07,주택업체,소계,서울,247
2016-07,주택업체,소계,인천,0
2016-07,주택업체,소계,경기,0
2016-07,주택업체,소계,부산,0
2016-07,주택업체,소계,대구,895
2016-07,주택업체,소계,광주,0
2016-07,주택업체,소계,대전,0
2016-07,주택업체,소계,울산,0
2016-07,주택업체,소계,세종,0
2016-07,주택업체,소계,강원,0
2016-07,주택업체,소계,충북,0
2016-07,주택업체,소계,충남,497
2016-07,주택업체,소계,전북,180
2016-07,주택업체,소계,전남,0
2016-07,주택업체,소계,경북,0
2016-07,주택업체,소계,경남,0
2016-07,주택업체,소계,제주,0
2016-07,주택업체,국민임대,전국,0
2016-07,주택업체,국민임대,서울,0
2016-07,주택업체,국민임대,인천,0
2016-07,주택업체,국민임대,경기,0
2016-07,주택업체,국민임대,부산,0
2016-07,주택업체,국민임대,대구,0
2016-07,주택업체,국민임대,광주,0
2016-07,주택업체,국민임대,대전,0
2016-07,주택업체,국민임대,울산,0
2016-07,주택업체,국민임대,세종,0
2016-07,주택업체,국민임대,강원,0
2016-07,주택업체,국민임대,충북,0
2016-07,주택업체,국민임대,충남,0
2016-07,주택업체,국민임대,전북,0
2016-07,주택업체,국민임대,전남,0
2016-07,주택업체,국민임대,경북,0
2016-07,주택업체,국민임대,경남,0
2016-07,주택업체,국민임대,제주,0
2016-07,주택업체,공공임대,전국,677
2016-07,주택업체,공공임대,서울,0
2016-07,주택업체,공공임대,인천,0
2016-07,주택업체,공공임대,경기,0
2016-07,주택업체,공공임대,부산,0
2016-07,주택업체,공공임대,대구,0
2016-07,주택업체,공공임대,광주,0
2016-07,주택업체,공공임대,대전,0
2016-07,주택업체,공공임대,울산,0
2016-07,주택업체,공공임대,세종,0
2016-07,주택업체,공공임대,강원,0
2016-07,주택업체,공공임대,충북,0
2016-07,주택업체,공공임대,충남,497
2016-07,주택업체,공공임대,전북,180
2016-07,주택업체,공공임대,전남,0
2016-07,주택업체,공공임대,경북,0
2016-07,주택업체,공공임대,경남,0
2016-07,주택업체,공공임대,제주,0
2016-07,주택업체,공공분양,전국,1,142
2016-07,주택업체,공공분양,서울,247
2016-07,주택업체,공공분양,인천,0
2016-07,주택업체,공공분양,경기,0
2016-07,주택업체,공공분양,부산,0
2016-07,주택업체,공공분양,대구,895
2016-07,주택업체,공공분양,광주,0
2016-07,주택업체,공공분양,대전,0
2016-07,주택업체,공공분양,울산,0
2016-07,주택업체,공공분양,세종,0
2016-07,주택업체,공공분양,강원,0
2016-07,주택업체,공공분양,충북,0
2016-07,주택업체,공공분양,충남,0
2016-07,주택업체,공공분양,전북,0
2016-07,주택업체,공공분양,전남,0
2016-07,주택업체,공공분양,경북,0
2016-07,주택업체,공공분양,경남,0
2016-07,주택업체,공공분양,제주,0
2016-07,민간부문,소계,전국,32,194
2016-07,민간부문,소계,서울,6,462
2016-07,민간부문,소계,인천,1,411
2016-07,민간부문,소계,경기,8,699
2016-07,민간부문,소계,부산,1,031
2016-07,민간부문,소계,대구,1,121
2016-07,민간부문,소계,광주,662
2016-07,민간부문,소계,대전,172
2016-07,민간부문,소계,울산,230
2016-07,민간부문,소계,세종,1,238
2016-07,민간부문,소계,강원,956
2016-07,민간부문,소계,충북,1,440
2016-07,민간부문,소계,충남,983
2016-07,민간부문,소계,전북,619
2016-07,민간부문,소계,전남,1,729
2016-07,민간부문,소계,경북,2,693
2016-07,민간부문,소계,경남,2,004
2016-07,민간부문,소계,제주,744
2016-07,민간,민간임대,전국,299
2016-07,민간,민간임대,서울,0
2016-07,민간,민간임대,인천,0
2016-07,민간,민간임대,경기,0
2016-07,민간,민간임대,부산,0
2016-07,민간,민간임대,대구,0
2016-07,민간,민간임대,광주,0
2016-07,민간,민간임대,대전,0
2016-07,민간,민간임대,울산,0
2016-07,민간,민간임대,세종,0
2016-07,민간,민간임대,강원,0
2016-07,민간,민간임대,충북,0
2016-07,민간,민간임대,충남,299
2016-07,민간,민간임대,전북,0
2016-07,민간,민간임대,전남,0
2016-07,민간,민간임대,경북,0
2016-07,민간,민간임대,경남,0
2016-07,민간,민간임대,제주,0
2016-07,민간,민간분양,전국,31,895
2016-07,민간,민간분양,서울,6,462
2016-07,민간,민간분양,인천,1,411
2016-07,민간,민간분양,경기,8,699
2016-07,민간,민간분양,부산,1,031
2016-07,민간,민간분양,대구,1,121
2016-07,민간,민간분양,광주,662
2016-07,민간,민간분양,대전,172
2016-07,민간,민간분양,울산,230
2016-07,민간,민간분양,세종,1,238
2016-07,민간,민간분양,강원,956
2016-07,민간,민간분양,충북,1,440
2016-07,민간,민간분양,충남,684
2016-07,민간,민간분양,전북,619
2016-07,민간,민간분양,전남,1,729
2016-07,민간,민간분양,경북,2,693
2016-07,민간,민간분양,경남,2,004
2016-07,민간,민간분양,제주,744
2016-08,총계,총계,전국,46,984
2016-08,총계,총계,서울,8,606
2016-08,총계,총계,인천,717
2016-08,총계,총계,경기,16,157
2016-08,총계,총계,부산,2,804
2016-08,총계,총계,대구,2,103
2016-08,총계,총계,광주,1,010
2016-08,총계,총계,대전,177
2016-08,총계,총계,울산,305
2016-08,총계,총계,세종,982
2016-08,총계,총계,강원,1,777
2016-08,총계,총계,충북,1,385
2016-08,총계,총계,충남,3,731
2016-08,총계,총계,전북,767
2016-08,총계,총계,전남,792
2016-08,총계,총계,경북,1,927
2016-08,총계,총계,경남,2,654
2016-08,총계,총계,제주,1,090
2016-08,공공부문,소계,전국,9,349
2016-08,공공부문,소계,서울,1,110
2016-08,공공부문,소계,인천,0
2016-08,공공부문,소계,경기,5,094
2016-08,공공부문,소계,부산,838
2016-08,공공부문,소계,대구,0
2016-08,공공부문,소계,광주,0
2016-08,공공부문,소계,대전,0
2016-08,공공부문,소계,울산,0
2016-08,공공부문,소계,세종,946
2016-08,공공부문,소계,강원,990
2016-08,공공부문,소계,충북,0
2016-08,공공부문,소계,충남,0
2016-08,공공부문,소계,전북,371
2016-08,공공부문,소계,전남,0
2016-08,공공부문,소계,경북,0
2016-08,공공부문,소계,경남,0
2016-08,공공부문,소계,제주,0
2016-08,합,국민임대,전국,4,318
2016-08,합,국민임대,서울,550
2016-08,합,국민임대,인천,0
2016-08,합,국민임대,경기,2,180
2016-08,합,국민임대,부산,794
2016-08,합,국민임대,대구,0
2016-08,합,국민임대,광주,0
2016-08,합,국민임대,대전,0
2016-08,합,국민임대,울산,0
2016-08,합,국민임대,세종,0
2016-08,합,국민임대,강원,794
2016-08,합,국민임대,충북,0
2016-08,합,국민임대,충남,0
2016-08,합,국민임대,전북,0
2016-08,합,국민임대,전남,0
2016-08,합,국민임대,경북,0
2016-08,합,국민임대,경남,0
2016-08,합,국민임대,제주,0
2016-08,합,공공임대,전국,1,704
2016-08,합,공공임대,서울,560
2016-08,합,공공임대,인천,0
2016-08,합,공공임대,경기,948
2016-08,합,공공임대,부산,0
2016-08,합,공공임대,대구,0
2016-08,합,공공임대,광주,0
2016-08,합,공공임대,대전,0
2016-08,합,공공임대,울산,0
2016-08,합,공공임대,세종,0
2016-08,합,공공임대,강원,196
2016-08,합,공공임대,충북,0
2016-08,합,공공임대,충남,0
2016-08,합,공공임대,전북,0
2016-08,합,공공임대,전남,0
2016-08,합,공공임대,경북,0
2016-08,합,공공임대,경남,0
2016-08,합,공공임대,제주,0
2016-08,합,공공분양,전국,3,327
2016-08,합,공공분양,서울,0
2016-08,합,공공분양,인천,0
2016-08,합,공공분양,경기,1,966
2016-08,합,공공분양,부산,44
2016-08,합,공공분양,대구,0
2016-08,합,공공분양,광주,0
2016-08,합,공공분양,대전,0
2016-08,합,공공분양,울산,0
2016-08,합,공공분양,세종,946
2016-08,합,공공분양,강원,0
2016-08,합,공공분양,충북,0
2016-08,합,공공분양,충남,0
2016-08,합,공공분양,전북,371
2016-08,합,공공분양,전남,0
2016-08,합,공공분양,경북,0
2016-08,합,공공분양,경남,0
2016-08,합,공공분양,제주,0
2016-08,지자체,소계,전국,1,110
2016-08,지자체,소계,서울,1,110
2016-08,지자체,소계,인천,0
2016-08,지자체,소계,경기,0
2016-08,지자체,소계,부산,0
2016-08,지자체,소계,대구,0
2016-08,지자체,소계,광주,0
2016-08,지자체,소계,대전,0
2016-08,지자체,소계,울산,0
2016-08,지자체,소계,세종,0
2016-08,지자체,소계,강원,0
2016-08,지자체,소계,충북,0
2016-08,지자체,소계,충남,0
2016-08,지자체,소계,전북,0
2016-08,지자체,소계,전남,0
2016-08,지자체,소계,경북,0
2016-08,지자체,소계,경남,0
2016-08,지자체,소계,제주,0
2016-08,지자체,국민임대,전국,550
2016-08,지자체,국민임대,서울,550
2016-08,지자체,국민임대,인천,0
2016-08,지자체,국민임대,경기,0
2016-08,지자체,국민임대,부산,0
2016-08,지자체,국민임대,대구,0
2016-08,지자체,국민임대,광주,0
2016-08,지자체,국민임대,대전,0
2016-08,지자체,국민임대,울산,0
2016-08,지자체,국민임대,세종,0
2016-08,지자체,국민임대,강원,0
2016-08,지자체,국민임대,충북,0
2016-08,지자체,국민임대,충남,0
2016-08,지자체,국민임대,전북,0
2016-08,지자체,국민임대,전남,0
2016-08,지자체,국민임대,경북,0
2016-08,지자체,국민임대,경남,0
2016-08,지자체,국민임대,제주,0
2016-08,지자체,공공임대,전국,560
2016-08,지자체,공공임대,서울,560
2016-08,지자체,공공임대,인천,0
2016-08,지자체,공공임대,경기,0
2016-08,지자체,공공임대,부산,0
2016-08,지자체,공공임대,대구,0
2016-08,지자체,공공임대,광주,0
2016-08,지자체,공공임대,대전,0
2016-08,지자체,공공임대,울산,0
2016-08,지자체,공공임대,세종,0
2016-08,지자체,공공임대,강원,0
2016-08,지자체,공공임대,충북,0
2016-08,지자체,공공임대,충남,0
2016-08,지자체,공공임대,전북,0
2016-08,지자체,공공임대,전남,0
2016-08,지자체,공공임대,경북,0
2016-08,지자체,공공임대,경남,0
2016-08,지자체,공공임대,제주,0
2016-08,지자체,공공분양,전국,0
2016-08,지자체,공공분양,서울,0
2016-08,지자체,공공분양,인천,0
2016-08,지자체,공공분양,경기,0
2016-08,지자체,공공분양,부산,0
2016-08,지자체,공공분양,대구,0
2016-08,지자체,공공분양,광주,0
2016-08,지자체,공공분양,대전,0
2016-08,지자체,공공분양,울산,0
2016-08,지자체,공공분양,세종,0
2016-08,지자체,공공분양,강원,0
2016-08,지자체,공공분양,충북,0
2016-08,지자체,공공분양,충남,0
2016-08,지자체,공공분양,전북,0
2016-08,지자체,공공분양,전남,0
2016-08,지자체,공공분양,경북,0
2016-08,지자체,공공분양,경남,0
2016-08,지자체,공공분양,제주,0
2016-08,LH,소계,전국,5,974
2016-08,LH,소계,서울,0
2016-08,LH,소계,인천,0
2016-08,LH,소계,경기,4,146
2016-08,LH,소계,부산,838
2016-08,LH,소계,대구,0
2016-08,LH,소계,광주,0
2016-08,LH,소계,대전,0
2016-08,LH,소계,울산,0
2016-08,LH,소계,세종,0
2016-08,LH,소계,강원,990
2016-08,LH,소계,충북,0
2016-08,LH,소계,충남,0
2016-08,LH,소계,전북,0
2016-08,LH,소계,전남,0
2016-08,LH,소계,경북,0
2016-08,LH,소계,경남,0
2016-08,LH,소계,제주,0
2016-08,LH,국민임대,전국,3,768
2016-08,LH,국민임대,서울,0
2016-08,LH,국민임대,인천,0
2016-08,LH,국민임대,경기,2,180
2016-08,LH,국민임대,부산,794
2016-08,LH,국민임대,대구,0
2016-08,LH,국민임대,광주,0
2016-08,LH,국민임대,대전,0
2016-08,LH,국민임대,울산,0
2016-08,LH,국민임대,세종,0
2016-08,LH,국민임대,강원,794
2016-08,LH,국민임대,충북,0
2016-08,LH,국민임대,충남,0
2016-08,LH,국민임대,전북,0
2016-08,LH,국민임대,전남,0
2016-08,LH,국민임대,경북,0
2016-08,LH,국민임대,경남,0
2016-08,LH,국민임대,제주,0
2016-08,LH,공공임대,전국,196
2016-08,LH,공공임대,서울,0
2016-08,LH,공공임대,인천,0
2016-08,LH,공공임대,경기,0
2016-08,LH,공공임대,부산,0
2016-08,LH,공공임대,대구,0
2016-08,LH,공공임대,광주,0
2016-08,LH,공공임대,대전,0
2016-08,LH,공공임대,울산,0
2016-08,LH,공공임대,세종,0
2016-08,LH,공공임대,강원,196
2016-08,LH,공공임대,충북,0
2016-08,LH,공공임대,충남,0
2016-08,LH,공공임대,전북,0
2016-08,LH,공공임대,전남,0
2016-08,LH,공공임대,경북,0
2016-08,LH,공공임대,경남,0
2016-08,LH,공공임대,제주,0
2016-08,LH,공공분양,전국,2,010
2016-08,LH,공공분양,서울,0
2016-08,LH,공공분양,인천,0
2016-08,LH,공공분양,경기,1,966
2016-08,LH,공공분양,부산,44
2016-08,LH,공공분양,대구,0
2016-08,LH,공공분양,광주,0
2016-08,LH,공공분양,대전,0
2016-08,LH,공공분양,울산,0
2016-08,LH,공공분양,세종,0
2016-08,LH,공공분양,강원,0
2016-08,LH,공공분양,충북,0
2016-08,LH,공공분양,충남,0
2016-08,LH,공공분양,전북,0
2016-08,LH,공공분양,전남,0
2016-08,LH,공공분양,경북,0
2016-08,LH,공공분양,경남,0
2016-08,LH,공공분양,제주,0
2016-08,주택업체,소계,전국,2,265
2016-08,주택업체,소계,서울,0
2016-08,주택업체,소계,인천,0
2016-08,주택업체,소계,경기,948
2016-08,주택업체,소계,부산,0
2016-08,주택업체,소계,대구,0
2016-08,주택업체,소계,광주,0
2016-08,주택업체,소계,대전,0
2016-08,주택업체,소계,울산,0
2016-08,주택업체,소계,세종,946
2016-08,주택업체,소계,강원,0
2016-08,주택업체,소계,충북,0
2016-08,주택업체,소계,충남,0
2016-08,주택업체,소계,전북,371
2016-08,주택업체,소계,전남,0
2016-08,주택업체,소계,경북,0
2016-08,주택업체,소계,경남,0
2016-08,주택업체,소계,제주,0
2016-08,주택업체,국민임대,전국,0
2016-08,주택업체,국민임대,서울,0
2016-08,주택업체,국민임대,인천,0
2016-08,주택업체,국민임대,경기,0
2016-08,주택업체,국민임대,부산,0
2016-08,주택업체,국민임대,대구,0
2016-08,주택업체,국민임대,광주,0
2016-08,주택업체,국민임대,대전,0
2016-08,주택업체,국민임대,울산,0
2016-08,주택업체,국민임대,세종,0
2016-08,주택업체,국민임대,강원,0
2016-08,주택업체,국민임대,충북,0
2016-08,주택업체,국민임대,충남,0
2016-08,주택업체,국민임대,전북,0
2016-08,주택업체,국민임대,전남,0
2016-08,주택업체,국민임대,경북,0
2016-08,주택업체,국민임대,경남,0
2016-08,주택업체,국민임대,제주,0
2016-08,주택업체,공공임대,전국,948
2016-08,주택업체,공공임대,서울,0
2016-08,주택업체,공공임대,인천,0
2016-08,주택업체,공공임대,경기,948
2016-08,주택업체,공공임대,부산,0
2016-08,주택업체,공공임대,대구,0
2016-08,주택업체,공공임대,광주,0
2016-08,주택업체,공공임대,대전,0
2016-08,주택업체,공공임대,울산,0
2016-08,주택업체,공공임대,세종,0
2016-08,주택업체,공공임대,강원,0
2016-08,주택업체,공공임대,충북,0
2016-08,주택업체,공공임대,충남,0
2016-08,주택업체,공공임대,전북,0
2016-08,주택업체,공공임대,전남,0
2016-08,주택업체,공공임대,경북,0
2016-08,주택업체,공공임대,경남,0
2016-08,주택업체,공공임대,제주,0
2016-08,주택업체,공공분양,전국,1,317
2016-08,주택업체,공공분양,서울,0
2016-08,주택업체,공공분양,인천,0
2016-08,주택업체,공공분양,경기,0
2016-08,주택업체,공공분양,부산,0
2016-08,주택업체,공공분양,대구,0
2016-08,주택업체,공공분양,광주,0
2016-08,주택업체,공공분양,대전,0
2016-08,주택업체,공공분양,울산,0
2016-08,주택업체,공공분양,세종,946
2016-08,주택업체,공공분양,강원,0
2016-08,주택업체,공공분양,충북,0
2016-08,주택업체,공공분양,충남,0
2016-08,주택업체,공공분양,전북,371
2016-08,주택업체,공공분양,전남,0
2016-08,주택업체,공공분양,경북,0
2016-08,주택업체,공공분양,경남,0
2016-08,주택업체,공공분양,제주,0
2016-08,민간부문,소계,전국,37,635
2016-08,민간부문,소계,서울,7,496
2016-08,민간부문,소계,인천,717
2016-08,민간부문,소계,경기,11,063
2016-08,민간부문,소계,부산,1,966
2016-08,민간부문,소계,대구,2,103
2016-08,민간부문,소계,광주,1,010
2016-08,민간부문,소계,대전,177
2016-08,민간부문,소계,울산,305
2016-08,민간부문,소계,세종,36
2016-08,민간부문,소계,강원,787
2016-08,민간부문,소계,충북,1,385
2016-08,민간부문,소계,충남,3,731
2016-08,민간부문,소계,전북,396
2016-08,민간부문,소계,전남,792
2016-08,민간부문,소계,경북,1,927
2016-08,민간부문,소계,경남,2,654
2016-08,민간부문,소계,제주,1,090
2016-08,민간,민간임대,전국,0
2016-08,민간,민간임대,서울,0
2016-08,민간,민간임대,인천,0
2016-08,민간,민간임대,경기,0
2016-08,민간,민간임대,부산,0
2016-08,민간,민간임대,대구,0
2016-08,민간,민간임대,광주,0
2016-08,민간,민간임대,대전,0
2016-08,민간,민간임대,울산,0
2016-08,민간,민간임대,세종,0
2016-08,민간,민간임대,강원,0
2016-08,민간,민간임대,충북,0
2016-08,민간,민간임대,충남,0
2016-08,민간,민간임대,전북,0
2016-08,민간,민간임대,전남,0
2016-08,민간,민간임대,경북,0
2016-08,민간,민간임대,경남,0
2016-08,민간,민간임대,제주,0
2016-08,민간,민간분양,전국,37,635
2016-08,민간,민간분양,서울,7,496
2016-08,민간,민간분양,인천,717
2016-08,민간,민간분양,경기,11,063
2016-08,민간,민간분양,부산,1,966
2016-08,민간,민간분양,대구,2,103
2016-08,민간,민간분양,광주,1,010
2016-08,민간,민간분양,대전,177
2016-08,민간,민간분양,울산,305
2016-08,민간,민간분양,세종,36
2016-08,민간,민간분양,강원,787
2016-08,민간,민간분양,충북,1,385
2016-08,민간,민간분양,충남,3,731
2016-08,민간,민간분양,전북,396
2016-08,민간,민간분양,전남,792
2016-08,민간,민간분양,경북,1,927
2016-08,민간,민간분양,경남,2,654
2016-08,민간,민간분양,제주,1,090
2016-09,총계,총계,전국,44,100
2016-09,총계,총계,서울,6,058
2016-09,총계,총계,인천,2,076
2016-09,총계,총계,경기,14,701
2016-09,총계,총계,부산,3,485
2016-09,총계,총계,대구,829
2016-09,총계,총계,광주,1,202
2016-09,총계,총계,대전,1,737
2016-09,총계,총계,울산,566
2016-09,총계,총계,세종,1,927
2016-09,총계,총계,강원,489
2016-09,총계,총계,충북,579
2016-09,총계,총계,충남,2,615
2016-09,총계,총계,전북,1,043
2016-09,총계,총계,전남,1,596
2016-09,총계,총계,경북,2,671
2016-09,총계,총계,경남,1,730
2016-09,총계,총계,제주,796
2016-09,공공부문,소계,전국,16,580
2016-09,공공부문,소계,서울,710
2016-09,공공부문,소계,인천,1,406
2016-09,공공부문,소계,경기,7,501
2016-09,공공부문,소계,부산,0
2016-09,공공부문,소계,대구,518
2016-09,공공부문,소계,광주,0
2016-09,공공부문,소계,대전,1,460
2016-09,공공부문,소계,울산,0
2016-09,공공부문,소계,세종,1,684
2016-09,공공부문,소계,강원,0
2016-09,공공부문,소계,충북,0
2016-09,공공부문,소계,충남,744
2016-09,공공부문,소계,전북,0
2016-09,공공부문,소계,전남,993
2016-09,공공부문,소계,경북,1,564
2016-09,공공부문,소계,경남,0
2016-09,공공부문,소계,제주,0
2016-09,합,국민임대,전국,5,154
2016-09,합,국민임대,서울,710
2016-09,합,국민임대,인천,0
2016-09,합,국민임대,경기,782
2016-09,합,국민임대,부산,0
2016-09,합,국민임대,대구,518
2016-09,합,국민임대,광주,0
2016-09,합,국민임대,대전,1,460
2016-09,합,국민임대,울산,0
2016-09,합,국민임대,세종,1,684
2016-09,합,국민임대,강원,0
2016-09,합,국민임대,충북,0
2016-09,합,국민임대,충남,0
2016-09,합,국민임대,전북,0
2016-09,합,국민임대,전남,0
2016-09,합,국민임대,경북,0
2016-09,합,국민임대,경남,0
2016-09,합,국민임대,제주,0
2016-09,합,공공임대,전국,3,210
2016-09,합,공공임대,서울,0
2016-09,합,공공임대,인천,0
2016-09,합,공공임대,경기,1,646
2016-09,합,공공임대,부산,0
2016-09,합,공공임대,대구,0
2016-09,합,공공임대,광주,0
2016-09,합,공공임대,대전,0
2016-09,합,공공임대,울산,0
2016-09,합,공공임대,세종,0
2016-09,합,공공임대,강원,0
2016-09,합,공공임대,충북,0
2016-09,합,공공임대,충남,0
2016-09,합,공공임대,전북,0
2016-09,합,공공임대,전남,0
2016-09,합,공공임대,경북,1,564
2016-09,합,공공임대,경남,0
2016-09,합,공공임대,제주,0
2016-09,합,공공분양,전국,8,216
2016-09,합,공공분양,서울,0
2016-09,합,공공분양,인천,1,406
2016-09,합,공공분양,경기,5,073
2016-09,합,공공분양,부산,0
2016-09,합,공공분양,대구,0
2016-09,합,공공분양,광주,0
2016-09,합,공공분양,대전,0
2016-09,합,공공분양,울산,0
2016-09,합,공공분양,세종,0
2016-09,합,공공분양,강원,0
2016-09,합,공공분양,충북,0
2016-09,합,공공분양,충남,744
2016-09,합,공공분양,전북,0
2016-09,합,공공분양,전남,993
2016-09,합,공공분양,경북,0
2016-09,합,공공분양,경남,0
2016-09,합,공공분양,제주,0
2016-09,지자체,소계,전국,2,116
2016-09,지자체,소계,서울,710
2016-09,지자체,소계,인천,1,406
2016-09,지자체,소계,경기,0
2016-09,지자체,소계,부산,0
2016-09,지자체,소계,대구,0
2016-09,지자체,소계,광주,0
2016-09,지자체,소계,대전,0
2016-09,지자체,소계,울산,0
2016-09,지자체,소계,세종,0
2016-09,지자체,소계,강원,0
2016-09,지자체,소계,충북,0
2016-09,지자체,소계,충남,0
2016-09,지자체,소계,전북,0
2016-09,지자체,소계,전남,0
2016-09,지자체,소계,경북,0
2016-09,지자체,소계,경남,0
2016-09,지자체,소계,제주,0
2016-09,지자체,국민임대,전국,710
2016-09,지자체,국민임대,서울,710
2016-09,지자체,국민임대,인천,0
2016-09,지자체,국민임대,경기,0
2016-09,지자체,국민임대,부산,0
2016-09,지자체,국민임대,대구,0
2016-09,지자체,국민임대,광주,0
2016-09,지자체,국민임대,대전,0
2016-09,지자체,국민임대,울산,0
2016-09,지자체,국민임대,세종,0
2016-09,지자체,국민임대,강원,0
2016-09,지자체,국민임대,충북,0
2016-09,지자체,국민임대,충남,0
2016-09,지자체,국민임대,전북,0
2016-09,지자체,국민임대,전남,0
2016-09,지자체,국민임대,경북,0
2016-09,지자체,국민임대,경남,0
2016-09,지자체,국민임대,제주,0
2016-09,지자체,공공임대,전국,0
2016-09,지자체,공공임대,서울,0
2016-09,지자체,공공임대,인천,0
2016-09,지자체,공공임대,경기,0
2016-09,지자체,공공임대,부산,0
2016-09,지자체,공공임대,대구,0
2016-09,지자체,공공임대,광주,0
2016-09,지자체,공공임대,대전,0
2016-09,지자체,공공임대,울산,0
2016-09,지자체,공공임대,세종,0
2016-09,지자체,공공임대,강원,0
2016-09,지자체,공공임대,충북,0
2016-09,지자체,공공임대,충남,0
2016-09,지자체,공공임대,전북,0
2016-09,지자체,공공임대,전남,0
2016-09,지자체,공공임대,경북,0
2016-09,지자체,공공임대,경남,0
2016-09,지자체,공공임대,제주,0
2016-09,지자체,공공분양,전국,1,406
2016-09,지자체,공공분양,서울,0
2016-09,지자체,공공분양,인천,1,406
2016-09,지자체,공공분양,경기,0
2016-09,지자체,공공분양,부산,0
2016-09,지자체,공공분양,대구,0
2016-09,지자체,공공분양,광주,0
2016-09,지자체,공공분양,대전,0
2016-09,지자체,공공분양,울산,0
2016-09,지자체,공공분양,세종,0
2016-09,지자체,공공분양,강원,0
2016-09,지자체,공공분양,충북,0
2016-09,지자체,공공분양,충남,0
2016-09,지자체,공공분양,전북,0
2016-09,지자체,공공분양,전남,0
2016-09,지자체,공공분양,경북,0
2016-09,지자체,공공분양,경남,0
2016-09,지자체,공공분양,제주,0
2016-09,LH,소계,전국,11,907
2016-09,LH,소계,서울,0
2016-09,LH,소계,인천,0
2016-09,LH,소계,경기,7,501
2016-09,LH,소계,부산,0
2016-09,LH,소계,대구,518
2016-09,LH,소계,광주,0
2016-09,LH,소계,대전,1,460
2016-09,LH,소계,울산,0
2016-09,LH,소계,세종,1,684
2016-09,LH,소계,강원,0
2016-09,LH,소계,충북,0
2016-09,LH,소계,충남,744
2016-09,LH,소계,전북,0
2016-09,LH,소계,전남,0
2016-09,LH,소계,경북,0
2016-09,LH,소계,경남,0
2016-09,LH,소계,제주,0
2016-09,LH,국민임대,전국,4,444
2016-09,LH,국민임대,서울,0
2016-09,LH,국민임대,인천,0
2016-09,LH,국민임대,경기,782
2016-09,LH,국민임대,부산,0
2016-09,LH,국민임대,대구,518
2016-09,LH,국민임대,광주,0
2016-09,LH,국민임대,대전,1,460
2016-09,LH,국민임대,울산,0
2016-09,LH,국민임대,세종,1,684
2016-09,LH,국민임대,강원,0
2016-09,LH,국민임대,충북,0
2016-09,LH,국민임대,충남,0
2016-09,LH,국민임대,전북,0
2016-09,LH,국민임대,전남,0
2016-09,LH,국민임대,경북,0
2016-09,LH,국민임대,경남,0
2016-09,LH,국민임대,제주,0
2016-09,LH,공공임대,전국,1,646
2016-09,LH,공공임대,서울,0
2016-09,LH,공공임대,인천,0
2016-09,LH,공공임대,경기,1,646
2016-09,LH,공공임대,부산,0
2016-09,LH,공공임대,대구,0
2016-09,LH,공공임대,광주,0
2016-09,LH,공공임대,대전,0
2016-09,LH,공공임대,울산,0
2016-09,LH,공공임대,세종,0
2016-09,LH,공공임대,강원,0
2016-09,LH,공공임대,충북,0
2016-09,LH,공공임대,충남,0
2016-09,LH,공공임대,전북,0
2016-09,LH,공공임대,전남,0
2016-09,LH,공공임대,경북,0
2016-09,LH,공공임대,경남,0
2016-09,LH,공공임대,제주,0
2016-09,LH,공공분양,전국,5,817
2016-09,LH,공공분양,서울,0
2016-09,LH,공공분양,인천,0
2016-09,LH,공공분양,경기,5,073
2016-09,LH,공공분양,부산,0
2016-09,LH,공공분양,대구,0
2016-09,LH,공공분양,광주,0
2016-09,LH,공공분양,대전,0
2016-09,LH,공공분양,울산,0
2016-09,LH,공공분양,세종,0
2016-09,LH,공공분양,강원,0
2016-09,LH,공공분양,충북,0
2016-09,LH,공공분양,충남,744
2016-09,LH,공공분양,전북,0
2016-09,LH,공공분양,전남,0
2016-09,LH,공공분양,경북,0
2016-09,LH,공공분양,경남,0
2016-09,LH,공공분양,제주,0
2016-09,주택업체,소계,전국,2,557
2016-09,주택업체,소계,서울,0
2016-09,주택업체,소계,인천,0
2016-09,주택업체,소계,경기,0
2016-09,주택업체,소계,부산,0
2016-09,주택업체,소계,대구,0
2016-09,주택업체,소계,광주,0
2016-09,주택업체,소계,대전,0
2016-09,주택업체,소계,울산,0
2016-09,주택업체,소계,세종,0
2016-09,주택업체,소계,강원,0
2016-09,주택업체,소계,충북,0
2016-09,주택업체,소계,충남,0
2016-09,주택업체,소계,전북,0
2016-09,주택업체,소계,전남,993
2016-09,주택업체,소계,경북,1,564
2016-09,주택업체,소계,경남,0
2016-09,주택업체,소계,제주,0
2016-09,주택업체,국민임대,전국,0
2016-09,주택업체,국민임대,서울,0
2016-09,주택업체,국민임대,인천,0
2016-09,주택업체,국민임대,경기,0
2016-09,주택업체,국민임대,부산,0
2016-09,주택업체,국민임대,대구,0
2016-09,주택업체,국민임대,광주,0
2016-09,주택업체,국민임대,대전,0
2016-09,주택업체,국민임대,울산,0
2016-09,주택업체,국민임대,세종,0
2016-09,주택업체,국민임대,강원,0
2016-09,주택업체,국민임대,충북,0
2016-09,주택업체,국민임대,충남,0
2016-09,주택업체,국민임대,전북,0
2016-09,주택업체,국민임대,전남,0
2016-09,주택업체,국민임대,경북,0
2016-09,주택업체,국민임대,경남,0
2016-09,주택업체,국민임대,제주,0
2016-09,주택업체,공공임대,전국,1,564
2016-09,주택업체,공공임대,서울,0
2016-09,주택업체,공공임대,인천,0
2016-09,주택업체,공공임대,경기,0
2016-09,주택업체,공공임대,부산,0
2016-09,주택업체,공공임대,대구,0
2016-09,주택업체,공공임대,광주,0
2016-09,주택업체,공공임대,대전,0
2016-09,주택업체,공공임대,울산,0
2016-09,주택업체,공공임대,세종,0
2016-09,주택업체,공공임대,강원,0
2016-09,주택업체,공공임대,충북,0
2016-09,주택업체,공공임대,충남,0
2016-09,주택업체,공공임대,전북,0
2016-09,주택업체,공공임대,전남,0
2016-09,주택업체,공공임대,경북,1,564
2016-09,주택업체,공공임대,경남,0
2016-09,주택업체,공공임대,제주,0
2016-09,주택업체,공공분양,전국,993
2016-09,주택업체,공공분양,서울,0
2016-09,주택업체,공공분양,인천,0
2016-09,주택업체,공공분양,경기,0
2016-09,주택업체,공공분양,부산,0
2016-09,주택업체,공공분양,대구,0
2016-09,주택업체,공공분양,광주,0
2016-09,주택업체,공공분양,대전,0
2016-09,주택업체,공공분양,울산,0
2016-09,주택업체,공공분양,세종,0
2016-09,주택업체,공공분양,강원,0
2016-09,주택업체,공공분양,충북,0
2016-09,주택업체,공공분양,충남,0
2016-09,주택업체,공공분양,전북,0
2016-09,주택업체,공공분양,전남,993
2016-09,주택업체,공공분양,경북,0
2016-09,주택업체,공공분양,경남,0
2016-09,주택업체,공공분양,제주,0
2016-09,민간부문,소계,전국,27,520
2016-09,민간부문,소계,서울,5,348
2016-09,민간부문,소계,인천,670
2016-09,민간부문,소계,경기,7,200
2016-09,민간부문,소계,부산,3,485
2016-09,민간부문,소계,대구,311
2016-09,민간부문,소계,광주,1,202
2016-09,민간부문,소계,대전,277
2016-09,민간부문,소계,울산,566
2016-09,민간부문,소계,세종,243
2016-09,민간부문,소계,강원,489
2016-09,민간부문,소계,충북,579
2016-09,민간부문,소계,충남,1,871
2016-09,민간부문,소계,전북,1,043
2016-09,민간부문,소계,전남,603
2016-09,민간부문,소계,경북,1,107
2016-09,민간부문,소계,경남,1,730
2016-09,민간부문,소계,제주,796
2016-09,민간,민간임대,전국,117
2016-09,민간,민간임대,서울,117
2016-09,민간,민간임대,인천,0
2016-09,민간,민간임대,경기,0
2016-09,민간,민간임대,부산,0
2016-09,민간,민간임대,대구,0
2016-09,민간,민간임대,광주,0
2016-09,민간,민간임대,대전,0
2016-09,민간,민간임대,울산,0
2016-09,민간,민간임대,세종,0
2016-09,민간,민간임대,강원,0
2016-09,민간,민간임대,충북,0
2016-09,민간,민간임대,충남,0
2016-09,민간,민간임대,전북,0
2016-09,민간,민간임대,전남,0
2016-09,민간,민간임대,경북,0
2016-09,민간,민간임대,경남,0
2016-09,민간,민간임대,제주,0
2016-09,민간,민간분양,전국,27,403
2016-09,민간,민간분양,서울,5,231
2016-09,민간,민간분양,인천,670
2016-09,민간,민간분양,경기,7,200
2016-09,민간,민간분양,부산,3,485
2016-09,민간,민간분양,대구,311
2016-09,민간,민간분양,광주,1,202
2016-09,민간,민간분양,대전,277
2016-09,민간,민간분양,울산,566
2016-09,민간,민간분양,세종,243
2016-09,민간,민간분양,강원,489
2016-09,민간,민간분양,충북,579
2016-09,민간,민간분양,충남,1,871
2016-09,민간,민간분양,전북,1,043
2016-09,민간,민간분양,전남,603
2016-09,민간,민간분양,경북,1,107
2016-09,민간,민간분양,경남,1,730
2016-09,민간,민간분양,제주,796
2016-10,총계,총계,전국,41,317
2016-10,총계,총계,서울,3,798
2016-10,총계,총계,인천,1,185
2016-10,총계,총계,경기,14,547
2016-10,총계,총계,부산,1,098
2016-10,총계,총계,대구,2,988
2016-10,총계,총계,광주,126
2016-10,총계,총계,대전,190
2016-10,총계,총계,울산,522
2016-10,총계,총계,세종,50
2016-10,총계,총계,강원,2,869
2016-10,총계,총계,충북,1,654
2016-10,총계,총계,충남,3,989
2016-10,총계,총계,전북,810
2016-10,총계,총계,전남,2,104
2016-10,총계,총계,경북,1,603
2016-10,총계,총계,경남,2,410
2016-10,총계,총계,제주,1,374
2016-10,공공부문,소계,전국,7,800
2016-10,공공부문,소계,서울,0
2016-10,공공부문,소계,인천,0
2016-10,공공부문,소계,경기,4,287
2016-10,공공부문,소계,부산,0
2016-10,공공부문,소계,대구,0
2016-10,공공부문,소계,광주,0
2016-10,공공부문,소계,대전,0
2016-10,공공부문,소계,울산,0
2016-10,공공부문,소계,세종,0
2016-10,공공부문,소계,강원,756
2016-10,공공부문,소계,충북,0
2016-10,공공부문,소계,충남,518
2016-10,공공부문,소계,전북,0
2016-10,공공부문,소계,전남,1,683
2016-10,공공부문,소계,경북,0
2016-10,공공부문,소계,경남,0
2016-10,공공부문,소계,제주,556
2016-10,합,국민임대,전국,1,912
2016-10,합,국민임대,서울,0
2016-10,합,국민임대,인천,0
2016-10,합,국민임대,경기,540
2016-10,합,국민임대,부산,0
2016-10,합,국민임대,대구,0
2016-10,합,국민임대,광주,0
2016-10,합,국민임대,대전,0
2016-10,합,국민임대,울산,0
2016-10,합,국민임대,세종,0
2016-10,합,국민임대,강원,0
2016-10,합,국민임대,충북,0
2016-10,합,국민임대,충남,356
2016-10,합,국민임대,전북,0
2016-10,합,국민임대,전남,460
2016-10,합,국민임대,경북,0
2016-10,합,국민임대,경남,0
2016-10,합,국민임대,제주,556
2016-10,합,공공임대,전국,3,778
2016-10,합,공공임대,서울,0
2016-10,합,공공임대,인천,0
2016-10,합,공공임대,경기,2,358
2016-10,합,공공임대,부산,0
2016-10,합,공공임대,대구,0
2016-10,합,공공임대,광주,0
2016-10,합,공공임대,대전,0
2016-10,합,공공임대,울산,0
2016-10,합,공공임대,세종,0
2016-10,합,공공임대,강원,756
2016-10,합,공공임대,충북,0
2016-10,합,공공임대,충남,162
2016-10,합,공공임대,전북,0
2016-10,합,공공임대,전남,502
2016-10,합,공공임대,경북,0
2016-10,합,공공임대,경남,0
2016-10,합,공공임대,제주,0
2016-10,합,공공분양,전국,2,110
2016-10,합,공공분양,서울,0
2016-10,합,공공분양,인천,0
2016-10,합,공공분양,경기,1,389
2016-10,합,공공분양,부산,0
2016-10,합,공공분양,대구,0
2016-10,합,공공분양,광주,0
2016-10,합,공공분양,대전,0
2016-10,합,공공분양,울산,0
2016-10,합,공공분양,세종,0
2016-10,합,공공분양,강원,0
2016-10,합,공공분양,충북,0
2016-10,합,공공분양,충남,0
2016-10,합,공공분양,전북,0
2016-10,합,공공분양,전남,721
2016-10,합,공공분양,경북,0
2016-10,합,공공분양,경남,0
2016-10,합,공공분양,제주,0
2016-10,지자체,소계,전국,0
2016-10,지자체,소계,서울,0
2016-10,지자체,소계,인천,0
2016-10,지자체,소계,경기,0
2016-10,지자체,소계,부산,0
2016-10,지자체,소계,대구,0
2016-10,지자체,소계,광주,0
2016-10,지자체,소계,대전,0
2016-10,지자체,소계,울산,0
2016-10,지자체,소계,세종,0
2016-10,지자체,소계,강원,0
2016-10,지자체,소계,충북,0
2016-10,지자체,소계,충남,0
2016-10,지자체,소계,전북,0
2016-10,지자체,소계,전남,0
2016-10,지자체,소계,경북,0
2016-10,지자체,소계,경남,0
2016-10,지자체,소계,제주,0
2016-10,지자체,국민임대,전국,0
2016-10,지자체,국민임대,서울,0
2016-10,지자체,국민임대,인천,0
2016-10,지자체,국민임대,경기,0
2016-10,지자체,국민임대,부산,0
2016-10,지자체,국민임대,대구,0
2016-10,지자체,국민임대,광주,0
2016-10,지자체,국민임대,대전,0
2016-10,지자체,국민임대,울산,0
2016-10,지자체,국민임대,세종,0
2016-10,지자체,국민임대,강원,0
2016-10,지자체,국민임대,충북,0
2016-10,지자체,국민임대,충남,0
2016-10,지자체,국민임대,전북,0
2016-10,지자체,국민임대,전남,0
2016-10,지자체,국민임대,경북,0
2016-10,지자체,국민임대,경남,0
2016-10,지자체,국민임대,제주,0
2016-10,지자체,공공임대,전국,0
2016-10,지자체,공공임대,서울,0
2016-10,지자체,공공임대,인천,0
2016-10,지자체,공공임대,경기,0
2016-10,지자체,공공임대,부산,0
2016-10,지자체,공공임대,대구,0
2016-10,지자체,공공임대,광주,0
2016-10,지자체,공공임대,대전,0
2016-10,지자체,공공임대,울산,0
2016-10,지자체,공공임대,세종,0
2016-10,지자체,공공임대,강원,0
2016-10,지자체,공공임대,충북,0
2016-10,지자체,공공임대,충남,0
2016-10,지자체,공공임대,전북,0
2016-10,지자체,공공임대,전남,0
2016-10,지자체,공공임대,경북,0
2016-10,지자체,공공임대,경남,0
2016-10,지자체,공공임대,제주,0
2016-10,지자체,공공분양,전국,0
2016-10,지자체,공공분양,서울,0
2016-10,지자체,공공분양,인천,0
2016-10,지자체,공공분양,경기,0
2016-10,지자체,공공분양,부산,0
2016-10,지자체,공공분양,대구,0
2016-10,지자체,공공분양,광주,0
2016-10,지자체,공공분양,대전,0
2016-10,지자체,공공분양,울산,0
2016-10,지자체,공공분양,세종,0
2016-10,지자체,공공분양,강원,0
2016-10,지자체,공공분양,충북,0
2016-10,지자체,공공분양,충남,0
2016-10,지자체,공공분양,전북,0
2016-10,지자체,공공분양,전남,0
2016-10,지자체,공공분양,경북,0
2016-10,지자체,공공분양,경남,0
2016-10,지자체,공공분양,제주,0
2016-10,LH,소계,전국,5,783
2016-10,LH,소계,서울,0
2016-10,LH,소계,인천,0
2016-10,LH,소계,경기,3,373
2016-10,LH,소계,부산,0
2016-10,LH,소계,대구,0
2016-10,LH,소계,광주,0
2016-10,LH,소계,대전,0
2016-10,LH,소계,울산,0
2016-10,LH,소계,세종,0
2016-10,LH,소계,강원,756
2016-10,LH,소계,충북,0
2016-10,LH,소계,충남,518
2016-10,LH,소계,전북,0
2016-10,LH,소계,전남,580
2016-10,LH,소계,경북,0
2016-10,LH,소계,경남,0
2016-10,LH,소계,제주,556
2016-10,LH,국민임대,전국,1,912
2016-10,LH,국민임대,서울,0
2016-10,LH,국민임대,인천,0
2016-10,LH,국민임대,경기,540
2016-10,LH,국민임대,부산,0
2016-10,LH,국민임대,대구,0
2016-10,LH,국민임대,광주,0
2016-10,LH,국민임대,대전,0
2016-10,LH,국민임대,울산,0
2016-10,LH,국민임대,세종,0
2016-10,LH,국민임대,강원,0
2016-10,LH,국민임대,충북,0
2016-10,LH,국민임대,충남,356
2016-10,LH,국민임대,전북,0
2016-10,LH,국민임대,전남,460
2016-10,LH,국민임대,경북,0
2016-10,LH,국민임대,경남,0
2016-10,LH,국민임대,제주,556
2016-10,LH,공공임대,전국,2,482
2016-10,LH,공공임대,서울,0
2016-10,LH,공공임대,인천,0
2016-10,LH,공공임대,경기,1,444
2016-10,LH,공공임대,부산,0
2016-10,LH,공공임대,대구,0
2016-10,LH,공공임대,광주,0
2016-10,LH,공공임대,대전,0
2016-10,LH,공공임대,울산,0
2016-10,LH,공공임대,세종,0
2016-10,LH,공공임대,강원,756
2016-10,LH,공공임대,충북,0
2016-10,LH,공공임대,충남,162
2016-10,LH,공공임대,전북,0
2016-10,LH,공공임대,전남,120
2016-10,LH,공공임대,경북,0
2016-10,LH,공공임대,경남,0
2016-10,LH,공공임대,제주,0
2016-10,LH,공공분양,전국,1,389
2016-10,LH,공공분양,서울,0
2016-10,LH,공공분양,인천,0
2016-10,LH,공공분양,경기,1,389
2016-10,LH,공공분양,부산,0
2016-10,LH,공공분양,대구,0
2016-10,LH,공공분양,광주,0
2016-10,LH,공공분양,대전,0
2016-10,LH,공공분양,울산,0
2016-10,LH,공공분양,세종,0
2016-10,LH,공공분양,강원,0
2016-10,LH,공공분양,충북,0
2016-10,LH,공공분양,충남,0
2016-10,LH,공공분양,전북,0
2016-10,LH,공공분양,전남,0
2016-10,LH,공공분양,경북,0
2016-10,LH,공공분양,경남,0
2016-10,LH,공공분양,제주,0
2016-10,주택업체,소계,전국,2,017
2016-10,주택업체,소계,서울,0
2016-10,주택업체,소계,인천,0
2016-10,주택업체,소계,경기,914
2016-10,주택업체,소계,부산,0
2016-10,주택업체,소계,대구,0
2016-10,주택업체,소계,광주,0
2016-10,주택업체,소계,대전,0
2016-10,주택업체,소계,울산,0
2016-10,주택업체,소계,세종,0
2016-10,주택업체,소계,강원,0
2016-10,주택업체,소계,충북,0
2016-10,주택업체,소계,충남,0
2016-10,주택업체,소계,전북,0
2016-10,주택업체,소계,전남,1,103
2016-10,주택업체,소계,경북,0
2016-10,주택업체,소계,경남,0
2016-10,주택업체,소계,제주,0
2016-10,주택업체,국민임대,전국,0
2016-10,주택업체,국민임대,서울,0
2016-10,주택업체,국민임대,인천,0
2016-10,주택업체,국민임대,경기,0
2016-10,주택업체,국민임대,부산,0
2016-10,주택업체,국민임대,대구,0
2016-10,주택업체,국민임대,광주,0
2016-10,주택업체,국민임대,대전,0
2016-10,주택업체,국민임대,울산,0
2016-10,주택업체,국민임대,세종,0
2016-10,주택업체,국민임대,강원,0
2016-10,주택업체,국민임대,충북,0
2016-10,주택업체,국민임대,충남,0
2016-10,주택업체,국민임대,전북,0
2016-10,주택업체,국민임대,전남,0
2016-10,주택업체,국민임대,경북,0
2016-10,주택업체,국민임대,경남,0
2016-10,주택업체,국민임대,제주,0
2016-10,주택업체,공공임대,전국,1,296
2016-10,주택업체,공공임대,서울,0
2016-10,주택업체,공공임대,인천,0
2016-10,주택업체,공공임대,경기,914
2016-10,주택업체,공공임대,부산,0
2016-10,주택업체,공공임대,대구,0
2016-10,주택업체,공공임대,광주,0
2016-10,주택업체,공공임대,대전,0
2016-10,주택업체,공공임대,울산,0
2016-10,주택업체,공공임대,세종,0
2016-10,주택업체,공공임대,강원,0
2016-10,주택업체,공공임대,충북,0
2016-10,주택업체,공공임대,충남,0
2016-10,주택업체,공공임대,전북,0
2016-10,주택업체,공공임대,전남,382
2016-10,주택업체,공공임대,경북,0
2016-10,주택업체,공공임대,경남,0
2016-10,주택업체,공공임대,제주,0
2016-10,주택업체,공공분양,전국,721
2016-10,주택업체,공공분양,서울,0
2016-10,주택업체,공공분양,인천,0
2016-10,주택업체,공공분양,경기,0
2016-10,주택업체,공공분양,부산,0
2016-10,주택업체,공공분양,대구,0
2016-10,주택업체,공공분양,광주,0
2016-10,주택업체,공공분양,대전,0
2016-10,주택업체,공공분양,울산,0
2016-10,주택업체,공공분양,세종,0
2016-10,주택업체,공공분양,강원,0
2016-10,주택업체,공공분양,충북,0
2016-10,주택업체,공공분양,충남,0
2016-10,주택업체,공공분양,전북,0
2016-10,주택업체,공공분양,전남,721
2016-10,주택업체,공공분양,경북,0
2016-10,주택업체,공공분양,경남,0
2016-10,주택업체,공공분양,제주,0
2016-10,민간부문,소계,전국,33,517
2016-10,민간부문,소계,서울,3,798
2016-10,민간부문,소계,인천,1,185
2016-10,민간부문,소계,경기,10,260
2016-10,민간부문,소계,부산,1,098
2016-10,민간부문,소계,대구,2,988
2016-10,민간부문,소계,광주,126
2016-10,민간부문,소계,대전,190
2016-10,민간부문,소계,울산,522
2016-10,민간부문,소계,세종,50
2016-10,민간부문,소계,강원,2,113
2016-10,민간부문,소계,충북,1,654
2016-10,민간부문,소계,충남,3,471
2016-10,민간부문,소계,전북,810
2016-10,민간부문,소계,전남,421
2016-10,민간부문,소계,경북,1,603
2016-10,민간부문,소계,경남,2,410
2016-10,민간부문,소계,제주,818
2016-10,민간,민간임대,전국,0
2016-10,민간,민간임대,서울,0
2016-10,민간,민간임대,인천,0
2016-10,민간,민간임대,경기,0
2016-10,민간,민간임대,부산,0
2016-10,민간,민간임대,대구,0
2016-10,민간,민간임대,광주,0
2016-10,민간,민간임대,대전,0
2016-10,민간,민간임대,울산,0
2016-10,민간,민간임대,세종,0
2016-10,민간,민간임대,강원,0
2016-10,민간,민간임대,충북,0
2016-10,민간,민간임대,충남,0
2016-10,민간,민간임대,전북,0
2016-10,민간,민간임대,전남,0
2016-10,민간,민간임대,경북,0
2016-10,민간,민간임대,경남,0
2016-10,민간,민간임대,제주,0
2016-10,민간,민간분양,전국,33,517
2016-10,민간,민간분양,서울,3,798
2016-10,민간,민간분양,인천,1,185
2016-10,민간,민간분양,경기,10,260
2016-10,민간,민간분양,부산,1,098
2016-10,민간,민간분양,대구,2,988
2016-10,민간,민간분양,광주,126
2016-10,민간,민간분양,대전,190
2016-10,민간,민간분양,울산,522
2016-10,민간,민간분양,세종,50
2016-10,민간,민간분양,강원,2,113
2016-10,민간,민간분양,충북,1,654
2016-10,민간,민간분양,충남,3,471
2016-10,민간,민간분양,전북,810
2016-10,민간,민간분양,전남,421
2016-10,민간,민간분양,경북,1,603
2016-10,민간,민간분양,경남,2,410
2016-10,민간,민간분양,제주,818
2016-11,총계,총계,전국,46,447
2016-11,총계,총계,서울,7,968
2016-11,총계,총계,인천,1,022
2016-11,총계,총계,경기,14,685
2016-11,총계,총계,부산,1,934
2016-11,총계,총계,대구,2,201
2016-11,총계,총계,광주,867
2016-11,총계,총계,대전,631
2016-11,총계,총계,울산,221
2016-11,총계,총계,세종,493
2016-11,총계,총계,강원,1,717
2016-11,총계,총계,충북,2,731
2016-11,총계,총계,충남,1,953
2016-11,총계,총계,전북,1,558
2016-11,총계,총계,전남,1,025
2016-11,총계,총계,경북,2,154
2016-11,총계,총계,경남,3,956
2016-11,총계,총계,제주,1,331
2016-11,공공부문,소계,전국,8,125
2016-11,공공부문,소계,서울,48
2016-11,공공부문,소계,인천,0
2016-11,공공부문,소계,경기,3,436
2016-11,공공부문,소계,부산,900
2016-11,공공부문,소계,대구,1,252
2016-11,공공부문,소계,광주,0
2016-11,공공부문,소계,대전,0
2016-11,공공부문,소계,울산,0
2016-11,공공부문,소계,세종,310
2016-11,공공부문,소계,강원,0
2016-11,공공부문,소계,충북,295
2016-11,공공부문,소계,충남,0
2016-11,공공부문,소계,전북,0
2016-11,공공부문,소계,전남,0
2016-11,공공부문,소계,경북,938
2016-11,공공부문,소계,경남,946
2016-11,공공부문,소계,제주,0
2016-11,합,국민임대,전국,3,616
2016-11,합,국민임대,서울,0
2016-11,합,국민임대,인천,0
2016-11,합,국민임대,경기,1,426
2016-11,합,국민임대,부산,0
2016-11,합,국민임대,대구,1,252
2016-11,합,국민임대,광주,0
2016-11,합,국민임대,대전,0
2016-11,합,국민임대,울산,0
2016-11,합,국민임대,세종,0
2016-11,합,국민임대,강원,0
2016-11,합,국민임대,충북,0
2016-11,합,국민임대,충남,0
2016-11,합,국민임대,전북,0
2016-11,합,국민임대,전남,0
2016-11,합,국민임대,경북,938
2016-11,합,국민임대,경남,0
2016-11,합,국민임대,제주,0
2016-11,합,공공임대,전국,3,039
2016-11,합,공공임대,서울,48
2016-11,합,공공임대,인천,0
2016-11,합,공공임대,경기,1,440
2016-11,합,공공임대,부산,0
2016-11,합,공공임대,대구,0
2016-11,합,공공임대,광주,0
2016-11,합,공공임대,대전,0
2016-11,합,공공임대,울산,0
2016-11,합,공공임대,세종,310
2016-11,합,공공임대,강원,0
2016-11,합,공공임대,충북,295
2016-11,합,공공임대,충남,0
2016-11,합,공공임대,전북,0
2016-11,합,공공임대,전남,0
2016-11,합,공공임대,경북,0
2016-11,합,공공임대,경남,946
2016-11,합,공공임대,제주,0
2016-11,합,공공분양,전국,1,470
2016-11,합,공공분양,서울,0
2016-11,합,공공분양,인천,0
2016-11,합,공공분양,경기,570
2016-11,합,공공분양,부산,900
2016-11,합,공공분양,대구,0
2016-11,합,공공분양,광주,0
2016-11,합,공공분양,대전,0
2016-11,합,공공분양,울산,0
2016-11,합,공공분양,세종,0
2016-11,합,공공분양,강원,0
2016-11,합,공공분양,충북,0
2016-11,합,공공분양,충남,0
2016-11,합,공공분양,전북,0
2016-11,합,공공분양,전남,0
2016-11,합,공공분양,경북,0
2016-11,합,공공분양,경남,0
2016-11,합,공공분양,제주,0
2016-11,지자체,소계,전국,48
2016-11,지자체,소계,서울,48
2016-11,지자체,소계,인천,0
2016-11,지자체,소계,경기,0
2016-11,지자체,소계,부산,0
2016-11,지자체,소계,대구,0
2016-11,지자체,소계,광주,0
2016-11,지자체,소계,대전,0
2016-11,지자체,소계,울산,0
2016-11,지자체,소계,세종,0
2016-11,지자체,소계,강원,0
2016-11,지자체,소계,충북,0
2016-11,지자체,소계,충남,0
2016-11,지자체,소계,전북,0
2016-11,지자체,소계,전남,0
2016-11,지자체,소계,경북,0
2016-11,지자체,소계,경남,0
2016-11,지자체,소계,제주,0
2016-11,지자체,국민임대,전국,0
2016-11,지자체,국민임대,서울,0
2016-11,지자체,국민임대,인천,0
2016-11,지자체,국민임대,경기,0
2016-11,지자체,국민임대,부산,0
2016-11,지자체,국민임대,대구,0
2016-11,지자체,국민임대,광주,0
2016-11,지자체,국민임대,대전,0
2016-11,지자체,국민임대,울산,0
2016-11,지자체,국민임대,세종,0
2016-11,지자체,국민임대,강원,0
2016-11,지자체,국민임대,충북,0
2016-11,지자체,국민임대,충남,0
2016-11,지자체,국민임대,전북,0
2016-11,지자체,국민임대,전남,0
2016-11,지자체,국민임대,경북,0
2016-11,지자체,국민임대,경남,0
2016-11,지자체,국민임대,제주,0
2016-11,지자체,공공임대,전국,48
2016-11,지자체,공공임대,서울,48
2016-11,지자체,공공임대,인천,0
2016-11,지자체,공공임대,경기,0
2016-11,지자체,공공임대,부산,0
2016-11,지자체,공공임대,대구,0
2016-11,지자체,공공임대,광주,0
2016-11,지자체,공공임대,대전,0
2016-11,지자체,공공임대,울산,0
2016-11,지자체,공공임대,세종,0
2016-11,지자체,공공임대,강원,0
2016-11,지자체,공공임대,충북,0
2016-11,지자체,공공임대,충남,0
2016-11,지자체,공공임대,전북,0
2016-11,지자체,공공임대,전남,0
2016-11,지자체,공공임대,경북,0
2016-11,지자체,공공임대,경남,0
2016-11,지자체,공공임대,제주,0
2016-11,지자체,공공분양,전국,0
2016-11,지자체,공공분양,서울,0
2016-11,지자체,공공분양,인천,0
2016-11,지자체,공공분양,경기,0
2016-11,지자체,공공분양,부산,0
2016-11,지자체,공공분양,대구,0
2016-11,지자체,공공분양,광주,0
2016-11,지자체,공공분양,대전,0
2016-11,지자체,공공분양,울산,0
2016-11,지자체,공공분양,세종,0
2016-11,지자체,공공분양,강원,0
2016-11,지자체,공공분양,충북,0
2016-11,지자체,공공분양,충남,0
2016-11,지자체,공공분양,전북,0
2016-11,지자체,공공분양,전남,0
2016-11,지자체,공공분양,경북,0
2016-11,지자체,공공분양,경남,0
2016-11,지자체,공공분양,제주,0
2016-11,LH,소계,전국,6,821
2016-11,LH,소계,서울,0
2016-11,LH,소계,인천,0
2016-11,LH,소계,경기,3,436
2016-11,LH,소계,부산,900
2016-11,LH,소계,대구,1,252
2016-11,LH,소계,광주,0
2016-11,LH,소계,대전,0
2016-11,LH,소계,울산,0
2016-11,LH,소계,세종,0
2016-11,LH,소계,강원,0
2016-11,LH,소계,충북,295
2016-11,LH,소계,충남,0
2016-11,LH,소계,전북,0
2016-11,LH,소계,전남,0
2016-11,LH,소계,경북,938
2016-11,LH,소계,경남,0
2016-11,LH,소계,제주,0
2016-11,LH,국민임대,전국,3,616
2016-11,LH,국민임대,서울,0
2016-11,LH,국민임대,인천,0
2016-11,LH,국민임대,경기,1,426
2016-11,LH,국민임대,부산,0
2016-11,LH,국민임대,대구,1,252
2016-11,LH,국민임대,광주,0
2016-11,LH,국민임대,대전,0
2016-11,LH,국민임대,울산,0
2016-11,LH,국민임대,세종,0
2016-11,LH,국민임대,강원,0
2016-11,LH,국민임대,충북,0
2016-11,LH,국민임대,충남,0
2016-11,LH,국민임대,전북,0
2016-11,LH,국민임대,전남,0
2016-11,LH,국민임대,경북,938
2016-11,LH,국민임대,경남,0
2016-11,LH,국민임대,제주,0
2016-11,LH,공공임대,전국,1,735
2016-11,LH,공공임대,서울,0
2016-11,LH,공공임대,인천,0
2016-11,LH,공공임대,경기,1,440
2016-11,LH,공공임대,부산,0
2016-11,LH,공공임대,대구,0
2016-11,LH,공공임대,광주,0
2016-11,LH,공공임대,대전,0
2016-11,LH,공공임대,울산,0
2016-11,LH,공공임대,세종,0
2016-11,LH,공공임대,강원,0
2016-11,LH,공공임대,충북,295
2016-11,LH,공공임대,충남,0
2016-11,LH,공공임대,전북,0
2016-11,LH,공공임대,전남,0
2016-11,LH,공공임대,경북,0
2016-11,LH,공공임대,경남,0
2016-11,LH,공공임대,제주,0
2016-11,LH,공공분양,전국,1,470
2016-11,LH,공공분양,서울,0
2016-11,LH,공공분양,인천,0
2016-11,LH,공공분양,경기,570
2016-11,LH,공공분양,부산,900
2016-11,LH,공공분양,대구,0
2016-11,LH,공공분양,광주,0
2016-11,LH,공공분양,대전,0
2016-11,LH,공공분양,울산,0
2016-11,LH,공공분양,세종,0
2016-11,LH,공공분양,강원,0
2016-11,LH,공공분양,충북,0
2016-11,LH,공공분양,충남,0
2016-11,LH,공공분양,전북,0
2016-11,LH,공공분양,전남,0
2016-11,LH,공공분양,경북,0
2016-11,LH,공공분양,경남,0
2016-11,LH,공공분양,제주,0
2016-11,주택업체,소계,전국,1,256
2016-11,주택업체,소계,서울,0
2016-11,주택업체,소계,인천,0
2016-11,주택업체,소계,경기,0
2016-11,주택업체,소계,부산,0
2016-11,주택업체,소계,대구,0
2016-11,주택업체,소계,광주,0
2016-11,주택업체,소계,대전,0
2016-11,주택업체,소계,울산,0
2016-11,주택업체,소계,세종,310
2016-11,주택업체,소계,강원,0
2016-11,주택업체,소계,충북,0
2016-11,주택업체,소계,충남,0
2016-11,주택업체,소계,전북,0
2016-11,주택업체,소계,전남,0
2016-11,주택업체,소계,경북,0
2016-11,주택업체,소계,경남,946
2016-11,주택업체,소계,제주,0
2016-11,주택업체,국민임대,전국,0
2016-11,주택업체,국민임대,서울,0
2016-11,주택업체,국민임대,인천,0
2016-11,주택업체,국민임대,경기,0
2016-11,주택업체,국민임대,부산,0
2016-11,주택업체,국민임대,대구,0
2016-11,주택업체,국민임대,광주,0
2016-11,주택업체,국민임대,대전,0
2016-11,주택업체,국민임대,울산,0
2016-11,주택업체,국민임대,세종,0
2016-11,주택업체,국민임대,강원,0
2016-11,주택업체,국민임대,충북,0
2016-11,주택업체,국민임대,충남,0
2016-11,주택업체,국민임대,전북,0
2016-11,주택업체,국민임대,전남,0
2016-11,주택업체,국민임대,경북,0
2016-11,주택업체,국민임대,경남,0
2016-11,주택업체,국민임대,제주,0
2016-11,주택업체,공공임대,전국,1,256
2016-11,주택업체,공공임대,서울,0
2016-11,주택업체,공공임대,인천,0
2016-11,주택업체,공공임대,경기,0
2016-11,주택업체,공공임대,부산,0
2016-11,주택업체,공공임대,대구,0
2016-11,주택업체,공공임대,광주,0
2016-11,주택업체,공공임대,대전,0
2016-11,주택업체,공공임대,울산,0
2016-11,주택업체,공공임대,세종,310
2016-11,주택업체,공공임대,강원,0
2016-11,주택업체,공공임대,충북,0
2016-11,주택업체,공공임대,충남,0
2016-11,주택업체,공공임대,전북,0
2016-11,주택업체,공공임대,전남,0
2016-11,주택업체,공공임대,경북,0
2016-11,주택업체,공공임대,경남,946
2016-11,주택업체,공공임대,제주,0
2016-11,주택업체,공공분양,전국,0
2016-11,주택업체,공공분양,서울,0
2016-11,주택업체,공공분양,인천,0
2016-11,주택업체,공공분양,경기,0
2016-11,주택업체,공공분양,부산,0
2016-11,주택업체,공공분양,대구,0
2016-11,주택업체,공공분양,광주,0
2016-11,주택업체,공공분양,대전,0
2016-11,주택업체,공공분양,울산,0
2016-11,주택업체,공공분양,세종,0
2016-11,주택업체,공공분양,강원,0
2016-11,주택업체,공공분양,충북,0
2016-11,주택업체,공공분양,충남,0
2016-11,주택업체,공공분양,전북,0
2016-11,주택업체,공공분양,전남,0
2016-11,주택업체,공공분양,경북,0
2016-11,주택업체,공공분양,경남,0
2016-11,주택업체,공공분양,제주,0
2016-11,민간부문,소계,전국,38,322
2016-11,민간부문,소계,서울,7,920
2016-11,민간부문,소계,인천,1,022
2016-11,민간부문,소계,경기,11,249
2016-11,민간부문,소계,부산,1,034
2016-11,민간부문,소계,대구,949
2016-11,민간부문,소계,광주,867
2016-11,민간부문,소계,대전,631
2016-11,민간부문,소계,울산,221
2016-11,민간부문,소계,세종,183
2016-11,민간부문,소계,강원,1,717
2016-11,민간부문,소계,충북,2,436
2016-11,민간부문,소계,충남,1,953
2016-11,민간부문,소계,전북,1,558
2016-11,민간부문,소계,전남,1,025
2016-11,민간부문,소계,경북,1,216
2016-11,민간부문,소계,경남,3,010
2016-11,민간부문,소계,제주,1,331
2016-11,민간,민간임대,전국,105
2016-11,민간,민간임대,서울,0
2016-11,민간,민간임대,인천,0
2016-11,민간,민간임대,경기,0
2016-11,민간,민간임대,부산,0
2016-11,민간,민간임대,대구,0
2016-11,민간,민간임대,광주,0
2016-11,민간,민간임대,대전,0
2016-11,민간,민간임대,울산,0
2016-11,민간,민간임대,세종,0
2016-11,민간,민간임대,강원,105
2016-11,민간,민간임대,충북,0
2016-11,민간,민간임대,충남,0
2016-11,민간,민간임대,전북,0
2016-11,민간,민간임대,전남,0
2016-11,민간,민간임대,경북,0
2016-11,민간,민간임대,경남,0
2016-11,민간,민간임대,제주,0
2016-11,민간,민간분양,전국,38,217
2016-11,민간,민간분양,서울,7,920
2016-11,민간,민간분양,인천,1,022
2016-11,민간,민간분양,경기,11,249
2016-11,민간,민간분양,부산,1,034
2016-11,민간,민간분양,대구,949
2016-11,민간,민간분양,광주,867
2016-11,민간,민간분양,대전,631
2016-11,민간,민간분양,울산,221
2016-11,민간,민간분양,세종,183
2016-11,민간,민간분양,강원,1,612
2016-11,민간,민간분양,충북,2,436
2016-11,민간,민간분양,충남,1,953
2016-11,민간,민간분양,전북,1,558
2016-11,민간,민간분양,전남,1,025
2016-11,민간,민간분양,경북,1,216
2016-11,민간,민간분양,경남,3,010
2016-11,민간,민간분양,제주,1,331
2016-12,총계,총계,전국,59,656
2016-12,총계,총계,서울,14,660
2016-12,총계,총계,인천,1,935
2016-12,총계,총계,경기,14,074
2016-12,총계,총계,부산,2,357
2016-12,총계,총계,대구,3,857
2016-12,총계,총계,광주,1,465
2016-12,총계,총계,대전,455
2016-12,총계,총계,울산,1,181
2016-12,총계,총계,세종,705
2016-12,총계,총계,강원,1,352
2016-12,총계,총계,충북,2,300
2016-12,총계,총계,충남,3,671
2016-12,총계,총계,전북,1,012
2016-12,총계,총계,전남,2,182
2016-12,총계,총계,경북,3,843
2016-12,총계,총계,경남,2,989
2016-12,총계,총계,제주,1,618
2016-12,공공부문,소계,전국,5,863
2016-12,공공부문,소계,서울,362
2016-12,공공부문,소계,인천,208
2016-12,공공부문,소계,경기,872
2016-12,공공부문,소계,부산,0
2016-12,공공부문,소계,대구,2,108
2016-12,공공부문,소계,광주,76
2016-12,공공부문,소계,대전,0
2016-12,공공부문,소계,울산,0
2016-12,공공부문,소계,세종,0
2016-12,공공부문,소계,강원,0
2016-12,공공부문,소계,충북,0
2016-12,공공부문,소계,충남,938
2016-12,공공부문,소계,전북,0
2016-12,공공부문,소계,전남,1,299
2016-12,공공부문,소계,경북,0
2016-12,공공부문,소계,경남,0
2016-12,공공부문,소계,제주,0
2016-12,합,국민임대,전국,0
2016-12,합,국민임대,서울,0
2016-12,합,국민임대,인천,0
2016-12,합,국민임대,경기,0
2016-12,합,국민임대,부산,0
2016-12,합,국민임대,대구,0
2016-12,합,국민임대,광주,0
2016-12,합,국민임대,대전,0
2016-12,합,국민임대,울산,0
2016-12,합,국민임대,세종,0
2016-12,합,국민임대,강원,0
2016-12,합,국민임대,충북,0
2016-12,합,국민임대,충남,0
2016-12,합,국민임대,전북,0
2016-12,합,국민임대,전남,0
2016-12,합,국민임대,경북,0
2016-12,합,국민임대,경남,0
2016-12,합,국민임대,제주,0
2016-12,합,공공임대,전국,5,863
2016-12,합,공공임대,서울,362
2016-12,합,공공임대,인천,208
2016-12,합,공공임대,경기,872
2016-12,합,공공임대,부산,0
2016-12,합,공공임대,대구,2,108
2016-12,합,공공임대,광주,76
2016-12,합,공공임대,대전,0
2016-12,합,공공임대,울산,0
2016-12,합,공공임대,세종,0
2016-12,합,공공임대,강원,0
2016-12,합,공공임대,충북,0
2016-12,합,공공임대,충남,938
2016-12,합,공공임대,전북,0
2016-12,합,공공임대,전남,1,299
2016-12,합,공공임대,경북,0
2016-12,합,공공임대,경남,0
2016-12,합,공공임대,제주,0
2016-12,합,공공분양,전국,0
2016-12,합,공공분양,서울,0
2016-12,합,공공분양,인천,0
2016-12,합,공공분양,경기,0
2016-12,합,공공분양,부산,0
2016-12,합,공공분양,대구,0
2016-12,합,공공분양,광주,0
2016-12,합,공공분양,대전,0
2016-12,합,공공분양,울산,0
2016-12,합,공공분양,세종,0
2016-12,합,공공분양,강원,0
2016-12,합,공공분양,충북,0
2016-12,합,공공분양,충남,0
2016-12,합,공공분양,전북,0
2016-12,합,공공분양,전남,0
2016-12,합,공공분양,경북,0
2016-12,합,공공분양,경남,0
2016-12,합,공공분양,제주,0
2016-12,지자체,소계,전국,0
2016-12,지자체,소계,서울,0
2016-12,지자체,소계,인천,0
2016-12,지자체,소계,경기,0
2016-12,지자체,소계,부산,0
2016-12,지자체,소계,대구,0
2016-12,지자체,소계,광주,0
2016-12,지자체,소계,대전,0
2016-12,지자체,소계,울산,0
2016-12,지자체,소계,세종,0
2016-12,지자체,소계,강원,0
2016-12,지자체,소계,충북,0
2016-12,지자체,소계,충남,0
2016-12,지자체,소계,전북,0
2016-12,지자체,소계,전남,0
2016-12,지자체,소계,경북,0
2016-12,지자체,소계,경남,0
2016-12,지자체,소계,제주,0
2016-12,지자체,국민임대,전국,0
2016-12,지자체,국민임대,서울,0
2016-12,지자체,국민임대,인천,0
2016-12,지자체,국민임대,경기,0
2016-12,지자체,국민임대,부산,0
2016-12,지자체,국민임대,대구,0
2016-12,지자체,국민임대,광주,0
2016-12,지자체,국민임대,대전,0
2016-12,지자체,국민임대,울산,0
2016-12,지자체,국민임대,세종,0
2016-12,지자체,국민임대,강원,0
2016-12,지자체,국민임대,충북,0
2016-12,지자체,국민임대,충남,0
2016-12,지자체,국민임대,전북,0
2016-12,지자체,국민임대,전남,0
2016-12,지자체,국민임대,경북,0
2016-12,지자체,국민임대,경남,0
2016-12,지자체,국민임대,제주,0
2016-12,지자체,공공임대,전국,0
2016-12,지자체,공공임대,서울,0
2016-12,지자체,공공임대,인천,0
2016-12,지자체,공공임대,경기,0
2016-12,지자체,공공임대,부산,0
2016-12,지자체,공공임대,대구,0
2016-12,지자체,공공임대,광주,0
2016-12,지자체,공공임대,대전,0
2016-12,지자체,공공임대,울산,0
2016-12,지자체,공공임대,세종,0
2016-12,지자체,공공임대,강원,0
2016-12,지자체,공공임대,충북,0
2016-12,지자체,공공임대,충남,0
2016-12,지자체,공공임대,전북,0
2016-12,지자체,공공임대,전남,0
2016-12,지자체,공공임대,경북,0
2016-12,지자체,공공임대,경남,0
2016-12,지자체,공공임대,제주,0
2016-12,지자체,공공분양,전국,0
2016-12,지자체,공공분양,서울,0
2016-12,지자체,공공분양,인천,0
2016-12,지자체,공공분양,경기,0
2016-12,지자체,공공분양,부산,0
2016-12,지자체,공공분양,대구,0
2016-12,지자체,공공분양,광주,0
2016-12,지자체,공공분양,대전,0
2016-12,지자체,공공분양,울산,0
2016-12,지자체,공공분양,세종,0
2016-12,지자체,공공분양,강원,0
2016-12,지자체,공공분양,충북,0
2016-12,지자체,공공분양,충남,0
2016-12,지자체,공공분양,전북,0
2016-12,지자체,공공분양,전남,0
2016-12,지자체,공공분양,경북,0
2016-12,지자체,공공분양,경남,0
2016-12,지자체,공공분양,제주,0
2016-12,LH,소계,전국,3,550
2016-12,LH,소계,서울,362
2016-12,LH,소계,인천,208
2016-12,LH,소계,경기,872
2016-12,LH,소계,부산,0
2016-12,LH,소계,대구,2,108
2016-12,LH,소계,광주,0
2016-12,LH,소계,대전,0
2016-12,LH,소계,울산,0
2016-12,LH,소계,세종,0
2016-12,LH,소계,강원,0
2016-12,LH,소계,충북,0
2016-12,LH,소계,충남,0
2016-12,LH,소계,전북,0
2016-12,LH,소계,전남,0
2016-12,LH,소계,경북,0
2016-12,LH,소계,경남,0
2016-12,LH,소계,제주,0
2016-12,LH,국민임대,전국,0
2016-12,LH,국민임대,서울,0
2016-12,LH,국민임대,인천,0
2016-12,LH,국민임대,경기,0
2016-12,LH,국민임대,부산,0
2016-12,LH,국민임대,대구,0
2016-12,LH,국민임대,광주,0
2016-12,LH,국민임대,대전,0
2016-12,LH,국민임대,울산,0
2016-12,LH,국민임대,세종,0
2016-12,LH,국민임대,강원,0
2016-12,LH,국민임대,충북,0
2016-12,LH,국민임대,충남,0
2016-12,LH,국민임대,전북,0
2016-12,LH,국민임대,전남,0
2016-12,LH,국민임대,경북,0
2016-12,LH,국민임대,경남,0
2016-12,LH,국민임대,제주,0
2016-12,LH,공공임대,전국,3,550
2016-12,LH,공공임대,서울,362
2016-12,LH,공공임대,인천,208
2016-12,LH,공공임대,경기,872
2016-12,LH,공공임대,부산,0
2016-12,LH,공공임대,대구,2,108
2016-12,LH,공공임대,광주,0
2016-12,LH,공공임대,대전,0
2016-12,LH,공공임대,울산,0
2016-12,LH,공공임대,세종,0
2016-12,LH,공공임대,강원,0
2016-12,LH,공공임대,충북,0
2016-12,LH,공공임대,충남,0
2016-12,LH,공공임대,전북,0
2016-12,LH,공공임대,전남,0
2016-12,LH,공공임대,경북,0
2016-12,LH,공공임대,경남,0
2016-12,LH,공공임대,제주,0
2016-12,LH,공공분양,전국,0
2016-12,LH,공공분양,서울,0
2016-12,LH,공공분양,인천,0
2016-12,LH,공공분양,경기,0
2016-12,LH,공공분양,부산,0
2016-12,LH,공공분양,대구,0
2016-12,LH,공공분양,광주,0
2016-12,LH,공공분양,대전,0
2016-12,LH,공공분양,울산,0
2016-12,LH,공공분양,세종,0
2016-12,LH,공공분양,강원,0
2016-12,LH,공공분양,충북,0
2016-12,LH,공공분양,충남,0
2016-12,LH,공공분양,전북,0
2016-12,LH,공공분양,전남,0
2016-12,LH,공공분양,경북,0
2016-12,LH,공공분양,경남,0
2016-12,LH,공공분양,제주,0
2016-12,주택업체,소계,전국,2,313
2016-12,주택업체,소계,서울,0
2016-12,주택업체,소계,인천,0
2016-12,주택업체,소계,경기,0
2016-12,주택업체,소계,부산,0
2016-12,주택업체,소계,대구,0
2016-12,주택업체,소계,광주,76
2016-12,주택업체,소계,대전,0
2016-12,주택업체,소계,울산,0
2016-12,주택업체,소계,세종,0
2016-12,주택업체,소계,강원,0
2016-12,주택업체,소계,충북,0
2016-12,주택업체,소계,충남,938
2016-12,주택업체,소계,전북,0
2016-12,주택업체,소계,전남,1,299
2016-12,주택업체,소계,경북,0
2016-12,주택업체,소계,경남,0
2016-12,주택업체,소계,제주,0
2016-12,주택업체,국민임대,전국,0
2016-12,주택업체,국민임대,서울,0
2016-12,주택업체,국민임대,인천,0
2016-12,주택업체,국민임대,경기,0
2016-12,주택업체,국민임대,부산,0
2016-12,주택업체,국민임대,대구,0
2016-12,주택업체,국민임대,광주,0
2016-12,주택업체,국민임대,대전,0
2016-12,주택업체,국민임대,울산,0
2016-12,주택업체,국민임대,세종,0
2016-12,주택업체,국민임대,강원,0
2016-12,주택업체,국민임대,충북,0
2016-12,주택업체,국민임대,충남,0
2016-12,주택업체,국민임대,전북,0
2016-12,주택업체,국민임대,전남,0
2016-12,주택업체,국민임대,경북,0
2016-12,주택업체,국민임대,경남,0
2016-12,주택업체,국민임대,제주,0
2016-12,주택업체,공공임대,전국,2,313
2016-12,주택업체,공공임대,서울,0
2016-12,주택업체,공공임대,인천,0
2016-12,주택업체,공공임대,경기,0
2016-12,주택업체,공공임대,부산,0
2016-12,주택업체,공공임대,대구,0
2016-12,주택업체,공공임대,광주,76
2016-12,주택업체,공공임대,대전,0
2016-12,주택업체,공공임대,울산,0
2016-12,주택업체,공공임대,세종,0
2016-12,주택업체,공공임대,강원,0
2016-12,주택업체,공공임대,충북,0
2016-12,주택업체,공공임대,충남,938
2016-12,주택업체,공공임대,전북,0
2016-12,주택업체,공공임대,전남,1,299
2016-12,주택업체,공공임대,경북,0
2016-12,주택업체,공공임대,경남,0
2016-12,주택업체,공공임대,제주,0
2016-12,주택업체,공공분양,전국,0
2016-12,주택업체,공공분양,서울,0
2016-12,주택업체,공공분양,인천,0
2016-12,주택업체,공공분양,경기,0
2016-12,주택업체,공공분양,부산,0
2016-12,주택업체,공공분양,대구,0
2016-12,주택업체,공공분양,광주,0
2016-12,주택업체,공공분양,대전,0
2016-12,주택업체,공공분양,울산,0
2016-12,주택업체,공공분양,세종,0
2016-12,주택업체,공공분양,강원,0
2016-12,주택업체,공공분양,충북,0
2016-12,주택업체,공공분양,충남,0
2016-12,주택업체,공공분양,전북,0
2016-12,주택업체,공공분양,전남,0
2016-12,주택업체,공공분양,경북,0
2016-12,주택업체,공공분양,경남,0
2016-12,주택업체,공공분양,제주,0
2016-12,민간부문,소계,전국,53,793
2016-12,민간부문,소계,서울,14,298
2016-12,민간부문,소계,인천,1,727
2016-12,민간부문,소계,경기,13,202
2016-12,민간부문,소계,부산,2,357
2016-12,민간부문,소계,대구,1,749
2016-12,민간부문,소계,광주,1,389
2016-12,민간부문,소계,대전,455
2016-12,민간부문,소계,울산,1,181
2016-12,민간부문,소계,세종,705
2016-12,민간부문,소계,강원,1,352
2016-12,민간부문,소계,충북,2,300
2016-12,민간부문,소계,충남,2,733
2016-12,민간부문,소계,전북,1,012
2016-12,민간부문,소계,전남,883
2016-12,민간부문,소계,경북,3,843
2016-12,민간부문,소계,경남,2,989
2016-12,민간부문,소계,제주,1,618
2016-12,민간,민간임대,전국,423
2016-12,민간,민간임대,서울,0
2016-12,민간,민간임대,인천,0
2016-12,민간,민간임대,경기,0
2016-12,민간,민간임대,부산,0
2016-12,민간,민간임대,대구,0
2016-12,민간,민간임대,광주,368
2016-12,민간,민간임대,대전,0
2016-12,민간,민간임대,울산,0
2016-12,민간,민간임대,세종,0
2016-12,민간,민간임대,강원,0
2016-12,민간,민간임대,충북,0
2016-12,민간,민간임대,충남,0
2016-12,민간,민간임대,전북,0
2016-12,민간,민간임대,전남,55
2016-12,민간,민간임대,경북,0
2016-12,민간,민간임대,경남,0
2016-12,민간,민간임대,제주,0
2016-12,민간,민간분양,전국,53,370
2016-12,민간,민간분양,서울,14,298
2016-12,민간,민간분양,인천,1,727
2016-12,민간,민간분양,경기,13,202
2016-12,민간,민간분양,부산,2,357
2016-12,민간,민간분양,대구,1,749
2016-12,민간,민간분양,광주,1,021
2016-12,민간,민간분양,대전,455
2016-12,민간,민간분양,울산,1,181
2016-12,민간,민간분양,세종,705
2016-12,민간,민간분양,강원,1,352
2016-12,민간,민간분양,충북,2,300
2016-12,민간,민간분양,충남,2,733
2016-12,민간,민간분양,전북,1,012
2016-12,민간,민간분양,전남,828
2016-12,민간,민간분양,경북,3,843
2016-12,민간,민간분양,경남,2,989
2016-12,민간,민간분양,제주,1,618
2017-01,총계,총계,전국,31,109
2017-01,총계,총계,서울,5,188
2017-01,총계,총계,인천,798
2017-01,총계,총계,경기,9,731
2017-01,총계,총계,부산,3,008
2017-01,총계,총계,대구,1,334
2017-01,총계,총계,광주,1,729
2017-01,총계,총계,대전,676
2017-01,총계,총계,울산,420
2017-01,총계,총계,세종,32
2017-01,총계,총계,강원,497
2017-01,총계,총계,충북,745
2017-01,총계,총계,충남,1,182
2017-01,총계,총계,전북,331
2017-01,총계,총계,전남,567
2017-01,총계,총계,경북,1,035
2017-01,총계,총계,경남,2,143
2017-01,총계,총계,제주,1,693
2017-01,공공부문,소계,전국,1,456
2017-01,공공부문,소계,서울,0
2017-01,공공부문,소계,인천,0
2017-01,공공부문,소계,경기,0
2017-01,공공부문,소계,부산,1,064
2017-01,공공부문,소계,대구,0
2017-01,공공부문,소계,광주,0
2017-01,공공부문,소계,대전,392
2017-01,공공부문,소계,울산,0
2017-01,공공부문,소계,세종,0
2017-01,공공부문,소계,강원,0
2017-01,공공부문,소계,충북,0
2017-01,공공부문,소계,충남,0
2017-01,공공부문,소계,전북,0
2017-01,공공부문,소계,전남,0
2017-01,공공부문,소계,경북,0
2017-01,공공부문,소계,경남,0
2017-01,공공부문,소계,제주,0
2017-01,합,국민임대,전국,0
2017-01,합,국민임대,서울,0
2017-01,합,국민임대,인천,0
2017-01,합,국민임대,경기,0
2017-01,합,국민임대,부산,0
2017-01,합,국민임대,대구,0
2017-01,합,국민임대,광주,0
2017-01,합,국민임대,대전,0
2017-01,합,국민임대,울산,0
2017-01,합,국민임대,세종,0
2017-01,합,국민임대,강원,0
2017-01,합,국민임대,충북,0
2017-01,합,국민임대,충남,0
2017-01,합,국민임대,전북,0
2017-01,합,국민임대,전남,0
2017-01,합,국민임대,경북,0
2017-01,합,국민임대,경남,0
2017-01,합,국민임대,제주,0
2017-01,합,공공임대,전국,392
2017-01,합,공공임대,서울,0
2017-01,합,공공임대,인천,0
2017-01,합,공공임대,경기,0
2017-01,합,공공임대,부산,0
2017-01,합,공공임대,대구,0
2017-01,합,공공임대,광주,0
2017-01,합,공공임대,대전,392
2017-01,합,공공임대,울산,0
2017-01,합,공공임대,세종,0
2017-01,합,공공임대,강원,0
2017-01,합,공공임대,충북,0
2017-01,합,공공임대,충남,0
2017-01,합,공공임대,전북,0
2017-01,합,공공임대,전남,0
2017-01,합,공공임대,경북,0
2017-01,합,공공임대,경남,0
2017-01,합,공공임대,제주,0
2017-01,합,공공분양,전국,1,064
2017-01,합,공공분양,서울,0
2017-01,합,공공분양,인천,0
2017-01,합,공공분양,경기,0
2017-01,합,공공분양,부산,1,064
2017-01,합,공공분양,대구,0
2017-01,합,공공분양,광주,0
2017-01,합,공공분양,대전,0
2017-01,합,공공분양,울산,0
2017-01,합,공공분양,세종,0
2017-01,합,공공분양,강원,0
2017-01,합,공공분양,충북,0
2017-01,합,공공분양,충남,0
2017-01,합,공공분양,전북,0
2017-01,합,공공분양,전남,0
2017-01,합,공공분양,경북,0
2017-01,합,공공분양,경남,0
2017-01,합,공공분양,제주,0
2017-01,지자체,소계,전국,0
2017-01,지자체,소계,서울,0
2017-01,지자체,소계,인천,0
2017-01,지자체,소계,경기,0
2017-01,지자체,소계,부산,0
2017-01,지자체,소계,대구,0
2017-01,지자체,소계,광주,0
2017-01,지자체,소계,대전,0
2017-01,지자체,소계,울산,0
2017-01,지자체,소계,세종,0
2017-01,지자체,소계,강원,0
2017-01,지자체,소계,충북,0
2017-01,지자체,소계,충남,0
2017-01,지자체,소계,전북,0
2017-01,지자체,소계,전남,0
2017-01,지자체,소계,경북,0
2017-01,지자체,소계,경남,0
2017-01,지자체,소계,제주,0
2017-01,지자체,국민임대,전국,0
2017-01,지자체,국민임대,서울,0
2017-01,지자체,국민임대,인천,0
2017-01,지자체,국민임대,경기,0
2017-01,지자체,국민임대,부산,0
2017-01,지자체,국민임대,대구,0
2017-01,지자체,국민임대,광주,0
2017-01,지자체,국민임대,대전,0
2017-01,지자체,국민임대,울산,0
2017-01,지자체,국민임대,세종,0
2017-01,지자체,국민임대,강원,0
2017-01,지자체,국민임대,충북,0
2017-01,지자체,국민임대,충남,0
2017-01,지자체,국민임대,전북,0
2017-01,지자체,국민임대,전남,0
2017-01,지자체,국민임대,경북,0
2017-01,지자체,국민임대,경남,0
2017-01,지자체,국민임대,제주,0
2017-01,지자체,공공임대,전국,0
2017-01,지자체,공공임대,서울,0
2017-01,지자체,공공임대,인천,0
2017-01,지자체,공공임대,경기,0
2017-01,지자체,공공임대,부산,0
2017-01,지자체,공공임대,대구,0
2017-01,지자체,공공임대,광주,0
2017-01,지자체,공공임대,대전,0
2017-01,지자체,공공임대,울산,0
2017-01,지자체,공공임대,세종,0
2017-01,지자체,공공임대,강원,0
2017-01,지자체,공공임대,충북,0
2017-01,지자체,공공임대,충남,0
2017-01,지자체,공공임대,전북,0
2017-01,지자체,공공임대,전남,0
2017-01,지자체,공공임대,경북,0
2017-01,지자체,공공임대,경남,0
2017-01,지자체,공공임대,제주,0
2017-01,지자체,공공분양,전국,0
2017-01,지자체,공공분양,서울,0
2017-01,지자체,공공분양,인천,0
2017-01,지자체,공공분양,경기,0
2017-01,지자체,공공분양,부산,0
2017-01,지자체,공공분양,대구,0
2017-01,지자체,공공분양,광주,0
2017-01,지자체,공공분양,대전,0
2017-01,지자체,공공분양,울산,0
2017-01,지자체,공공분양,세종,0
2017-01,지자체,공공분양,강원,0
2017-01,지자체,공공분양,충북,0
2017-01,지자체,공공분양,충남,0
2017-01,지자체,공공분양,전북,0
2017-01,지자체,공공분양,전남,0
2017-01,지자체,공공분양,경북,0
2017-01,지자체,공공분양,경남,0
2017-01,지자체,공공분양,제주,0
2017-01,LH,소계,전국,0
2017-01,LH,소계,서울,0
2017-01,LH,소계,인천,0
2017-01,LH,소계,경기,0
2017-01,LH,소계,부산,0
2017-01,LH,소계,대구,0
2017-01,LH,소계,광주,0
2017-01,LH,소계,대전,0
2017-01,LH,소계,울산,0
2017-01,LH,소계,세종,0
2017-01,LH,소계,강원,0
2017-01,LH,소계,충북,0
2017-01,LH,소계,충남,0
2017-01,LH,소계,전북,0
2017-01,LH,소계,전남,0
2017-01,LH,소계,경북,0
2017-01,LH,소계,경남,0
2017-01,LH,소계,제주,0
2017-01,LH,국민임대,전국,0
2017-01,LH,국민임대,서울,0
2017-01,LH,국민임대,인천,0
2017-01,LH,국민임대,경기,0
2017-01,LH,국민임대,부산,0
2017-01,LH,국민임대,대구,0
2017-01,LH,국민임대,광주,0
2017-01,LH,국민임대,대전,0
2017-01,LH,국민임대,울산,0
2017-01,LH,국민임대,세종,0
2017-01,LH,국민임대,강원,0
2017-01,LH,국민임대,충북,0
2017-01,LH,국민임대,충남,0
2017-01,LH,국민임대,전북,0
2017-01,LH,국민임대,전남,0
2017-01,LH,국민임대,경북,0
2017-01,LH,국민임대,경남,0
2017-01,LH,국민임대,제주,0
2017-01,LH,공공임대,전국,0
2017-01,LH,공공임대,서울,0
2017-01,LH,공공임대,인천,0
2017-01,LH,공공임대,경기,0
2017-01,LH,공공임대,부산,0
2017-01,LH,공공임대,대구,0
2017-01,LH,공공임대,광주,0
2017-01,LH,공공임대,대전,0
2017-01,LH,공공임대,울산,0
2017-01,LH,공공임대,세종,0
2017-01,LH,공공임대,강원,0
2017-01,LH,공공임대,충북,0
2017-01,LH,공공임대,충남,0
2017-01,LH,공공임대,전북,0
2017-01,LH,공공임대,전남,0
2017-01,LH,공공임대,경북,0
2017-01,LH,공공임대,경남,0
2017-01,LH,공공임대,제주,0
2017-01,LH,공공분양,전국,0
2017-01,LH,공공분양,서울,0
2017-01,LH,공공분양,인천,0
2017-01,LH,공공분양,경기,0
2017-01,LH,공공분양,부산,0
2017-01,LH,공공분양,대구,0
2017-01,LH,공공분양,광주,0
2017-01,LH,공공분양,대전,0
2017-01,LH,공공분양,울산,0
2017-01,LH,공공분양,세종,0
2017-01,LH,공공분양,강원,0
2017-01,LH,공공분양,충북,0
2017-01,LH,공공분양,충남,0
2017-01,LH,공공분양,전북,0
2017-01,LH,공공분양,전남,0
2017-01,LH,공공분양,경북,0
2017-01,LH,공공분양,경남,0
2017-01,LH,공공분양,제주,0
2017-01,주택업체,소계,전국,1,456
2017-01,주택업체,소계,서울,0
2017-01,주택업체,소계,인천,0
2017-01,주택업체,소계,경기,0
2017-01,주택업체,소계,부산,1,064
2017-01,주택업체,소계,대구,0
2017-01,주택업체,소계,광주,0
2017-01,주택업체,소계,대전,392
2017-01,주택업체,소계,울산,0
2017-01,주택업체,소계,세종,0
2017-01,주택업체,소계,강원,0
2017-01,주택업체,소계,충북,0
2017-01,주택업체,소계,충남,0
2017-01,주택업체,소계,전북,0
2017-01,주택업체,소계,전남,0
2017-01,주택업체,소계,경북,0
2017-01,주택업체,소계,경남,0
2017-01,주택업체,소계,제주,0
2017-01,주택업체,국민임대,전국,0
2017-01,주택업체,국민임대,서울,0
2017-01,주택업체,국민임대,인천,0
2017-01,주택업체,국민임대,경기,0
2017-01,주택업체,국민임대,부산,0
2017-01,주택업체,국민임대,대구,0
2017-01,주택업체,국민임대,광주,0
2017-01,주택업체,국민임대,대전,0
2017-01,주택업체,국민임대,울산,0
2017-01,주택업체,국민임대,세종,0
2017-01,주택업체,국민임대,강원,0
2017-01,주택업체,국민임대,충북,0
2017-01,주택업체,국민임대,충남,0
2017-01,주택업체,국민임대,전북,0
2017-01,주택업체,국민임대,전남,0
2017-01,주택업체,국민임대,경북,0
2017-01,주택업체,국민임대,경남,0
2017-01,주택업체,국민임대,제주,0
2017-01,주택업체,공공임대,전국,392
2017-01,주택업체,공공임대,서울,0
2017-01,주택업체,공공임대,인천,0
2017-01,주택업체,공공임대,경기,0
2017-01,주택업체,공공임대,부산,0
2017-01,주택업체,공공임대,대구,0
2017-01,주택업체,공공임대,광주,0
2017-01,주택업체,공공임대,대전,392
2017-01,주택업체,공공임대,울산,0
2017-01,주택업체,공공임대,세종,0
2017-01,주택업체,공공임대,강원,0
2017-01,주택업체,공공임대,충북,0
2017-01,주택업체,공공임대,충남,0
2017-01,주택업체,공공임대,전북,0
2017-01,주택업체,공공임대,전남,0
2017-01,주택업체,공공임대,경북,0
2017-01,주택업체,공공임대,경남,0
2017-01,주택업체,공공임대,제주,0
2017-01,주택업체,공공분양,전국,1,064
2017-01,주택업체,공공분양,서울,0
2017-01,주택업체,공공분양,인천,0
2017-01,주택업체,공공분양,경기,0
2017-01,주택업체,공공분양,부산,1,064
2017-01,주택업체,공공분양,대구,0
2017-01,주택업체,공공분양,광주,0
2017-01,주택업체,공공분양,대전,0
2017-01,주택업체,공공분양,울산,0
2017-01,주택업체,공공분양,세종,0
2017-01,주택업체,공공분양,강원,0
2017-01,주택업체,공공분양,충북,0
2017-01,주택업체,공공분양,충남,0
2017-01,주택업체,공공분양,전북,0
2017-01,주택업체,공공분양,전남,0
2017-01,주택업체,공공분양,경북,0
2017-01,주택업체,공공분양,경남,0
2017-01,주택업체,공공분양,제주,0
2017-01,민간부문,소계,전국,29,653
2017-01,민간부문,소계,서울,5,188
2017-01,민간부문,소계,인천,798
2017-01,민간부문,소계,경기,9,731
2017-01,민간부문,소계,부산,1,944
2017-01,민간부문,소계,대구,1,334
2017-01,민간부문,소계,광주,1,729
2017-01,민간부문,소계,대전,284
2017-01,민간부문,소계,울산,420
2017-01,민간부문,소계,세종,32
2017-01,민간부문,소계,강원,497
2017-01,민간부문,소계,충북,745
2017-01,민간부문,소계,충남,1,182
2017-01,민간부문,소계,전북,331
2017-01,민간부문,소계,전남,567
2017-01,민간부문,소계,경북,1,035
2017-01,민간부문,소계,경남,2,143
2017-01,민간부문,소계,제주,1,693
2017-01,민간,민간임대,전국,0
2017-01,민간,민간임대,서울,0
2017-01,민간,민간임대,인천,0
2017-01,민간,민간임대,경기,0
2017-01,민간,민간임대,부산,0
2017-01,민간,민간임대,대구,0
2017-01,민간,민간임대,광주,0
2017-01,민간,민간임대,대전,0
2017-01,민간,민간임대,울산,0
2017-01,민간,민간임대,세종,0
2017-01,민간,민간임대,강원,0
2017-01,민간,민간임대,충북,0
2017-01,민간,민간임대,충남,0
2017-01,민간,민간임대,전북,0
2017-01,민간,민간임대,전남,0
2017-01,민간,민간임대,경북,0
2017-01,민간,민간임대,경남,0
2017-01,민간,민간임대,제주,0
2017-01,민간,민간분양,전국,29,653
2017-01,민간,민간분양,서울,5,188
2017-01,민간,민간분양,인천,798
2017-01,민간,민간분양,경기,9,731
2017-01,민간,민간분양,부산,1,944
2017-01,민간,민간분양,대구,1,334
2017-01,민간,민간분양,광주,1,729
2017-01,민간,민간분양,대전,284
2017-01,민간,민간분양,울산,420
2017-01,민간,민간분양,세종,32
2017-01,민간,민간분양,강원,497
2017-01,민간,민간분양,충북,745
2017-01,민간,민간분양,충남,1,182
2017-01,민간,민간분양,전북,331
2017-01,민간,민간분양,전남,567
2017-01,민간,민간분양,경북,1,035
2017-01,민간,민간분양,경남,2,143
2017-01,민간,민간분양,제주,1,693
2017-02,총계,총계,전국,44,455
2017-02,총계,총계,서울,5,796
2017-02,총계,총계,인천,2,405
2017-02,총계,총계,경기,11,699
2017-02,총계,총계,부산,984
2017-02,총계,총계,대구,2,420
2017-02,총계,총계,광주,859
2017-02,총계,총계,대전,221
2017-02,총계,총계,울산,1,145
2017-02,총계,총계,세종,2,346
2017-02,총계,총계,강원,471
2017-02,총계,총계,충북,1,105
2017-02,총계,총계,충남,6,698
2017-02,총계,총계,전북,215
2017-02,총계,총계,전남,414
2017-02,총계,총계,경북,2,498
2017-02,총계,총계,경남,3,916
2017-02,총계,총계,제주,1,263
2017-02,공공부문,소계,전국,1,993
2017-02,공공부문,소계,서울,0
2017-02,공공부문,소계,인천,0
2017-02,공공부문,소계,경기,0
2017-02,공공부문,소계,부산,0
2017-02,공공부문,소계,대구,0
2017-02,공공부문,소계,광주,0
2017-02,공공부문,소계,대전,0
2017-02,공공부문,소계,울산,0
2017-02,공공부문,소계,세종,0
2017-02,공공부문,소계,강원,0
2017-02,공공부문,소계,충북,0
2017-02,공공부문,소계,충남,705
2017-02,공공부문,소계,전북,0
2017-02,공공부문,소계,전남,0
2017-02,공공부문,소계,경북,0
2017-02,공공부문,소계,경남,1,288
2017-02,공공부문,소계,제주,0
2017-02,합,국민임대,전국,0
2017-02,합,국민임대,서울,0
2017-02,합,국민임대,인천,0
2017-02,합,국민임대,경기,0
2017-02,합,국민임대,부산,0
2017-02,합,국민임대,대구,0
2017-02,합,국민임대,광주,0
2017-02,합,국민임대,대전,0
2017-02,합,국민임대,울산,0
2017-02,합,국민임대,세종,0
2017-02,합,국민임대,강원,0
2017-02,합,국민임대,충북,0
2017-02,합,국민임대,충남,0
2017-02,합,국민임대,전북,0
2017-02,합,국민임대,전남,0
2017-02,합,국민임대,경북,0
2017-02,합,국민임대,경남,0
2017-02,합,국민임대,제주,0
2017-02,합,공공임대,전국,1,226
2017-02,합,공공임대,서울,0
2017-02,합,공공임대,인천,0
2017-02,합,공공임대,경기,0
2017-02,합,공공임대,부산,0
2017-02,합,공공임대,대구,0
2017-02,합,공공임대,광주,0
2017-02,합,공공임대,대전,0
2017-02,합,공공임대,울산,0
2017-02,합,공공임대,세종,0
2017-02,합,공공임대,강원,0
2017-02,합,공공임대,충북,0
2017-02,합,공공임대,충남,705
2017-02,합,공공임대,전북,0
2017-02,합,공공임대,전남,0
2017-02,합,공공임대,경북,0
2017-02,합,공공임대,경남,521
2017-02,합,공공임대,제주,0
2017-02,합,공공분양,전국,767
2017-02,합,공공분양,서울,0
2017-02,합,공공분양,인천,0
2017-02,합,공공분양,경기,0
2017-02,합,공공분양,부산,0
2017-02,합,공공분양,대구,0
2017-02,합,공공분양,광주,0
2017-02,합,공공분양,대전,0
2017-02,합,공공분양,울산,0
2017-02,합,공공분양,세종,0
2017-02,합,공공분양,강원,0
2017-02,합,공공분양,충북,0
2017-02,합,공공분양,충남,0
2017-02,합,공공분양,전북,0
2017-02,합,공공분양,전남,0
2017-02,합,공공분양,경북,0
2017-02,합,공공분양,경남,767
2017-02,합,공공분양,제주,0
2017-02,지자체,소계,전국,0
2017-02,지자체,소계,서울,0
2017-02,지자체,소계,인천,0
2017-02,지자체,소계,경기,0
2017-02,지자체,소계,부산,0
2017-02,지자체,소계,대구,0
2017-02,지자체,소계,광주,0
2017-02,지자체,소계,대전,0
2017-02,지자체,소계,울산,0
2017-02,지자체,소계,세종,0
2017-02,지자체,소계,강원,0
2017-02,지자체,소계,충북,0
2017-02,지자체,소계,충남,0
2017-02,지자체,소계,전북,0
2017-02,지자체,소계,전남,0
2017-02,지자체,소계,경북,0
2017-02,지자체,소계,경남,0
2017-02,지자체,소계,제주,0
2017-02,지자체,국민임대,전국,0
2017-02,지자체,국민임대,서울,0
2017-02,지자체,국민임대,인천,0
2017-02,지자체,국민임대,경기,0
2017-02,지자체,국민임대,부산,0
2017-02,지자체,국민임대,대구,0
2017-02,지자체,국민임대,광주,0
2017-02,지자체,국민임대,대전,0
2017-02,지자체,국민임대,울산,0
2017-02,지자체,국민임대,세종,0
2017-02,지자체,국민임대,강원,0
2017-02,지자체,국민임대,충북,0
2017-02,지자체,국민임대,충남,0
2017-02,지자체,국민임대,전북,0
2017-02,지자체,국민임대,전남,0
2017-02,지자체,국민임대,경북,0
2017-02,지자체,국민임대,경남,0
2017-02,지자체,국민임대,제주,0
2017-02,지자체,공공임대,전국,0
2017-02,지자체,공공임대,서울,0
2017-02,지자체,공공임대,인천,0
2017-02,지자체,공공임대,경기,0
2017-02,지자체,공공임대,부산,0
2017-02,지자체,공공임대,대구,0
2017-02,지자체,공공임대,광주,0
2017-02,지자체,공공임대,대전,0
2017-02,지자체,공공임대,울산,0
2017-02,지자체,공공임대,세종,0
2017-02,지자체,공공임대,강원,0
2017-02,지자체,공공임대,충북,0
2017-02,지자체,공공임대,충남,0
2017-02,지자체,공공임대,전북,0
2017-02,지자체,공공임대,전남,0
2017-02,지자체,공공임대,경북,0
2017-02,지자체,공공임대,경남,0
2017-02,지자체,공공임대,제주,0
2017-02,지자체,공공분양,전국,0
2017-02,지자체,공공분양,서울,0
2017-02,지자체,공공분양,인천,0
2017-02,지자체,공공분양,경기,0
2017-02,지자체,공공분양,부산,0
2017-02,지자체,공공분양,대구,0
2017-02,지자체,공공분양,광주,0
2017-02,지자체,공공분양,대전,0
2017-02,지자체,공공분양,울산,0
2017-02,지자체,공공분양,세종,0
2017-02,지자체,공공분양,강원,0
2017-02,지자체,공공분양,충북,0
2017-02,지자체,공공분양,충남,0
2017-02,지자체,공공분양,전북,0
2017-02,지자체,공공분양,전남,0
2017-02,지자체,공공분양,경북,0
2017-02,지자체,공공분양,경남,0
2017-02,지자체,공공분양,제주,0
2017-02,LH,소계,전국,0
2017-02,LH,소계,서울,0
2017-02,LH,소계,인천,0
2017-02,LH,소계,경기,0
2017-02,LH,소계,부산,0
2017-02,LH,소계,대구,0
2017-02,LH,소계,광주,0
2017-02,LH,소계,대전,0
2017-02,LH,소계,울산,0
2017-02,LH,소계,세종,0
2017-02,LH,소계,강원,0
2017-02,LH,소계,충북,0
2017-02,LH,소계,충남,0
2017-02,LH,소계,전북,0
2017-02,LH,소계,전남,0
2017-02,LH,소계,경북,0
2017-02,LH,소계,경남,0
2017-02,LH,소계,제주,0
2017-02,LH,국민임대,전국,0
2017-02,LH,국민임대,서울,0
2017-02,LH,국민임대,인천,0
2017-02,LH,국민임대,경기,0
2017-02,LH,국민임대,부산,0
2017-02,LH,국민임대,대구,0
2017-02,LH,국민임대,광주,0
2017-02,LH,국민임대,대전,0
2017-02,LH,국민임대,울산,0
2017-02,LH,국민임대,세종,0
2017-02,LH,국민임대,강원,0
2017-02,LH,국민임대,충북,0
2017-02,LH,국민임대,충남,0
2017-02,LH,국민임대,전북,0
2017-02,LH,국민임대,전남,0
2017-02,LH,국민임대,경북,0
2017-02,LH,국민임대,경남,0
2017-02,LH,국민임대,제주,0
2017-02,LH,공공임대,전국,0
2017-02,LH,공공임대,서울,0
2017-02,LH,공공임대,인천,0
2017-02,LH,공공임대,경기,0
2017-02,LH,공공임대,부산,0
2017-02,LH,공공임대,대구,0
2017-02,LH,공공임대,광주,0
2017-02,LH,공공임대,대전,0
2017-02,LH,공공임대,울산,0
2017-02,LH,공공임대,세종,0
2017-02,LH,공공임대,강원,0
2017-02,LH,공공임대,충북,0
2017-02,LH,공공임대,충남,0
2017-02,LH,공공임대,전북,0
2017-02,LH,공공임대,전남,0
2017-02,LH,공공임대,경북,0
2017-02,LH,공공임대,경남,0
2017-02,LH,공공임대,제주,0
2017-02,LH,공공분양,전국,0
2017-02,LH,공공분양,서울,0
2017-02,LH,공공분양,인천,0
2017-02,LH,공공분양,경기,0
2017-02,LH,공공분양,부산,0
2017-02,LH,공공분양,대구,0
2017-02,LH,공공분양,광주,0
2017-02,LH,공공분양,대전,0
2017-02,LH,공공분양,울산,0
2017-02,LH,공공분양,세종,0
2017-02,LH,공공분양,강원,0
2017-02,LH,공공분양,충북,0
2017-02,LH,공공분양,충남,0
2017-02,LH,공공분양,전북,0
2017-02,LH,공공분양,전남,0
2017-02,LH,공공분양,경북,0
2017-02,LH,공공분양,경남,0
2017-02,LH,공공분양,제주,0
2017-02,주택업체,소계,전국,1,993
2017-02,주택업체,소계,서울,0
2017-02,주택업체,소계,인천,0
2017-02,주택업체,소계,경기,0
2017-02,주택업체,소계,부산,0
2017-02,주택업체,소계,대구,0
2017-02,주택업체,소계,광주,0
2017-02,주택업체,소계,대전,0
2017-02,주택업체,소계,울산,0
2017-02,주택업체,소계,세종,0
2017-02,주택업체,소계,강원,0
2017-02,주택업체,소계,충북,0
2017-02,주택업체,소계,충남,705
2017-02,주택업체,소계,전북,0
2017-02,주택업체,소계,전남,0
2017-02,주택업체,소계,경북,0
2017-02,주택업체,소계,경남,1,288
2017-02,주택업체,소계,제주,0
2017-02,주택업체,국민임대,전국,0
2017-02,주택업체,국민임대,서울,0
2017-02,주택업체,국민임대,인천,0
2017-02,주택업체,국민임대,경기,0
2017-02,주택업체,국민임대,부산,0
2017-02,주택업체,국민임대,대구,0
2017-02,주택업체,국민임대,광주,0
2017-02,주택업체,국민임대,대전,0
2017-02,주택업체,국민임대,울산,0
2017-02,주택업체,국민임대,세종,0
2017-02,주택업체,국민임대,강원,0
2017-02,주택업체,국민임대,충북,0
2017-02,주택업체,국민임대,충남,0
2017-02,주택업체,국민임대,전북,0
2017-02,주택업체,국민임대,전남,0
2017-02,주택업체,국민임대,경북,0
2017-02,주택업체,국민임대,경남,0
2017-02,주택업체,국민임대,제주,0
2017-02,주택업체,공공임대,전국,1,226
2017-02,주택업체,공공임대,서울,0
2017-02,주택업체,공공임대,인천,0
2017-02,주택업체,공공임대,경기,0
2017-02,주택업체,공공임대,부산,0
2017-02,주택업체,공공임대,대구,0
2017-02,주택업체,공공임대,광주,0
2017-02,주택업체,공공임대,대전,0
2017-02,주택업체,공공임대,울산,0
2017-02,주택업체,공공임대,세종,0
2017-02,주택업체,공공임대,강원,0
2017-02,주택업체,공공임대,충북,0
2017-02,주택업체,공공임대,충남,705
2017-02,주택업체,공공임대,전북,0
2017-02,주택업체,공공임대,전남,0
2017-02,주택업체,공공임대,경북,0
2017-02,주택업체,공공임대,경남,521
2017-02,주택업체,공공임대,제주,0
2017-02,주택업체,공공분양,전국,767
2017-02,주택업체,공공분양,서울,0
2017-02,주택업체,공공분양,인천,0
2017-02,주택업체,공공분양,경기,0
2017-02,주택업체,공공분양,부산,0
2017-02,주택업체,공공분양,대구,0
2017-02,주택업체,공공분양,광주,0
2017-02,주택업체,공공분양,대전,0
2017-02,주택업체,공공분양,울산,0
2017-02,주택업체,공공분양,세종,0
2017-02,주택업체,공공분양,강원,0
2017-02,주택업체,공공분양,충북,0
2017-02,주택업체,공공분양,충남,0
2017-02,주택업체,공공분양,전북,0
2017-02,주택업체,공공분양,전남,0
2017-02,주택업체,공공분양,경북,0
2017-02,주택업체,공공분양,경남,767
2017-02,주택업체,공공분양,제주,0
2017-02,민간부문,소계,전국,42,462
2017-02,민간부문,소계,서울,5,796
2017-02,민간부문,소계,인천,2,405
2017-02,민간부문,소계,경기,11,699
2017-02,민간부문,소계,부산,984
2017-02,민간부문,소계,대구,2,420
2017-02,민간부문,소계,광주,859
2017-02,민간부문,소계,대전,221
2017-02,민간부문,소계,울산,1,145
2017-02,민간부문,소계,세종,2,346
2017-02,민간부문,소계,강원,471
2017-02,민간부문,소계,충북,1,105
2017-02,민간부문,소계,충남,5,993
2017-02,민간부문,소계,전북,215
2017-02,민간부문,소계,전남,414
2017-02,민간부문,소계,경북,2,498
2017-02,민간부문,소계,경남,2,628
2017-02,민간부문,소계,제주,1,263
2017-02,민간,민간임대,전국,497
2017-02,민간,민간임대,서울,497
2017-02,민간,민간임대,인천,0
2017-02,민간,민간임대,경기,0
2017-02,민간,민간임대,부산,0
2017-02,민간,민간임대,대구,0
2017-02,민간,민간임대,광주,0
2017-02,민간,민간임대,대전,0
2017-02,민간,민간임대,울산,0
2017-02,민간,민간임대,세종,0
2017-02,민간,민간임대,강원,0
2017-02,민간,민간임대,충북,0
2017-02,민간,민간임대,충남,0
2017-02,민간,민간임대,전북,0
2017-02,민간,민간임대,전남,0
2017-02,민간,민간임대,경북,0
2017-02,민간,민간임대,경남,0
2017-02,민간,민간임대,제주,0
2017-02,민간,민간분양,전국,41,965
2017-02,민간,민간분양,서울,5,299
2017-02,민간,민간분양,인천,2,405
2017-02,민간,민간분양,경기,11,699
2017-02,민간,민간분양,부산,984
2017-02,민간,민간분양,대구,2,420
2017-02,민간,민간분양,광주,859
2017-02,민간,민간분양,대전,221
2017-02,민간,민간분양,울산,1,145
2017-02,민간,민간분양,세종,2,346
2017-02,민간,민간분양,강원,471
2017-02,민간,민간분양,충북,1,105
2017-02,민간,민간분양,충남,5,993
2017-02,민간,민간분양,전북,215
2017-02,민간,민간분양,전남,414
2017-02,민간,민간분양,경북,2,498
2017-02,민간,민간분양,경남,2,628
2017-02,민간,민간분양,제주,1,263
2017-03,총계,총계,전국,33,218
2017-03,총계,총계,서울,5,992
2017-03,총계,총계,인천,727
2017-03,총계,총계,경기,7,410
2017-03,총계,총계,부산,2,101
2017-03,총계,총계,대구,1,461
2017-03,총계,총계,광주,1,235
2017-03,총계,총계,대전,314
2017-03,총계,총계,울산,995
2017-03,총계,총계,세종,605
2017-03,총계,총계,강원,307
2017-03,총계,총계,충북,507
2017-03,총계,총계,충남,741
2017-03,총계,총계,전북,1,256
2017-03,총계,총계,전남,1,555
2017-03,총계,총계,경북,2,078
2017-03,총계,총계,경남,3,921
2017-03,총계,총계,제주,2,013
2017-03,공공부문,소계,전국,1,539
2017-03,공공부문,소계,서울,763
2017-03,공공부문,소계,인천,0
2017-03,공공부문,소계,경기,0
2017-03,공공부문,소계,부산,0
2017-03,공공부문,소계,대구,0
2017-03,공공부문,소계,광주,0
2017-03,공공부문,소계,대전,0
2017-03,공공부문,소계,울산,0
2017-03,공공부문,소계,세종,0
2017-03,공공부문,소계,강원,0
2017-03,공공부문,소계,충북,198
2017-03,공공부문,소계,충남,158
2017-03,공공부문,소계,전북,0
2017-03,공공부문,소계,전남,420
2017-03,공공부문,소계,경북,0
2017-03,공공부문,소계,경남,0
2017-03,공공부문,소계,제주,0
2017-03,합,국민임대,전국,0
2017-03,합,국민임대,서울,0
2017-03,합,국민임대,인천,0
2017-03,합,국민임대,경기,0
2017-03,합,국민임대,부산,0
2017-03,합,국민임대,대구,0
2017-03,합,국민임대,광주,0
2017-03,합,국민임대,대전,0
2017-03,합,국민임대,울산,0
2017-03,합,국민임대,세종,0
2017-03,합,국민임대,강원,0
2017-03,합,국민임대,충북,0
2017-03,합,국민임대,충남,0
2017-03,합,국민임대,전북,0
2017-03,합,국민임대,전남,0
2017-03,합,국민임대,경북,0
2017-03,합,국민임대,경남,0
2017-03,합,국민임대,제주,0
2017-03,합,공공임대,전국,924
2017-03,합,공공임대,서울,148
2017-03,합,공공임대,인천,0
2017-03,합,공공임대,경기,0
2017-03,합,공공임대,부산,0
2017-03,합,공공임대,대구,0
2017-03,합,공공임대,광주,0
2017-03,합,공공임대,대전,0
2017-03,합,공공임대,울산,0
2017-03,합,공공임대,세종,0
2017-03,합,공공임대,강원,0
2017-03,합,공공임대,충북,198
2017-03,합,공공임대,충남,158
2017-03,합,공공임대,전북,0
2017-03,합,공공임대,전남,420
2017-03,합,공공임대,경북,0
2017-03,합,공공임대,경남,0
2017-03,합,공공임대,제주,0
2017-03,합,공공분양,전국,615
2017-03,합,공공분양,서울,615
2017-03,합,공공분양,인천,0
2017-03,합,공공분양,경기,0
2017-03,합,공공분양,부산,0
2017-03,합,공공분양,대구,0
2017-03,합,공공분양,광주,0
2017-03,합,공공분양,대전,0
2017-03,합,공공분양,울산,0
2017-03,합,공공분양,세종,0
2017-03,합,공공분양,강원,0
2017-03,합,공공분양,충북,0
2017-03,합,공공분양,충남,0
2017-03,합,공공분양,전북,0
2017-03,합,공공분양,전남,0
2017-03,합,공공분양,경북,0
2017-03,합,공공분양,경남,0
2017-03,합,공공분양,제주,0
2017-03,지자체,소계,전국,0
2017-03,지자체,소계,서울,0
2017-03,지자체,소계,인천,0
2017-03,지자체,소계,경기,0
2017-03,지자체,소계,부산,0
2017-03,지자체,소계,대구,0
2017-03,지자체,소계,광주,0
2017-03,지자체,소계,대전,0
2017-03,지자체,소계,울산,0
2017-03,지자체,소계,세종,0
2017-03,지자체,소계,강원,0
2017-03,지자체,소계,충북,0
2017-03,지자체,소계,충남,0
2017-03,지자체,소계,전북,0
2017-03,지자체,소계,전남,0
2017-03,지자체,소계,경북,0
2017-03,지자체,소계,경남,0
2017-03,지자체,소계,제주,0
2017-03,지자체,국민임대,전국,0
2017-03,지자체,국민임대,서울,0
2017-03,지자체,국민임대,인천,0
2017-03,지자체,국민임대,경기,0
2017-03,지자체,국민임대,부산,0
2017-03,지자체,국민임대,대구,0
2017-03,지자체,국민임대,광주,0
2017-03,지자체,국민임대,대전,0
2017-03,지자체,국민임대,울산,0
2017-03,지자체,국민임대,세종,0
2017-03,지자체,국민임대,강원,0
2017-03,지자체,국민임대,충북,0
2017-03,지자체,국민임대,충남,0
2017-03,지자체,국민임대,전북,0
2017-03,지자체,국민임대,전남,0
2017-03,지자체,국민임대,경북,0
2017-03,지자체,국민임대,경남,0
2017-03,지자체,국민임대,제주,0
2017-03,지자체,공공임대,전국,0
2017-03,지자체,공공임대,서울,0
2017-03,지자체,공공임대,인천,0
2017-03,지자체,공공임대,경기,0
2017-03,지자체,공공임대,부산,0
2017-03,지자체,공공임대,대구,0
2017-03,지자체,공공임대,광주,0
2017-03,지자체,공공임대,대전,0
2017-03,지자체,공공임대,울산,0
2017-03,지자체,공공임대,세종,0
2017-03,지자체,공공임대,강원,0
2017-03,지자체,공공임대,충북,0
2017-03,지자체,공공임대,충남,0
2017-03,지자체,공공임대,전북,0
2017-03,지자체,공공임대,전남,0
2017-03,지자체,공공임대,경북,0
2017-03,지자체,공공임대,경남,0
2017-03,지자체,공공임대,제주,0
2017-03,지자체,공공분양,전국,0
2017-03,지자체,공공분양,서울,0
2017-03,지자체,공공분양,인천,0
2017-03,지자체,공공분양,경기,0
2017-03,지자체,공공분양,부산,0
2017-03,지자체,공공분양,대구,0
2017-03,지자체,공공분양,광주,0
2017-03,지자체,공공분양,대전,0
2017-03,지자체,공공분양,울산,0
2017-03,지자체,공공분양,세종,0
2017-03,지자체,공공분양,강원,0
2017-03,지자체,공공분양,충북,0
2017-03,지자체,공공분양,충남,0
2017-03,지자체,공공분양,전북,0
2017-03,지자체,공공분양,전남,0
2017-03,지자체,공공분양,경북,0
2017-03,지자체,공공분양,경남,0
2017-03,지자체,공공분양,제주,0
2017-03,LH,소계,전국,198
2017-03,LH,소계,서울,0
2017-03,LH,소계,인천,0
2017-03,LH,소계,경기,0
2017-03,LH,소계,부산,0
2017-03,LH,소계,대구,0
2017-03,LH,소계,광주,0
2017-03,LH,소계,대전,0
2017-03,LH,소계,울산,0
2017-03,LH,소계,세종,0
2017-03,LH,소계,강원,0
2017-03,LH,소계,충북,198
2017-03,LH,소계,충남,0
2017-03,LH,소계,전북,0
2017-03,LH,소계,전남,0
2017-03,LH,소계,경북,0
2017-03,LH,소계,경남,0
2017-03,LH,소계,제주,0
2017-03,LH,국민임대,전국,0
2017-03,LH,국민임대,서울,0
2017-03,LH,국민임대,인천,0
2017-03,LH,국민임대,경기,0
2017-03,LH,국민임대,부산,0
2017-03,LH,국민임대,대구,0
2017-03,LH,국민임대,광주,0
2017-03,LH,국민임대,대전,0
2017-03,LH,국민임대,울산,0
2017-03,LH,국민임대,세종,0
2017-03,LH,국민임대,강원,0
2017-03,LH,국민임대,충북,0
2017-03,LH,국민임대,충남,0
2017-03,LH,국민임대,전북,0
2017-03,LH,국민임대,전남,0
2017-03,LH,국민임대,경북,0
2017-03,LH,국민임대,경남,0
2017-03,LH,국민임대,제주,0
2017-03,LH,공공임대,전국,198
2017-03,LH,공공임대,서울,0
2017-03,LH,공공임대,인천,0
2017-03,LH,공공임대,경기,0
2017-03,LH,공공임대,부산,0
2017-03,LH,공공임대,대구,0
2017-03,LH,공공임대,광주,0
2017-03,LH,공공임대,대전,0
2017-03,LH,공공임대,울산,0
2017-03,LH,공공임대,세종,0
2017-03,LH,공공임대,강원,0
2017-03,LH,공공임대,충북,198
2017-03,LH,공공임대,충남,0
2017-03,LH,공공임대,전북,0
2017-03,LH,공공임대,전남,0
2017-03,LH,공공임대,경북,0
2017-03,LH,공공임대,경남,0
2017-03,LH,공공임대,제주,0
2017-03,LH,공공분양,전국,0
2017-03,LH,공공분양,서울,0
2017-03,LH,공공분양,인천,0
2017-03,LH,공공분양,경기,0
2017-03,LH,공공분양,부산,0
2017-03,LH,공공분양,대구,0
2017-03,LH,공공분양,광주,0
2017-03,LH,공공분양,대전,0
2017-03,LH,공공분양,울산,0
2017-03,LH,공공분양,세종,0
2017-03,LH,공공분양,강원,0
2017-03,LH,공공분양,충북,0
2017-03,LH,공공분양,충남,0
2017-03,LH,공공분양,전북,0
2017-03,LH,공공분양,전남,0
2017-03,LH,공공분양,경북,0
2017-03,LH,공공분양,경남,0
2017-03,LH,공공분양,제주,0
2017-03,주택업체,소계,전국,1,341
2017-03,주택업체,소계,서울,763
2017-03,주택업체,소계,인천,0
2017-03,주택업체,소계,경기,0
2017-03,주택업체,소계,부산,0
2017-03,주택업체,소계,대구,0
2017-03,주택업체,소계,광주,0
2017-03,주택업체,소계,대전,0
2017-03,주택업체,소계,울산,0
2017-03,주택업체,소계,세종,0
2017-03,주택업체,소계,강원,0
2017-03,주택업체,소계,충북,0
2017-03,주택업체,소계,충남,158
2017-03,주택업체,소계,전북,0
2017-03,주택업체,소계,전남,420
2017-03,주택업체,소계,경북,0
2017-03,주택업체,소계,경남,0
2017-03,주택업체,소계,제주,0
2017-03,주택업체,국민임대,전국,0
2017-03,주택업체,국민임대,서울,0
2017-03,주택업체,국민임대,인천,0
2017-03,주택업체,국민임대,경기,0
2017-03,주택업체,국민임대,부산,0
2017-03,주택업체,국민임대,대구,0
2017-03,주택업체,국민임대,광주,0
2017-03,주택업체,국민임대,대전,0
2017-03,주택업체,국민임대,울산,0
2017-03,주택업체,국민임대,세종,0
2017-03,주택업체,국민임대,강원,0
2017-03,주택업체,국민임대,충북,0
2017-03,주택업체,국민임대,충남,0
2017-03,주택업체,국민임대,전북,0
2017-03,주택업체,국민임대,전남,0
2017-03,주택업체,국민임대,경북,0
2017-03,주택업체,국민임대,경남,0
2017-03,주택업체,국민임대,제주,0
2017-03,주택업체,공공임대,전국,726
2017-03,주택업체,공공임대,서울,148
2017-03,주택업체,공공임대,인천,0
2017-03,주택업체,공공임대,경기,0
2017-03,주택업체,공공임대,부산,0
2017-03,주택업체,공공임대,대구,0
2017-03,주택업체,공공임대,광주,0
2017-03,주택업체,공공임대,대전,0
2017-03,주택업체,공공임대,울산,0
2017-03,주택업체,공공임대,세종,0
2017-03,주택업체,공공임대,강원,0
2017-03,주택업체,공공임대,충북,0
2017-03,주택업체,공공임대,충남,158
2017-03,주택업체,공공임대,전북,0
2017-03,주택업체,공공임대,전남,420
2017-03,주택업체,공공임대,경북,0
2017-03,주택업체,공공임대,경남,0
2017-03,주택업체,공공임대,제주,0
2017-03,주택업체,공공분양,전국,615
2017-03,주택업체,공공분양,서울,615
2017-03,주택업체,공공분양,인천,0
2017-03,주택업체,공공분양,경기,0
2017-03,주택업체,공공분양,부산,0
2017-03,주택업체,공공분양,대구,0
2017-03,주택업체,공공분양,광주,0
2017-03,주택업체,공공분양,대전,0
2017-03,주택업체,공공분양,울산,0
2017-03,주택업체,공공분양,세종,0
2017-03,주택업체,공공분양,강원,0
2017-03,주택업체,공공분양,충북,0
2017-03,주택업체,공공분양,충남,0
2017-03,주택업체,공공분양,전북,0
2017-03,주택업체,공공분양,전남,0
2017-03,주택업체,공공분양,경북,0
2017-03,주택업체,공공분양,경남,0
2017-03,주택업체,공공분양,제주,0
2017-03,민간부문,소계,전국,31,679
2017-03,민간부문,소계,서울,5,229
2017-03,민간부문,소계,인천,727
2017-03,민간부문,소계,경기,7,410
2017-03,민간부문,소계,부산,2,101
2017-03,민간부문,소계,대구,1,461
2017-03,민간부문,소계,광주,1,235
2017-03,민간부문,소계,대전,314
2017-03,민간부문,소계,울산,995
2017-03,민간부문,소계,세종,605
2017-03,민간부문,소계,강원,307
2017-03,민간부문,소계,충북,309
2017-03,민간부문,소계,충남,583
2017-03,민간부문,소계,전북,1,256
2017-03,민간부문,소계,전남,1,135
2017-03,민간부문,소계,경북,2,078
2017-03,민간부문,소계,경남,3,921
2017-03,민간부문,소계,제주,2,013
2017-03,민간,민간임대,전국,0
2017-03,민간,민간임대,서울,0
2017-03,민간,민간임대,인천,0
2017-03,민간,민간임대,경기,0
2017-03,민간,민간임대,부산,0
2017-03,민간,민간임대,대구,0
2017-03,민간,민간임대,광주,0
2017-03,민간,민간임대,대전,0
2017-03,민간,민간임대,울산,0
2017-03,민간,민간임대,세종,0
2017-03,민간,민간임대,강원,0
2017-03,민간,민간임대,충북,0
2017-03,민간,민간임대,충남,0
2017-03,민간,민간임대,전북,0
2017-03,민간,민간임대,전남,0
2017-03,민간,민간임대,경북,0
2017-03,민간,민간임대,경남,0
2017-03,민간,민간임대,제주,0
2017-03,민간,민간분양,전국,31,679
2017-03,민간,민간분양,서울,5,229
2017-03,민간,민간분양,인천,727
2017-03,민간,민간분양,경기,7,410
2017-03,민간,민간분양,부산,2,101
2017-03,민간,민간분양,대구,1,461
2017-03,민간,민간분양,광주,1,235
2017-03,민간,민간분양,대전,314
2017-03,민간,민간분양,울산,995
2017-03,민간,민간분양,세종,605
2017-03,민간,민간분양,강원,307
2017-03,민간,민간분양,충북,309
2017-03,민간,민간분양,충남,583
2017-03,민간,민간분양,전북,1,256
2017-03,민간,민간분양,전남,1,135
2017-03,민간,민간분양,경북,2,078
2017-03,민간,민간분양,경남,3,921
2017-03,민간,민간분양,제주,2,013
2017-04,총계,총계,전국,50,580
2017-04,총계,총계,서울,6,786
2017-04,총계,총계,인천,820
2017-04,총계,총계,경기,10,563
2017-04,총계,총계,부산,3,398
2017-04,총계,총계,대구,172
2017-04,총계,총계,광주,820
2017-04,총계,총계,대전,2,975
2017-04,총계,총계,울산,982
2017-04,총계,총계,세종,7,515
2017-04,총계,총계,강원,772
2017-04,총계,총계,충북,2,284
2017-04,총계,총계,충남,1,797
2017-04,총계,총계,전북,781
2017-04,총계,총계,전남,852
2017-04,총계,총계,경북,640
2017-04,총계,총계,경남,8,453
2017-04,총계,총계,제주,970
2017-04,공공부문,소계,전국,8,374
2017-04,공공부문,소계,서울,0
2017-04,공공부문,소계,인천,0
2017-04,공공부문,소계,경기,3,614
2017-04,공공부문,소계,부산,652
2017-04,공공부문,소계,대구,0
2017-04,공공부문,소계,광주,607
2017-04,공공부문,소계,대전,0
2017-04,공공부문,소계,울산,0
2017-04,공공부문,소계,세종,0
2017-04,공공부문,소계,강원,0
2017-04,공공부문,소계,충북,1,175
2017-04,공공부문,소계,충남,0
2017-04,공공부문,소계,전북,0
2017-04,공공부문,소계,전남,0
2017-04,공공부문,소계,경북,0
2017-04,공공부문,소계,경남,2,326
2017-04,공공부문,소계,제주,0
2017-04,합,국민임대,전국,4,286
2017-04,합,국민임대,서울,0
2017-04,합,국민임대,인천,0
2017-04,합,국민임대,경기,2,590
2017-04,합,국민임대,부산,0
2017-04,합,국민임대,대구,0
2017-04,합,국민임대,광주,0
2017-04,합,국민임대,대전,0
2017-04,합,국민임대,울산,0
2017-04,합,국민임대,세종,0
2017-04,합,국민임대,강원,0
2017-04,합,국민임대,충북,0
2017-04,합,국민임대,충남,0
2017-04,합,국민임대,전북,0
2017-04,합,국민임대,전남,0
2017-04,합,국민임대,경북,0
2017-04,합,국민임대,경남,1,696
2017-04,합,국민임대,제주,0
2017-04,합,공공임대,전국,2,285
2017-04,합,공공임대,서울,0
2017-04,합,공공임대,인천,0
2017-04,합,공공임대,경기,1,024
2017-04,합,공공임대,부산,0
2017-04,합,공공임대,대구,0
2017-04,합,공공임대,광주,86
2017-04,합,공공임대,대전,0
2017-04,합,공공임대,울산,0
2017-04,합,공공임대,세종,0
2017-04,합,공공임대,강원,0
2017-04,합,공공임대,충북,1,175
2017-04,합,공공임대,충남,0
2017-04,합,공공임대,전북,0
2017-04,합,공공임대,전남,0
2017-04,합,공공임대,경북,0
2017-04,합,공공임대,경남,0
2017-04,합,공공임대,제주,0
2017-04,합,공공분양,전국,1,803
2017-04,합,공공분양,서울,0
2017-04,합,공공분양,인천,0
2017-04,합,공공분양,경기,0
2017-04,합,공공분양,부산,652
2017-04,합,공공분양,대구,0
2017-04,합,공공분양,광주,521
2017-04,합,공공분양,대전,0
2017-04,합,공공분양,울산,0
2017-04,합,공공분양,세종,0
2017-04,합,공공분양,강원,0
2017-04,합,공공분양,충북,0
2017-04,합,공공분양,충남,0
2017-04,합,공공분양,전북,0
2017-04,합,공공분양,전남,0
2017-04,합,공공분양,경북,0
2017-04,합,공공분양,경남,630
2017-04,합,공공분양,제주,0
2017-04,지자체,소계,전국,0
2017-04,지자체,소계,서울,0
2017-04,지자체,소계,인천,0
2017-04,지자체,소계,경기,0
2017-04,지자체,소계,부산,0
2017-04,지자체,소계,대구,0
2017-04,지자체,소계,광주,0
2017-04,지자체,소계,대전,0
2017-04,지자체,소계,울산,0
2017-04,지자체,소계,세종,0
2017-04,지자체,소계,강원,0
2017-04,지자체,소계,충북,0
2017-04,지자체,소계,충남,0
2017-04,지자체,소계,전북,0
2017-04,지자체,소계,전남,0
2017-04,지자체,소계,경북,0
2017-04,지자체,소계,경남,0
2017-04,지자체,소계,제주,0
2017-04,지자체,국민임대,전국,0
2017-04,지자체,국민임대,서울,0
2017-04,지자체,국민임대,인천,0
2017-04,지자체,국민임대,경기,0
2017-04,지자체,국민임대,부산,0
2017-04,지자체,국민임대,대구,0
2017-04,지자체,국민임대,광주,0
2017-04,지자체,국민임대,대전,0
2017-04,지자체,국민임대,울산,0
2017-04,지자체,국민임대,세종,0
2017-04,지자체,국민임대,강원,0
2017-04,지자체,국민임대,충북,0
2017-04,지자체,국민임대,충남,0
2017-04,지자체,국민임대,전북,0
2017-04,지자체,국민임대,전남,0
2017-04,지자체,국민임대,경북,0
2017-04,지자체,국민임대,경남,0
2017-04,지자체,국민임대,제주,0
2017-04,지자체,공공임대,전국,0
2017-04,지자체,공공임대,서울,0
2017-04,지자체,공공임대,인천,0
2017-04,지자체,공공임대,경기,0
2017-04,지자체,공공임대,부산,0
2017-04,지자체,공공임대,대구,0
2017-04,지자체,공공임대,광주,0
2017-04,지자체,공공임대,대전,0
2017-04,지자체,공공임대,울산,0
2017-04,지자체,공공임대,세종,0
2017-04,지자체,공공임대,강원,0
2017-04,지자체,공공임대,충북,0
2017-04,지자체,공공임대,충남,0
2017-04,지자체,공공임대,전북,0
2017-04,지자체,공공임대,전남,0
2017-04,지자체,공공임대,경북,0
2017-04,지자체,공공임대,경남,0
2017-04,지자체,공공임대,제주,0
2017-04,지자체,공공분양,전국,0
2017-04,지자체,공공분양,서울,0
2017-04,지자체,공공분양,인천,0
2017-04,지자체,공공분양,경기,0
2017-04,지자체,공공분양,부산,0
2017-04,지자체,공공분양,대구,0
2017-04,지자체,공공분양,광주,0
2017-04,지자체,공공분양,대전,0
2017-04,지자체,공공분양,울산,0
2017-04,지자체,공공분양,세종,0
2017-04,지자체,공공분양,강원,0
2017-04,지자체,공공분양,충북,0
2017-04,지자체,공공분양,충남,0
2017-04,지자체,공공분양,전북,0
2017-04,지자체,공공분양,전남,0
2017-04,지자체,공공분양,경북,0
2017-04,지자체,공공분양,경남,0
2017-04,지자체,공공분양,제주,0
2017-04,LH,소계,전국,7,591
2017-04,LH,소계,서울,0
2017-04,LH,소계,인천,0
2017-04,LH,소계,경기,3,168
2017-04,LH,소계,부산,652
2017-04,LH,소계,대구,0
2017-04,LH,소계,광주,521
2017-04,LH,소계,대전,0
2017-04,LH,소계,울산,0
2017-04,LH,소계,세종,0
2017-04,LH,소계,강원,0
2017-04,LH,소계,충북,924
2017-04,LH,소계,충남,0
2017-04,LH,소계,전북,0
2017-04,LH,소계,전남,0
2017-04,LH,소계,경북,0
2017-04,LH,소계,경남,2,326
2017-04,LH,소계,제주,0
2017-04,LH,국민임대,전국,4,286
2017-04,LH,국민임대,서울,0
2017-04,LH,국민임대,인천,0
2017-04,LH,국민임대,경기,2,590
2017-04,LH,국민임대,부산,0
2017-04,LH,국민임대,대구,0
2017-04,LH,국민임대,광주,0
2017-04,LH,국민임대,대전,0
2017-04,LH,국민임대,울산,0
2017-04,LH,국민임대,세종,0
2017-04,LH,국민임대,강원,0
2017-04,LH,국민임대,충북,0
2017-04,LH,국민임대,충남,0
2017-04,LH,국민임대,전북,0
2017-04,LH,국민임대,전남,0
2017-04,LH,국민임대,경북,0
2017-04,LH,국민임대,경남,1,696
2017-04,LH,국민임대,제주,0
2017-04,LH,공공임대,전국,1,502
2017-04,LH,공공임대,서울,0
2017-04,LH,공공임대,인천,0
2017-04,LH,공공임대,경기,578
2017-04,LH,공공임대,부산,0
2017-04,LH,공공임대,대구,0
2017-04,LH,공공임대,광주,0
2017-04,LH,공공임대,대전,0
2017-04,LH,공공임대,울산,0
2017-04,LH,공공임대,세종,0
2017-04,LH,공공임대,강원,0
2017-04,LH,공공임대,충북,924
2017-04,LH,공공임대,충남,0
2017-04,LH,공공임대,전북,0
2017-04,LH,공공임대,전남,0
2017-04,LH,공공임대,경북,0
2017-04,LH,공공임대,경남,0
2017-04,LH,공공임대,제주,0
2017-04,LH,공공분양,전국,1,803
2017-04,LH,공공분양,서울,0
2017-04,LH,공공분양,인천,0
2017-04,LH,공공분양,경기,0
2017-04,LH,공공분양,부산,652
2017-04,LH,공공분양,대구,0
2017-04,LH,공공분양,광주,521
2017-04,LH,공공분양,대전,0
2017-04,LH,공공분양,울산,0
2017-04,LH,공공분양,세종,0
2017-04,LH,공공분양,강원,0
2017-04,LH,공공분양,충북,0
2017-04,LH,공공분양,충남,0
2017-04,LH,공공분양,전북,0
2017-04,LH,공공분양,전남,0
2017-04,LH,공공분양,경북,0
2017-04,LH,공공분양,경남,630
2017-04,LH,공공분양,제주,0
2017-04,주택업체,소계,전국,783
2017-04,주택업체,소계,서울,0
2017-04,주택업체,소계,인천,0
2017-04,주택업체,소계,경기,446
2017-04,주택업체,소계,부산,0
2017-04,주택업체,소계,대구,0
2017-04,주택업체,소계,광주,86
2017-04,주택업체,소계,대전,0
2017-04,주택업체,소계,울산,0
2017-04,주택업체,소계,세종,0
2017-04,주택업체,소계,강원,0
2017-04,주택업체,소계,충북,251
2017-04,주택업체,소계,충남,0
2017-04,주택업체,소계,전북,0
2017-04,주택업체,소계,전남,0
2017-04,주택업체,소계,경북,0
2017-04,주택업체,소계,경남,0
2017-04,주택업체,소계,제주,0
2017-04,주택업체,국민임대,전국,0
2017-04,주택업체,국민임대,서울,0
2017-04,주택업체,국민임대,인천,0
2017-04,주택업체,국민임대,경기,0
2017-04,주택업체,국민임대,부산,0
2017-04,주택업체,국민임대,대구,0
2017-04,주택업체,국민임대,광주,0
2017-04,주택업체,국민임대,대전,0
2017-04,주택업체,국민임대,울산,0
2017-04,주택업체,국민임대,세종,0
2017-04,주택업체,국민임대,강원,0
2017-04,주택업체,국민임대,충북,0
2017-04,주택업체,국민임대,충남,0
2017-04,주택업체,국민임대,전북,0
2017-04,주택업체,국민임대,전남,0
2017-04,주택업체,국민임대,경북,0
2017-04,주택업체,국민임대,경남,0
2017-04,주택업체,국민임대,제주,0
2017-04,주택업체,공공임대,전국,783
2017-04,주택업체,공공임대,서울,0
2017-04,주택업체,공공임대,인천,0
2017-04,주택업체,공공임대,경기,446
2017-04,주택업체,공공임대,부산,0
2017-04,주택업체,공공임대,대구,0
2017-04,주택업체,공공임대,광주,86
2017-04,주택업체,공공임대,대전,0
2017-04,주택업체,공공임대,울산,0
2017-04,주택업체,공공임대,세종,0
2017-04,주택업체,공공임대,강원,0
2017-04,주택업체,공공임대,충북,251
2017-04,주택업체,공공임대,충남,0
2017-04,주택업체,공공임대,전북,0
2017-04,주택업체,공공임대,전남,0
2017-04,주택업체,공공임대,경북,0
2017-04,주택업체,공공임대,경남,0
2017-04,주택업체,공공임대,제주,0
2017-04,주택업체,공공분양,전국,0
2017-04,주택업체,공공분양,서울,0
2017-04,주택업체,공공분양,인천,0
2017-04,주택업체,공공분양,경기,0
2017-04,주택업체,공공분양,부산,0
2017-04,주택업체,공공분양,대구,0
2017-04,주택업체,공공분양,광주,0
2017-04,주택업체,공공분양,대전,0
2017-04,주택업체,공공분양,울산,0
2017-04,주택업체,공공분양,세종,0
2017-04,주택업체,공공분양,강원,0
2017-04,주택업체,공공분양,충북,0
2017-04,주택업체,공공분양,충남,0
2017-04,주택업체,공공분양,전북,0
2017-04,주택업체,공공분양,전남,0
2017-04,주택업체,공공분양,경북,0
2017-04,주택업체,공공분양,경남,0
2017-04,주택업체,공공분양,제주,0
2017-04,민간부문,소계,전국,42,206
2017-04,민간부문,소계,서울,6,786
2017-04,민간부문,소계,인천,820
2017-04,민간부문,소계,경기,6,949
2017-04,민간부문,소계,부산,2,746
2017-04,민간부문,소계,대구,172
2017-04,민간부문,소계,광주,213
2017-04,민간부문,소계,대전,2,975
2017-04,민간부문,소계,울산,982
2017-04,민간부문,소계,세종,7,515
2017-04,민간부문,소계,강원,772
2017-04,민간부문,소계,충북,1,109
2017-04,민간부문,소계,충남,1,797
2017-04,민간부문,소계,전북,781
2017-04,민간부문,소계,전남,852
2017-04,민간부문,소계,경북,640
2017-04,민간부문,소계,경남,6,127
2017-04,민간부문,소계,제주,970
2017-04,민간,민간임대,전국,0
2017-04,민간,민간임대,서울,0
2017-04,민간,민간임대,인천,0
2017-04,민간,민간임대,경기,0
2017-04,민간,민간임대,부산,0
2017-04,민간,민간임대,대구,0
2017-04,민간,민간임대,광주,0
2017-04,민간,민간임대,대전,0
2017-04,민간,민간임대,울산,0
2017-04,민간,민간임대,세종,0
2017-04,민간,민간임대,강원,0
2017-04,민간,민간임대,충북,0
2017-04,민간,민간임대,충남,0
2017-04,민간,민간임대,전북,0
2017-04,민간,민간임대,전남,0
2017-04,민간,민간임대,경북,0
2017-04,민간,민간임대,경남,0
2017-04,민간,민간임대,제주,0
2017-04,민간,민간분양,전국,42,206
2017-04,민간,민간분양,서울,6,786
2017-04,민간,민간분양,인천,820
2017-04,민간,민간분양,경기,6,949
2017-04,민간,민간분양,부산,2,746
2017-04,민간,민간분양,대구,172
2017-04,민간,민간분양,광주,213
2017-04,민간,민간분양,대전,2,975
2017-04,민간,민간분양,울산,982
2017-04,민간,민간분양,세종,7,515
2017-04,민간,민간분양,강원,772
2017-04,민간,민간분양,충북,1,109
2017-04,민간,민간분양,충남,1,797
2017-04,민간,민간분양,전북,781
2017-04,민간,민간분양,전남,852
2017-04,민간,민간분양,경북,640
2017-04,민간,민간분양,경남,6,127
2017-04,민간,민간분양,제주,970
2017-05,총계,총계,전국,37,659
2017-05,총계,총계,서울,4,880
2017-05,총계,총계,인천,834
2017-05,총계,총계,경기,15,906
2017-05,총계,총계,부산,3,900
2017-05,총계,총계,대구,281
2017-05,총계,총계,광주,528
2017-05,총계,총계,대전,301
2017-05,총계,총계,울산,455
2017-05,총계,총계,세종,42
2017-05,총계,총계,강원,481
2017-05,총계,총계,충북,365
2017-05,총계,총계,충남,1,948
2017-05,총계,총계,전북,452
2017-05,총계,총계,전남,512
2017-05,총계,총계,경북,1,326
2017-05,총계,총계,경남,4,454
2017-05,총계,총계,제주,994
2017-05,공공부문,소계,전국,11,480
2017-05,공공부문,소계,서울,0
2017-05,공공부문,소계,인천,56
2017-05,공공부문,소계,경기,8,680
2017-05,공공부문,소계,부산,1,934
2017-05,공공부문,소계,대구,0
2017-05,공공부문,소계,광주,468
2017-05,공공부문,소계,대전,0
2017-05,공공부문,소계,울산,0
2017-05,공공부문,소계,세종,0
2017-05,공공부문,소계,강원,100
2017-05,공공부문,소계,충북,0
2017-05,공공부문,소계,충남,0
2017-05,공공부문,소계,전북,0
2017-05,공공부문,소계,전남,0
2017-05,공공부문,소계,경북,0
2017-05,공공부문,소계,경남,242
2017-05,공공부문,소계,제주,0
2017-05,합,국민임대,전국,6,982
2017-05,합,국민임대,서울,0
2017-05,합,국민임대,인천,0
2017-05,합,국민임대,경기,5,048
2017-05,합,국민임대,부산,1,934
2017-05,합,국민임대,대구,0
2017-05,합,국민임대,광주,0
2017-05,합,국민임대,대전,0
2017-05,합,국민임대,울산,0
2017-05,합,국민임대,세종,0
2017-05,합,국민임대,강원,0
2017-05,합,국민임대,충북,0
2017-05,합,국민임대,충남,0
2017-05,합,국민임대,전북,0
2017-05,합,국민임대,전남,0
2017-05,합,국민임대,경북,0
2017-05,합,국민임대,경남,0
2017-05,합,국민임대,제주,0
2017-05,합,공공임대,전국,3,771
2017-05,합,공공임대,서울,0
2017-05,합,공공임대,인천,56
2017-05,합,공공임대,경기,2,905
2017-05,합,공공임대,부산,0
2017-05,합,공공임대,대구,0
2017-05,합,공공임대,광주,468
2017-05,합,공공임대,대전,0
2017-05,합,공공임대,울산,0
2017-05,합,공공임대,세종,0
2017-05,합,공공임대,강원,100
2017-05,합,공공임대,충북,0
2017-05,합,공공임대,충남,0
2017-05,합,공공임대,전북,0
2017-05,합,공공임대,전남,0
2017-05,합,공공임대,경북,0
2017-05,합,공공임대,경남,242
2017-05,합,공공임대,제주,0
2017-05,합,공공분양,전국,727
2017-05,합,공공분양,서울,0
2017-05,합,공공분양,인천,0
2017-05,합,공공분양,경기,727
2017-05,합,공공분양,부산,0
2017-05,합,공공분양,대구,0
2017-05,합,공공분양,광주,0
2017-05,합,공공분양,대전,0
2017-05,합,공공분양,울산,0
2017-05,합,공공분양,세종,0
2017-05,합,공공분양,강원,0
2017-05,합,공공분양,충북,0
2017-05,합,공공분양,충남,0
2017-05,합,공공분양,전북,0
2017-05,합,공공분양,전남,0
2017-05,합,공공분양,경북,0
2017-05,합,공공분양,경남,0
2017-05,합,공공분양,제주,0
2017-05,지자체,소계,전국,0
2017-05,지자체,소계,서울,0
2017-05,지자체,소계,인천,0
2017-05,지자체,소계,경기,0
2017-05,지자체,소계,부산,0
2017-05,지자체,소계,대구,0
2017-05,지자체,소계,광주,0
2017-05,지자체,소계,대전,0
2017-05,지자체,소계,울산,0
2017-05,지자체,소계,세종,0
2017-05,지자체,소계,강원,0
2017-05,지자체,소계,충북,0
2017-05,지자체,소계,충남,0
2017-05,지자체,소계,전북,0
2017-05,지자체,소계,전남,0
2017-05,지자체,소계,경북,0
2017-05,지자체,소계,경남,0
2017-05,지자체,소계,제주,0
2017-05,지자체,국민임대,전국,0
2017-05,지자체,국민임대,서울,0
2017-05,지자체,국민임대,인천,0
2017-05,지자체,국민임대,경기,0
2017-05,지자체,국민임대,부산,0
2017-05,지자체,국민임대,대구,0
2017-05,지자체,국민임대,광주,0
2017-05,지자체,국민임대,대전,0
2017-05,지자체,국민임대,울산,0
2017-05,지자체,국민임대,세종,0
2017-05,지자체,국민임대,강원,0
2017-05,지자체,국민임대,충북,0
2017-05,지자체,국민임대,충남,0
2017-05,지자체,국민임대,전북,0
2017-05,지자체,국민임대,전남,0
2017-05,지자체,국민임대,경북,0
2017-05,지자체,국민임대,경남,0
2017-05,지자체,국민임대,제주,0
2017-05,지자체,공공임대,전국,0
2017-05,지자체,공공임대,서울,0
2017-05,지자체,공공임대,인천,0
2017-05,지자체,공공임대,경기,0
2017-05,지자체,공공임대,부산,0
2017-05,지자체,공공임대,대구,0
2017-05,지자체,공공임대,광주,0
2017-05,지자체,공공임대,대전,0
2017-05,지자체,공공임대,울산,0
2017-05,지자체,공공임대,세종,0
2017-05,지자체,공공임대,강원,0
2017-05,지자체,공공임대,충북,0
2017-05,지자체,공공임대,충남,0
2017-05,지자체,공공임대,전북,0
2017-05,지자체,공공임대,전남,0
2017-05,지자체,공공임대,경북,0
2017-05,지자체,공공임대,경남,0
2017-05,지자체,공공임대,제주,0
2017-05,지자체,공공분양,전국,0
2017-05,지자체,공공분양,서울,0
2017-05,지자체,공공분양,인천,0
2017-05,지자체,공공분양,경기,0
2017-05,지자체,공공분양,부산,0
2017-05,지자체,공공분양,대구,0
2017-05,지자체,공공분양,광주,0
2017-05,지자체,공공분양,대전,0
2017-05,지자체,공공분양,울산,0
2017-05,지자체,공공분양,세종,0
2017-05,지자체,공공분양,강원,0
2017-05,지자체,공공분양,충북,0
2017-05,지자체,공공분양,충남,0
2017-05,지자체,공공분양,전북,0
2017-05,지자체,공공분양,전남,0
2017-05,지자체,공공분양,경북,0
2017-05,지자체,공공분양,경남,0
2017-05,지자체,공공분양,제주,0
2017-05,LH,소계,전국,10,614
2017-05,LH,소계,서울,0
2017-05,LH,소계,인천,0
2017-05,LH,소계,경기,8,680
2017-05,LH,소계,부산,1,934
2017-05,LH,소계,대구,0
2017-05,LH,소계,광주,0
2017-05,LH,소계,대전,0
2017-05,LH,소계,울산,0
2017-05,LH,소계,세종,0
2017-05,LH,소계,강원,0
2017-05,LH,소계,충북,0
2017-05,LH,소계,충남,0
2017-05,LH,소계,전북,0
2017-05,LH,소계,전남,0
2017-05,LH,소계,경북,0
2017-05,LH,소계,경남,0
2017-05,LH,소계,제주,0
2017-05,LH,국민임대,전국,6,982
2017-05,LH,국민임대,서울,0
2017-05,LH,국민임대,인천,0
2017-05,LH,국민임대,경기,5,048
2017-05,LH,국민임대,부산,1,934
2017-05,LH,국민임대,대구,0
2017-05,LH,국민임대,광주,0
2017-05,LH,국민임대,대전,0
2017-05,LH,국민임대,울산,0
2017-05,LH,국민임대,세종,0
2017-05,LH,국민임대,강원,0
2017-05,LH,국민임대,충북,0
2017-05,LH,국민임대,충남,0
2017-05,LH,국민임대,전북,0
2017-05,LH,국민임대,전남,0
2017-05,LH,국민임대,경북,0
2017-05,LH,국민임대,경남,0
2017-05,LH,국민임대,제주,0
2017-05,LH,공공임대,전국,2,905
2017-05,LH,공공임대,서울,0
2017-05,LH,공공임대,인천,0
2017-05,LH,공공임대,경기,2,905
2017-05,LH,공공임대,부산,0
2017-05,LH,공공임대,대구,0
2017-05,LH,공공임대,광주,0
2017-05,LH,공공임대,대전,0
2017-05,LH,공공임대,울산,0
2017-05,LH,공공임대,세종,0
2017-05,LH,공공임대,강원,0
2017-05,LH,공공임대,충북,0
2017-05,LH,공공임대,충남,0
2017-05,LH,공공임대,전북,0
2017-05,LH,공공임대,전남,0
2017-05,LH,공공임대,경북,0
2017-05,LH,공공임대,경남,0
2017-05,LH,공공임대,제주,0
2017-05,LH,공공분양,전국,727
2017-05,LH,공공분양,서울,0
2017-05,LH,공공분양,인천,0
2017-05,LH,공공분양,경기,727
2017-05,LH,공공분양,부산,0
2017-05,LH,공공분양,대구,0
2017-05,LH,공공분양,광주,0
2017-05,LH,공공분양,대전,0
2017-05,LH,공공분양,울산,0
2017-05,LH,공공분양,세종,0
2017-05,LH,공공분양,강원,0
2017-05,LH,공공분양,충북,0
2017-05,LH,공공분양,충남,0
2017-05,LH,공공분양,전북,0
2017-05,LH,공공분양,전남,0
2017-05,LH,공공분양,경북,0
2017-05,LH,공공분양,경남,0
2017-05,LH,공공분양,제주,0
2017-05,주택업체,소계,전국,866
2017-05,주택업체,소계,서울,0
2017-05,주택업체,소계,인천,56
2017-05,주택업체,소계,경기,0
2017-05,주택업체,소계,부산,0
2017-05,주택업체,소계,대구,0
2017-05,주택업체,소계,광주,468
2017-05,주택업체,소계,대전,0
2017-05,주택업체,소계,울산,0
2017-05,주택업체,소계,세종,0
2017-05,주택업체,소계,강원,100
2017-05,주택업체,소계,충북,0
2017-05,주택업체,소계,충남,0
2017-05,주택업체,소계,전북,0
2017-05,주택업체,소계,전남,0
2017-05,주택업체,소계,경북,0
2017-05,주택업체,소계,경남,242
2017-05,주택업체,소계,제주,0
2017-05,주택업체,국민임대,전국,0
2017-05,주택업체,국민임대,서울,0
2017-05,주택업체,국민임대,인천,0
2017-05,주택업체,국민임대,경기,0
2017-05,주택업체,국민임대,부산,0
2017-05,주택업체,국민임대,대구,0
2017-05,주택업체,국민임대,광주,0
2017-05,주택업체,국민임대,대전,0
2017-05,주택업체,국민임대,울산,0
2017-05,주택업체,국민임대,세종,0
2017-05,주택업체,국민임대,강원,0
2017-05,주택업체,국민임대,충북,0
2017-05,주택업체,국민임대,충남,0
2017-05,주택업체,국민임대,전북,0
2017-05,주택업체,국민임대,전남,0
2017-05,주택업체,국민임대,경북,0
2017-05,주택업체,국민임대,경남,0
2017-05,주택업체,국민임대,제주,0
2017-05,주택업체,공공임대,전국,866
2017-05,주택업체,공공임대,서울,0
2017-05,주택업체,공공임대,인천,56
2017-05,주택업체,공공임대,경기,0
2017-05,주택업체,공공임대,부산,0
2017-05,주택업체,공공임대,대구,0
2017-05,주택업체,공공임대,광주,468
2017-05,주택업체,공공임대,대전,0
2017-05,주택업체,공공임대,울산,0
2017-05,주택업체,공공임대,세종,0
2017-05,주택업체,공공임대,강원,100
2017-05,주택업체,공공임대,충북,0
2017-05,주택업체,공공임대,충남,0
2017-05,주택업체,공공임대,전북,0
2017-05,주택업체,공공임대,전남,0
2017-05,주택업체,공공임대,경북,0
2017-05,주택업체,공공임대,경남,242
2017-05,주택업체,공공임대,제주,0
2017-05,주택업체,공공분양,전국,0
2017-05,주택업체,공공분양,서울,0
2017-05,주택업체,공공분양,인천,0
2017-05,주택업체,공공분양,경기,0
2017-05,주택업체,공공분양,부산,0
2017-05,주택업체,공공분양,대구,0
2017-05,주택업체,공공분양,광주,0
2017-05,주택업체,공공분양,대전,0
2017-05,주택업체,공공분양,울산,0
2017-05,주택업체,공공분양,세종,0
2017-05,주택업체,공공분양,강원,0
2017-05,주택업체,공공분양,충북,0
2017-05,주택업체,공공분양,충남,0
2017-05,주택업체,공공분양,전북,0
2017-05,주택업체,공공분양,전남,0
2017-05,주택업체,공공분양,경북,0
2017-05,주택업체,공공분양,경남,0
2017-05,주택업체,공공분양,제주,0
2017-05,민간부문,소계,전국,26,179
2017-05,민간부문,소계,서울,4,880
2017-05,민간부문,소계,인천,778
2017-05,민간부문,소계,경기,7,226
2017-05,민간부문,소계,부산,1,966
2017-05,민간부문,소계,대구,281
2017-05,민간부문,소계,광주,60
2017-05,민간부문,소계,대전,301
2017-05,민간부문,소계,울산,455
2017-05,민간부문,소계,세종,42
2017-05,민간부문,소계,강원,381
2017-05,민간부문,소계,충북,365
2017-05,민간부문,소계,충남,1,948
2017-05,민간부문,소계,전북,452
2017-05,민간부문,소계,전남,512
2017-05,민간부문,소계,경북,1,326
2017-05,민간부문,소계,경남,4,212
2017-05,민간부문,소계,제주,994
2017-05,민간,민간임대,전국,0
2017-05,민간,민간임대,서울,0
2017-05,민간,민간임대,인천,0
2017-05,민간,민간임대,경기,0
2017-05,민간,민간임대,부산,0
2017-05,민간,민간임대,대구,0
2017-05,민간,민간임대,광주,0
2017-05,민간,민간임대,대전,0
2017-05,민간,민간임대,울산,0
2017-05,민간,민간임대,세종,0
2017-05,민간,민간임대,강원,0
2017-05,민간,민간임대,충북,0
2017-05,민간,민간임대,충남,0
2017-05,민간,민간임대,전북,0
2017-05,민간,민간임대,전남,0
2017-05,민간,민간임대,경북,0
2017-05,민간,민간임대,경남,0
2017-05,민간,민간임대,제주,0
2017-05,민간,민간분양,전국,26,179
2017-05,민간,민간분양,서울,4,880
2017-05,민간,민간분양,인천,778
2017-05,민간,민간분양,경기,7,226
2017-05,민간,민간분양,부산,1,966
2017-05,민간,민간분양,대구,281
2017-05,민간,민간분양,광주,60
2017-05,민간,민간분양,대전,301
2017-05,민간,민간분양,울산,455
2017-05,민간,민간분양,세종,42
2017-05,민간,민간분양,강원,381
2017-05,민간,민간분양,충북,365
2017-05,민간,민간분양,충남,1,948
2017-05,민간,민간분양,전북,452
2017-05,민간,민간분양,전남,512
2017-05,민간,민간분양,경북,1,326
2017-05,민간,민간분양,경남,4,212
2017-05,민간,민간분양,제주,994
2017-06,총계,총계,전국,53,042
2017-06,총계,총계,서울,5,598
2017-06,총계,총계,인천,1,399
2017-06,총계,총계,경기,18,182
2017-06,총계,총계,부산,2,011
2017-06,총계,총계,대구,1,928
2017-06,총계,총계,광주,2,257
2017-06,총계,총계,대전,704
2017-06,총계,총계,울산,804
2017-06,총계,총계,세종,77
2017-06,총계,총계,강원,571
2017-06,총계,총계,충북,1,794
2017-06,총계,총계,충남,1,967
2017-06,총계,총계,전북,2,296
2017-06,총계,총계,전남,978
2017-06,총계,총계,경북,7,050
2017-06,총계,총계,경남,4,231
2017-06,총계,총계,제주,1,195
2017-06,공공부문,소계,전국,5,664
2017-06,공공부문,소계,서울,71
2017-06,공공부문,소계,인천,0
2017-06,공공부문,소계,경기,3,424
2017-06,공공부문,소계,부산,0
2017-06,공공부문,소계,대구,602
2017-06,공공부문,소계,광주,1,022
2017-06,공공부문,소계,대전,0
2017-06,공공부문,소계,울산,0
2017-06,공공부문,소계,세종,47
2017-06,공공부문,소계,강원,0
2017-06,공공부문,소계,충북,498
2017-06,공공부문,소계,충남,0
2017-06,공공부문,소계,전북,0
2017-06,공공부문,소계,전남,0
2017-06,공공부문,소계,경북,0
2017-06,공공부문,소계,경남,0
2017-06,공공부문,소계,제주,0
2017-06,합,국민임대,전국,1,160
2017-06,합,국민임대,서울,0
2017-06,합,국민임대,인천,0
2017-06,합,국민임대,경기,1,160
2017-06,합,국민임대,부산,0
2017-06,합,국민임대,대구,0
2017-06,합,국민임대,광주,0
2017-06,합,국민임대,대전,0
2017-06,합,국민임대,울산,0
2017-06,합,국민임대,세종,0
2017-06,합,국민임대,강원,0
2017-06,합,국민임대,충북,0
2017-06,합,국민임대,충남,0
2017-06,합,국민임대,전북,0
2017-06,합,국민임대,전남,0
2017-06,합,국민임대,경북,0
2017-06,합,국민임대,경남,0
2017-06,합,국민임대,제주,0
2017-06,합,공공임대,전국,2,489
2017-06,합,공공임대,서울,71
2017-06,합,공공임대,인천,0
2017-06,합,공공임대,경기,851
2017-06,합,공공임대,부산,0
2017-06,합,공공임대,대구,0
2017-06,합,공공임대,광주,1,022
2017-06,합,공공임대,대전,0
2017-06,합,공공임대,울산,0
2017-06,합,공공임대,세종,47
2017-06,합,공공임대,강원,0
2017-06,합,공공임대,충북,498
2017-06,합,공공임대,충남,0
2017-06,합,공공임대,전북,0
2017-06,합,공공임대,전남,0
2017-06,합,공공임대,경북,0
2017-06,합,공공임대,경남,0
2017-06,합,공공임대,제주,0
2017-06,합,공공분양,전국,2,015
2017-06,합,공공분양,서울,0
2017-06,합,공공분양,인천,0
2017-06,합,공공분양,경기,1,413
2017-06,합,공공분양,부산,0
2017-06,합,공공분양,대구,602
2017-06,합,공공분양,광주,0
2017-06,합,공공분양,대전,0
2017-06,합,공공분양,울산,0
2017-06,합,공공분양,세종,0
2017-06,합,공공분양,강원,0
2017-06,합,공공분양,충북,0
2017-06,합,공공분양,충남,0
2017-06,합,공공분양,전북,0
2017-06,합,공공분양,전남,0
2017-06,합,공공분양,경북,0
2017-06,합,공공분양,경남,0
2017-06,합,공공분양,제주,0
2017-06,지자체,소계,전국,0
2017-06,지자체,소계,서울,0
2017-06,지자체,소계,인천,0
2017-06,지자체,소계,경기,0
2017-06,지자체,소계,부산,0
2017-06,지자체,소계,대구,0
2017-06,지자체,소계,광주,0
2017-06,지자체,소계,대전,0
2017-06,지자체,소계,울산,0
2017-06,지자체,소계,세종,0
2017-06,지자체,소계,강원,0
2017-06,지자체,소계,충북,0
2017-06,지자체,소계,충남,0
2017-06,지자체,소계,전북,0
2017-06,지자체,소계,전남,0
2017-06,지자체,소계,경북,0
2017-06,지자체,소계,경남,0
2017-06,지자체,소계,제주,0
2017-06,지자체,국민임대,전국,0
2017-06,지자체,국민임대,서울,0
2017-06,지자체,국민임대,인천,0
2017-06,지자체,국민임대,경기,0
2017-06,지자체,국민임대,부산,0
2017-06,지자체,국민임대,대구,0
2017-06,지자체,국민임대,광주,0
2017-06,지자체,국민임대,대전,0
2017-06,지자체,국민임대,울산,0
2017-06,지자체,국민임대,세종,0
2017-06,지자체,국민임대,강원,0
2017-06,지자체,국민임대,충북,0
2017-06,지자체,국민임대,충남,0
2017-06,지자체,국민임대,전북,0
2017-06,지자체,국민임대,전남,0
2017-06,지자체,국민임대,경북,0
2017-06,지자체,국민임대,경남,0
2017-06,지자체,국민임대,제주,0
2017-06,지자체,공공임대,전국,0
2017-06,지자체,공공임대,서울,0
2017-06,지자체,공공임대,인천,0
2017-06,지자체,공공임대,경기,0
2017-06,지자체,공공임대,부산,0
2017-06,지자체,공공임대,대구,0
2017-06,지자체,공공임대,광주,0
2017-06,지자체,공공임대,대전,0
2017-06,지자체,공공임대,울산,0
2017-06,지자체,공공임대,세종,0
2017-06,지자체,공공임대,강원,0
2017-06,지자체,공공임대,충북,0
2017-06,지자체,공공임대,충남,0
2017-06,지자체,공공임대,전북,0
2017-06,지자체,공공임대,전남,0
2017-06,지자체,공공임대,경북,0
2017-06,지자체,공공임대,경남,0
2017-06,지자체,공공임대,제주,0
2017-06,지자체,공공분양,전국,0
2017-06,지자체,공공분양,서울,0
2017-06,지자체,공공분양,인천,0
2017-06,지자체,공공분양,경기,0
2017-06,지자체,공공분양,부산,0
2017-06,지자체,공공분양,대구,0
2017-06,지자체,공공분양,광주,0
2017-06,지자체,공공분양,대전,0
2017-06,지자체,공공분양,울산,0
2017-06,지자체,공공분양,세종,0
2017-06,지자체,공공분양,강원,0
2017-06,지자체,공공분양,충북,0
2017-06,지자체,공공분양,충남,0
2017-06,지자체,공공분양,전북,0
2017-06,지자체,공공분양,전남,0
2017-06,지자체,공공분양,경북,0
2017-06,지자체,공공분양,경남,0
2017-06,지자체,공공분양,제주,0
2017-06,LH,소계,전국,3,695
2017-06,LH,소계,서울,60
2017-06,LH,소계,인천,0
2017-06,LH,소계,경기,2,011
2017-06,LH,소계,부산,0
2017-06,LH,소계,대구,602
2017-06,LH,소계,광주,1,022
2017-06,LH,소계,대전,0
2017-06,LH,소계,울산,0
2017-06,LH,소계,세종,0
2017-06,LH,소계,강원,0
2017-06,LH,소계,충북,0
2017-06,LH,소계,충남,0
2017-06,LH,소계,전북,0
2017-06,LH,소계,전남,0
2017-06,LH,소계,경북,0
2017-06,LH,소계,경남,0
2017-06,LH,소계,제주,0
2017-06,LH,국민임대,전국,1,160
2017-06,LH,국민임대,서울,0
2017-06,LH,국민임대,인천,0
2017-06,LH,국민임대,경기,1,160
2017-06,LH,국민임대,부산,0
2017-06,LH,국민임대,대구,0
2017-06,LH,국민임대,광주,0
2017-06,LH,국민임대,대전,0
2017-06,LH,국민임대,울산,0
2017-06,LH,국민임대,세종,0
2017-06,LH,국민임대,강원,0
2017-06,LH,국민임대,충북,0
2017-06,LH,국민임대,충남,0
2017-06,LH,국민임대,전북,0
2017-06,LH,국민임대,전남,0
2017-06,LH,국민임대,경북,0
2017-06,LH,국민임대,경남,0
2017-06,LH,국민임대,제주,0
2017-06,LH,공공임대,전국,1,933
2017-06,LH,공공임대,서울,60
2017-06,LH,공공임대,인천,0
2017-06,LH,공공임대,경기,851
2017-06,LH,공공임대,부산,0
2017-06,LH,공공임대,대구,0
2017-06,LH,공공임대,광주,1,022
2017-06,LH,공공임대,대전,0
2017-06,LH,공공임대,울산,0
2017-06,LH,공공임대,세종,0
2017-06,LH,공공임대,강원,0
2017-06,LH,공공임대,충북,0
2017-06,LH,공공임대,충남,0
2017-06,LH,공공임대,전북,0
2017-06,LH,공공임대,전남,0
2017-06,LH,공공임대,경북,0
2017-06,LH,공공임대,경남,0
2017-06,LH,공공임대,제주,0
2017-06,LH,공공분양,전국,602
2017-06,LH,공공분양,서울,0
2017-06,LH,공공분양,인천,0
2017-06,LH,공공분양,경기,0
2017-06,LH,공공분양,부산,0
2017-06,LH,공공분양,대구,602
2017-06,LH,공공분양,광주,0
2017-06,LH,공공분양,대전,0
2017-06,LH,공공분양,울산,0
2017-06,LH,공공분양,세종,0
2017-06,LH,공공분양,강원,0
2017-06,LH,공공분양,충북,0
2017-06,LH,공공분양,충남,0
2017-06,LH,공공분양,전북,0
2017-06,LH,공공분양,전남,0
2017-06,LH,공공분양,경북,0
2017-06,LH,공공분양,경남,0
2017-06,LH,공공분양,제주,0
2017-06,주택업체,소계,전국,1,969
2017-06,주택업체,소계,서울,11
2017-06,주택업체,소계,인천,0
2017-06,주택업체,소계,경기,1,413
2017-06,주택업체,소계,부산,0
2017-06,주택업체,소계,대구,0
2017-06,주택업체,소계,광주,0
2017-06,주택업체,소계,대전,0
2017-06,주택업체,소계,울산,0
2017-06,주택업체,소계,세종,47
2017-06,주택업체,소계,강원,0
2017-06,주택업체,소계,충북,498
2017-06,주택업체,소계,충남,0
2017-06,주택업체,소계,전북,0
2017-06,주택업체,소계,전남,0
2017-06,주택업체,소계,경북,0
2017-06,주택업체,소계,경남,0
2017-06,주택업체,소계,제주,0
2017-06,주택업체,국민임대,전국,0
2017-06,주택업체,국민임대,서울,0
2017-06,주택업체,국민임대,인천,0
2017-06,주택업체,국민임대,경기,0
2017-06,주택업체,국민임대,부산,0
2017-06,주택업체,국민임대,대구,0
2017-06,주택업체,국민임대,광주,0
2017-06,주택업체,국민임대,대전,0
2017-06,주택업체,국민임대,울산,0
2017-06,주택업체,국민임대,세종,0
2017-06,주택업체,국민임대,강원,0
2017-06,주택업체,국민임대,충북,0
2017-06,주택업체,국민임대,충남,0
2017-06,주택업체,국민임대,전북,0
2017-06,주택업체,국민임대,전남,0
2017-06,주택업체,국민임대,경북,0
2017-06,주택업체,국민임대,경남,0
2017-06,주택업체,국민임대,제주,0
2017-06,주택업체,공공임대,전국,556
2017-06,주택업체,공공임대,서울,11
2017-06,주택업체,공공임대,인천,0
2017-06,주택업체,공공임대,경기,0
2017-06,주택업체,공공임대,부산,0
2017-06,주택업체,공공임대,대구,0
2017-06,주택업체,공공임대,광주,0
2017-06,주택업체,공공임대,대전,0
2017-06,주택업체,공공임대,울산,0
2017-06,주택업체,공공임대,세종,47
2017-06,주택업체,공공임대,강원,0
2017-06,주택업체,공공임대,충북,498
2017-06,주택업체,공공임대,충남,0
2017-06,주택업체,공공임대,전북,0
2017-06,주택업체,공공임대,전남,0
2017-06,주택업체,공공임대,경북,0
2017-06,주택업체,공공임대,경남,0
2017-06,주택업체,공공임대,제주,0
2017-06,주택업체,공공분양,전국,1,413
2017-06,주택업체,공공분양,서울,0
2017-06,주택업체,공공분양,인천,0
2017-06,주택업체,공공분양,경기,1,413
2017-06,주택업체,공공분양,부산,0
2017-06,주택업체,공공분양,대구,0
2017-06,주택업체,공공분양,광주,0
2017-06,주택업체,공공분양,대전,0
2017-06,주택업체,공공분양,울산,0
2017-06,주택업체,공공분양,세종,0
2017-06,주택업체,공공분양,강원,0
2017-06,주택업체,공공분양,충북,0
2017-06,주택업체,공공분양,충남,0
2017-06,주택업체,공공분양,전북,0
2017-06,주택업체,공공분양,전남,0
2017-06,주택업체,공공분양,경북,0
2017-06,주택업체,공공분양,경남,0
2017-06,주택업체,공공분양,제주,0
2017-06,민간부문,소계,전국,47,378
2017-06,민간부문,소계,서울,5,527
2017-06,민간부문,소계,인천,1,399
2017-06,민간부문,소계,경기,14,758
2017-06,민간부문,소계,부산,2,011
2017-06,민간부문,소계,대구,1,326
2017-06,민간부문,소계,광주,1,235
2017-06,민간부문,소계,대전,704
2017-06,민간부문,소계,울산,804
2017-06,민간부문,소계,세종,30
2017-06,민간부문,소계,강원,571
2017-06,민간부문,소계,충북,1,296
2017-06,민간부문,소계,충남,1,967
2017-06,민간부문,소계,전북,2,296
2017-06,민간부문,소계,전남,978
2017-06,민간부문,소계,경북,7,050
2017-06,민간부문,소계,경남,4,231
2017-06,민간부문,소계,제주,1,195
2017-06,민간,민간임대,전국,293
2017-06,민간,민간임대,서울,293
2017-06,민간,민간임대,인천,0
2017-06,민간,민간임대,경기,0
2017-06,민간,민간임대,부산,0
2017-06,민간,민간임대,대구,0
2017-06,민간,민간임대,광주,0
2017-06,민간,민간임대,대전,0
2017-06,민간,민간임대,울산,0
2017-06,민간,민간임대,세종,0
2017-06,민간,민간임대,강원,0
2017-06,민간,민간임대,충북,0
2017-06,민간,민간임대,충남,0
2017-06,민간,민간임대,전북,0
2017-06,민간,민간임대,전남,0
2017-06,민간,민간임대,경북,0
2017-06,민간,민간임대,경남,0
2017-06,민간,민간임대,제주,0
2017-06,민간,민간분양,전국,47,085
2017-06,민간,민간분양,서울,5,234
2017-06,민간,민간분양,인천,1,399
2017-06,민간,민간분양,경기,14,758
2017-06,민간,민간분양,부산,2,011
2017-06,민간,민간분양,대구,1,326
2017-06,민간,민간분양,광주,1,235
2017-06,민간,민간분양,대전,704
2017-06,민간,민간분양,울산,804
2017-06,민간,민간분양,세종,30
2017-06,민간,민간분양,강원,571
2017-06,민간,민간분양,충북,1,296
2017-06,민간,민간분양,충남,1,967
2017-06,민간,민간분양,전북,2,296
2017-06,민간,민간분양,전남,978
2017-06,민간,민간분양,경북,7,050
2017-06,민간,민간분양,경남,4,231
2017-06,민간,민간분양,제주,1,195
2017-07,총계,총계,전국,59,347
2017-07,총계,총계,서울,6,540
2017-07,총계,총계,인천,2,417
2017-07,총계,총계,경기,18,434
2017-07,총계,총계,부산,3,032
2017-07,총계,총계,대구,5,934
2017-07,총계,총계,광주,757
2017-07,총계,총계,대전,961
2017-07,총계,총계,울산,172
2017-07,총계,총계,세종,3,229
2017-07,총계,총계,강원,743
2017-07,총계,총계,충북,1,510
2017-07,총계,총계,충남,4,219
2017-07,총계,총계,전북,599
2017-07,총계,총계,전남,559
2017-07,총계,총계,경북,3,728
2017-07,총계,총계,경남,5,484
2017-07,총계,총계,제주,1,029
2017-07,공공부문,소계,전국,11,881
2017-07,공공부문,소계,서울,496
2017-07,공공부문,소계,인천,835
2017-07,공공부문,소계,경기,4,529
2017-07,공공부문,소계,부산,14
2017-07,공공부문,소계,대구,2,502
2017-07,공공부문,소계,광주,0
2017-07,공공부문,소계,대전,819
2017-07,공공부문,소계,울산,0
2017-07,공공부문,소계,세종,2,686
2017-07,공공부문,소계,강원,0
2017-07,공공부문,소계,충북,0
2017-07,공공부문,소계,충남,0
2017-07,공공부문,소계,전북,0
2017-07,공공부문,소계,전남,0
2017-07,공공부문,소계,경북,0
2017-07,공공부문,소계,경남,0
2017-07,공공부문,소계,제주,0
2017-07,합,국민임대,전국,0
2017-07,합,국민임대,서울,0
2017-07,합,국민임대,인천,0
2017-07,합,국민임대,경기,0
2017-07,합,국민임대,부산,0
2017-07,합,국민임대,대구,0
2017-07,합,국민임대,광주,0
2017-07,합,국민임대,대전,0
2017-07,합,국민임대,울산,0
2017-07,합,국민임대,세종,0
2017-07,합,국민임대,강원,0
2017-07,합,국민임대,충북,0
2017-07,합,국민임대,충남,0
2017-07,합,국민임대,전북,0
2017-07,합,국민임대,전남,0
2017-07,합,국민임대,경북,0
2017-07,합,국민임대,경남,0
2017-07,합,국민임대,제주,0
2017-07,합,공공임대,전국,6,433
2017-07,합,공공임대,서울,496
2017-07,합,공공임대,인천,0
2017-07,합,공공임대,경기,3,511
2017-07,합,공공임대,부산,14
2017-07,합,공공임대,대구,1,248
2017-07,합,공공임대,광주,0
2017-07,합,공공임대,대전,0
2017-07,합,공공임대,울산,0
2017-07,합,공공임대,세종,1,164
2017-07,합,공공임대,강원,0
2017-07,합,공공임대,충북,0
2017-07,합,공공임대,충남,0
2017-07,합,공공임대,전북,0
2017-07,합,공공임대,전남,0
2017-07,합,공공임대,경북,0
2017-07,합,공공임대,경남,0
2017-07,합,공공임대,제주,0
2017-07,합,공공분양,전국,5,448
2017-07,합,공공분양,서울,0
2017-07,합,공공분양,인천,835
2017-07,합,공공분양,경기,1,018
2017-07,합,공공분양,부산,0
2017-07,합,공공분양,대구,1,254
2017-07,합,공공분양,광주,0
2017-07,합,공공분양,대전,819
2017-07,합,공공분양,울산,0
2017-07,합,공공분양,세종,1,522
2017-07,합,공공분양,강원,0
2017-07,합,공공분양,충북,0
2017-07,합,공공분양,충남,0
2017-07,합,공공분양,전북,0
2017-07,합,공공분양,전남,0
2017-07,합,공공분양,경북,0
2017-07,합,공공분양,경남,0
2017-07,합,공공분양,제주,0
2017-07,지자체,소계,전국,0
2017-07,지자체,소계,서울,0
2017-07,지자체,소계,인천,0
2017-07,지자체,소계,경기,0
2017-07,지자체,소계,부산,0
2017-07,지자체,소계,대구,0
2017-07,지자체,소계,광주,0
2017-07,지자체,소계,대전,0
2017-07,지자체,소계,울산,0
2017-07,지자체,소계,세종,0
2017-07,지자체,소계,강원,0
2017-07,지자체,소계,충북,0
2017-07,지자체,소계,충남,0
2017-07,지자체,소계,전북,0
2017-07,지자체,소계,전남,0
2017-07,지자체,소계,경북,0
2017-07,지자체,소계,경남,0
2017-07,지자체,소계,제주,0
2017-07,지자체,국민임대,전국,0
2017-07,지자체,국민임대,서울,0
2017-07,지자체,국민임대,인천,0
2017-07,지자체,국민임대,경기,0
2017-07,지자체,국민임대,부산,0
2017-07,지자체,국민임대,대구,0
2017-07,지자체,국민임대,광주,0
2017-07,지자체,국민임대,대전,0
2017-07,지자체,국민임대,울산,0
2017-07,지자체,국민임대,세종,0
2017-07,지자체,국민임대,강원,0
2017-07,지자체,국민임대,충북,0
2017-07,지자체,국민임대,충남,0
2017-07,지자체,국민임대,전북,0
2017-07,지자체,국민임대,전남,0
2017-07,지자체,국민임대,경북,0
2017-07,지자체,국민임대,경남,0
2017-07,지자체,국민임대,제주,0
2017-07,지자체,공공임대,전국,0
2017-07,지자체,공공임대,서울,0
2017-07,지자체,공공임대,인천,0
2017-07,지자체,공공임대,경기,0
2017-07,지자체,공공임대,부산,0
2017-07,지자체,공공임대,대구,0
2017-07,지자체,공공임대,광주,0
2017-07,지자체,공공임대,대전,0
2017-07,지자체,공공임대,울산,0
2017-07,지자체,공공임대,세종,0
2017-07,지자체,공공임대,강원,0
2017-07,지자체,공공임대,충북,0
2017-07,지자체,공공임대,충남,0
2017-07,지자체,공공임대,전북,0
2017-07,지자체,공공임대,전남,0
2017-07,지자체,공공임대,경북,0
2017-07,지자체,공공임대,경남,0
2017-07,지자체,공공임대,제주,0
2017-07,지자체,공공분양,전국,0
2017-07,지자체,공공분양,서울,0
2017-07,지자체,공공분양,인천,0
2017-07,지자체,공공분양,경기,0
2017-07,지자체,공공분양,부산,0
2017-07,지자체,공공분양,대구,0
2017-07,지자체,공공분양,광주,0
2017-07,지자체,공공분양,대전,0
2017-07,지자체,공공분양,울산,0
2017-07,지자체,공공분양,세종,0
2017-07,지자체,공공분양,강원,0
2017-07,지자체,공공분양,충북,0
2017-07,지자체,공공분양,충남,0
2017-07,지자체,공공분양,전북,0
2017-07,지자체,공공분양,전남,0
2017-07,지자체,공공분양,경북,0
2017-07,지자체,공공분양,경남,0
2017-07,지자체,공공분양,제주,0
2017-07,LH,소계,전국,9,637
2017-07,LH,소계,서울,0
2017-07,LH,소계,인천,835
2017-07,LH,소계,경기,2,781
2017-07,LH,소계,부산,14
2017-07,LH,소계,대구,2,502
2017-07,LH,소계,광주,0
2017-07,LH,소계,대전,819
2017-07,LH,소계,울산,0
2017-07,LH,소계,세종,2,686
2017-07,LH,소계,강원,0
2017-07,LH,소계,충북,0
2017-07,LH,소계,충남,0
2017-07,LH,소계,전북,0
2017-07,LH,소계,전남,0
2017-07,LH,소계,경북,0
2017-07,LH,소계,경남,0
2017-07,LH,소계,제주,0
2017-07,LH,국민임대,전국,0
2017-07,LH,국민임대,서울,0
2017-07,LH,국민임대,인천,0
2017-07,LH,국민임대,경기,0
2017-07,LH,국민임대,부산,0
2017-07,LH,국민임대,대구,0
2017-07,LH,국민임대,광주,0
2017-07,LH,국민임대,대전,0
2017-07,LH,국민임대,울산,0
2017-07,LH,국민임대,세종,0
2017-07,LH,국민임대,강원,0
2017-07,LH,국민임대,충북,0
2017-07,LH,국민임대,충남,0
2017-07,LH,국민임대,전북,0
2017-07,LH,국민임대,전남,0
2017-07,LH,국민임대,경북,0
2017-07,LH,국민임대,경남,0
2017-07,LH,국민임대,제주,0
2017-07,LH,공공임대,전국,4,189
2017-07,LH,공공임대,서울,0
2017-07,LH,공공임대,인천,0
2017-07,LH,공공임대,경기,1,763
2017-07,LH,공공임대,부산,14
2017-07,LH,공공임대,대구,1,248
2017-07,LH,공공임대,광주,0
2017-07,LH,공공임대,대전,0
2017-07,LH,공공임대,울산,0
2017-07,LH,공공임대,세종,1,164
2017-07,LH,공공임대,강원,0
2017-07,LH,공공임대,충북,0
2017-07,LH,공공임대,충남,0
2017-07,LH,공공임대,전북,0
2017-07,LH,공공임대,전남,0
2017-07,LH,공공임대,경북,0
2017-07,LH,공공임대,경남,0
2017-07,LH,공공임대,제주,0
2017-07,LH,공공분양,전국,5,448
2017-07,LH,공공분양,서울,0
2017-07,LH,공공분양,인천,835
2017-07,LH,공공분양,경기,1,018
2017-07,LH,공공분양,부산,0
2017-07,LH,공공분양,대구,1,254
2017-07,LH,공공분양,광주,0
2017-07,LH,공공분양,대전,819
2017-07,LH,공공분양,울산,0
2017-07,LH,공공분양,세종,1,522
2017-07,LH,공공분양,강원,0
2017-07,LH,공공분양,충북,0
2017-07,LH,공공분양,충남,0
2017-07,LH,공공분양,전북,0
2017-07,LH,공공분양,전남,0
2017-07,LH,공공분양,경북,0
2017-07,LH,공공분양,경남,0
2017-07,LH,공공분양,제주,0
2017-07,주택업체,소계,전국,2,244
2017-07,주택업체,소계,서울,496
2017-07,주택업체,소계,인천,0
2017-07,주택업체,소계,경기,1,748
2017-07,주택업체,소계,부산,0
2017-07,주택업체,소계,대구,0
2017-07,주택업체,소계,광주,0
2017-07,주택업체,소계,대전,0
2017-07,주택업체,소계,울산,0
2017-07,주택업체,소계,세종,0
2017-07,주택업체,소계,강원,0
2017-07,주택업체,소계,충북,0
2017-07,주택업체,소계,충남,0
2017-07,주택업체,소계,전북,0
2017-07,주택업체,소계,전남,0
2017-07,주택업체,소계,경북,0
2017-07,주택업체,소계,경남,0
2017-07,주택업체,소계,제주,0
2017-07,주택업체,국민임대,전국,0
2017-07,주택업체,국민임대,서울,0
2017-07,주택업체,국민임대,인천,0
2017-07,주택업체,국민임대,경기,0
2017-07,주택업체,국민임대,부산,0
2017-07,주택업체,국민임대,대구,0
2017-07,주택업체,국민임대,광주,0
2017-07,주택업체,국민임대,대전,0
2017-07,주택업체,국민임대,울산,0
2017-07,주택업체,국민임대,세종,0
2017-07,주택업체,국민임대,강원,0
2017-07,주택업체,국민임대,충북,0
2017-07,주택업체,국민임대,충남,0
2017-07,주택업체,국민임대,전북,0
2017-07,주택업체,국민임대,전남,0
2017-07,주택업체,국민임대,경북,0
2017-07,주택업체,국민임대,경남,0
2017-07,주택업체,국민임대,제주,0
2017-07,주택업체,공공임대,전국,2,244
2017-07,주택업체,공공임대,서울,496
2017-07,주택업체,공공임대,인천,0
2017-07,주택업체,공공임대,경기,1,748
2017-07,주택업체,공공임대,부산,0
2017-07,주택업체,공공임대,대구,0
2017-07,주택업체,공공임대,광주,0
2017-07,주택업체,공공임대,대전,0
2017-07,주택업체,공공임대,울산,0
2017-07,주택업체,공공임대,세종,0
2017-07,주택업체,공공임대,강원,0
2017-07,주택업체,공공임대,충북,0
2017-07,주택업체,공공임대,충남,0
2017-07,주택업체,공공임대,전북,0
2017-07,주택업체,공공임대,전남,0
2017-07,주택업체,공공임대,경북,0
2017-07,주택업체,공공임대,경남,0
2017-07,주택업체,공공임대,제주,0
2017-07,주택업체,공공분양,전국,0
2017-07,주택업체,공공분양,서울,0
2017-07,주택업체,공공분양,인천,0
2017-07,주택업체,공공분양,경기,0
2017-07,주택업체,공공분양,부산,0
2017-07,주택업체,공공분양,대구,0
2017-07,주택업체,공공분양,광주,0
2017-07,주택업체,공공분양,대전,0
2017-07,주택업체,공공분양,울산,0
2017-07,주택업체,공공분양,세종,0
2017-07,주택업체,공공분양,강원,0
2017-07,주택업체,공공분양,충북,0
2017-07,주택업체,공공분양,충남,0
2017-07,주택업체,공공분양,전북,0
2017-07,주택업체,공공분양,전남,0
2017-07,주택업체,공공분양,경북,0
2017-07,주택업체,공공분양,경남,0
2017-07,주택업체,공공분양,제주,0
2017-07,민간부문,소계,전국,47,466
2017-07,민간부문,소계,서울,6,044
2017-07,민간부문,소계,인천,1,582
2017-07,민간부문,소계,경기,13,905
2017-07,민간부문,소계,부산,3,018
2017-07,민간부문,소계,대구,3,432
2017-07,민간부문,소계,광주,757
2017-07,민간부문,소계,대전,142
2017-07,민간부문,소계,울산,172
2017-07,민간부문,소계,세종,543
2017-07,민간부문,소계,강원,743
2017-07,민간부문,소계,충북,1,510
2017-07,민간부문,소계,충남,4,219
2017-07,민간부문,소계,전북,599
2017-07,민간부문,소계,전남,559
2017-07,민간부문,소계,경북,3,728
2017-07,민간부문,소계,경남,5,484
2017-07,민간부문,소계,제주,1,029
2017-07,민간,민간임대,전국,299
2017-07,민간,민간임대,서울,0
2017-07,민간,민간임대,인천,0
2017-07,민간,민간임대,경기,299
2017-07,민간,민간임대,부산,0
2017-07,민간,민간임대,대구,0
2017-07,민간,민간임대,광주,0
2017-07,민간,민간임대,대전,0
2017-07,민간,민간임대,울산,0
2017-07,민간,민간임대,세종,0
2017-07,민간,민간임대,강원,0
2017-07,민간,민간임대,충북,0
2017-07,민간,민간임대,충남,0
2017-07,민간,민간임대,전북,0
2017-07,민간,민간임대,전남,0
2017-07,민간,민간임대,경북,0
2017-07,민간,민간임대,경남,0
2017-07,민간,민간임대,제주,0
2017-07,민간,민간분양,전국,47,167
2017-07,민간,민간분양,서울,6,044
2017-07,민간,민간분양,인천,1,582
2017-07,민간,민간분양,경기,13,606
2017-07,민간,민간분양,부산,3,018
2017-07,민간,민간분양,대구,3,432
2017-07,민간,민간분양,광주,757
2017-07,민간,민간분양,대전,142
2017-07,민간,민간분양,울산,172
2017-07,민간,민간분양,세종,543
2017-07,민간,민간분양,강원,743
2017-07,민간,민간분양,충북,1,510
2017-07,민간,민간분양,충남,4,219
2017-07,민간,민간분양,전북,599
2017-07,민간,민간분양,전남,559
2017-07,민간,민간분양,경북,3,728
2017-07,민간,민간분양,경남,5,484
2017-07,민간,민간분양,제주,1,029
2017-08,총계,총계,전국,51,314
2017-08,총계,총계,서울,7,842
2017-08,총계,총계,인천,1,609
2017-08,총계,총계,경기,20,141
2017-08,총계,총계,부산,2,032
2017-08,총계,총계,대구,947
2017-08,총계,총계,광주,848
2017-08,총계,총계,대전,97
2017-08,총계,총계,울산,1,215
2017-08,총계,총계,세종,32
2017-08,총계,총계,강원,873
2017-08,총계,총계,충북,1,632
2017-08,총계,총계,충남,3,342
2017-08,총계,총계,전북,505
2017-08,총계,총계,전남,1,499
2017-08,총계,총계,경북,5,020
2017-08,총계,총계,경남,1,775
2017-08,총계,총계,제주,1,905
2017-08,공공부문,소계,전국,3,846
2017-08,공공부문,소계,서울,319
2017-08,공공부문,소계,인천,140
2017-08,공공부문,소계,경기,2,267
2017-08,공공부문,소계,부산,0
2017-08,공공부문,소계,대구,572
2017-08,공공부문,소계,광주,0
2017-08,공공부문,소계,대전,0
2017-08,공공부문,소계,울산,0
2017-08,공공부문,소계,세종,0
2017-08,공공부문,소계,강원,0
2017-08,공공부문,소계,충북,0
2017-08,공공부문,소계,충남,0
2017-08,공공부문,소계,전북,0
2017-08,공공부문,소계,전남,0
2017-08,공공부문,소계,경북,0
2017-08,공공부문,소계,경남,0
2017-08,공공부문,소계,제주,548
2017-08,합,국민임대,전국,319
2017-08,합,국민임대,서울,319
2017-08,합,국민임대,인천,0
2017-08,합,국민임대,경기,0
2017-08,합,국민임대,부산,0
2017-08,합,국민임대,대구,0
2017-08,합,국민임대,광주,0
2017-08,합,국민임대,대전,0
2017-08,합,국민임대,울산,0
2017-08,합,국민임대,세종,0
2017-08,합,국민임대,강원,0
2017-08,합,국민임대,충북,0
2017-08,합,국민임대,충남,0
2017-08,합,국민임대,전북,0
2017-08,합,국민임대,전남,0
2017-08,합,국민임대,경북,0
2017-08,합,국민임대,경남,0
2017-08,합,국민임대,제주,0
2017-08,합,공공임대,전국,2,535
2017-08,합,공공임대,서울,0
2017-08,합,공공임대,인천,140
2017-08,합,공공임대,경기,1,847
2017-08,합,공공임대,부산,0
2017-08,합,공공임대,대구,0
2017-08,합,공공임대,광주,0
2017-08,합,공공임대,대전,0
2017-08,합,공공임대,울산,0
2017-08,합,공공임대,세종,0
2017-08,합,공공임대,강원,0
2017-08,합,공공임대,충북,0
2017-08,합,공공임대,충남,0
2017-08,합,공공임대,전북,0
2017-08,합,공공임대,전남,0
2017-08,합,공공임대,경북,0
2017-08,합,공공임대,경남,0
2017-08,합,공공임대,제주,548
2017-08,합,공공분양,전국,992
2017-08,합,공공분양,서울,0
2017-08,합,공공분양,인천,0
2017-08,합,공공분양,경기,420
2017-08,합,공공분양,부산,0
2017-08,합,공공분양,대구,572
2017-08,합,공공분양,광주,0
2017-08,합,공공분양,대전,0
2017-08,합,공공분양,울산,0
2017-08,합,공공분양,세종,0
2017-08,합,공공분양,강원,0
2017-08,합,공공분양,충북,0
2017-08,합,공공분양,충남,0
2017-08,합,공공분양,전북,0
2017-08,합,공공분양,전남,0
2017-08,합,공공분양,경북,0
2017-08,합,공공분양,경남,0
2017-08,합,공공분양,제주,0
2017-08,지자체,소계,전국,0
2017-08,지자체,소계,서울,0
2017-08,지자체,소계,인천,0
2017-08,지자체,소계,경기,0
2017-08,지자체,소계,부산,0
2017-08,지자체,소계,대구,0
2017-08,지자체,소계,광주,0
2017-08,지자체,소계,대전,0
2017-08,지자체,소계,울산,0
2017-08,지자체,소계,세종,0
2017-08,지자체,소계,강원,0
2017-08,지자체,소계,충북,0
2017-08,지자체,소계,충남,0
2017-08,지자체,소계,전북,0
2017-08,지자체,소계,전남,0
2017-08,지자체,소계,경북,0
2017-08,지자체,소계,경남,0
2017-08,지자체,소계,제주,0
2017-08,지자체,국민임대,전국,0
2017-08,지자체,국민임대,서울,0
2017-08,지자체,국민임대,인천,0
2017-08,지자체,국민임대,경기,0
2017-08,지자체,국민임대,부산,0
2017-08,지자체,국민임대,대구,0
2017-08,지자체,국민임대,광주,0
2017-08,지자체,국민임대,대전,0
2017-08,지자체,국민임대,울산,0
2017-08,지자체,국민임대,세종,0
2017-08,지자체,국민임대,강원,0
2017-08,지자체,국민임대,충북,0
2017-08,지자체,국민임대,충남,0
2017-08,지자체,국민임대,전북,0
2017-08,지자체,국민임대,전남,0
2017-08,지자체,국민임대,경북,0
2017-08,지자체,국민임대,경남,0
2017-08,지자체,국민임대,제주,0
2017-08,지자체,공공임대,전국,0
2017-08,지자체,공공임대,서울,0
2017-08,지자체,공공임대,인천,0
2017-08,지자체,공공임대,경기,0
2017-08,지자체,공공임대,부산,0
2017-08,지자체,공공임대,대구,0
2017-08,지자체,공공임대,광주,0
2017-08,지자체,공공임대,대전,0
2017-08,지자체,공공임대,울산,0
2017-08,지자체,공공임대,세종,0
2017-08,지자체,공공임대,강원,0
2017-08,지자체,공공임대,충북,0
2017-08,지자체,공공임대,충남,0
2017-08,지자체,공공임대,전북,0
2017-08,지자체,공공임대,전남,0
2017-08,지자체,공공임대,경북,0
2017-08,지자체,공공임대,경남,0
2017-08,지자체,공공임대,제주,0
2017-08,지자체,공공분양,전국,0
2017-08,지자체,공공분양,서울,0
2017-08,지자체,공공분양,인천,0
2017-08,지자체,공공분양,경기,0
2017-08,지자체,공공분양,부산,0
2017-08,지자체,공공분양,대구,0
2017-08,지자체,공공분양,광주,0
2017-08,지자체,공공분양,대전,0
2017-08,지자체,공공분양,울산,0
2017-08,지자체,공공분양,세종,0
2017-08,지자체,공공분양,강원,0
2017-08,지자체,공공분양,충북,0
2017-08,지자체,공공분양,충남,0
2017-08,지자체,공공분양,전북,0
2017-08,지자체,공공분양,전남,0
2017-08,지자체,공공분양,경북,0
2017-08,지자체,공공분양,경남,0
2017-08,지자체,공공분양,제주,0
2017-08,LH,소계,전국,2,559
2017-08,LH,소계,서울,0
2017-08,LH,소계,인천,140
2017-08,LH,소계,경기,1,847
2017-08,LH,소계,부산,0
2017-08,LH,소계,대구,572
2017-08,LH,소계,광주,0
2017-08,LH,소계,대전,0
2017-08,LH,소계,울산,0
2017-08,LH,소계,세종,0
2017-08,LH,소계,강원,0
2017-08,LH,소계,충북,0
2017-08,LH,소계,충남,0
2017-08,LH,소계,전북,0
2017-08,LH,소계,전남,0
2017-08,LH,소계,경북,0
2017-08,LH,소계,경남,0
2017-08,LH,소계,제주,0
2017-08,LH,국민임대,전국,0
2017-08,LH,국민임대,서울,0
2017-08,LH,국민임대,인천,0
2017-08,LH,국민임대,경기,0
2017-08,LH,국민임대,부산,0
2017-08,LH,국민임대,대구,0
2017-08,LH,국민임대,광주,0
2017-08,LH,국민임대,대전,0
2017-08,LH,국민임대,울산,0
2017-08,LH,국민임대,세종,0
2017-08,LH,국민임대,강원,0
2017-08,LH,국민임대,충북,0
2017-08,LH,국민임대,충남,0
2017-08,LH,국민임대,전북,0
2017-08,LH,국민임대,전남,0
2017-08,LH,국민임대,경북,0
2017-08,LH,국민임대,경남,0
2017-08,LH,국민임대,제주,0
2017-08,LH,공공임대,전국,1,987
2017-08,LH,공공임대,서울,0
2017-08,LH,공공임대,인천,140
2017-08,LH,공공임대,경기,1,847
2017-08,LH,공공임대,부산,0
2017-08,LH,공공임대,대구,0
2017-08,LH,공공임대,광주,0
2017-08,LH,공공임대,대전,0
2017-08,LH,공공임대,울산,0
2017-08,LH,공공임대,세종,0
2017-08,LH,공공임대,강원,0
2017-08,LH,공공임대,충북,0
2017-08,LH,공공임대,충남,0
2017-08,LH,공공임대,전북,0
2017-08,LH,공공임대,전남,0
2017-08,LH,공공임대,경북,0
2017-08,LH,공공임대,경남,0
2017-08,LH,공공임대,제주,0
2017-08,LH,공공분양,전국,572
2017-08,LH,공공분양,서울,0
2017-08,LH,공공분양,인천,0
2017-08,LH,공공분양,경기,0
2017-08,LH,공공분양,부산,0
2017-08,LH,공공분양,대구,572
2017-08,LH,공공분양,광주,0
2017-08,LH,공공분양,대전,0
2017-08,LH,공공분양,울산,0
2017-08,LH,공공분양,세종,0
2017-08,LH,공공분양,강원,0
2017-08,LH,공공분양,충북,0
2017-08,LH,공공분양,충남,0
2017-08,LH,공공분양,전북,0
2017-08,LH,공공분양,전남,0
2017-08,LH,공공분양,경북,0
2017-08,LH,공공분양,경남,0
2017-08,LH,공공분양,제주,0
2017-08,주택업체,소계,전국,1,287
2017-08,주택업체,소계,서울,319
2017-08,주택업체,소계,인천,0
2017-08,주택업체,소계,경기,420
2017-08,주택업체,소계,부산,0
2017-08,주택업체,소계,대구,0
2017-08,주택업체,소계,광주,0
2017-08,주택업체,소계,대전,0
2017-08,주택업체,소계,울산,0
2017-08,주택업체,소계,세종,0
2017-08,주택업체,소계,강원,0
2017-08,주택업체,소계,충북,0
2017-08,주택업체,소계,충남,0
2017-08,주택업체,소계,전북,0
2017-08,주택업체,소계,전남,0
2017-08,주택업체,소계,경북,0
2017-08,주택업체,소계,경남,0
2017-08,주택업체,소계,제주,548
2017-08,주택업체,국민임대,전국,319
2017-08,주택업체,국민임대,서울,319
2017-08,주택업체,국민임대,인천,0
2017-08,주택업체,국민임대,경기,0
2017-08,주택업체,국민임대,부산,0
2017-08,주택업체,국민임대,대구,0
2017-08,주택업체,국민임대,광주,0
2017-08,주택업체,국민임대,대전,0
2017-08,주택업체,국민임대,울산,0
2017-08,주택업체,국민임대,세종,0
2017-08,주택업체,국민임대,강원,0
2017-08,주택업체,국민임대,충북,0
2017-08,주택업체,국민임대,충남,0
2017-08,주택업체,국민임대,전북,0
2017-08,주택업체,국민임대,전남,0
2017-08,주택업체,국민임대,경북,0
2017-08,주택업체,국민임대,경남,0
2017-08,주택업체,국민임대,제주,0
2017-08,주택업체,공공임대,전국,548
2017-08,주택업체,공공임대,서울,0
2017-08,주택업체,공공임대,인천,0
2017-08,주택업체,공공임대,경기,0
2017-08,주택업체,공공임대,부산,0
2017-08,주택업체,공공임대,대구,0
2017-08,주택업체,공공임대,광주,0
2017-08,주택업체,공공임대,대전,0
2017-08,주택업체,공공임대,울산,0
2017-08,주택업체,공공임대,세종,0
2017-08,주택업체,공공임대,강원,0
2017-08,주택업체,공공임대,충북,0
2017-08,주택업체,공공임대,충남,0
2017-08,주택업체,공공임대,전북,0
2017-08,주택업체,공공임대,전남,0
2017-08,주택업체,공공임대,경북,0
2017-08,주택업체,공공임대,경남,0
2017-08,주택업체,공공임대,제주,548
2017-08,주택업체,공공분양,전국,420
2017-08,주택업체,공공분양,서울,0
2017-08,주택업체,공공분양,인천,0
2017-08,주택업체,공공분양,경기,420
2017-08,주택업체,공공분양,부산,0
2017-08,주택업체,공공분양,대구,0
2017-08,주택업체,공공분양,광주,0
2017-08,주택업체,공공분양,대전,0
2017-08,주택업체,공공분양,울산,0
2017-08,주택업체,공공분양,세종,0
2017-08,주택업체,공공분양,강원,0
2017-08,주택업체,공공분양,충북,0
2017-08,주택업체,공공분양,충남,0
2017-08,주택업체,공공분양,전북,0
2017-08,주택업체,공공분양,전남,0
2017-08,주택업체,공공분양,경북,0
2017-08,주택업체,공공분양,경남,0
2017-08,주택업체,공공분양,제주,0
2017-08,민간부문,소계,전국,47,468
2017-08,민간부문,소계,서울,7,523
2017-08,민간부문,소계,인천,1,469
2017-08,민간부문,소계,경기,17,874
2017-08,민간부문,소계,부산,2,032
2017-08,민간부문,소계,대구,375
2017-08,민간부문,소계,광주,848
2017-08,민간부문,소계,대전,97
2017-08,민간부문,소계,울산,1,215
2017-08,민간부문,소계,세종,32
2017-08,민간부문,소계,강원,873
2017-08,민간부문,소계,충북,1,632
2017-08,민간부문,소계,충남,3,342
2017-08,민간부문,소계,전북,505
2017-08,민간부문,소계,전남,1,499
2017-08,민간부문,소계,경북,5,020
2017-08,민간부문,소계,경남,1,775
2017-08,민간부문,소계,제주,1,357
2017-08,민간,민간임대,전국,0
2017-08,민간,민간임대,서울,0
2017-08,민간,민간임대,인천,0
2017-08,민간,민간임대,경기,0
2017-08,민간,민간임대,부산,0
2017-08,민간,민간임대,대구,0
2017-08,민간,민간임대,광주,0
2017-08,민간,민간임대,대전,0
2017-08,민간,민간임대,울산,0
2017-08,민간,민간임대,세종,0
2017-08,민간,민간임대,강원,0
2017-08,민간,민간임대,충북,0
2017-08,민간,민간임대,충남,0
2017-08,민간,민간임대,전북,0
2017-08,민간,민간임대,전남,0
2017-08,민간,민간임대,경북,0
2017-08,민간,민간임대,경남,0
2017-08,민간,민간임대,제주,0
2017-08,민간,민간분양,전국,47,468
2017-08,민간,민간분양,서울,7,523
2017-08,민간,민간분양,인천,1,469
2017-08,민간,민간분양,경기,17,874
2017-08,민간,민간분양,부산,2,032
2017-08,민간,민간분양,대구,375
2017-08,민간,민간분양,광주,848
2017-08,민간,민간분양,대전,97
2017-08,민간,민간분양,울산,1,215
2017-08,민간,민간분양,세종,32
2017-08,민간,민간분양,강원,873
2017-08,민간,민간분양,충북,1,632
2017-08,민간,민간분양,충남,3,342
2017-08,민간,민간분양,전북,505
2017-08,민간,민간분양,전남,1,499
2017-08,민간,민간분양,경북,5,020
2017-08,민간,민간분양,경남,1,775
2017-08,민간,민간분양,제주,1,357
2017-09,총계,총계,전국,56,731
2017-09,총계,총계,서울,6,770
2017-09,총계,총계,인천,2,916
2017-09,총계,총계,경기,20,836
2017-09,총계,총계,부산,3,540
2017-09,총계,총계,대구,3,008
2017-09,총계,총계,광주,2,561
2017-09,총계,총계,대전,360
2017-09,총계,총계,울산,3,022
2017-09,총계,총계,세종,73
2017-09,총계,총계,강원,1,660
2017-09,총계,총계,충북,1,411
2017-09,총계,총계,충남,2,869
2017-09,총계,총계,전북,423
2017-09,총계,총계,전남,2,527
2017-09,총계,총계,경북,1,785
2017-09,총계,총계,경남,1,965
2017-09,총계,총계,제주,1,005
2017-09,공공부문,소계,전국,13,168
2017-09,공공부문,소계,서울,2,250
2017-09,공공부문,소계,인천,0
2017-09,공공부문,소계,경기,6,059
2017-09,공공부문,소계,부산,0
2017-09,공공부문,소계,대구,742
2017-09,공공부문,소계,광주,1,316
2017-09,공공부문,소계,대전,182
2017-09,공공부문,소계,울산,0
2017-09,공공부문,소계,세종,0
2017-09,공공부문,소계,강원,862
2017-09,공공부문,소계,충북,0
2017-09,공공부문,소계,충남,588
2017-09,공공부문,소계,전북,0
2017-09,공공부문,소계,전남,1,169
2017-09,공공부문,소계,경북,0
2017-09,공공부문,소계,경남,0
2017-09,공공부문,소계,제주,0
2017-09,합,국민임대,전국,2,334
2017-09,합,국민임대,서울,0
2017-09,합,국민임대,인천,0
2017-09,합,국민임대,경기,964
2017-09,합,국민임대,부산,0
2017-09,합,국민임대,대구,0
2017-09,합,국민임대,광주,0
2017-09,합,국민임대,대전,0
2017-09,합,국민임대,울산,0
2017-09,합,국민임대,세종,0
2017-09,합,국민임대,강원,366
2017-09,합,국민임대,충북,0
2017-09,합,국민임대,충남,468
2017-09,합,국민임대,전북,0
2017-09,합,국민임대,전남,536
2017-09,합,국민임대,경북,0
2017-09,합,국민임대,경남,0
2017-09,합,국민임대,제주,0
2017-09,합,공공임대,전국,10,092
2017-09,합,공공임대,서울,2,250
2017-09,합,공공임대,인천,0
2017-09,합,공공임대,경기,5,095
2017-09,합,공공임대,부산,0
2017-09,합,공공임대,대구,0
2017-09,합,공공임대,광주,1,316
2017-09,합,공공임대,대전,182
2017-09,합,공공임대,울산,0
2017-09,합,공공임대,세종,0
2017-09,합,공공임대,강원,496
2017-09,합,공공임대,충북,0
2017-09,합,공공임대,충남,120
2017-09,합,공공임대,전북,0
2017-09,합,공공임대,전남,633
2017-09,합,공공임대,경북,0
2017-09,합,공공임대,경남,0
2017-09,합,공공임대,제주,0
2017-09,합,공공분양,전국,742
2017-09,합,공공분양,서울,0
2017-09,합,공공분양,인천,0
2017-09,합,공공분양,경기,0
2017-09,합,공공분양,부산,0
2017-09,합,공공분양,대구,742
2017-09,합,공공분양,광주,0
2017-09,합,공공분양,대전,0
2017-09,합,공공분양,울산,0
2017-09,합,공공분양,세종,0
2017-09,합,공공분양,강원,0
2017-09,합,공공분양,충북,0
2017-09,합,공공분양,충남,0
2017-09,합,공공분양,전북,0
2017-09,합,공공분양,전남,0
2017-09,합,공공분양,경북,0
2017-09,합,공공분양,경남,0
2017-09,합,공공분양,제주,0
2017-09,지자체,소계,전국,0
2017-09,지자체,소계,서울,0
2017-09,지자체,소계,인천,0
2017-09,지자체,소계,경기,0
2017-09,지자체,소계,부산,0
2017-09,지자체,소계,대구,0
2017-09,지자체,소계,광주,0
2017-09,지자체,소계,대전,0
2017-09,지자체,소계,울산,0
2017-09,지자체,소계,세종,0
2017-09,지자체,소계,강원,0
2017-09,지자체,소계,충북,0
2017-09,지자체,소계,충남,0
2017-09,지자체,소계,전북,0
2017-09,지자체,소계,전남,0
2017-09,지자체,소계,경북,0
2017-09,지자체,소계,경남,0
2017-09,지자체,소계,제주,0
2017-09,지자체,국민임대,전국,0
2017-09,지자체,국민임대,서울,0
2017-09,지자체,국민임대,인천,0
2017-09,지자체,국민임대,경기,0
2017-09,지자체,국민임대,부산,0
2017-09,지자체,국민임대,대구,0
2017-09,지자체,국민임대,광주,0
2017-09,지자체,국민임대,대전,0
2017-09,지자체,국민임대,울산,0
2017-09,지자체,국민임대,세종,0
2017-09,지자체,국민임대,강원,0
2017-09,지자체,국민임대,충북,0
2017-09,지자체,국민임대,충남,0
2017-09,지자체,국민임대,전북,0
2017-09,지자체,국민임대,전남,0
2017-09,지자체,국민임대,경북,0
2017-09,지자체,국민임대,경남,0
2017-09,지자체,국민임대,제주,0
2017-09,지자체,공공임대,전국,0
2017-09,지자체,공공임대,서울,0
2017-09,지자체,공공임대,인천,0
2017-09,지자체,공공임대,경기,0
2017-09,지자체,공공임대,부산,0
2017-09,지자체,공공임대,대구,0
2017-09,지자체,공공임대,광주,0
2017-09,지자체,공공임대,대전,0
2017-09,지자체,공공임대,울산,0
2017-09,지자체,공공임대,세종,0
2017-09,지자체,공공임대,강원,0
2017-09,지자체,공공임대,충북,0
2017-09,지자체,공공임대,충남,0
2017-09,지자체,공공임대,전북,0
2017-09,지자체,공공임대,전남,0
2017-09,지자체,공공임대,경북,0
2017-09,지자체,공공임대,경남,0
2017-09,지자체,공공임대,제주,0
2017-09,지자체,공공분양,전국,0
2017-09,지자체,공공분양,서울,0
2017-09,지자체,공공분양,인천,0
2017-09,지자체,공공분양,경기,0
2017-09,지자체,공공분양,부산,0
2017-09,지자체,공공분양,대구,0
2017-09,지자체,공공분양,광주,0
2017-09,지자체,공공분양,대전,0
2017-09,지자체,공공분양,울산,0
2017-09,지자체,공공분양,세종,0
2017-09,지자체,공공분양,강원,0
2017-09,지자체,공공분양,충북,0
2017-09,지자체,공공분양,충남,0
2017-09,지자체,공공분양,전북,0
2017-09,지자체,공공분양,전남,0
2017-09,지자체,공공분양,경북,0
2017-09,지자체,공공분양,경남,0
2017-09,지자체,공공분양,제주,0
2017-09,LH,소계,전국,6,722
2017-09,LH,소계,서울,0
2017-09,LH,소계,인천,0
2017-09,LH,소계,경기,3,716
2017-09,LH,소계,부산,0
2017-09,LH,소계,대구,0
2017-09,LH,소계,광주,902
2017-09,LH,소계,대전,182
2017-09,LH,소계,울산,0
2017-09,LH,소계,세종,0
2017-09,LH,소계,강원,514
2017-09,LH,소계,충북,0
2017-09,LH,소계,충남,588
2017-09,LH,소계,전북,0
2017-09,LH,소계,전남,820
2017-09,LH,소계,경북,0
2017-09,LH,소계,경남,0
2017-09,LH,소계,제주,0
2017-09,LH,국민임대,전국,2,334
2017-09,LH,국민임대,서울,0
2017-09,LH,국민임대,인천,0
2017-09,LH,국민임대,경기,964
2017-09,LH,국민임대,부산,0
2017-09,LH,국민임대,대구,0
2017-09,LH,국민임대,광주,0
2017-09,LH,국민임대,대전,0
2017-09,LH,국민임대,울산,0
2017-09,LH,국민임대,세종,0
2017-09,LH,국민임대,강원,366
2017-09,LH,국민임대,충북,0
2017-09,LH,국민임대,충남,468
2017-09,LH,국민임대,전북,0
2017-09,LH,국민임대,전남,536
2017-09,LH,국민임대,경북,0
2017-09,LH,국민임대,경남,0
2017-09,LH,국민임대,제주,0
2017-09,LH,공공임대,전국,4,388
2017-09,LH,공공임대,서울,0
2017-09,LH,공공임대,인천,0
2017-09,LH,공공임대,경기,2,752
2017-09,LH,공공임대,부산,0
2017-09,LH,공공임대,대구,0
2017-09,LH,공공임대,광주,902
2017-09,LH,공공임대,대전,182
2017-09,LH,공공임대,울산,0
2017-09,LH,공공임대,세종,0
2017-09,LH,공공임대,강원,148
2017-09,LH,공공임대,충북,0
2017-09,LH,공공임대,충남,120
2017-09,LH,공공임대,전북,0
2017-09,LH,공공임대,전남,284
2017-09,LH,공공임대,경북,0
2017-09,LH,공공임대,경남,0
2017-09,LH,공공임대,제주,0
2017-09,LH,공공분양,전국,0
2017-09,LH,공공분양,서울,0
2017-09,LH,공공분양,인천,0
2017-09,LH,공공분양,경기,0
2017-09,LH,공공분양,부산,0
2017-09,LH,공공분양,대구,0
2017-09,LH,공공분양,광주,0
2017-09,LH,공공분양,대전,0
2017-09,LH,공공분양,울산,0
2017-09,LH,공공분양,세종,0
2017-09,LH,공공분양,강원,0
2017-09,LH,공공분양,충북,0
2017-09,LH,공공분양,충남,0
2017-09,LH,공공분양,전북,0
2017-09,LH,공공분양,전남,0
2017-09,LH,공공분양,경북,0
2017-09,LH,공공분양,경남,0
2017-09,LH,공공분양,제주,0
2017-09,주택업체,소계,전국,6,446
2017-09,주택업체,소계,서울,2,250
2017-09,주택업체,소계,인천,0
2017-09,주택업체,소계,경기,2,343
2017-09,주택업체,소계,부산,0
2017-09,주택업체,소계,대구,742
2017-09,주택업체,소계,광주,414
2017-09,주택업체,소계,대전,0
2017-09,주택업체,소계,울산,0
2017-09,주택업체,소계,세종,0
2017-09,주택업체,소계,강원,348
2017-09,주택업체,소계,충북,0
2017-09,주택업체,소계,충남,0
2017-09,주택업체,소계,전북,0
2017-09,주택업체,소계,전남,349
2017-09,주택업체,소계,경북,0
2017-09,주택업체,소계,경남,0
2017-09,주택업체,소계,제주,0
2017-09,주택업체,국민임대,전국,0
2017-09,주택업체,국민임대,서울,0
2017-09,주택업체,국민임대,인천,0
2017-09,주택업체,국민임대,경기,0
2017-09,주택업체,국민임대,부산,0
2017-09,주택업체,국민임대,대구,0
2017-09,주택업체,국민임대,광주,0
2017-09,주택업체,국민임대,대전,0
2017-09,주택업체,국민임대,울산,0
2017-09,주택업체,국민임대,세종,0
2017-09,주택업체,국민임대,강원,0
2017-09,주택업체,국민임대,충북,0
2017-09,주택업체,국민임대,충남,0
2017-09,주택업체,국민임대,전북,0
2017-09,주택업체,국민임대,전남,0
2017-09,주택업체,국민임대,경북,0
2017-09,주택업체,국민임대,경남,0
2017-09,주택업체,국민임대,제주,0
2017-09,주택업체,공공임대,전국,5,704
2017-09,주택업체,공공임대,서울,2,250
2017-09,주택업체,공공임대,인천,0
2017-09,주택업체,공공임대,경기,2,343
2017-09,주택업체,공공임대,부산,0
2017-09,주택업체,공공임대,대구,0
2017-09,주택업체,공공임대,광주,414
2017-09,주택업체,공공임대,대전,0
2017-09,주택업체,공공임대,울산,0
2017-09,주택업체,공공임대,세종,0
2017-09,주택업체,공공임대,강원,348
2017-09,주택업체,공공임대,충북,0
2017-09,주택업체,공공임대,충남,0
2017-09,주택업체,공공임대,전북,0
2017-09,주택업체,공공임대,전남,349
2017-09,주택업체,공공임대,경북,0
2017-09,주택업체,공공임대,경남,0
2017-09,주택업체,공공임대,제주,0
2017-09,주택업체,공공분양,전국,742
2017-09,주택업체,공공분양,서울,0
2017-09,주택업체,공공분양,인천,0
2017-09,주택업체,공공분양,경기,0
2017-09,주택업체,공공분양,부산,0
2017-09,주택업체,공공분양,대구,742
2017-09,주택업체,공공분양,광주,0
2017-09,주택업체,공공분양,대전,0
2017-09,주택업체,공공분양,울산,0
2017-09,주택업체,공공분양,세종,0
2017-09,주택업체,공공분양,강원,0
2017-09,주택업체,공공분양,충북,0
2017-09,주택업체,공공분양,충남,0
2017-09,주택업체,공공분양,전북,0
2017-09,주택업체,공공분양,전남,0
2017-09,주택업체,공공분양,경북,0
2017-09,주택업체,공공분양,경남,0
2017-09,주택업체,공공분양,제주,0
2017-09,민간부문,소계,전국,43,563
2017-09,민간부문,소계,서울,4,520
2017-09,민간부문,소계,인천,2,916
2017-09,민간부문,소계,경기,14,777
2017-09,민간부문,소계,부산,3,540
2017-09,민간부문,소계,대구,2,266
2017-09,민간부문,소계,광주,1,245
2017-09,민간부문,소계,대전,178
2017-09,민간부문,소계,울산,3,022
2017-09,민간부문,소계,세종,73
2017-09,민간부문,소계,강원,798
2017-09,민간부문,소계,충북,1,411
2017-09,민간부문,소계,충남,2,281
2017-09,민간부문,소계,전북,423
2017-09,민간부문,소계,전남,1,358
2017-09,민간부문,소계,경북,1,785
2017-09,민간부문,소계,경남,1,965
2017-09,민간부문,소계,제주,1,005
2017-09,민간,민간임대,전국,320
2017-09,민간,민간임대,서울,0
2017-09,민간,민간임대,인천,0
2017-09,민간,민간임대,경기,0
2017-09,민간,민간임대,부산,0
2017-09,민간,민간임대,대구,0
2017-09,민간,민간임대,광주,0
2017-09,민간,민간임대,대전,0
2017-09,민간,민간임대,울산,0
2017-09,민간,민간임대,세종,0
2017-09,민간,민간임대,강원,0
2017-09,민간,민간임대,충북,0
2017-09,민간,민간임대,충남,0
2017-09,민간,민간임대,전북,0
2017-09,민간,민간임대,전남,320
2017-09,민간,민간임대,경북,0
2017-09,민간,민간임대,경남,0
2017-09,민간,민간임대,제주,0
2017-09,민간,민간분양,전국,43,243
2017-09,민간,민간분양,서울,4,520
2017-09,민간,민간분양,인천,2,916
2017-09,민간,민간분양,경기,14,777
2017-09,민간,민간분양,부산,3,540
2017-09,민간,민간분양,대구,2,266
2017-09,민간,민간분양,광주,1,245
2017-09,민간,민간분양,대전,178
2017-09,민간,민간분양,울산,3,022
2017-09,민간,민간분양,세종,73
2017-09,민간,민간분양,강원,798
2017-09,민간,민간분양,충북,1,411
2017-09,민간,민간분양,충남,2,281
2017-09,민간,민간분양,전북,423
2017-09,민간,민간분양,전남,1,038
2017-09,민간,민간분양,경북,1,785
2017-09,민간,민간분양,경남,1,965
2017-09,민간,민간분양,제주,1,005
2017-10,총계,총계,전국,50,596
2017-10,총계,총계,서울,3,261
2017-10,총계,총계,인천,1,165
2017-10,총계,총계,경기,23,876
2017-10,총계,총계,부산,1,539
2017-10,총계,총계,대구,1,914
2017-10,총계,총계,광주,392
2017-10,총계,총계,대전,852
2017-10,총계,총계,울산,144
2017-10,총계,총계,세종,1,330
2017-10,총계,총계,강원,1,761
2017-10,총계,총계,충북,288
2017-10,총계,총계,충남,2,808
2017-10,총계,총계,전북,1,501
2017-10,총계,총계,전남,2,513
2017-10,총계,총계,경북,1,167
2017-10,총계,총계,경남,4,261
2017-10,총계,총계,제주,1,824
2017-10,공공부문,소계,전국,16,225
2017-10,공공부문,소계,서울,117
2017-10,공공부문,소계,인천,678
2017-10,공공부문,소계,경기,9,098
2017-10,공공부문,소계,부산,0
2017-10,공공부문,소계,대구,0
2017-10,공공부문,소계,광주,0
2017-10,공공부문,소계,대전,0
2017-10,공공부문,소계,울산,0
2017-10,공공부문,소계,세종,0
2017-10,공공부문,소계,강원,781
2017-10,공공부문,소계,충북,0
2017-10,공공부문,소계,충남,1,258
2017-10,공공부문,소계,전북,612
2017-10,공공부문,소계,전남,2,008
2017-10,공공부문,소계,경북,38
2017-10,공공부문,소계,경남,1,075
2017-10,공공부문,소계,제주,560
2017-10,합,국민임대,전국,520
2017-10,합,국민임대,서울,0
2017-10,합,국민임대,인천,0
2017-10,합,국민임대,경기,0
2017-10,합,국민임대,부산,0
2017-10,합,국민임대,대구,0
2017-10,합,국민임대,광주,0
2017-10,합,국민임대,대전,0
2017-10,합,국민임대,울산,0
2017-10,합,국민임대,세종,0
2017-10,합,국민임대,강원,482
2017-10,합,국민임대,충북,0
2017-10,합,국민임대,충남,0
2017-10,합,국민임대,전북,0
2017-10,합,국민임대,전남,0
2017-10,합,국민임대,경북,38
2017-10,합,국민임대,경남,0
2017-10,합,국민임대,제주,0
2017-10,합,공공임대,전국,11,466
2017-10,합,공공임대,서울,117
2017-10,합,공공임대,인천,678
2017-10,합,공공임대,경기,4,859
2017-10,합,공공임대,부산,0
2017-10,합,공공임대,대구,0
2017-10,합,공공임대,광주,0
2017-10,합,공공임대,대전,0
2017-10,합,공공임대,울산,0
2017-10,합,공공임대,세종,0
2017-10,합,공공임대,강원,299
2017-10,합,공공임대,충북,0
2017-10,합,공공임대,충남,1,258
2017-10,합,공공임대,전북,612
2017-10,합,공공임대,전남,2,008
2017-10,합,공공임대,경북,0
2017-10,합,공공임대,경남,1,075
2017-10,합,공공임대,제주,560
2017-10,합,공공분양,전국,4,239
2017-10,합,공공분양,서울,0
2017-10,합,공공분양,인천,0
2017-10,합,공공분양,경기,4,239
2017-10,합,공공분양,부산,0
2017-10,합,공공분양,대구,0
2017-10,합,공공분양,광주,0
2017-10,합,공공분양,대전,0
2017-10,합,공공분양,울산,0
2017-10,합,공공분양,세종,0
2017-10,합,공공분양,강원,0
2017-10,합,공공분양,충북,0
2017-10,합,공공분양,충남,0
2017-10,합,공공분양,전북,0
2017-10,합,공공분양,전남,0
2017-10,합,공공분양,경북,0
2017-10,합,공공분양,경남,0
2017-10,합,공공분양,제주,0
2017-10,지자체,소계,전국,0
2017-10,지자체,소계,서울,0
2017-10,지자체,소계,인천,0
2017-10,지자체,소계,경기,0
2017-10,지자체,소계,부산,0
2017-10,지자체,소계,대구,0
2017-10,지자체,소계,광주,0
2017-10,지자체,소계,대전,0
2017-10,지자체,소계,울산,0
2017-10,지자체,소계,세종,0
2017-10,지자체,소계,강원,0
2017-10,지자체,소계,충북,0
2017-10,지자체,소계,충남,0
2017-10,지자체,소계,전북,0
2017-10,지자체,소계,전남,0
2017-10,지자체,소계,경북,0
2017-10,지자체,소계,경남,0
2017-10,지자체,소계,제주,0
2017-10,지자체,국민임대,전국,0
2017-10,지자체,국민임대,서울,0
2017-10,지자체,국민임대,인천,0
2017-10,지자체,국민임대,경기,0
2017-10,지자체,국민임대,부산,0
2017-10,지자체,국민임대,대구,0
2017-10,지자체,국민임대,광주,0
2017-10,지자체,국민임대,대전,0
2017-10,지자체,국민임대,울산,0
2017-10,지자체,국민임대,세종,0
2017-10,지자체,국민임대,강원,0
2017-10,지자체,국민임대,충북,0
2017-10,지자체,국민임대,충남,0
2017-10,지자체,국민임대,전북,0
2017-10,지자체,국민임대,전남,0
2017-10,지자체,국민임대,경북,0
2017-10,지자체,국민임대,경남,0
2017-10,지자체,국민임대,제주,0
2017-10,지자체,공공임대,전국,0
2017-10,지자체,공공임대,서울,0
2017-10,지자체,공공임대,인천,0
2017-10,지자체,공공임대,경기,0
2017-10,지자체,공공임대,부산,0
2017-10,지자체,공공임대,대구,0
2017-10,지자체,공공임대,광주,0
2017-10,지자체,공공임대,대전,0
2017-10,지자체,공공임대,울산,0
2017-10,지자체,공공임대,세종,0
2017-10,지자체,공공임대,강원,0
2017-10,지자체,공공임대,충북,0
2017-10,지자체,공공임대,충남,0
2017-10,지자체,공공임대,전북,0
2017-10,지자체,공공임대,전남,0
2017-10,지자체,공공임대,경북,0
2017-10,지자체,공공임대,경남,0
2017-10,지자체,공공임대,제주,0
2017-10,지자체,공공분양,전국,0
2017-10,지자체,공공분양,서울,0
2017-10,지자체,공공분양,인천,0
2017-10,지자체,공공분양,경기,0
2017-10,지자체,공공분양,부산,0
2017-10,지자체,공공분양,대구,0
2017-10,지자체,공공분양,광주,0
2017-10,지자체,공공분양,대전,0
2017-10,지자체,공공분양,울산,0
2017-10,지자체,공공분양,세종,0
2017-10,지자체,공공분양,강원,0
2017-10,지자체,공공분양,충북,0
2017-10,지자체,공공분양,충남,0
2017-10,지자체,공공분양,전북,0
2017-10,지자체,공공분양,전남,0
2017-10,지자체,공공분양,경북,0
2017-10,지자체,공공분양,경남,0
2017-10,지자체,공공분양,제주,0
2017-10,LH,소계,전국,13,147
2017-10,LH,소계,서울,0
2017-10,LH,소계,인천,678
2017-10,LH,소계,경기,7,994
2017-10,LH,소계,부산,0
2017-10,LH,소계,대구,0
2017-10,LH,소계,광주,0
2017-10,LH,소계,대전,0
2017-10,LH,소계,울산,0
2017-10,LH,소계,세종,0
2017-10,LH,소계,강원,482
2017-10,LH,소계,충북,0
2017-10,LH,소계,충남,1,258
2017-10,LH,소계,전북,612
2017-10,LH,소계,전남,450
2017-10,LH,소계,경북,38
2017-10,LH,소계,경남,1,075
2017-10,LH,소계,제주,560
2017-10,LH,국민임대,전국,520
2017-10,LH,국민임대,서울,0
2017-10,LH,국민임대,인천,0
2017-10,LH,국민임대,경기,0
2017-10,LH,국민임대,부산,0
2017-10,LH,국민임대,대구,0
2017-10,LH,국민임대,광주,0
2017-10,LH,국민임대,대전,0
2017-10,LH,국민임대,울산,0
2017-10,LH,국민임대,세종,0
2017-10,LH,국민임대,강원,482
2017-10,LH,국민임대,충북,0
2017-10,LH,국민임대,충남,0
2017-10,LH,국민임대,전북,0
2017-10,LH,국민임대,전남,0
2017-10,LH,국민임대,경북,38
2017-10,LH,국민임대,경남,0
2017-10,LH,국민임대,제주,0
2017-10,LH,공공임대,전국,8,388
2017-10,LH,공공임대,서울,0
2017-10,LH,공공임대,인천,678
2017-10,LH,공공임대,경기,3,755
2017-10,LH,공공임대,부산,0
2017-10,LH,공공임대,대구,0
2017-10,LH,공공임대,광주,0
2017-10,LH,공공임대,대전,0
2017-10,LH,공공임대,울산,0
2017-10,LH,공공임대,세종,0
2017-10,LH,공공임대,강원,0
2017-10,LH,공공임대,충북,0
2017-10,LH,공공임대,충남,1,258
2017-10,LH,공공임대,전북,612
2017-10,LH,공공임대,전남,450
2017-10,LH,공공임대,경북,0
2017-10,LH,공공임대,경남,1,075
2017-10,LH,공공임대,제주,560
2017-10,LH,공공분양,전국,4,239
2017-10,LH,공공분양,서울,0
2017-10,LH,공공분양,인천,0
2017-10,LH,공공분양,경기,4,239
2017-10,LH,공공분양,부산,0
2017-10,LH,공공분양,대구,0
2017-10,LH,공공분양,광주,0
2017-10,LH,공공분양,대전,0
2017-10,LH,공공분양,울산,0
2017-10,LH,공공분양,세종,0
2017-10,LH,공공분양,강원,0
2017-10,LH,공공분양,충북,0
2017-10,LH,공공분양,충남,0
2017-10,LH,공공분양,전북,0
2017-10,LH,공공분양,전남,0
2017-10,LH,공공분양,경북,0
2017-10,LH,공공분양,경남,0
2017-10,LH,공공분양,제주,0
2017-10,주택업체,소계,전국,3,078
2017-10,주택업체,소계,서울,117
2017-10,주택업체,소계,인천,0
2017-10,주택업체,소계,경기,1,104
2017-10,주택업체,소계,부산,0
2017-10,주택업체,소계,대구,0
2017-10,주택업체,소계,광주,0
2017-10,주택업체,소계,대전,0
2017-10,주택업체,소계,울산,0
2017-10,주택업체,소계,세종,0
2017-10,주택업체,소계,강원,299
2017-10,주택업체,소계,충북,0
2017-10,주택업체,소계,충남,0
2017-10,주택업체,소계,전북,0
2017-10,주택업체,소계,전남,1,558
2017-10,주택업체,소계,경북,0
2017-10,주택업체,소계,경남,0
2017-10,주택업체,소계,제주,0
2017-10,주택업체,국민임대,전국,0
2017-10,주택업체,국민임대,서울,0
2017-10,주택업체,국민임대,인천,0
2017-10,주택업체,국민임대,경기,0
2017-10,주택업체,국민임대,부산,0
2017-10,주택업체,국민임대,대구,0
2017-10,주택업체,국민임대,광주,0
2017-10,주택업체,국민임대,대전,0
2017-10,주택업체,국민임대,울산,0
2017-10,주택업체,국민임대,세종,0
2017-10,주택업체,국민임대,강원,0
2017-10,주택업체,국민임대,충북,0
2017-10,주택업체,국민임대,충남,0
2017-10,주택업체,국민임대,전북,0
2017-10,주택업체,국민임대,전남,0
2017-10,주택업체,국민임대,경북,0
2017-10,주택업체,국민임대,경남,0
2017-10,주택업체,국민임대,제주,0
2017-10,주택업체,공공임대,전국,3,078
2017-10,주택업체,공공임대,서울,117
2017-10,주택업체,공공임대,인천,0
2017-10,주택업체,공공임대,경기,1,104
2017-10,주택업체,공공임대,부산,0
2017-10,주택업체,공공임대,대구,0
2017-10,주택업체,공공임대,광주,0
2017-10,주택업체,공공임대,대전,0
2017-10,주택업체,공공임대,울산,0
2017-10,주택업체,공공임대,세종,0
2017-10,주택업체,공공임대,강원,299
2017-10,주택업체,공공임대,충북,0
2017-10,주택업체,공공임대,충남,0
2017-10,주택업체,공공임대,전북,0
2017-10,주택업체,공공임대,전남,1,558
2017-10,주택업체,공공임대,경북,0
2017-10,주택업체,공공임대,경남,0
2017-10,주택업체,공공임대,제주,0
2017-10,주택업체,공공분양,전국,0
2017-10,주택업체,공공분양,서울,0
2017-10,주택업체,공공분양,인천,0
2017-10,주택업체,공공분양,경기,0
2017-10,주택업체,공공분양,부산,0
2017-10,주택업체,공공분양,대구,0
2017-10,주택업체,공공분양,광주,0
2017-10,주택업체,공공분양,대전,0
2017-10,주택업체,공공분양,울산,0
2017-10,주택업체,공공분양,세종,0
2017-10,주택업체,공공분양,강원,0
2017-10,주택업체,공공분양,충북,0
2017-10,주택업체,공공분양,충남,0
2017-10,주택업체,공공분양,전북,0
2017-10,주택업체,공공분양,전남,0
2017-10,주택업체,공공분양,경북,0
2017-10,주택업체,공공분양,경남,0
2017-10,주택업체,공공분양,제주,0
2017-10,민간부문,소계,전국,34,371
2017-10,민간부문,소계,서울,3,144
2017-10,민간부문,소계,인천,487
2017-10,민간부문,소계,경기,14,778
2017-10,민간부문,소계,부산,1,539
2017-10,민간부문,소계,대구,1,914
2017-10,민간부문,소계,광주,392
2017-10,민간부문,소계,대전,852
2017-10,민간부문,소계,울산,144
2017-10,민간부문,소계,세종,1,330
2017-10,민간부문,소계,강원,980
2017-10,민간부문,소계,충북,288
2017-10,민간부문,소계,충남,1,550
2017-10,민간부문,소계,전북,889
2017-10,민간부문,소계,전남,505
2017-10,민간부문,소계,경북,1,129
2017-10,민간부문,소계,경남,3,186
2017-10,민간부문,소계,제주,1,264
2017-10,민간,민간임대,전국,0
2017-10,민간,민간임대,서울,0
2017-10,민간,민간임대,인천,0
2017-10,민간,민간임대,경기,0
2017-10,민간,민간임대,부산,0
2017-10,민간,민간임대,대구,0
2017-10,민간,민간임대,광주,0
2017-10,민간,민간임대,대전,0
2017-10,민간,민간임대,울산,0
2017-10,민간,민간임대,세종,0
2017-10,민간,민간임대,강원,0
2017-10,민간,민간임대,충북,0
2017-10,민간,민간임대,충남,0
2017-10,민간,민간임대,전북,0
2017-10,민간,민간임대,전남,0
2017-10,민간,민간임대,경북,0
2017-10,민간,민간임대,경남,0
2017-10,민간,민간임대,제주,0
2017-10,민간,민간분양,전국,34,371
2017-10,민간,민간분양,서울,3,144
2017-10,민간,민간분양,인천,487
2017-10,민간,민간분양,경기,14,778
2017-10,민간,민간분양,부산,1,539
2017-10,민간,민간분양,대구,1,914
2017-10,민간,민간분양,광주,392
2017-10,민간,민간분양,대전,852
2017-10,민간,민간분양,울산,144
2017-10,민간,민간분양,세종,1,330
2017-10,민간,민간분양,강원,980
2017-10,민간,민간분양,충북,288
2017-10,민간,민간분양,충남,1,550
2017-10,민간,민간분양,전북,889
2017-10,민간,민간분양,전남,505
2017-10,민간,민간분양,경북,1,129
2017-10,민간,민간분양,경남,3,186
2017-10,민간,민간분양,제주,1,264
2017-11,총계,총계,전국,53,707
2017-11,총계,총계,서울,5,672
2017-11,총계,총계,인천,3,967
2017-11,총계,총계,경기,17,479
2017-11,총계,총계,부산,1,340
2017-11,총계,총계,대구,1,242
2017-11,총계,총계,광주,332
2017-11,총계,총계,대전,1,241
2017-11,총계,총계,울산,1,995
2017-11,총계,총계,세종,742
2017-11,총계,총계,강원,3,465
2017-11,총계,총계,충북,3,950
2017-11,총계,총계,충남,2,207
2017-11,총계,총계,전북,912
2017-11,총계,총계,전남,775
2017-11,총계,총계,경북,3,622
2017-11,총계,총계,경남,3,794
2017-11,총계,총계,제주,972
2017-11,공공부문,소계,전국,7,025
2017-11,공공부문,소계,서울,575
2017-11,공공부문,소계,인천,1,971
2017-11,공공부문,소계,경기,3,781
2017-11,공공부문,소계,부산,0
2017-11,공공부문,소계,대구,0
2017-11,공공부문,소계,광주,0
2017-11,공공부문,소계,대전,0
2017-11,공공부문,소계,울산,0
2017-11,공공부문,소계,세종,0
2017-11,공공부문,소계,강원,480
2017-11,공공부문,소계,충북,0
2017-11,공공부문,소계,충남,0
2017-11,공공부문,소계,전북,0
2017-11,공공부문,소계,전남,218
2017-11,공공부문,소계,경북,0
2017-11,공공부문,소계,경남,0
2017-11,공공부문,소계,제주,0
2017-11,합,국민임대,전국,575
2017-11,합,국민임대,서울,575
2017-11,합,국민임대,인천,0
2017-11,합,국민임대,경기,0
2017-11,합,국민임대,부산,0
2017-11,합,국민임대,대구,0
2017-11,합,국민임대,광주,0
2017-11,합,국민임대,대전,0
2017-11,합,국민임대,울산,0
2017-11,합,국민임대,세종,0
2017-11,합,국민임대,강원,0
2017-11,합,국민임대,충북,0
2017-11,합,국민임대,충남,0
2017-11,합,국민임대,전북,0
2017-11,합,국민임대,전남,0
2017-11,합,국민임대,경북,0
2017-11,합,국민임대,경남,0
2017-11,합,국민임대,제주,0
2017-11,합,공공임대,전국,4,189
2017-11,합,공공임대,서울,0
2017-11,합,공공임대,인천,1,228
2017-11,합,공공임대,경기,2,263
2017-11,합,공공임대,부산,0
2017-11,합,공공임대,대구,0
2017-11,합,공공임대,광주,0
2017-11,합,공공임대,대전,0
2017-11,합,공공임대,울산,0
2017-11,합,공공임대,세종,0
2017-11,합,공공임대,강원,480
2017-11,합,공공임대,충북,0
2017-11,합,공공임대,충남,0
2017-11,합,공공임대,전북,0
2017-11,합,공공임대,전남,218
2017-11,합,공공임대,경북,0
2017-11,합,공공임대,경남,0
2017-11,합,공공임대,제주,0
2017-11,합,공공분양,전국,2,261
2017-11,합,공공분양,서울,0
2017-11,합,공공분양,인천,743
2017-11,합,공공분양,경기,1,518
2017-11,합,공공분양,부산,0
2017-11,합,공공분양,대구,0
2017-11,합,공공분양,광주,0
2017-11,합,공공분양,대전,0
2017-11,합,공공분양,울산,0
2017-11,합,공공분양,세종,0
2017-11,합,공공분양,강원,0
2017-11,합,공공분양,충북,0
2017-11,합,공공분양,충남,0
2017-11,합,공공분양,전북,0
2017-11,합,공공분양,전남,0
2017-11,합,공공분양,경북,0
2017-11,합,공공분양,경남,0
2017-11,합,공공분양,제주,0
2017-11,지자체,소계,전국,0
2017-11,지자체,소계,서울,0
2017-11,지자체,소계,인천,0
2017-11,지자체,소계,경기,0
2017-11,지자체,소계,부산,0
2017-11,지자체,소계,대구,0
2017-11,지자체,소계,광주,0
2017-11,지자체,소계,대전,0
2017-11,지자체,소계,울산,0
2017-11,지자체,소계,세종,0
2017-11,지자체,소계,강원,0
2017-11,지자체,소계,충북,0
2017-11,지자체,소계,충남,0
2017-11,지자체,소계,전북,0
2017-11,지자체,소계,전남,0
2017-11,지자체,소계,경북,0
2017-11,지자체,소계,경남,0
2017-11,지자체,소계,제주,0
2017-11,지자체,국민임대,전국,0
2017-11,지자체,국민임대,서울,0
2017-11,지자체,국민임대,인천,0
2017-11,지자체,국민임대,경기,0
2017-11,지자체,국민임대,부산,0
2017-11,지자체,국민임대,대구,0
2017-11,지자체,국민임대,광주,0
2017-11,지자체,국민임대,대전,0
2017-11,지자체,국민임대,울산,0
2017-11,지자체,국민임대,세종,0
2017-11,지자체,국민임대,강원,0
2017-11,지자체,국민임대,충북,0
2017-11,지자체,국민임대,충남,0
2017-11,지자체,국민임대,전북,0
2017-11,지자체,국민임대,전남,0
2017-11,지자체,국민임대,경북,0
2017-11,지자체,국민임대,경남,0
2017-11,지자체,국민임대,제주,0
2017-11,지자체,공공임대,전국,0
2017-11,지자체,공공임대,서울,0
2017-11,지자체,공공임대,인천,0
2017-11,지자체,공공임대,경기,0
2017-11,지자체,공공임대,부산,0
2017-11,지자체,공공임대,대구,0
2017-11,지자체,공공임대,광주,0
2017-11,지자체,공공임대,대전,0
2017-11,지자체,공공임대,울산,0
2017-11,지자체,공공임대,세종,0
2017-11,지자체,공공임대,강원,0
2017-11,지자체,공공임대,충북,0
2017-11,지자체,공공임대,충남,0
2017-11,지자체,공공임대,전북,0
2017-11,지자체,공공임대,전남,0
2017-11,지자체,공공임대,경북,0
2017-11,지자체,공공임대,경남,0
2017-11,지자체,공공임대,제주,0
2017-11,지자체,공공분양,전국,0
2017-11,지자체,공공분양,서울,0
2017-11,지자체,공공분양,인천,0
2017-11,지자체,공공분양,경기,0
2017-11,지자체,공공분양,부산,0
2017-11,지자체,공공분양,대구,0
2017-11,지자체,공공분양,광주,0
2017-11,지자체,공공분양,대전,0
2017-11,지자체,공공분양,울산,0
2017-11,지자체,공공분양,세종,0
2017-11,지자체,공공분양,강원,0
2017-11,지자체,공공분양,충북,0
2017-11,지자체,공공분양,충남,0
2017-11,지자체,공공분양,전북,0
2017-11,지자체,공공분양,전남,0
2017-11,지자체,공공분양,경북,0
2017-11,지자체,공공분양,경남,0
2017-11,지자체,공공분양,제주,0
2017-11,LH,소계,전국,5,739
2017-11,LH,소계,서울,0
2017-11,LH,소계,인천,1,971
2017-11,LH,소계,경기,3,288
2017-11,LH,소계,부산,0
2017-11,LH,소계,대구,0
2017-11,LH,소계,광주,0
2017-11,LH,소계,대전,0
2017-11,LH,소계,울산,0
2017-11,LH,소계,세종,0
2017-11,LH,소계,강원,480
2017-11,LH,소계,충북,0
2017-11,LH,소계,충남,0
2017-11,LH,소계,전북,0
2017-11,LH,소계,전남,0
2017-11,LH,소계,경북,0
2017-11,LH,소계,경남,0
2017-11,LH,소계,제주,0
2017-11,LH,국민임대,전국,0
2017-11,LH,국민임대,서울,0
2017-11,LH,국민임대,인천,0
2017-11,LH,국민임대,경기,0
2017-11,LH,국민임대,부산,0
2017-11,LH,국민임대,대구,0
2017-11,LH,국민임대,광주,0
2017-11,LH,국민임대,대전,0
2017-11,LH,국민임대,울산,0
2017-11,LH,국민임대,세종,0
2017-11,LH,국민임대,강원,0
2017-11,LH,국민임대,충북,0
2017-11,LH,국민임대,충남,0
2017-11,LH,국민임대,전북,0
2017-11,LH,국민임대,전남,0
2017-11,LH,국민임대,경북,0
2017-11,LH,국민임대,경남,0
2017-11,LH,국민임대,제주,0
2017-11,LH,공공임대,전국,3,971
2017-11,LH,공공임대,서울,0
2017-11,LH,공공임대,인천,1,228
2017-11,LH,공공임대,경기,2,263
2017-11,LH,공공임대,부산,0
2017-11,LH,공공임대,대구,0
2017-11,LH,공공임대,광주,0
2017-11,LH,공공임대,대전,0
2017-11,LH,공공임대,울산,0
2017-11,LH,공공임대,세종,0
2017-11,LH,공공임대,강원,480
2017-11,LH,공공임대,충북,0
2017-11,LH,공공임대,충남,0
2017-11,LH,공공임대,전북,0
2017-11,LH,공공임대,전남,0
2017-11,LH,공공임대,경북,0
2017-11,LH,공공임대,경남,0
2017-11,LH,공공임대,제주,0
2017-11,LH,공공분양,전국,1,768
2017-11,LH,공공분양,서울,0
2017-11,LH,공공분양,인천,743
2017-11,LH,공공분양,경기,1,025
2017-11,LH,공공분양,부산,0
2017-11,LH,공공분양,대구,0
2017-11,LH,공공분양,광주,0
2017-11,LH,공공분양,대전,0
2017-11,LH,공공분양,울산,0
2017-11,LH,공공분양,세종,0
2017-11,LH,공공분양,강원,0
2017-11,LH,공공분양,충북,0
2017-11,LH,공공분양,충남,0
2017-11,LH,공공분양,전북,0
2017-11,LH,공공분양,전남,0
2017-11,LH,공공분양,경북,0
2017-11,LH,공공분양,경남,0
2017-11,LH,공공분양,제주,0
2017-11,주택업체,소계,전국,1,286
2017-11,주택업체,소계,서울,575
2017-11,주택업체,소계,인천,0
2017-11,주택업체,소계,경기,493
2017-11,주택업체,소계,부산,0
2017-11,주택업체,소계,대구,0
2017-11,주택업체,소계,광주,0
2017-11,주택업체,소계,대전,0
2017-11,주택업체,소계,울산,0
2017-11,주택업체,소계,세종,0
2017-11,주택업체,소계,강원,0
2017-11,주택업체,소계,충북,0
2017-11,주택업체,소계,충남,0
2017-11,주택업체,소계,전북,0
2017-11,주택업체,소계,전남,218
2017-11,주택업체,소계,경북,0
2017-11,주택업체,소계,경남,0
2017-11,주택업체,소계,제주,0
2017-11,주택업체,국민임대,전국,575
2017-11,주택업체,국민임대,서울,575
2017-11,주택업체,국민임대,인천,0
2017-11,주택업체,국민임대,경기,0
2017-11,주택업체,국민임대,부산,0
2017-11,주택업체,국민임대,대구,0
2017-11,주택업체,국민임대,광주,0
2017-11,주택업체,국민임대,대전,0
2017-11,주택업체,국민임대,울산,0
2017-11,주택업체,국민임대,세종,0
2017-11,주택업체,국민임대,강원,0
2017-11,주택업체,국민임대,충북,0
2017-11,주택업체,국민임대,충남,0
2017-11,주택업체,국민임대,전북,0
2017-11,주택업체,국민임대,전남,0
2017-11,주택업체,국민임대,경북,0
2017-11,주택업체,국민임대,경남,0
2017-11,주택업체,국민임대,제주,0
2017-11,주택업체,공공임대,전국,218
2017-11,주택업체,공공임대,서울,0
2017-11,주택업체,공공임대,인천,0
2017-11,주택업체,공공임대,경기,0
2017-11,주택업체,공공임대,부산,0
2017-11,주택업체,공공임대,대구,0
2017-11,주택업체,공공임대,광주,0
2017-11,주택업체,공공임대,대전,0
2017-11,주택업체,공공임대,울산,0
2017-11,주택업체,공공임대,세종,0
2017-11,주택업체,공공임대,강원,0
2017-11,주택업체,공공임대,충북,0
2017-11,주택업체,공공임대,충남,0
2017-11,주택업체,공공임대,전북,0
2017-11,주택업체,공공임대,전남,218
2017-11,주택업체,공공임대,경북,0
2017-11,주택업체,공공임대,경남,0
2017-11,주택업체,공공임대,제주,0
2017-11,주택업체,공공분양,전국,493
2017-11,주택업체,공공분양,서울,0
2017-11,주택업체,공공분양,인천,0
2017-11,주택업체,공공분양,경기,493
2017-11,주택업체,공공분양,부산,0
2017-11,주택업체,공공분양,대구,0
2017-11,주택업체,공공분양,광주,0
2017-11,주택업체,공공분양,대전,0
2017-11,주택업체,공공분양,울산,0
2017-11,주택업체,공공분양,세종,0
2017-11,주택업체,공공분양,강원,0
2017-11,주택업체,공공분양,충북,0
2017-11,주택업체,공공분양,충남,0
2017-11,주택업체,공공분양,전북,0
2017-11,주택업체,공공분양,전남,0
2017-11,주택업체,공공분양,경북,0
2017-11,주택업체,공공분양,경남,0
2017-11,주택업체,공공분양,제주,0
2017-11,민간부문,소계,전국,46,682
2017-11,민간부문,소계,서울,5,097
2017-11,민간부문,소계,인천,1,996
2017-11,민간부문,소계,경기,13,698
2017-11,민간부문,소계,부산,1,340
2017-11,민간부문,소계,대구,1,242
2017-11,민간부문,소계,광주,332
2017-11,민간부문,소계,대전,1,241
2017-11,민간부문,소계,울산,1,995
2017-11,민간부문,소계,세종,742
2017-11,민간부문,소계,강원,2,985
2017-11,민간부문,소계,충북,3,950
2017-11,민간부문,소계,충남,2,207
2017-11,민간부문,소계,전북,912
2017-11,민간부문,소계,전남,557
2017-11,민간부문,소계,경북,3,622
2017-11,민간부문,소계,경남,3,794
2017-11,민간부문,소계,제주,972
2017-11,민간,민간임대,전국,360
2017-11,민간,민간임대,서울,0
2017-11,민간,민간임대,인천,0
2017-11,민간,민간임대,경기,360
2017-11,민간,민간임대,부산,0
2017-11,민간,민간임대,대구,0
2017-11,민간,민간임대,광주,0
2017-11,민간,민간임대,대전,0
2017-11,민간,민간임대,울산,0
2017-11,민간,민간임대,세종,0
2017-11,민간,민간임대,강원,0
2017-11,민간,민간임대,충북,0
2017-11,민간,민간임대,충남,0
2017-11,민간,민간임대,전북,0
2017-11,민간,민간임대,전남,0
2017-11,민간,민간임대,경북,0
2017-11,민간,민간임대,경남,0
2017-11,민간,민간임대,제주,0
2017-11,민간,민간분양,전국,46,322
2017-11,민간,민간분양,서울,5,097
2017-11,민간,민간분양,인천,1,996
2017-11,민간,민간분양,경기,13,338
2017-11,민간,민간분양,부산,1,340
2017-11,민간,민간분양,대구,1,242
2017-11,민간,민간분양,광주,332
2017-11,민간,민간분양,대전,1,241
2017-11,민간,민간분양,울산,1,995
2017-11,민간,민간분양,세종,742
2017-11,민간,민간분양,강원,2,985
2017-11,민간,민간분양,충북,3,950
2017-11,민간,민간분양,충남,2,207
2017-11,민간,민간분양,전북,912
2017-11,민간,민간분양,전남,557
2017-11,민간,민간분양,경북,3,622
2017-11,민간,민간분양,경남,3,794
2017-11,민간,민간분양,제주,972
2017-12,총계,총계,전국,51,227
2017-12,총계,총계,서울,5,192
2017-12,총계,총계,인천,4,432
2017-12,총계,총계,경기,17,742
2017-12,총계,총계,부산,1,860
2017-12,총계,총계,대구,636
2017-12,총계,총계,광주,1,886
2017-12,총계,총계,대전,403
2017-12,총계,총계,울산,161
2017-12,총계,총계,세종,436
2017-12,총계,총계,강원,1,585
2017-12,총계,총계,충북,3,162
2017-12,총계,총계,충남,4,112
2017-12,총계,총계,전북,2,375
2017-12,총계,총계,전남,2,295
2017-12,총계,총계,경북,1,096
2017-12,총계,총계,경남,2,745
2017-12,총계,총계,제주,1,109
2017-12,공공부문,소계,전국,8,152
2017-12,공공부문,소계,서울,920
2017-12,공공부문,소계,인천,0
2017-12,공공부문,소계,경기,4,468
2017-12,공공부문,소계,부산,0
2017-12,공공부문,소계,대구,0
2017-12,공공부문,소계,광주,498
2017-12,공공부문,소계,대전,0
2017-12,공공부문,소계,울산,0
2017-12,공공부문,소계,세종,0
2017-12,공공부문,소계,강원,0
2017-12,공공부문,소계,충북,0
2017-12,공공부문,소계,충남,0
2017-12,공공부문,소계,전북,752
2017-12,공공부문,소계,전남,1,110
2017-12,공공부문,소계,경북,0
2017-12,공공부문,소계,경남,404
2017-12,공공부문,소계,제주,0
2017-12,합,국민임대,전국,0
2017-12,합,국민임대,서울,0
2017-12,합,국민임대,인천,0
2017-12,합,국민임대,경기,0
2017-12,합,국민임대,부산,0
2017-12,합,국민임대,대구,0
2017-12,합,국민임대,광주,0
2017-12,합,국민임대,대전,0
2017-12,합,국민임대,울산,0
2017-12,합,국민임대,세종,0
2017-12,합,국민임대,강원,0
2017-12,합,국민임대,충북,0
2017-12,합,국민임대,충남,0
2017-12,합,국민임대,전북,0
2017-12,합,국민임대,전남,0
2017-12,합,국민임대,경북,0
2017-12,합,국민임대,경남,0
2017-12,합,국민임대,제주,0
2017-12,합,공공임대,전국,3,985
2017-12,합,공공임대,서울,920
2017-12,합,공공임대,인천,0
2017-12,합,공공임대,경기,1,012
2017-12,합,공공임대,부산,0
2017-12,합,공공임대,대구,0
2017-12,합,공공임대,광주,498
2017-12,합,공공임대,대전,0
2017-12,합,공공임대,울산,0
2017-12,합,공공임대,세종,0
2017-12,합,공공임대,강원,0
2017-12,합,공공임대,충북,0
2017-12,합,공공임대,충남,0
2017-12,합,공공임대,전북,41
2017-12,합,공공임대,전남,1,110
2017-12,합,공공임대,경북,0
2017-12,합,공공임대,경남,404
2017-12,합,공공임대,제주,0
2017-12,합,공공분양,전국,4,167
2017-12,합,공공분양,서울,0
2017-12,합,공공분양,인천,0
2017-12,합,공공분양,경기,3,456
2017-12,합,공공분양,부산,0
2017-12,합,공공분양,대구,0
2017-12,합,공공분양,광주,0
2017-12,합,공공분양,대전,0
2017-12,합,공공분양,울산,0
2017-12,합,공공분양,세종,0
2017-12,합,공공분양,강원,0
2017-12,합,공공분양,충북,0
2017-12,합,공공분양,충남,0
2017-12,합,공공분양,전북,711
2017-12,합,공공분양,전남,0
2017-12,합,공공분양,경북,0
2017-12,합,공공분양,경남,0
2017-12,합,공공분양,제주,0
2017-12,지자체,소계,전국,0
2017-12,지자체,소계,서울,0
2017-12,지자체,소계,인천,0
2017-12,지자체,소계,경기,0
2017-12,지자체,소계,부산,0
2017-12,지자체,소계,대구,0
2017-12,지자체,소계,광주,0
2017-12,지자체,소계,대전,0
2017-12,지자체,소계,울산,0
2017-12,지자체,소계,세종,0
2017-12,지자체,소계,강원,0
2017-12,지자체,소계,충북,0
2017-12,지자체,소계,충남,0
2017-12,지자체,소계,전북,0
2017-12,지자체,소계,전남,0
2017-12,지자체,소계,경북,0
2017-12,지자체,소계,경남,0
2017-12,지자체,소계,제주,0
2017-12,지자체,국민임대,전국,0
2017-12,지자체,국민임대,서울,0
2017-12,지자체,국민임대,인천,0
2017-12,지자체,국민임대,경기,0
2017-12,지자체,국민임대,부산,0
2017-12,지자체,국민임대,대구,0
2017-12,지자체,국민임대,광주,0
2017-12,지자체,국민임대,대전,0
2017-12,지자체,국민임대,울산,0
2017-12,지자체,국민임대,세종,0
2017-12,지자체,국민임대,강원,0
2017-12,지자체,국민임대,충북,0
2017-12,지자체,국민임대,충남,0
2017-12,지자체,국민임대,전북,0
2017-12,지자체,국민임대,전남,0
2017-12,지자체,국민임대,경북,0
2017-12,지자체,국민임대,경남,0
2017-12,지자체,국민임대,제주,0
2017-12,지자체,공공임대,전국,0
2017-12,지자체,공공임대,서울,0
2017-12,지자체,공공임대,인천,0
2017-12,지자체,공공임대,경기,0
2017-12,지자체,공공임대,부산,0
2017-12,지자체,공공임대,대구,0
2017-12,지자체,공공임대,광주,0
2017-12,지자체,공공임대,대전,0
2017-12,지자체,공공임대,울산,0
2017-12,지자체,공공임대,세종,0
2017-12,지자체,공공임대,강원,0
2017-12,지자체,공공임대,충북,0
2017-12,지자체,공공임대,충남,0
2017-12,지자체,공공임대,전북,0
2017-12,지자체,공공임대,전남,0
2017-12,지자체,공공임대,경북,0
2017-12,지자체,공공임대,경남,0
2017-12,지자체,공공임대,제주,0
2017-12,지자체,공공분양,전국,0
2017-12,지자체,공공분양,서울,0
2017-12,지자체,공공분양,인천,0
2017-12,지자체,공공분양,경기,0
2017-12,지자체,공공분양,부산,0
2017-12,지자체,공공분양,대구,0
2017-12,지자체,공공분양,광주,0
2017-12,지자체,공공분양,대전,0
2017-12,지자체,공공분양,울산,0
2017-12,지자체,공공분양,세종,0
2017-12,지자체,공공분양,강원,0
2017-12,지자체,공공분양,충북,0
2017-12,지자체,공공분양,충남,0
2017-12,지자체,공공분양,전북,0
2017-12,지자체,공공분양,전남,0
2017-12,지자체,공공분양,경북,0
2017-12,지자체,공공분양,경남,0
2017-12,지자체,공공분양,제주,0
2017-12,LH,소계,전국,3,656
2017-12,LH,소계,서울,890
2017-12,LH,소계,인천,0
2017-12,LH,소계,경기,1,651
2017-12,LH,소계,부산,0
2017-12,LH,소계,대구,0
2017-12,LH,소계,광주,0
2017-12,LH,소계,대전,0
2017-12,LH,소계,울산,0
2017-12,LH,소계,세종,0
2017-12,LH,소계,강원,0
2017-12,LH,소계,충북,0
2017-12,LH,소계,충남,0
2017-12,LH,소계,전북,711
2017-12,LH,소계,전남,0
2017-12,LH,소계,경북,0
2017-12,LH,소계,경남,404
2017-12,LH,소계,제주,0
2017-12,LH,국민임대,전국,0
2017-12,LH,국민임대,서울,0
2017-12,LH,국민임대,인천,0
2017-12,LH,국민임대,경기,0
2017-12,LH,국민임대,부산,0
2017-12,LH,국민임대,대구,0
2017-12,LH,국민임대,광주,0
2017-12,LH,국민임대,대전,0
2017-12,LH,국민임대,울산,0
2017-12,LH,국민임대,세종,0
2017-12,LH,국민임대,강원,0
2017-12,LH,국민임대,충북,0
2017-12,LH,국민임대,충남,0
2017-12,LH,국민임대,전북,0
2017-12,LH,국민임대,전남,0
2017-12,LH,국민임대,경북,0
2017-12,LH,국민임대,경남,0
2017-12,LH,국민임대,제주,0
2017-12,LH,공공임대,전국,2,290
2017-12,LH,공공임대,서울,890
2017-12,LH,공공임대,인천,0
2017-12,LH,공공임대,경기,996
2017-12,LH,공공임대,부산,0
2017-12,LH,공공임대,대구,0
2017-12,LH,공공임대,광주,0
2017-12,LH,공공임대,대전,0
2017-12,LH,공공임대,울산,0
2017-12,LH,공공임대,세종,0
2017-12,LH,공공임대,강원,0
2017-12,LH,공공임대,충북,0
2017-12,LH,공공임대,충남,0
2017-12,LH,공공임대,전북,0
2017-12,LH,공공임대,전남,0
2017-12,LH,공공임대,경북,0
2017-12,LH,공공임대,경남,404
2017-12,LH,공공임대,제주,0
2017-12,LH,공공분양,전국,1,366
2017-12,LH,공공분양,서울,0
2017-12,LH,공공분양,인천,0
2017-12,LH,공공분양,경기,655
2017-12,LH,공공분양,부산,0
2017-12,LH,공공분양,대구,0
2017-12,LH,공공분양,광주,0
2017-12,LH,공공분양,대전,0
2017-12,LH,공공분양,울산,0
2017-12,LH,공공분양,세종,0
2017-12,LH,공공분양,강원,0
2017-12,LH,공공분양,충북,0
2017-12,LH,공공분양,충남,0
2017-12,LH,공공분양,전북,711
2017-12,LH,공공분양,전남,0
2017-12,LH,공공분양,경북,0
2017-12,LH,공공분양,경남,0
2017-12,LH,공공분양,제주,0
2017-12,주택업체,소계,전국,4,496
2017-12,주택업체,소계,서울,30
2017-12,주택업체,소계,인천,0
2017-12,주택업체,소계,경기,2,817
2017-12,주택업체,소계,부산,0
2017-12,주택업체,소계,대구,0
2017-12,주택업체,소계,광주,498
2017-12,주택업체,소계,대전,0
2017-12,주택업체,소계,울산,0
2017-12,주택업체,소계,세종,0
2017-12,주택업체,소계,강원,0
2017-12,주택업체,소계,충북,0
2017-12,주택업체,소계,충남,0
2017-12,주택업체,소계,전북,41
2017-12,주택업체,소계,전남,1,110
2017-12,주택업체,소계,경북,0
2017-12,주택업체,소계,경남,0
2017-12,주택업체,소계,제주,0
2017-12,주택업체,국민임대,전국,0
2017-12,주택업체,국민임대,서울,0
2017-12,주택업체,국민임대,인천,0
2017-12,주택업체,국민임대,경기,0
2017-12,주택업체,국민임대,부산,0
2017-12,주택업체,국민임대,대구,0
2017-12,주택업체,국민임대,광주,0
2017-12,주택업체,국민임대,대전,0
2017-12,주택업체,국민임대,울산,0
2017-12,주택업체,국민임대,세종,0
2017-12,주택업체,국민임대,강원,0
2017-12,주택업체,국민임대,충북,0
2017-12,주택업체,국민임대,충남,0
2017-12,주택업체,국민임대,전북,0
2017-12,주택업체,국민임대,전남,0
2017-12,주택업체,국민임대,경북,0
2017-12,주택업체,국민임대,경남,0
2017-12,주택업체,국민임대,제주,0
2017-12,주택업체,공공임대,전국,1,695
2017-12,주택업체,공공임대,서울,30
2017-12,주택업체,공공임대,인천,0
2017-12,주택업체,공공임대,경기,16
2017-12,주택업체,공공임대,부산,0
2017-12,주택업체,공공임대,대구,0
2017-12,주택업체,공공임대,광주,498
2017-12,주택업체,공공임대,대전,0
2017-12,주택업체,공공임대,울산,0
2017-12,주택업체,공공임대,세종,0
2017-12,주택업체,공공임대,강원,0
2017-12,주택업체,공공임대,충북,0
2017-12,주택업체,공공임대,충남,0
2017-12,주택업체,공공임대,전북,41
2017-12,주택업체,공공임대,전남,1,110
2017-12,주택업체,공공임대,경북,0
2017-12,주택업체,공공임대,경남,0
2017-12,주택업체,공공임대,제주,0
2017-12,주택업체,공공분양,전국,2,801
2017-12,주택업체,공공분양,서울,0
2017-12,주택업체,공공분양,인천,0
2017-12,주택업체,공공분양,경기,2,801
2017-12,주택업체,공공분양,부산,0
2017-12,주택업체,공공분양,대구,0
2017-12,주택업체,공공분양,광주,0
2017-12,주택업체,공공분양,대전,0
2017-12,주택업체,공공분양,울산,0
2017-12,주택업체,공공분양,세종,0
2017-12,주택업체,공공분양,강원,0
2017-12,주택업체,공공분양,충북,0
2017-12,주택업체,공공분양,충남,0
2017-12,주택업체,공공분양,전북,0
2017-12,주택업체,공공분양,전남,0
2017-12,주택업체,공공분양,경북,0
2017-12,주택업체,공공분양,경남,0
2017-12,주택업체,공공분양,제주,0
2017-12,민간부문,소계,전국,43,075
2017-12,민간부문,소계,서울,4,272
2017-12,민간부문,소계,인천,4,432
2017-12,민간부문,소계,경기,13,274
2017-12,민간부문,소계,부산,1,860
2017-12,민간부문,소계,대구,636
2017-12,민간부문,소계,광주,1,388
2017-12,민간부문,소계,대전,403
2017-12,민간부문,소계,울산,161
2017-12,민간부문,소계,세종,436
2017-12,민간부문,소계,강원,1,585
2017-12,민간부문,소계,충북,3,162
2017-12,민간부문,소계,충남,4,112
2017-12,민간부문,소계,전북,1,623
2017-12,민간부문,소계,전남,1,185
2017-12,민간부문,소계,경북,1,096
2017-12,민간부문,소계,경남,2,341
2017-12,민간부문,소계,제주,1,109
2017-12,민간,민간임대,전국,638
2017-12,민간,민간임대,서울,299
2017-12,민간,민간임대,인천,298
2017-12,민간,민간임대,경기,0
2017-12,민간,민간임대,부산,0
2017-12,민간,민간임대,대구,0
2017-12,민간,민간임대,광주,0
2017-12,민간,민간임대,대전,0
2017-12,민간,민간임대,울산,0
2017-12,민간,민간임대,세종,0
2017-12,민간,민간임대,강원,0
2017-12,민간,민간임대,충북,0
2017-12,민간,민간임대,충남,0
2017-12,민간,민간임대,전북,0
2017-12,민간,민간임대,전남,41
2017-12,민간,민간임대,경북,0
2017-12,민간,민간임대,경남,0
2017-12,민간,민간임대,제주,0
2017-12,민간,민간분양,전국,42,437
2017-12,민간,민간분양,서울,3,973
2017-12,민간,민간분양,인천,4,134
2017-12,민간,민간분양,경기,13,274
2017-12,민간,민간분양,부산,1,860
2017-12,민간,민간분양,대구,636
2017-12,민간,민간분양,광주,1,388
2017-12,민간,민간분양,대전,403
2017-12,민간,민간분양,울산,161
2017-12,민간,민간분양,세종,436
2017-12,민간,민간분양,강원,1,585
2017-12,민간,민간분양,충북,3,162
2017-12,민간,민간분양,충남,4,112
2017-12,민간,민간분양,전북,1,623
2017-12,민간,민간분양,전남,1,144
2017-12,민간,민간분양,경북,1,096
2017-12,민간,민간분양,경남,2,341
2017-12,민간,민간분양,제주,1,109
2018-01,총계,총계,전국,65,868
2018-01,총계,총계,서울,4,337
2018-01,총계,총계,인천,6,404
2018-01,총계,총계,경기,25,767
2018-01,총계,총계,부산,2,641
2018-01,총계,총계,대구,518
2018-01,총계,총계,광주,835
2018-01,총계,총계,대전,98
2018-01,총계,총계,울산,1,571
2018-01,총계,총계,세종,2,536
2018-01,총계,총계,강원,1,989
2018-01,총계,총계,충북,1,689
2018-01,총계,총계,충남,3,422
2018-01,총계,총계,전북,3,612
2018-01,총계,총계,전남,966
2018-01,총계,총계,경북,3,307
2018-01,총계,총계,경남,4,983
2018-01,총계,총계,제주,1,193
2018-01,공공부문,소계,전국,8,668
2018-01,공공부문,소계,서울,0
2018-01,공공부문,소계,인천,1,708
2018-01,공공부문,소계,경기,3,359
2018-01,공공부문,소계,부산,70
2018-01,공공부문,소계,대구,0
2018-01,공공부문,소계,광주,0
2018-01,공공부문,소계,대전,0
2018-01,공공부문,소계,울산,0
2018-01,공공부문,소계,세종,906
2018-01,공공부문,소계,강원,0
2018-01,공공부문,소계,충북,741
2018-01,공공부문,소계,충남,0
2018-01,공공부문,소계,전북,0
2018-01,공공부문,소계,전남,400
2018-01,공공부문,소계,경북,0
2018-01,공공부문,소계,경남,1,484
2018-01,공공부문,소계,제주,0
2018-01,합,국민임대,전국,2,336
2018-01,합,국민임대,서울,0
2018-01,합,국민임대,인천,0
2018-01,합,국민임대,경기,730
2018-01,합,국민임대,부산,0
2018-01,합,국민임대,대구,0
2018-01,합,국민임대,광주,0
2018-01,합,국민임대,대전,0
2018-01,합,국민임대,울산,0
2018-01,합,국민임대,세종,906
2018-01,합,국민임대,강원,0
2018-01,합,국민임대,충북,0
2018-01,합,국민임대,충남,0
2018-01,합,국민임대,전북,0
2018-01,합,국민임대,전남,0
2018-01,합,국민임대,경북,0
2018-01,합,국민임대,경남,700
2018-01,합,국민임대,제주,0
2018-01,합,공공임대,전국,3,615
2018-01,합,공공임대,서울,0
2018-01,합,공공임대,인천,548
2018-01,합,공공임대,경기,1,716
2018-01,합,공공임대,부산,70
2018-01,합,공공임대,대구,0
2018-01,합,공공임대,광주,0
2018-01,합,공공임대,대전,0
2018-01,합,공공임대,울산,0
2018-01,합,공공임대,세종,0
2018-01,합,공공임대,강원,0
2018-01,합,공공임대,충북,741
2018-01,합,공공임대,충남,0
2018-01,합,공공임대,전북,0
2018-01,합,공공임대,전남,400
2018-01,합,공공임대,경북,0
2018-01,합,공공임대,경남,140
2018-01,합,공공임대,제주,0
2018-01,합,공공분양,전국,2,717
2018-01,합,공공분양,서울,0
2018-01,합,공공분양,인천,1,160
2018-01,합,공공분양,경기,913
2018-01,합,공공분양,부산,0
2018-01,합,공공분양,대구,0
2018-01,합,공공분양,광주,0
2018-01,합,공공분양,대전,0
2018-01,합,공공분양,울산,0
2018-01,합,공공분양,세종,0
2018-01,합,공공분양,강원,0
2018-01,합,공공분양,충북,0
2018-01,합,공공분양,충남,0
2018-01,합,공공분양,전북,0
2018-01,합,공공분양,전남,0
2018-01,합,공공분양,경북,0
2018-01,합,공공분양,경남,644
2018-01,합,공공분양,제주,0
2018-01,지자체,소계,전국,0
2018-01,지자체,소계,서울,0
2018-01,지자체,소계,인천,0
2018-01,지자체,소계,경기,0
2018-01,지자체,소계,부산,0
2018-01,지자체,소계,대구,0
2018-01,지자체,소계,광주,0
2018-01,지자체,소계,대전,0
2018-01,지자체,소계,울산,0
2018-01,지자체,소계,세종,0
2018-01,지자체,소계,강원,0
2018-01,지자체,소계,충북,0
2018-01,지자체,소계,충남,0
2018-01,지자체,소계,전북,0
2018-01,지자체,소계,전남,0
2018-01,지자체,소계,경북,0
2018-01,지자체,소계,경남,0
2018-01,지자체,소계,제주,0
2018-01,지자체,국민임대,전국,0
2018-01,지자체,국민임대,서울,0
2018-01,지자체,국민임대,인천,0
2018-01,지자체,국민임대,경기,0
2018-01,지자체,국민임대,부산,0
2018-01,지자체,국민임대,대구,0
2018-01,지자체,국민임대,광주,0
2018-01,지자체,국민임대,대전,0
2018-01,지자체,국민임대,울산,0
2018-01,지자체,국민임대,세종,0
2018-01,지자체,국민임대,강원,0
2018-01,지자체,국민임대,충북,0
2018-01,지자체,국민임대,충남,0
2018-01,지자체,국민임대,전북,0
2018-01,지자체,국민임대,전남,0
2018-01,지자체,국민임대,경북,0
2018-01,지자체,국민임대,경남,0
2018-01,지자체,국민임대,제주,0
2018-01,지자체,공공임대,전국,0
2018-01,지자체,공공임대,서울,0
2018-01,지자체,공공임대,인천,0
2018-01,지자체,공공임대,경기,0
2018-01,지자체,공공임대,부산,0
2018-01,지자체,공공임대,대구,0
2018-01,지자체,공공임대,광주,0
2018-01,지자체,공공임대,대전,0
2018-01,지자체,공공임대,울산,0
2018-01,지자체,공공임대,세종,0
2018-01,지자체,공공임대,강원,0
2018-01,지자체,공공임대,충북,0
2018-01,지자체,공공임대,충남,0
2018-01,지자체,공공임대,전북,0
2018-01,지자체,공공임대,전남,0
2018-01,지자체,공공임대,경북,0
2018-01,지자체,공공임대,경남,0
2018-01,지자체,공공임대,제주,0
2018-01,지자체,공공분양,전국,0
2018-01,지자체,공공분양,서울,0
2018-01,지자체,공공분양,인천,0
2018-01,지자체,공공분양,경기,0
2018-01,지자체,공공분양,부산,0
2018-01,지자체,공공분양,대구,0
2018-01,지자체,공공분양,광주,0
2018-01,지자체,공공분양,대전,0
2018-01,지자체,공공분양,울산,0
2018-01,지자체,공공분양,세종,0
2018-01,지자체,공공분양,강원,0
2018-01,지자체,공공분양,충북,0
2018-01,지자체,공공분양,충남,0
2018-01,지자체,공공분양,전북,0
2018-01,지자체,공공분양,전남,0
2018-01,지자체,공공분양,경북,0
2018-01,지자체,공공분양,경남,0
2018-01,지자체,공공분양,제주,0
2018-01,LH,소계,전국,6,909
2018-01,LH,소계,서울,0
2018-01,LH,소계,인천,1,160
2018-01,LH,소계,경기,3,359
2018-01,LH,소계,부산,0
2018-01,LH,소계,대구,0
2018-01,LH,소계,광주,0
2018-01,LH,소계,대전,0
2018-01,LH,소계,울산,0
2018-01,LH,소계,세종,906
2018-01,LH,소계,강원,0
2018-01,LH,소계,충북,0
2018-01,LH,소계,충남,0
2018-01,LH,소계,전북,0
2018-01,LH,소계,전남,0
2018-01,LH,소계,경북,0
2018-01,LH,소계,경남,1,484
2018-01,LH,소계,제주,0
2018-01,LH,국민임대,전국,2,336
2018-01,LH,국민임대,서울,0
2018-01,LH,국민임대,인천,0
2018-01,LH,국민임대,경기,730
2018-01,LH,국민임대,부산,0
2018-01,LH,국민임대,대구,0
2018-01,LH,국민임대,광주,0
2018-01,LH,국민임대,대전,0
2018-01,LH,국민임대,울산,0
2018-01,LH,국민임대,세종,906
2018-01,LH,국민임대,강원,0
2018-01,LH,국민임대,충북,0
2018-01,LH,국민임대,충남,0
2018-01,LH,국민임대,전북,0
2018-01,LH,국민임대,전남,0
2018-01,LH,국민임대,경북,0
2018-01,LH,국민임대,경남,700
2018-01,LH,국민임대,제주,0
2018-01,LH,공공임대,전국,1,856
2018-01,LH,공공임대,서울,0
2018-01,LH,공공임대,인천,0
2018-01,LH,공공임대,경기,1,716
2018-01,LH,공공임대,부산,0
2018-01,LH,공공임대,대구,0
2018-01,LH,공공임대,광주,0
2018-01,LH,공공임대,대전,0
2018-01,LH,공공임대,울산,0
2018-01,LH,공공임대,세종,0
2018-01,LH,공공임대,강원,0
2018-01,LH,공공임대,충북,0
2018-01,LH,공공임대,충남,0
2018-01,LH,공공임대,전북,0
2018-01,LH,공공임대,전남,0
2018-01,LH,공공임대,경북,0
2018-01,LH,공공임대,경남,140
2018-01,LH,공공임대,제주,0
2018-01,LH,공공분양,전국,2,717
2018-01,LH,공공분양,서울,0
2018-01,LH,공공분양,인천,1,160
2018-01,LH,공공분양,경기,913
2018-01,LH,공공분양,부산,0
2018-01,LH,공공분양,대구,0
2018-01,LH,공공분양,광주,0
2018-01,LH,공공분양,대전,0
2018-01,LH,공공분양,울산,0
2018-01,LH,공공분양,세종,0
2018-01,LH,공공분양,강원,0
2018-01,LH,공공분양,충북,0
2018-01,LH,공공분양,충남,0
2018-01,LH,공공분양,전북,0
2018-01,LH,공공분양,전남,0
2018-01,LH,공공분양,경북,0
2018-01,LH,공공분양,경남,644
2018-01,LH,공공분양,제주,0
2018-01,주택업체,소계,전국,1,759
2018-01,주택업체,소계,서울,0
2018-01,주택업체,소계,인천,548
2018-01,주택업체,소계,경기,0
2018-01,주택업체,소계,부산,70
2018-01,주택업체,소계,대구,0
2018-01,주택업체,소계,광주,0
2018-01,주택업체,소계,대전,0
2018-01,주택업체,소계,울산,0
2018-01,주택업체,소계,세종,0
2018-01,주택업체,소계,강원,0
2018-01,주택업체,소계,충북,741
2018-01,주택업체,소계,충남,0
2018-01,주택업체,소계,전북,0
2018-01,주택업체,소계,전남,400
2018-01,주택업체,소계,경북,0
2018-01,주택업체,소계,경남,0
2018-01,주택업체,소계,제주,0
2018-01,주택업체,국민임대,전국,0
2018-01,주택업체,국민임대,서울,0
2018-01,주택업체,국민임대,인천,0
2018-01,주택업체,국민임대,경기,0
2018-01,주택업체,국민임대,부산,0
2018-01,주택업체,국민임대,대구,0
2018-01,주택업체,국민임대,광주,0
2018-01,주택업체,국민임대,대전,0
2018-01,주택업체,국민임대,울산,0
2018-01,주택업체,국민임대,세종,0
2018-01,주택업체,국민임대,강원,0
2018-01,주택업체,국민임대,충북,0
2018-01,주택업체,국민임대,충남,0
2018-01,주택업체,국민임대,전북,0
2018-01,주택업체,국민임대,전남,0
2018-01,주택업체,국민임대,경북,0
2018-01,주택업체,국민임대,경남,0
2018-01,주택업체,국민임대,제주,0
2018-01,주택업체,공공임대,전국,1,759
2018-01,주택업체,공공임대,서울,0
2018-01,주택업체,공공임대,인천,548
2018-01,주택업체,공공임대,경기,0
2018-01,주택업체,공공임대,부산,70
2018-01,주택업체,공공임대,대구,0
2018-01,주택업체,공공임대,광주,0
2018-01,주택업체,공공임대,대전,0
2018-01,주택업체,공공임대,울산,0
2018-01,주택업체,공공임대,세종,0
2018-01,주택업체,공공임대,강원,0
2018-01,주택업체,공공임대,충북,741
2018-01,주택업체,공공임대,충남,0
2018-01,주택업체,공공임대,전북,0
2018-01,주택업체,공공임대,전남,400
2018-01,주택업체,공공임대,경북,0
2018-01,주택업체,공공임대,경남,0
2018-01,주택업체,공공임대,제주,0
2018-01,주택업체,공공분양,전국,0
2018-01,주택업체,공공분양,서울,0
2018-01,주택업체,공공분양,인천,0
2018-01,주택업체,공공분양,경기,0
2018-01,주택업체,공공분양,부산,0
2018-01,주택업체,공공분양,대구,0
2018-01,주택업체,공공분양,광주,0
2018-01,주택업체,공공분양,대전,0
2018-01,주택업체,공공분양,울산,0
2018-01,주택업체,공공분양,세종,0
2018-01,주택업체,공공분양,강원,0
2018-01,주택업체,공공분양,충북,0
2018-01,주택업체,공공분양,충남,0
2018-01,주택업체,공공분양,전북,0
2018-01,주택업체,공공분양,전남,0
2018-01,주택업체,공공분양,경북,0
2018-01,주택업체,공공분양,경남,0
2018-01,주택업체,공공분양,제주,0
2018-01,민간부문,소계,전국,57,200
2018-01,민간부문,소계,서울,4,337
2018-01,민간부문,소계,인천,4,696
2018-01,민간부문,소계,경기,22,408
2018-01,민간부문,소계,부산,2,571
2018-01,민간부문,소계,대구,518
2018-01,민간부문,소계,광주,835
2018-01,민간부문,소계,대전,98
2018-01,민간부문,소계,울산,1,571
2018-01,민간부문,소계,세종,1,630
2018-01,민간부문,소계,강원,1,989
2018-01,민간부문,소계,충북,948
2018-01,민간부문,소계,충남,3,422
2018-01,민간부문,소계,전북,3,612
2018-01,민간부문,소계,전남,566
2018-01,민간부문,소계,경북,3,307
2018-01,민간부문,소계,경남,3,499
2018-01,민간부문,소계,제주,1,193
2018-01,민간,민간임대,전국,3,444
2018-01,민간,민간임대,서울,128
2018-01,민간,민간임대,인천,1,173
2018-01,민간,민간임대,경기,1,472
2018-01,민간,민간임대,부산,99
2018-01,민간,민간임대,대구,0
2018-01,민간,민간임대,광주,0
2018-01,민간,민간임대,대전,0
2018-01,민간,민간임대,울산,0
2018-01,민간,민간임대,세종,0
2018-01,민간,민간임대,강원,418
2018-01,민간,민간임대,충북,0
2018-01,민간,민간임대,충남,0
2018-01,민간,민간임대,전북,0
2018-01,민간,민간임대,전남,154
2018-01,민간,민간임대,경북,0
2018-01,민간,민간임대,경남,0
2018-01,민간,민간임대,제주,0
2018-01,민간,민간분양,전국,53,756
2018-01,민간,민간분양,서울,4,209
2018-01,민간,민간분양,인천,3,523
2018-01,민간,민간분양,경기,20,936
2018-01,민간,민간분양,부산,2,472
2018-01,민간,민간분양,대구,518
2018-01,민간,민간분양,광주,835
2018-01,민간,민간분양,대전,98
2018-01,민간,민간분양,울산,1,571
2018-01,민간,민간분양,세종,1,630
2018-01,민간,민간분양,강원,1,571
2018-01,민간,민간분양,충북,948
2018-01,민간,민간분양,충남,3,422
2018-01,민간,민간분양,전북,3,612
2018-01,민간,민간분양,전남,412
2018-01,민간,민간분양,경북,3,307
2018-01,민간,민간분양,경남,3,499
2018-01,민간,민간분양,제주,1,193
2018-02,총계,총계,전국,51,346
2018-02,총계,총계,서울,4,043
2018-02,총계,총계,인천,1,164
2018-02,총계,총계,경기,18,664
2018-02,총계,총계,부산,5,864
2018-02,총계,총계,대구,1,242
2018-02,총계,총계,광주,1,253
2018-02,총계,총계,대전,565
2018-02,총계,총계,울산,901
2018-02,총계,총계,세종,1,446
2018-02,총계,총계,강원,303
2018-02,총계,총계,충북,2,953
2018-02,총계,총계,충남,2,031
2018-02,총계,총계,전북,2,174
2018-02,총계,총계,전남,1,184
2018-02,총계,총계,경북,4,641
2018-02,총계,총계,경남,1,853
2018-02,총계,총계,제주,1,065
2018-02,공공부문,소계,전국,1,721
2018-02,공공부문,소계,서울,137
2018-02,공공부문,소계,인천,0
2018-02,공공부문,소계,경기,1,581
2018-02,공공부문,소계,부산,0
2018-02,공공부문,소계,대구,0
2018-02,공공부문,소계,광주,0
2018-02,공공부문,소계,대전,0
2018-02,공공부문,소계,울산,0
2018-02,공공부문,소계,세종,0
2018-02,공공부문,소계,강원,0
2018-02,공공부문,소계,충북,3
2018-02,공공부문,소계,충남,0
2018-02,공공부문,소계,전북,0
2018-02,공공부문,소계,전남,0
2018-02,공공부문,소계,경북,0
2018-02,공공부문,소계,경남,0
2018-02,공공부문,소계,제주,0
2018-02,합,국민임대,전국,0
2018-02,합,국민임대,서울,0
2018-02,합,국민임대,인천,0
2018-02,합,국민임대,경기,0
2018-02,합,국민임대,부산,0
2018-02,합,국민임대,대구,0
2018-02,합,국민임대,광주,0
2018-02,합,국민임대,대전,0
2018-02,합,국민임대,울산,0
2018-02,합,국민임대,세종,0
2018-02,합,국민임대,강원,0
2018-02,합,국민임대,충북,0
2018-02,합,국민임대,충남,0
2018-02,합,국민임대,전북,0
2018-02,합,국민임대,전남,0
2018-02,합,국민임대,경북,0
2018-02,합,국민임대,경남,0
2018-02,합,국민임대,제주,0
2018-02,합,공공임대,전국,654
2018-02,합,공공임대,서울,137
2018-02,합,공공임대,인천,0
2018-02,합,공공임대,경기,514
2018-02,합,공공임대,부산,0
2018-02,합,공공임대,대구,0
2018-02,합,공공임대,광주,0
2018-02,합,공공임대,대전,0
2018-02,합,공공임대,울산,0
2018-02,합,공공임대,세종,0
2018-02,합,공공임대,강원,0
2018-02,합,공공임대,충북,3
2018-02,합,공공임대,충남,0
2018-02,합,공공임대,전북,0
2018-02,합,공공임대,전남,0
2018-02,합,공공임대,경북,0
2018-02,합,공공임대,경남,0
2018-02,합,공공임대,제주,0
2018-02,합,공공분양,전국,1,067
2018-02,합,공공분양,서울,0
2018-02,합,공공분양,인천,0
2018-02,합,공공분양,경기,1,067
2018-02,합,공공분양,부산,0
2018-02,합,공공분양,대구,0
2018-02,합,공공분양,광주,0
2018-02,합,공공분양,대전,0
2018-02,합,공공분양,울산,0
2018-02,합,공공분양,세종,0
2018-02,합,공공분양,강원,0
2018-02,합,공공분양,충북,0
2018-02,합,공공분양,충남,0
2018-02,합,공공분양,전북,0
2018-02,합,공공분양,전남,0
2018-02,합,공공분양,경북,0
2018-02,합,공공분양,경남,0
2018-02,합,공공분양,제주,0
2018-02,지자체,소계,전국,0
2018-02,지자체,소계,서울,0
2018-02,지자체,소계,인천,0
2018-02,지자체,소계,경기,0
2018-02,지자체,소계,부산,0
2018-02,지자체,소계,대구,0
2018-02,지자체,소계,광주,0
2018-02,지자체,소계,대전,0
2018-02,지자체,소계,울산,0
2018-02,지자체,소계,세종,0
2018-02,지자체,소계,강원,0
2018-02,지자체,소계,충북,0
2018-02,지자체,소계,충남,0
2018-02,지자체,소계,전북,0
2018-02,지자체,소계,전남,0
2018-02,지자체,소계,경북,0
2018-02,지자체,소계,경남,0
2018-02,지자체,소계,제주,0
2018-02,지자체,국민임대,전국,0
2018-02,지자체,국민임대,서울,0
2018-02,지자체,국민임대,인천,0
2018-02,지자체,국민임대,경기,0
2018-02,지자체,국민임대,부산,0
2018-02,지자체,국민임대,대구,0
2018-02,지자체,국민임대,광주,0
2018-02,지자체,국민임대,대전,0
2018-02,지자체,국민임대,울산,0
2018-02,지자체,국민임대,세종,0
2018-02,지자체,국민임대,강원,0
2018-02,지자체,국민임대,충북,0
2018-02,지자체,국민임대,충남,0
2018-02,지자체,국민임대,전북,0
2018-02,지자체,국민임대,전남,0
2018-02,지자체,국민임대,경북,0
2018-02,지자체,국민임대,경남,0
2018-02,지자체,국민임대,제주,0
2018-02,지자체,공공임대,전국,0
2018-02,지자체,공공임대,서울,0
2018-02,지자체,공공임대,인천,0
2018-02,지자체,공공임대,경기,0
2018-02,지자체,공공임대,부산,0
2018-02,지자체,공공임대,대구,0
2018-02,지자체,공공임대,광주,0
2018-02,지자체,공공임대,대전,0
2018-02,지자체,공공임대,울산,0
2018-02,지자체,공공임대,세종,0
2018-02,지자체,공공임대,강원,0
2018-02,지자체,공공임대,충북,0
2018-02,지자체,공공임대,충남,0
2018-02,지자체,공공임대,전북,0
2018-02,지자체,공공임대,전남,0
2018-02,지자체,공공임대,경북,0
2018-02,지자체,공공임대,경남,0
2018-02,지자체,공공임대,제주,0
2018-02,지자체,공공분양,전국,0
2018-02,지자체,공공분양,서울,0
2018-02,지자체,공공분양,인천,0
2018-02,지자체,공공분양,경기,0
2018-02,지자체,공공분양,부산,0
2018-02,지자체,공공분양,대구,0
2018-02,지자체,공공분양,광주,0
2018-02,지자체,공공분양,대전,0
2018-02,지자체,공공분양,울산,0
2018-02,지자체,공공분양,세종,0
2018-02,지자체,공공분양,강원,0
2018-02,지자체,공공분양,충북,0
2018-02,지자체,공공분양,충남,0
2018-02,지자체,공공분양,전북,0
2018-02,지자체,공공분양,전남,0
2018-02,지자체,공공분양,경북,0
2018-02,지자체,공공분양,경남,0
2018-02,지자체,공공분양,제주,0
2018-02,LH,소계,전국,1,070
2018-02,LH,소계,서울,0
2018-02,LH,소계,인천,0
2018-02,LH,소계,경기,1,067
2018-02,LH,소계,부산,0
2018-02,LH,소계,대구,0
2018-02,LH,소계,광주,0
2018-02,LH,소계,대전,0
2018-02,LH,소계,울산,0
2018-02,LH,소계,세종,0
2018-02,LH,소계,강원,0
2018-02,LH,소계,충북,3
2018-02,LH,소계,충남,0
2018-02,LH,소계,전북,0
2018-02,LH,소계,전남,0
2018-02,LH,소계,경북,0
2018-02,LH,소계,경남,0
2018-02,LH,소계,제주,0
2018-02,LH,국민임대,전국,0
2018-02,LH,국민임대,서울,0
2018-02,LH,국민임대,인천,0
2018-02,LH,국민임대,경기,0
2018-02,LH,국민임대,부산,0
2018-02,LH,국민임대,대구,0
2018-02,LH,국민임대,광주,0
2018-02,LH,국민임대,대전,0
2018-02,LH,국민임대,울산,0
2018-02,LH,국민임대,세종,0
2018-02,LH,국민임대,강원,0
2018-02,LH,국민임대,충북,0
2018-02,LH,국민임대,충남,0
2018-02,LH,국민임대,전북,0
2018-02,LH,국민임대,전남,0
2018-02,LH,국민임대,경북,0
2018-02,LH,국민임대,경남,0
2018-02,LH,국민임대,제주,0
2018-02,LH,공공임대,전국,3
2018-02,LH,공공임대,서울,0
2018-02,LH,공공임대,인천,0
2018-02,LH,공공임대,경기,0
2018-02,LH,공공임대,부산,0
2018-02,LH,공공임대,대구,0
2018-02,LH,공공임대,광주,0
2018-02,LH,공공임대,대전,0
2018-02,LH,공공임대,울산,0
2018-02,LH,공공임대,세종,0
2018-02,LH,공공임대,강원,0
2018-02,LH,공공임대,충북,3
2018-02,LH,공공임대,충남,0
2018-02,LH,공공임대,전북,0
2018-02,LH,공공임대,전남,0
2018-02,LH,공공임대,경북,0
2018-02,LH,공공임대,경남,0
2018-02,LH,공공임대,제주,0
2018-02,LH,공공분양,전국,1,067
2018-02,LH,공공분양,서울,0
2018-02,LH,공공분양,인천,0
2018-02,LH,공공분양,경기,1,067
2018-02,LH,공공분양,부산,0
2018-02,LH,공공분양,대구,0
2018-02,LH,공공분양,광주,0
2018-02,LH,공공분양,대전,0
2018-02,LH,공공분양,울산,0
2018-02,LH,공공분양,세종,0
2018-02,LH,공공분양,강원,0
2018-02,LH,공공분양,충북,0
2018-02,LH,공공분양,충남,0
2018-02,LH,공공분양,전북,0
2018-02,LH,공공분양,전남,0
2018-02,LH,공공분양,경북,0
2018-02,LH,공공분양,경남,0
2018-02,LH,공공분양,제주,0
2018-02,주택업체,소계,전국,651
2018-02,주택업체,소계,서울,137
2018-02,주택업체,소계,인천,0
2018-02,주택업체,소계,경기,514
2018-02,주택업체,소계,부산,0
2018-02,주택업체,소계,대구,0
2018-02,주택업체,소계,광주,0
2018-02,주택업체,소계,대전,0
2018-02,주택업체,소계,울산,0
2018-02,주택업체,소계,세종,0
2018-02,주택업체,소계,강원,0
2018-02,주택업체,소계,충북,0
2018-02,주택업체,소계,충남,0
2018-02,주택업체,소계,전북,0
2018-02,주택업체,소계,전남,0
2018-02,주택업체,소계,경북,0
2018-02,주택업체,소계,경남,0
2018-02,주택업체,소계,제주,0
2018-02,주택업체,국민임대,전국,0
2018-02,주택업체,국민임대,서울,0
2018-02,주택업체,국민임대,인천,0
2018-02,주택업체,국민임대,경기,0
2018-02,주택업체,국민임대,부산,0
2018-02,주택업체,국민임대,대구,0
2018-02,주택업체,국민임대,광주,0
2018-02,주택업체,국민임대,대전,0
2018-02,주택업체,국민임대,울산,0
2018-02,주택업체,국민임대,세종,0
2018-02,주택업체,국민임대,강원,0
2018-02,주택업체,국민임대,충북,0
2018-02,주택업체,국민임대,충남,0
2018-02,주택업체,국민임대,전북,0
2018-02,주택업체,국민임대,전남,0
2018-02,주택업체,국민임대,경북,0
2018-02,주택업체,국민임대,경남,0
2018-02,주택업체,국민임대,제주,0
2018-02,주택업체,공공임대,전국,651
2018-02,주택업체,공공임대,서울,137
2018-02,주택업체,공공임대,인천,0
2018-02,주택업체,공공임대,경기,514
2018-02,주택업체,공공임대,부산,0
2018-02,주택업체,공공임대,대구,0
2018-02,주택업체,공공임대,광주,0
2018-02,주택업체,공공임대,대전,0
2018-02,주택업체,공공임대,울산,0
2018-02,주택업체,공공임대,세종,0
2018-02,주택업체,공공임대,강원,0
2018-02,주택업체,공공임대,충북,0
2018-02,주택업체,공공임대,충남,0
2018-02,주택업체,공공임대,전북,0
2018-02,주택업체,공공임대,전남,0
2018-02,주택업체,공공임대,경북,0
2018-02,주택업체,공공임대,경남,0
2018-02,주택업체,공공임대,제주,0
2018-02,주택업체,공공분양,전국,0
2018-02,주택업체,공공분양,서울,0
2018-02,주택업체,공공분양,인천,0
2018-02,주택업체,공공분양,경기,0
2018-02,주택업체,공공분양,부산,0
2018-02,주택업체,공공분양,대구,0
2018-02,주택업체,공공분양,광주,0
2018-02,주택업체,공공분양,대전,0
2018-02,주택업체,공공분양,울산,0
2018-02,주택업체,공공분양,세종,0
2018-02,주택업체,공공분양,강원,0
2018-02,주택업체,공공분양,충북,0
2018-02,주택업체,공공분양,충남,0
2018-02,주택업체,공공분양,전북,0
2018-02,주택업체,공공분양,전남,0
2018-02,주택업체,공공분양,경북,0
2018-02,주택업체,공공분양,경남,0
2018-02,주택업체,공공분양,제주,0
2018-02,민간부문,소계,전국,49,625
2018-02,민간부문,소계,서울,3,906
2018-02,민간부문,소계,인천,1,164
2018-02,민간부문,소계,경기,17,083
2018-02,민간부문,소계,부산,5,864
2018-02,민간부문,소계,대구,1,242
2018-02,민간부문,소계,광주,1,253
2018-02,민간부문,소계,대전,565
2018-02,민간부문,소계,울산,901
2018-02,민간부문,소계,세종,1,446
2018-02,민간부문,소계,강원,303
2018-02,민간부문,소계,충북,2,950
2018-02,민간부문,소계,충남,2,031
2018-02,민간부문,소계,전북,2,174
2018-02,민간부문,소계,전남,1,184
2018-02,민간부문,소계,경북,4,641
2018-02,민간부문,소계,경남,1,853
2018-02,민간부문,소계,제주,1,065
2018-02,민간,민간임대,전국,1,135
2018-02,민간,민간임대,서울,0
2018-02,민간,민간임대,인천,0
2018-02,민간,민간임대,경기,1,135
2018-02,민간,민간임대,부산,0
2018-02,민간,민간임대,대구,0
2018-02,민간,민간임대,광주,0
2018-02,민간,민간임대,대전,0
2018-02,민간,민간임대,울산,0
2018-02,민간,민간임대,세종,0
2018-02,민간,민간임대,강원,0
2018-02,민간,민간임대,충북,0
2018-02,민간,민간임대,충남,0
2018-02,민간,민간임대,전북,0
2018-02,민간,민간임대,전남,0
2018-02,민간,민간임대,경북,0
2018-02,민간,민간임대,경남,0
2018-02,민간,민간임대,제주,0
2018-02,민간,민간분양,전국,48,490
2018-02,민간,민간분양,서울,3,906
2018-02,민간,민간분양,인천,1,164
2018-02,민간,민간분양,경기,15,948
2018-02,민간,민간분양,부산,5,864
2018-02,민간,민간분양,대구,1,242
2018-02,민간,민간분양,광주,1,253
2018-02,민간,민간분양,대전,565
2018-02,민간,민간분양,울산,901
2018-02,민간,민간분양,세종,1,446
2018-02,민간,민간분양,강원,303
2018-02,민간,민간분양,충북,2,950
2018-02,민간,민간분양,충남,2,031
2018-02,민간,민간분양,전북,2,174
2018-02,민간,민간분양,전남,1,184
2018-02,민간,민간분양,경북,4,641
2018-02,민간,민간분양,경남,1,853
2018-02,민간,민간분양,제주,1,065
2018-03,총계,총계,전국,41,743
2018-03,총계,총계,서울,4,006
2018-03,총계,총계,인천,2,004
2018-03,총계,총계,경기,10,617
2018-03,총계,총계,부산,2,168
2018-03,총계,총계,대구,1,428
2018-03,총계,총계,광주,317
2018-03,총계,총계,대전,187
2018-03,총계,총계,울산,1,138
2018-03,총계,총계,세종,3,464
2018-03,총계,총계,강원,1,648
2018-03,총계,총계,충북,1,122
2018-03,총계,총계,충남,3,249
2018-03,총계,총계,전북,1,584
2018-03,총계,총계,전남,547
2018-03,총계,총계,경북,3,489
2018-03,총계,총계,경남,3,877
2018-03,총계,총계,제주,898
2018-03,공공부문,소계,전국,1,111
2018-03,공공부문,소계,서울,0
2018-03,공공부문,소계,인천,0
2018-03,공공부문,소계,경기,1,100
2018-03,공공부문,소계,부산,0
2018-03,공공부문,소계,대구,0
2018-03,공공부문,소계,광주,0
2018-03,공공부문,소계,대전,0
2018-03,공공부문,소계,울산,0
2018-03,공공부문,소계,세종,0
2018-03,공공부문,소계,강원,0
2018-03,공공부문,소계,충북,0
2018-03,공공부문,소계,충남,0
2018-03,공공부문,소계,전북,0
2018-03,공공부문,소계,전남,0
2018-03,공공부문,소계,경북,0
2018-03,공공부문,소계,경남,11
2018-03,공공부문,소계,제주,0
2018-03,합,국민임대,전국,0
2018-03,합,국민임대,서울,0
2018-03,합,국민임대,인천,0
2018-03,합,국민임대,경기,0
2018-03,합,국민임대,부산,0
2018-03,합,국민임대,대구,0
2018-03,합,국민임대,광주,0
2018-03,합,국민임대,대전,0
2018-03,합,국민임대,울산,0
2018-03,합,국민임대,세종,0
2018-03,합,국민임대,강원,0
2018-03,합,국민임대,충북,0
2018-03,합,국민임대,충남,0
2018-03,합,국민임대,전북,0
2018-03,합,국민임대,전남,0
2018-03,합,국민임대,경북,0
2018-03,합,국민임대,경남,0
2018-03,합,국민임대,제주,0
2018-03,합,공공임대,전국,411
2018-03,합,공공임대,서울,0
2018-03,합,공공임대,인천,0
2018-03,합,공공임대,경기,400
2018-03,합,공공임대,부산,0
2018-03,합,공공임대,대구,0
2018-03,합,공공임대,광주,0
2018-03,합,공공임대,대전,0
2018-03,합,공공임대,울산,0
2018-03,합,공공임대,세종,0
2018-03,합,공공임대,강원,0
2018-03,합,공공임대,충북,0
2018-03,합,공공임대,충남,0
2018-03,합,공공임대,전북,0
2018-03,합,공공임대,전남,0
2018-03,합,공공임대,경북,0
2018-03,합,공공임대,경남,11
2018-03,합,공공임대,제주,0
2018-03,합,공공분양,전국,700
2018-03,합,공공분양,서울,0
2018-03,합,공공분양,인천,0
2018-03,합,공공분양,경기,700
2018-03,합,공공분양,부산,0
2018-03,합,공공분양,대구,0
2018-03,합,공공분양,광주,0
2018-03,합,공공분양,대전,0
2018-03,합,공공분양,울산,0
2018-03,합,공공분양,세종,0
2018-03,합,공공분양,강원,0
2018-03,합,공공분양,충북,0
2018-03,합,공공분양,충남,0
2018-03,합,공공분양,전북,0
2018-03,합,공공분양,전남,0
2018-03,합,공공분양,경북,0
2018-03,합,공공분양,경남,0
2018-03,합,공공분양,제주,0
2018-03,지자체,소계,전국,0
2018-03,지자체,소계,서울,0
2018-03,지자체,소계,인천,0
2018-03,지자체,소계,경기,0
2018-03,지자체,소계,부산,0
2018-03,지자체,소계,대구,0
2018-03,지자체,소계,광주,0
2018-03,지자체,소계,대전,0
2018-03,지자체,소계,울산,0
2018-03,지자체,소계,세종,0
2018-03,지자체,소계,강원,0
2018-03,지자체,소계,충북,0
2018-03,지자체,소계,충남,0
2018-03,지자체,소계,전북,0
2018-03,지자체,소계,전남,0
2018-03,지자체,소계,경북,0
2018-03,지자체,소계,경남,0
2018-03,지자체,소계,제주,0
2018-03,지자체,국민임대,전국,0
2018-03,지자체,국민임대,서울,0
2018-03,지자체,국민임대,인천,0
2018-03,지자체,국민임대,경기,0
2018-03,지자체,국민임대,부산,0
2018-03,지자체,국민임대,대구,0
2018-03,지자체,국민임대,광주,0
2018-03,지자체,국민임대,대전,0
2018-03,지자체,국민임대,울산,0
2018-03,지자체,국민임대,세종,0
2018-03,지자체,국민임대,강원,0
2018-03,지자체,국민임대,충북,0
2018-03,지자체,국민임대,충남,0
2018-03,지자체,국민임대,전북,0
2018-03,지자체,국민임대,전남,0
2018-03,지자체,국민임대,경북,0
2018-03,지자체,국민임대,경남,0
2018-03,지자체,국민임대,제주,0
2018-03,지자체,공공임대,전국,0
2018-03,지자체,공공임대,서울,0
2018-03,지자체,공공임대,인천,0
2018-03,지자체,공공임대,경기,0
2018-03,지자체,공공임대,부산,0
2018-03,지자체,공공임대,대구,0
2018-03,지자체,공공임대,광주,0
2018-03,지자체,공공임대,대전,0
2018-03,지자체,공공임대,울산,0
2018-03,지자체,공공임대,세종,0
2018-03,지자체,공공임대,강원,0
2018-03,지자체,공공임대,충북,0
2018-03,지자체,공공임대,충남,0
2018-03,지자체,공공임대,전북,0
2018-03,지자체,공공임대,전남,0
2018-03,지자체,공공임대,경북,0
2018-03,지자체,공공임대,경남,0
2018-03,지자체,공공임대,제주,0
2018-03,지자체,공공분양,전국,0
2018-03,지자체,공공분양,서울,0
2018-03,지자체,공공분양,인천,0
2018-03,지자체,공공분양,경기,0
2018-03,지자체,공공분양,부산,0
2018-03,지자체,공공분양,대구,0
2018-03,지자체,공공분양,광주,0
2018-03,지자체,공공분양,대전,0
2018-03,지자체,공공분양,울산,0
2018-03,지자체,공공분양,세종,0
2018-03,지자체,공공분양,강원,0
2018-03,지자체,공공분양,충북,0
2018-03,지자체,공공분양,충남,0
2018-03,지자체,공공분양,전북,0
2018-03,지자체,공공분양,전남,0
2018-03,지자체,공공분양,경북,0
2018-03,지자체,공공분양,경남,0
2018-03,지자체,공공분양,제주,0
2018-03,LH,소계,전국,1,111
2018-03,LH,소계,서울,0
2018-03,LH,소계,인천,0
2018-03,LH,소계,경기,1,100
2018-03,LH,소계,부산,0
2018-03,LH,소계,대구,0
2018-03,LH,소계,광주,0
2018-03,LH,소계,대전,0
2018-03,LH,소계,울산,0
2018-03,LH,소계,세종,0
2018-03,LH,소계,강원,0
2018-03,LH,소계,충북,0
2018-03,LH,소계,충남,0
2018-03,LH,소계,전북,0
2018-03,LH,소계,전남,0
2018-03,LH,소계,경북,0
2018-03,LH,소계,경남,11
2018-03,LH,소계,제주,0
2018-03,LH,국민임대,전국,0
2018-03,LH,국민임대,서울,0
2018-03,LH,국민임대,인천,0
2018-03,LH,국민임대,경기,0
2018-03,LH,국민임대,부산,0
2018-03,LH,국민임대,대구,0
2018-03,LH,국민임대,광주,0
2018-03,LH,국민임대,대전,0
2018-03,LH,국민임대,울산,0
2018-03,LH,국민임대,세종,0
2018-03,LH,국민임대,강원,0
2018-03,LH,국민임대,충북,0
2018-03,LH,국민임대,충남,0
2018-03,LH,국민임대,전북,0
2018-03,LH,국민임대,전남,0
2018-03,LH,국민임대,경북,0
2018-03,LH,국민임대,경남,0
2018-03,LH,국민임대,제주,0
2018-03,LH,공공임대,전국,411
2018-03,LH,공공임대,서울,0
2018-03,LH,공공임대,인천,0
2018-03,LH,공공임대,경기,400
2018-03,LH,공공임대,부산,0
2018-03,LH,공공임대,대구,0
2018-03,LH,공공임대,광주,0
2018-03,LH,공공임대,대전,0
2018-03,LH,공공임대,울산,0
2018-03,LH,공공임대,세종,0
2018-03,LH,공공임대,강원,0
2018-03,LH,공공임대,충북,0
2018-03,LH,공공임대,충남,0
2018-03,LH,공공임대,전북,0
2018-03,LH,공공임대,전남,0
2018-03,LH,공공임대,경북,0
2018-03,LH,공공임대,경남,11
2018-03,LH,공공임대,제주,0
2018-03,LH,공공분양,전국,700
2018-03,LH,공공분양,서울,0
2018-03,LH,공공분양,인천,0
2018-03,LH,공공분양,경기,700
2018-03,LH,공공분양,부산,0
2018-03,LH,공공분양,대구,0
2018-03,LH,공공분양,광주,0
2018-03,LH,공공분양,대전,0
2018-03,LH,공공분양,울산,0
2018-03,LH,공공분양,세종,0
2018-03,LH,공공분양,강원,0
2018-03,LH,공공분양,충북,0
2018-03,LH,공공분양,충남,0
2018-03,LH,공공분양,전북,0
2018-03,LH,공공분양,전남,0
2018-03,LH,공공분양,경북,0
2018-03,LH,공공분양,경남,0
2018-03,LH,공공분양,제주,0
2018-03,주택업체,소계,전국,0
2018-03,주택업체,소계,서울,0
2018-03,주택업체,소계,인천,0
2018-03,주택업체,소계,경기,0
2018-03,주택업체,소계,부산,0
2018-03,주택업체,소계,대구,0
2018-03,주택업체,소계,광주,0
2018-03,주택업체,소계,대전,0
2018-03,주택업체,소계,울산,0
2018-03,주택업체,소계,세종,0
2018-03,주택업체,소계,강원,0
2018-03,주택업체,소계,충북,0
2018-03,주택업체,소계,충남,0
2018-03,주택업체,소계,전북,0
2018-03,주택업체,소계,전남,0
2018-03,주택업체,소계,경북,0
2018-03,주택업체,소계,경남,0
2018-03,주택업체,소계,제주,0
2018-03,주택업체,국민임대,전국,0
2018-03,주택업체,국민임대,서울,0
2018-03,주택업체,국민임대,인천,0
2018-03,주택업체,국민임대,경기,0
2018-03,주택업체,국민임대,부산,0
2018-03,주택업체,국민임대,대구,0
2018-03,주택업체,국민임대,광주,0
2018-03,주택업체,국민임대,대전,0
2018-03,주택업체,국민임대,울산,0
2018-03,주택업체,국민임대,세종,0
2018-03,주택업체,국민임대,강원,0
2018-03,주택업체,국민임대,충북,0
2018-03,주택업체,국민임대,충남,0
2018-03,주택업체,국민임대,전북,0
2018-03,주택업체,국민임대,전남,0
2018-03,주택업체,국민임대,경북,0
2018-03,주택업체,국민임대,경남,0
2018-03,주택업체,국민임대,제주,0
2018-03,주택업체,공공임대,전국,0
2018-03,주택업체,공공임대,서울,0
2018-03,주택업체,공공임대,인천,0
2018-03,주택업체,공공임대,경기,0
2018-03,주택업체,공공임대,부산,0
2018-03,주택업체,공공임대,대구,0
2018-03,주택업체,공공임대,광주,0
2018-03,주택업체,공공임대,대전,0
2018-03,주택업체,공공임대,울산,0
2018-03,주택업체,공공임대,세종,0
2018-03,주택업체,공공임대,강원,0
2018-03,주택업체,공공임대,충북,0
2018-03,주택업체,공공임대,충남,0
2018-03,주택업체,공공임대,전북,0
2018-03,주택업체,공공임대,전남,0
2018-03,주택업체,공공임대,경북,0
2018-03,주택업체,공공임대,경남,0
2018-03,주택업체,공공임대,제주,0
2018-03,주택업체,공공분양,전국,0
2018-03,주택업체,공공분양,서울,0
2018-03,주택업체,공공분양,인천,0
2018-03,주택업체,공공분양,경기,0
2018-03,주택업체,공공분양,부산,0
2018-03,주택업체,공공분양,대구,0
2018-03,주택업체,공공분양,광주,0
2018-03,주택업체,공공분양,대전,0
2018-03,주택업체,공공분양,울산,0
2018-03,주택업체,공공분양,세종,0
2018-03,주택업체,공공분양,강원,0
2018-03,주택업체,공공분양,충북,0
2018-03,주택업체,공공분양,충남,0
2018-03,주택업체,공공분양,전북,0
2018-03,주택업체,공공분양,전남,0
2018-03,주택업체,공공분양,경북,0
2018-03,주택업체,공공분양,경남,0
2018-03,주택업체,공공분양,제주,0
2018-03,민간부문,소계,전국,40,632
2018-03,민간부문,소계,서울,4,006
2018-03,민간부문,소계,인천,2,004
2018-03,민간부문,소계,경기,9,517
2018-03,민간부문,소계,부산,2,168
2018-03,민간부문,소계,대구,1,428
2018-03,민간부문,소계,광주,317
2018-03,민간부문,소계,대전,187
2018-03,민간부문,소계,울산,1,138
2018-03,민간부문,소계,세종,3,464
2018-03,민간부문,소계,강원,1,648
2018-03,민간부문,소계,충북,1,122
2018-03,민간부문,소계,충남,3,249
2018-03,민간부문,소계,전북,1,584
2018-03,민간부문,소계,전남,547
2018-03,민간부문,소계,경북,3,489
2018-03,민간부문,소계,경남,3,866
2018-03,민간부문,소계,제주,898
2018-03,민간,민간임대,전국,78
2018-03,민간,민간임대,서울,78
2018-03,민간,민간임대,인천,0
2018-03,민간,민간임대,경기,0
2018-03,민간,민간임대,부산,0
2018-03,민간,민간임대,대구,0
2018-03,민간,민간임대,광주,0
2018-03,민간,민간임대,대전,0
2018-03,민간,민간임대,울산,0
2018-03,민간,민간임대,세종,0
2018-03,민간,민간임대,강원,0
2018-03,민간,민간임대,충북,0
2018-03,민간,민간임대,충남,0
2018-03,민간,민간임대,전북,0
2018-03,민간,민간임대,전남,0
2018-03,민간,민간임대,경북,0
2018-03,민간,민간임대,경남,0
2018-03,민간,민간임대,제주,0
2018-03,민간,민간분양,전국,40,554
2018-03,민간,민간분양,서울,3,928
2018-03,민간,민간분양,인천,2,004
2018-03,민간,민간분양,경기,9,517
2018-03,민간,민간분양,부산,2,168
2018-03,민간,민간분양,대구,1,428
2018-03,민간,민간분양,광주,317
2018-03,민간,민간분양,대전,187
2018-03,민간,민간분양,울산,1,138
2018-03,민간,민간분양,세종,3,464
2018-03,민간,민간분양,강원,1,648
2018-03,민간,민간분양,충북,1,122
2018-03,민간,민간분양,충남,3,249
2018-03,민간,민간분양,전북,1,584
2018-03,민간,민간분양,전남,547
2018-03,민간,민간분양,경북,3,489
2018-03,민간,민간분양,경남,3,866
2018-03,민간,민간분양,제주,898
2018-04,총계,총계,전국,41,207
2018-04,총계,총계,서울,3,838
2018-04,총계,총계,인천,1,401
2018-04,총계,총계,경기,14,558
2018-04,총계,총계,부산,2,759
2018-04,총계,총계,대구,2,558
2018-04,총계,총계,광주,1,131
2018-04,총계,총계,대전,1,179
2018-04,총계,총계,울산,416
2018-04,총계,총계,세종,1,431
2018-04,총계,총계,강원,1,213
2018-04,총계,총계,충북,1,928
2018-04,총계,총계,충남,2,153
2018-04,총계,총계,전북,1,064
2018-04,총계,총계,전남,553
2018-04,총계,총계,경북,1,115
2018-04,총계,총계,경남,2,974
2018-04,총계,총계,제주,936
2018-04,공공부문,소계,전국,2,462
2018-04,공공부문,소계,서울,0
2018-04,공공부문,소계,인천,686
2018-04,공공부문,소계,경기,546
2018-04,공공부문,소계,부산,0
2018-04,공공부문,소계,대구,0
2018-04,공공부문,소계,광주,0
2018-04,공공부문,소계,대전,0
2018-04,공공부문,소계,울산,0
2018-04,공공부문,소계,세종,0
2018-04,공공부문,소계,강원,0
2018-04,공공부문,소계,충북,0
2018-04,공공부문,소계,충남,0
2018-04,공공부문,소계,전북,0
2018-04,공공부문,소계,전남,71
2018-04,공공부문,소계,경북,219
2018-04,공공부문,소계,경남,940
2018-04,공공부문,소계,제주,0
2018-04,합,국민임대,전국,342
2018-04,합,국민임대,서울,0
2018-04,합,국민임대,인천,0
2018-04,합,국민임대,경기,342
2018-04,합,국민임대,부산,0
2018-04,합,국민임대,대구,0
2018-04,합,국민임대,광주,0
2018-04,합,국민임대,대전,0
2018-04,합,국민임대,울산,0
2018-04,합,국민임대,세종,0
2018-04,합,국민임대,강원,0
2018-04,합,국민임대,충북,0
2018-04,합,국민임대,충남,0
2018-04,합,국민임대,전북,0
2018-04,합,국민임대,전남,0
2018-04,합,국민임대,경북,0
2018-04,합,국민임대,경남,0
2018-04,합,국민임대,제주,0
2018-04,합,공공임대,전국,2,080
2018-04,합,공공임대,서울,0
2018-04,합,공공임대,인천,686
2018-04,합,공공임대,경기,204
2018-04,합,공공임대,부산,0
2018-04,합,공공임대,대구,0
2018-04,합,공공임대,광주,0
2018-04,합,공공임대,대전,0
2018-04,합,공공임대,울산,0
2018-04,합,공공임대,세종,0
2018-04,합,공공임대,강원,0
2018-04,합,공공임대,충북,0
2018-04,합,공공임대,충남,0
2018-04,합,공공임대,전북,0
2018-04,합,공공임대,전남,71
2018-04,합,공공임대,경북,219
2018-04,합,공공임대,경남,900
2018-04,합,공공임대,제주,0
2018-04,합,공공분양,전국,40
2018-04,합,공공분양,서울,0
2018-04,합,공공분양,인천,0
2018-04,합,공공분양,경기,0
2018-04,합,공공분양,부산,0
2018-04,합,공공분양,대구,0
2018-04,합,공공분양,광주,0
2018-04,합,공공분양,대전,0
2018-04,합,공공분양,울산,0
2018-04,합,공공분양,세종,0
2018-04,합,공공분양,강원,0
2018-04,합,공공분양,충북,0
2018-04,합,공공분양,충남,0
2018-04,합,공공분양,전북,0
2018-04,합,공공분양,전남,0
2018-04,합,공공분양,경북,0
2018-04,합,공공분양,경남,40
2018-04,합,공공분양,제주,0
2018-04,지자체,소계,전국,0
2018-04,지자체,소계,서울,0
2018-04,지자체,소계,인천,0
2018-04,지자체,소계,경기,0
2018-04,지자체,소계,부산,0
2018-04,지자체,소계,대구,0
2018-04,지자체,소계,광주,0
2018-04,지자체,소계,대전,0
2018-04,지자체,소계,울산,0
2018-04,지자체,소계,세종,0
2018-04,지자체,소계,강원,0
2018-04,지자체,소계,충북,0
2018-04,지자체,소계,충남,0
2018-04,지자체,소계,전북,0
2018-04,지자체,소계,전남,0
2018-04,지자체,소계,경북,0
2018-04,지자체,소계,경남,0
2018-04,지자체,소계,제주,0
2018-04,지자체,국민임대,전국,0
2018-04,지자체,국민임대,서울,0
2018-04,지자체,국민임대,인천,0
2018-04,지자체,국민임대,경기,0
2018-04,지자체,국민임대,부산,0
2018-04,지자체,국민임대,대구,0
2018-04,지자체,국민임대,광주,0
2018-04,지자체,국민임대,대전,0
2018-04,지자체,국민임대,울산,0
2018-04,지자체,국민임대,세종,0
2018-04,지자체,국민임대,강원,0
2018-04,지자체,국민임대,충북,0
2018-04,지자체,국민임대,충남,0
2018-04,지자체,국민임대,전북,0
2018-04,지자체,국민임대,전남,0
2018-04,지자체,국민임대,경북,0
2018-04,지자체,국민임대,경남,0
2018-04,지자체,국민임대,제주,0
2018-04,지자체,공공임대,전국,0
2018-04,지자체,공공임대,서울,0
2018-04,지자체,공공임대,인천,0
2018-04,지자체,공공임대,경기,0
2018-04,지자체,공공임대,부산,0
2018-04,지자체,공공임대,대구,0
2018-04,지자체,공공임대,광주,0
2018-04,지자체,공공임대,대전,0
2018-04,지자체,공공임대,울산,0
2018-04,지자체,공공임대,세종,0
2018-04,지자체,공공임대,강원,0
2018-04,지자체,공공임대,충북,0
2018-04,지자체,공공임대,충남,0
2018-04,지자체,공공임대,전북,0
2018-04,지자체,공공임대,전남,0
2018-04,지자체,공공임대,경북,0
2018-04,지자체,공공임대,경남,0
2018-04,지자체,공공임대,제주,0
2018-04,지자체,공공분양,전국,0
2018-04,지자체,공공분양,서울,0
2018-04,지자체,공공분양,인천,0
2018-04,지자체,공공분양,경기,0
2018-04,지자체,공공분양,부산,0
2018-04,지자체,공공분양,대구,0
2018-04,지자체,공공분양,광주,0
2018-04,지자체,공공분양,대전,0
2018-04,지자체,공공분양,울산,0
2018-04,지자체,공공분양,세종,0
2018-04,지자체,공공분양,강원,0
2018-04,지자체,공공분양,충북,0
2018-04,지자체,공공분양,충남,0
2018-04,지자체,공공분양,전북,0
2018-04,지자체,공공분양,전남,0
2018-04,지자체,공공분양,경북,0
2018-04,지자체,공공분양,경남,0
2018-04,지자체,공공분양,제주,0
2018-04,LH,소계,전국,1,586
2018-04,LH,소계,서울,0
2018-04,LH,소계,인천,686
2018-04,LH,소계,경기,0
2018-04,LH,소계,부산,0
2018-04,LH,소계,대구,0
2018-04,LH,소계,광주,0
2018-04,LH,소계,대전,0
2018-04,LH,소계,울산,0
2018-04,LH,소계,세종,0
2018-04,LH,소계,강원,0
2018-04,LH,소계,충북,0
2018-04,LH,소계,충남,0
2018-04,LH,소계,전북,0
2018-04,LH,소계,전남,0
2018-04,LH,소계,경북,0
2018-04,LH,소계,경남,900
2018-04,LH,소계,제주,0
2018-04,LH,국민임대,전국,0
2018-04,LH,국민임대,서울,0
2018-04,LH,국민임대,인천,0
2018-04,LH,국민임대,경기,0
2018-04,LH,국민임대,부산,0
2018-04,LH,국민임대,대구,0
2018-04,LH,국민임대,광주,0
2018-04,LH,국민임대,대전,0
2018-04,LH,국민임대,울산,0
2018-04,LH,국민임대,세종,0
2018-04,LH,국민임대,강원,0
2018-04,LH,국민임대,충북,0
2018-04,LH,국민임대,충남,0
2018-04,LH,국민임대,전북,0
2018-04,LH,국민임대,전남,0
2018-04,LH,국민임대,경북,0
2018-04,LH,국민임대,경남,0
2018-04,LH,국민임대,제주,0
2018-04,LH,공공임대,전국,1,586
2018-04,LH,공공임대,서울,0
2018-04,LH,공공임대,인천,686
2018-04,LH,공공임대,경기,0
2018-04,LH,공공임대,부산,0
2018-04,LH,공공임대,대구,0
2018-04,LH,공공임대,광주,0
2018-04,LH,공공임대,대전,0
2018-04,LH,공공임대,울산,0
2018-04,LH,공공임대,세종,0
2018-04,LH,공공임대,강원,0
2018-04,LH,공공임대,충북,0
2018-04,LH,공공임대,충남,0
2018-04,LH,공공임대,전북,0
2018-04,LH,공공임대,전남,0
2018-04,LH,공공임대,경북,0
2018-04,LH,공공임대,경남,900
2018-04,LH,공공임대,제주,0
2018-04,LH,공공분양,전국,0
2018-04,LH,공공분양,서울,0
2018-04,LH,공공분양,인천,0
2018-04,LH,공공분양,경기,0
2018-04,LH,공공분양,부산,0
2018-04,LH,공공분양,대구,0
2018-04,LH,공공분양,광주,0
2018-04,LH,공공분양,대전,0
2018-04,LH,공공분양,울산,0
2018-04,LH,공공분양,세종,0
2018-04,LH,공공분양,강원,0
2018-04,LH,공공분양,충북,0
2018-04,LH,공공분양,충남,0
2018-04,LH,공공분양,전북,0
2018-04,LH,공공분양,전남,0
2018-04,LH,공공분양,경북,0
2018-04,LH,공공분양,경남,0
2018-04,LH,공공분양,제주,0
2018-04,주택업체,소계,전국,876
2018-04,주택업체,소계,서울,0
2018-04,주택업체,소계,인천,0
2018-04,주택업체,소계,경기,546
2018-04,주택업체,소계,부산,0
2018-04,주택업체,소계,대구,0
2018-04,주택업체,소계,광주,0
2018-04,주택업체,소계,대전,0
2018-04,주택업체,소계,울산,0
2018-04,주택업체,소계,세종,0
2018-04,주택업체,소계,강원,0
2018-04,주택업체,소계,충북,0
2018-04,주택업체,소계,충남,0
2018-04,주택업체,소계,전북,0
2018-04,주택업체,소계,전남,71
2018-04,주택업체,소계,경북,219
2018-04,주택업체,소계,경남,40
2018-04,주택업체,소계,제주,0
2018-04,주택업체,국민임대,전국,342
2018-04,주택업체,국민임대,서울,0
2018-04,주택업체,국민임대,인천,0
2018-04,주택업체,국민임대,경기,342
2018-04,주택업체,국민임대,부산,0
2018-04,주택업체,국민임대,대구,0
2018-04,주택업체,국민임대,광주,0
2018-04,주택업체,국민임대,대전,0
2018-04,주택업체,국민임대,울산,0
2018-04,주택업체,국민임대,세종,0
2018-04,주택업체,국민임대,강원,0
2018-04,주택업체,국민임대,충북,0
2018-04,주택업체,국민임대,충남,0
2018-04,주택업체,국민임대,전북,0
2018-04,주택업체,국민임대,전남,0
2018-04,주택업체,국민임대,경북,0
2018-04,주택업체,국민임대,경남,0
2018-04,주택업체,국민임대,제주,0
2018-04,주택업체,공공임대,전국,494
2018-04,주택업체,공공임대,서울,0
2018-04,주택업체,공공임대,인천,0
2018-04,주택업체,공공임대,경기,204
2018-04,주택업체,공공임대,부산,0
2018-04,주택업체,공공임대,대구,0
2018-04,주택업체,공공임대,광주,0
2018-04,주택업체,공공임대,대전,0
2018-04,주택업체,공공임대,울산,0
2018-04,주택업체,공공임대,세종,0
2018-04,주택업체,공공임대,강원,0
2018-04,주택업체,공공임대,충북,0
2018-04,주택업체,공공임대,충남,0
2018-04,주택업체,공공임대,전북,0
2018-04,주택업체,공공임대,전남,71
2018-04,주택업체,공공임대,경북,219
2018-04,주택업체,공공임대,경남,0
2018-04,주택업체,공공임대,제주,0
2018-04,주택업체,공공분양,전국,40
2018-04,주택업체,공공분양,서울,0
2018-04,주택업체,공공분양,인천,0
2018-04,주택업체,공공분양,경기,0
2018-04,주택업체,공공분양,부산,0
2018-04,주택업체,공공분양,대구,0
2018-04,주택업체,공공분양,광주,0
2018-04,주택업체,공공분양,대전,0
2018-04,주택업체,공공분양,울산,0
2018-04,주택업체,공공분양,세종,0
2018-04,주택업체,공공분양,강원,0
2018-04,주택업체,공공분양,충북,0
2018-04,주택업체,공공분양,충남,0
2018-04,주택업체,공공분양,전북,0
2018-04,주택업체,공공분양,전남,0
2018-04,주택업체,공공분양,경북,0
2018-04,주택업체,공공분양,경남,40
2018-04,주택업체,공공분양,제주,0
2018-04,민간부문,소계,전국,38,745
2018-04,민간부문,소계,서울,3,838
2018-04,민간부문,소계,인천,715
2018-04,민간부문,소계,경기,14,012
2018-04,민간부문,소계,부산,2,759
2018-04,민간부문,소계,대구,2,558
2018-04,민간부문,소계,광주,1,131
2018-04,민간부문,소계,대전,1,179
2018-04,민간부문,소계,울산,416
2018-04,민간부문,소계,세종,1,431
2018-04,민간부문,소계,강원,1,213
2018-04,민간부문,소계,충북,1,928
2018-04,민간부문,소계,충남,2,153
2018-04,민간부문,소계,전북,1,064
2018-04,민간부문,소계,전남,482
2018-04,민간부문,소계,경북,896
2018-04,민간부문,소계,경남,2,034
2018-04,민간부문,소계,제주,936
2018-04,민간,민간임대,전국,1,325
2018-04,민간,민간임대,서울,0
2018-04,민간,민간임대,인천,0
2018-04,민간,민간임대,경기,483
2018-04,민간,민간임대,부산,0
2018-04,민간,민간임대,대구,0
2018-04,민간,민간임대,광주,0
2018-04,민간,민간임대,대전,0
2018-04,민간,민간임대,울산,0
2018-04,민간,민간임대,세종,0
2018-04,민간,민간임대,강원,842
2018-04,민간,민간임대,충북,0
2018-04,민간,민간임대,충남,0
2018-04,민간,민간임대,전북,0
2018-04,민간,민간임대,전남,0
2018-04,민간,민간임대,경북,0
2018-04,민간,민간임대,경남,0
2018-04,민간,민간임대,제주,0
2018-04,민간,민간분양,전국,37,420
2018-04,민간,민간분양,서울,3,838
2018-04,민간,민간분양,인천,715
2018-04,민간,민간분양,경기,13,529
2018-04,민간,민간분양,부산,2,759
2018-04,민간,민간분양,대구,2,558
2018-04,민간,민간분양,광주,1,131
2018-04,민간,민간분양,대전,1,179
2018-04,민간,민간분양,울산,416
2018-04,민간,민간분양,세종,1,431
2018-04,민간,민간분양,강원,371
2018-04,민간,민간분양,충북,1,928
2018-04,민간,민간분양,충남,2,153
2018-04,민간,민간분양,전북,1,064
2018-04,민간,민간분양,전남,482
2018-04,민간,민간분양,경북,896
2018-04,민간,민간분양,경남,2,034
2018-04,민간,민간분양,제주,936
2018-05,총계,총계,전국,48,001
2018-05,총계,총계,서울,6,304
2018-05,총계,총계,인천,481
2018-05,총계,총계,경기,20,809
2018-05,총계,총계,부산,2,156
2018-05,총계,총계,대구,176
2018-05,총계,총계,광주,84
2018-05,총계,총계,대전,151
2018-05,총계,총계,울산,672
2018-05,총계,총계,세종,726
2018-05,총계,총계,강원,1,251
2018-05,총계,총계,충북,392
2018-05,총계,총계,충남,3,893
2018-05,총계,총계,전북,198
2018-05,총계,총계,전남,1,457
2018-05,총계,총계,경북,5,177
2018-05,총계,총계,경남,2,651
2018-05,총계,총계,제주,1,423
2018-05,공공부문,소계,전국,9,962
2018-05,공공부문,소계,서울,140
2018-05,공공부문,소계,인천,0
2018-05,공공부문,소계,경기,5,391
2018-05,공공부문,소계,부산,1,201
2018-05,공공부문,소계,대구,0
2018-05,공공부문,소계,광주,0
2018-05,공공부문,소계,대전,0
2018-05,공공부문,소계,울산,0
2018-05,공공부문,소계,세종,0
2018-05,공공부문,소계,강원,0
2018-05,공공부문,소계,충북,0
2018-05,공공부문,소계,충남,0
2018-05,공공부문,소계,전북,0
2018-05,공공부문,소계,전남,0
2018-05,공공부문,소계,경북,3,230
2018-05,공공부문,소계,경남,0
2018-05,공공부문,소계,제주,0
2018-05,합,국민임대,전국,0
2018-05,합,국민임대,서울,0
2018-05,합,국민임대,인천,0
2018-05,합,국민임대,경기,0
2018-05,합,국민임대,부산,0
2018-05,합,국민임대,대구,0
2018-05,합,국민임대,광주,0
2018-05,합,국민임대,대전,0
2018-05,합,국민임대,울산,0
2018-05,합,국민임대,세종,0
2018-05,합,국민임대,강원,0
2018-05,합,국민임대,충북,0
2018-05,합,국민임대,충남,0
2018-05,합,국민임대,전북,0
2018-05,합,국민임대,전남,0
2018-05,합,국민임대,경북,0
2018-05,합,국민임대,경남,0
2018-05,합,국민임대,제주,0
2018-05,합,공공임대,전국,7,142
2018-05,합,공공임대,서울,140
2018-05,합,공공임대,인천,0
2018-05,합,공공임대,경기,3,772
2018-05,합,공공임대,부산,0
2018-05,합,공공임대,대구,0
2018-05,합,공공임대,광주,0
2018-05,합,공공임대,대전,0
2018-05,합,공공임대,울산,0
2018-05,합,공공임대,세종,0
2018-05,합,공공임대,강원,0
2018-05,합,공공임대,충북,0
2018-05,합,공공임대,충남,0
2018-05,합,공공임대,전북,0
2018-05,합,공공임대,전남,0
2018-05,합,공공임대,경북,3,230
2018-05,합,공공임대,경남,0
2018-05,합,공공임대,제주,0
2018-05,합,공공분양,전국,2,820
2018-05,합,공공분양,서울,0
2018-05,합,공공분양,인천,0
2018-05,합,공공분양,경기,1,619
2018-05,합,공공분양,부산,1,201
2018-05,합,공공분양,대구,0
2018-05,합,공공분양,광주,0
2018-05,합,공공분양,대전,0
2018-05,합,공공분양,울산,0
2018-05,합,공공분양,세종,0
2018-05,합,공공분양,강원,0
2018-05,합,공공분양,충북,0
2018-05,합,공공분양,충남,0
2018-05,합,공공분양,전북,0
2018-05,합,공공분양,전남,0
2018-05,합,공공분양,경북,0
2018-05,합,공공분양,경남,0
2018-05,합,공공분양,제주,0
2018-05,지자체,소계,전국,0
2018-05,지자체,소계,서울,0
2018-05,지자체,소계,인천,0
2018-05,지자체,소계,경기,0
2018-05,지자체,소계,부산,0
2018-05,지자체,소계,대구,0
2018-05,지자체,소계,광주,0
2018-05,지자체,소계,대전,0
2018-05,지자체,소계,울산,0
2018-05,지자체,소계,세종,0
2018-05,지자체,소계,강원,0
2018-05,지자체,소계,충북,0
2018-05,지자체,소계,충남,0
2018-05,지자체,소계,전북,0
2018-05,지자체,소계,전남,0
2018-05,지자체,소계,경북,0
2018-05,지자체,소계,경남,0
2018-05,지자체,소계,제주,0
2018-05,지자체,국민임대,전국,0
2018-05,지자체,국민임대,서울,0
2018-05,지자체,국민임대,인천,0
2018-05,지자체,국민임대,경기,0
2018-05,지자체,국민임대,부산,0
2018-05,지자체,국민임대,대구,0
2018-05,지자체,국민임대,광주,0
2018-05,지자체,국민임대,대전,0
2018-05,지자체,국민임대,울산,0
2018-05,지자체,국민임대,세종,0
2018-05,지자체,국민임대,강원,0
2018-05,지자체,국민임대,충북,0
2018-05,지자체,국민임대,충남,0
2018-05,지자체,국민임대,전북,0
2018-05,지자체,국민임대,전남,0
2018-05,지자체,국민임대,경북,0
2018-05,지자체,국민임대,경남,0
2018-05,지자체,국민임대,제주,0
2018-05,지자체,공공임대,전국,0
2018-05,지자체,공공임대,서울,0
2018-05,지자체,공공임대,인천,0
2018-05,지자체,공공임대,경기,0
2018-05,지자체,공공임대,부산,0
2018-05,지자체,공공임대,대구,0
2018-05,지자체,공공임대,광주,0
2018-05,지자체,공공임대,대전,0
2018-05,지자체,공공임대,울산,0
2018-05,지자체,공공임대,세종,0
2018-05,지자체,공공임대,강원,0
2018-05,지자체,공공임대,충북,0
2018-05,지자체,공공임대,충남,0
2018-05,지자체,공공임대,전북,0
2018-05,지자체,공공임대,전남,0
2018-05,지자체,공공임대,경북,0
2018-05,지자체,공공임대,경남,0
2018-05,지자체,공공임대,제주,0
2018-05,지자체,공공분양,전국,0
2018-05,지자체,공공분양,서울,0
2018-05,지자체,공공분양,인천,0
2018-05,지자체,공공분양,경기,0
2018-05,지자체,공공분양,부산,0
2018-05,지자체,공공분양,대구,0
2018-05,지자체,공공분양,광주,0
2018-05,지자체,공공분양,대전,0
2018-05,지자체,공공분양,울산,0
2018-05,지자체,공공분양,세종,0
2018-05,지자체,공공분양,강원,0
2018-05,지자체,공공분양,충북,0
2018-05,지자체,공공분양,충남,0
2018-05,지자체,공공분양,전북,0
2018-05,지자체,공공분양,전남,0
2018-05,지자체,공공분양,경북,0
2018-05,지자체,공공분양,경남,0
2018-05,지자체,공공분양,제주,0
2018-05,LH,소계,전국,5,785
2018-05,LH,소계,서울,0
2018-05,LH,소계,인천,0
2018-05,LH,소계,경기,4,584
2018-05,LH,소계,부산,1,201
2018-05,LH,소계,대구,0
2018-05,LH,소계,광주,0
2018-05,LH,소계,대전,0
2018-05,LH,소계,울산,0
2018-05,LH,소계,세종,0
2018-05,LH,소계,강원,0
2018-05,LH,소계,충북,0
2018-05,LH,소계,충남,0
2018-05,LH,소계,전북,0
2018-05,LH,소계,전남,0
2018-05,LH,소계,경북,0
2018-05,LH,소계,경남,0
2018-05,LH,소계,제주,0
2018-05,LH,국민임대,전국,0
2018-05,LH,국민임대,서울,0
2018-05,LH,국민임대,인천,0
2018-05,LH,국민임대,경기,0
2018-05,LH,국민임대,부산,0
2018-05,LH,국민임대,대구,0
2018-05,LH,국민임대,광주,0
2018-05,LH,국민임대,대전,0
2018-05,LH,국민임대,울산,0
2018-05,LH,국민임대,세종,0
2018-05,LH,국민임대,강원,0
2018-05,LH,국민임대,충북,0
2018-05,LH,국민임대,충남,0
2018-05,LH,국민임대,전북,0
2018-05,LH,국민임대,전남,0
2018-05,LH,국민임대,경북,0
2018-05,LH,국민임대,경남,0
2018-05,LH,국민임대,제주,0
2018-05,LH,공공임대,전국,3,772
2018-05,LH,공공임대,서울,0
2018-05,LH,공공임대,인천,0
2018-05,LH,공공임대,경기,3,772
2018-05,LH,공공임대,부산,0
2018-05,LH,공공임대,대구,0
2018-05,LH,공공임대,광주,0
2018-05,LH,공공임대,대전,0
2018-05,LH,공공임대,울산,0
2018-05,LH,공공임대,세종,0
2018-05,LH,공공임대,강원,0
2018-05,LH,공공임대,충북,0
2018-05,LH,공공임대,충남,0
2018-05,LH,공공임대,전북,0
2018-05,LH,공공임대,전남,0
2018-05,LH,공공임대,경북,0
2018-05,LH,공공임대,경남,0
2018-05,LH,공공임대,제주,0
2018-05,LH,공공분양,전국,2,013
2018-05,LH,공공분양,서울,0
2018-05,LH,공공분양,인천,0
2018-05,LH,공공분양,경기,812
2018-05,LH,공공분양,부산,1,201
2018-05,LH,공공분양,대구,0
2018-05,LH,공공분양,광주,0
2018-05,LH,공공분양,대전,0
2018-05,LH,공공분양,울산,0
2018-05,LH,공공분양,세종,0
2018-05,LH,공공분양,강원,0
2018-05,LH,공공분양,충북,0
2018-05,LH,공공분양,충남,0
2018-05,LH,공공분양,전북,0
2018-05,LH,공공분양,전남,0
2018-05,LH,공공분양,경북,0
2018-05,LH,공공분양,경남,0
2018-05,LH,공공분양,제주,0
2018-05,주택업체,소계,전국,4,177
2018-05,주택업체,소계,서울,140
2018-05,주택업체,소계,인천,0
2018-05,주택업체,소계,경기,807
2018-05,주택업체,소계,부산,0
2018-05,주택업체,소계,대구,0
2018-05,주택업체,소계,광주,0
2018-05,주택업체,소계,대전,0
2018-05,주택업체,소계,울산,0
2018-05,주택업체,소계,세종,0
2018-05,주택업체,소계,강원,0
2018-05,주택업체,소계,충북,0
2018-05,주택업체,소계,충남,0
2018-05,주택업체,소계,전북,0
2018-05,주택업체,소계,전남,0
2018-05,주택업체,소계,경북,3,230
2018-05,주택업체,소계,경남,0
2018-05,주택업체,소계,제주,0
2018-05,주택업체,국민임대,전국,0
2018-05,주택업체,국민임대,서울,0
2018-05,주택업체,국민임대,인천,0
2018-05,주택업체,국민임대,경기,0
2018-05,주택업체,국민임대,부산,0
2018-05,주택업체,국민임대,대구,0
2018-05,주택업체,국민임대,광주,0
2018-05,주택업체,국민임대,대전,0
2018-05,주택업체,국민임대,울산,0
2018-05,주택업체,국민임대,세종,0
2018-05,주택업체,국민임대,강원,0
2018-05,주택업체,국민임대,충북,0
2018-05,주택업체,국민임대,충남,0
2018-05,주택업체,국민임대,전북,0
2018-05,주택업체,국민임대,전남,0
2018-05,주택업체,국민임대,경북,0
2018-05,주택업체,국민임대,경남,0
2018-05,주택업체,국민임대,제주,0
2018-05,주택업체,공공임대,전국,3,370
2018-05,주택업체,공공임대,서울,140
2018-05,주택업체,공공임대,인천,0
2018-05,주택업체,공공임대,경기,0
2018-05,주택업체,공공임대,부산,0
2018-05,주택업체,공공임대,대구,0
2018-05,주택업체,공공임대,광주,0
2018-05,주택업체,공공임대,대전,0
2018-05,주택업체,공공임대,울산,0
2018-05,주택업체,공공임대,세종,0
2018-05,주택업체,공공임대,강원,0
2018-05,주택업체,공공임대,충북,0
2018-05,주택업체,공공임대,충남,0
2018-05,주택업체,공공임대,전북,0
2018-05,주택업체,공공임대,전남,0
2018-05,주택업체,공공임대,경북,3,230
2018-05,주택업체,공공임대,경남,0
2018-05,주택업체,공공임대,제주,0
2018-05,주택업체,공공분양,전국,807
2018-05,주택업체,공공분양,서울,0
2018-05,주택업체,공공분양,인천,0
2018-05,주택업체,공공분양,경기,807
2018-05,주택업체,공공분양,부산,0
2018-05,주택업체,공공분양,대구,0
2018-05,주택업체,공공분양,광주,0
2018-05,주택업체,공공분양,대전,0
2018-05,주택업체,공공분양,울산,0
2018-05,주택업체,공공분양,세종,0
2018-05,주택업체,공공분양,강원,0
2018-05,주택업체,공공분양,충북,0
2018-05,주택업체,공공분양,충남,0
2018-05,주택업체,공공분양,전북,0
2018-05,주택업체,공공분양,전남,0
2018-05,주택업체,공공분양,경북,0
2018-05,주택업체,공공분양,경남,0
2018-05,주택업체,공공분양,제주,0
2018-05,민간부문,소계,전국,38,039
2018-05,민간부문,소계,서울,6,164
2018-05,민간부문,소계,인천,481
2018-05,민간부문,소계,경기,15,418
2018-05,민간부문,소계,부산,955
2018-05,민간부문,소계,대구,176
2018-05,민간부문,소계,광주,84
2018-05,민간부문,소계,대전,151
2018-05,민간부문,소계,울산,672
2018-05,민간부문,소계,세종,726
2018-05,민간부문,소계,강원,1,251
2018-05,민간부문,소계,충북,392
2018-05,민간부문,소계,충남,3,893
2018-05,민간부문,소계,전북,198
2018-05,민간부문,소계,전남,1,457
2018-05,민간부문,소계,경북,1,947
2018-05,민간부문,소계,경남,2,651
2018-05,민간부문,소계,제주,1,423
2018-05,민간,민간임대,전국,180
2018-05,민간,민간임대,서울,0
2018-05,민간,민간임대,인천,0
2018-05,민간,민간임대,경기,0
2018-05,민간,민간임대,부산,0
2018-05,민간,민간임대,대구,0
2018-05,민간,민간임대,광주,0
2018-05,민간,민간임대,대전,0
2018-05,민간,민간임대,울산,0
2018-05,민간,민간임대,세종,0
2018-05,민간,민간임대,강원,180
2018-05,민간,민간임대,충북,0
2018-05,민간,민간임대,충남,0
2018-05,민간,민간임대,전북,0
2018-05,민간,민간임대,전남,0
2018-05,민간,민간임대,경북,0
2018-05,민간,민간임대,경남,0
2018-05,민간,민간임대,제주,0
2018-05,민간,민간분양,전국,37,859
2018-05,민간,민간분양,서울,6,164
2018-05,민간,민간분양,인천,481
2018-05,민간,민간분양,경기,15,418
2018-05,민간,민간분양,부산,955
2018-05,민간,민간분양,대구,176
2018-05,민간,민간분양,광주,84
2018-05,민간,민간분양,대전,151
2018-05,민간,민간분양,울산,672
2018-05,민간,민간분양,세종,726
2018-05,민간,민간분양,강원,1,071
2018-05,민간,민간분양,충북,392
2018-05,민간,민간분양,충남,3,893
2018-05,민간,민간분양,전북,198
2018-05,민간,민간분양,전남,1,457
2018-05,민간,민간분양,경북,1,947
2018-05,민간,민간분양,경남,2,651
2018-05,민간,민간분양,제주,1,423
2018-06,총계,총계,전국,52,551
2018-06,총계,총계,서울,7,122
2018-06,총계,총계,인천,894
2018-06,총계,총계,경기,24,006
2018-06,총계,총계,부산,2,156
2018-06,총계,총계,대구,209
2018-06,총계,총계,광주,1,338
2018-06,총계,총계,대전,858
2018-06,총계,총계,울산,1,737
2018-06,총계,총계,세종,1,545
2018-06,총계,총계,강원,2,084
2018-06,총계,총계,충북,1,939
2018-06,총계,총계,충남,1,028
2018-06,총계,총계,전북,1,704
2018-06,총계,총계,전남,603
2018-06,총계,총계,경북,1,978
2018-06,총계,총계,경남,2,387
2018-06,총계,총계,제주,963
2018-06,공공부문,소계,전국,6,635
2018-06,공공부문,소계,서울,818
2018-06,공공부문,소계,인천,0
2018-06,공공부문,소계,경기,4,309
2018-06,공공부문,소계,부산,0
2018-06,공공부문,소계,대구,0
2018-06,공공부문,소계,광주,0
2018-06,공공부문,소계,대전,0
2018-06,공공부문,소계,울산,0
2018-06,공공부문,소계,세종,674
2018-06,공공부문,소계,강원,0
2018-06,공공부문,소계,충북,0
2018-06,공공부문,소계,충남,0
2018-06,공공부문,소계,전북,0
2018-06,공공부문,소계,전남,0
2018-06,공공부문,소계,경북,0
2018-06,공공부문,소계,경남,834
2018-06,공공부문,소계,제주,0
2018-06,합,국민임대,전국,2,612
2018-06,합,국민임대,서울,0
2018-06,합,국민임대,인천,0
2018-06,합,국민임대,경기,1,632
2018-06,합,국민임대,부산,0
2018-06,합,국민임대,대구,0
2018-06,합,국민임대,광주,0
2018-06,합,국민임대,대전,0
2018-06,합,국민임대,울산,0
2018-06,합,국민임대,세종,674
2018-06,합,국민임대,강원,0
2018-06,합,국민임대,충북,0
2018-06,합,국민임대,충남,0
2018-06,합,국민임대,전북,0
2018-06,합,국민임대,전남,0
2018-06,합,국민임대,경북,0
2018-06,합,국민임대,경남,306
2018-06,합,국민임대,제주,0
2018-06,합,공공임대,전국,1,520
2018-06,합,공공임대,서울,0
2018-06,합,공공임대,인천,0
2018-06,합,공공임대,경기,992
2018-06,합,공공임대,부산,0
2018-06,합,공공임대,대구,0
2018-06,합,공공임대,광주,0
2018-06,합,공공임대,대전,0
2018-06,합,공공임대,울산,0
2018-06,합,공공임대,세종,0
2018-06,합,공공임대,강원,0
2018-06,합,공공임대,충북,0
2018-06,합,공공임대,충남,0
2018-06,합,공공임대,전북,0
2018-06,합,공공임대,전남,0
2018-06,합,공공임대,경북,0
2018-06,합,공공임대,경남,528
2018-06,합,공공임대,제주,0
2018-06,합,공공분양,전국,2,503
2018-06,합,공공분양,서울,818
2018-06,합,공공분양,인천,0
2018-06,합,공공분양,경기,1,685
2018-06,합,공공분양,부산,0
2018-06,합,공공분양,대구,0
2018-06,합,공공분양,광주,0
2018-06,합,공공분양,대전,0
2018-06,합,공공분양,울산,0
2018-06,합,공공분양,세종,0
2018-06,합,공공분양,강원,0
2018-06,합,공공분양,충북,0
2018-06,합,공공분양,충남,0
2018-06,합,공공분양,전북,0
2018-06,합,공공분양,전남,0
2018-06,합,공공분양,경북,0
2018-06,합,공공분양,경남,0
2018-06,합,공공분양,제주,0
2018-06,지자체,소계,전국,0
2018-06,지자체,소계,서울,0
2018-06,지자체,소계,인천,0
2018-06,지자체,소계,경기,0
2018-06,지자체,소계,부산,0
2018-06,지자체,소계,대구,0
2018-06,지자체,소계,광주,0
2018-06,지자체,소계,대전,0
2018-06,지자체,소계,울산,0
2018-06,지자체,소계,세종,0
2018-06,지자체,소계,강원,0
2018-06,지자체,소계,충북,0
2018-06,지자체,소계,충남,0
2018-06,지자체,소계,전북,0
2018-06,지자체,소계,전남,0
2018-06,지자체,소계,경북,0
2018-06,지자체,소계,경남,0
2018-06,지자체,소계,제주,0
2018-06,지자체,국민임대,전국,0
2018-06,지자체,국민임대,서울,0
2018-06,지자체,국민임대,인천,0
2018-06,지자체,국민임대,경기,0
2018-06,지자체,국민임대,부산,0
2018-06,지자체,국민임대,대구,0
2018-06,지자체,국민임대,광주,0
2018-06,지자체,국민임대,대전,0
2018-06,지자체,국민임대,울산,0
2018-06,지자체,국민임대,세종,0
2018-06,지자체,국민임대,강원,0
2018-06,지자체,국민임대,충북,0
2018-06,지자체,국민임대,충남,0
2018-06,지자체,국민임대,전북,0
2018-06,지자체,국민임대,전남,0
2018-06,지자체,국민임대,경북,0
2018-06,지자체,국민임대,경남,0
2018-06,지자체,국민임대,제주,0
2018-06,지자체,공공임대,전국,0
2018-06,지자체,공공임대,서울,0
2018-06,지자체,공공임대,인천,0
2018-06,지자체,공공임대,경기,0
2018-06,지자체,공공임대,부산,0
2018-06,지자체,공공임대,대구,0
2018-06,지자체,공공임대,광주,0
2018-06,지자체,공공임대,대전,0
2018-06,지자체,공공임대,울산,0
2018-06,지자체,공공임대,세종,0
2018-06,지자체,공공임대,강원,0
2018-06,지자체,공공임대,충북,0
2018-06,지자체,공공임대,충남,0
2018-06,지자체,공공임대,전북,0
2018-06,지자체,공공임대,전남,0
2018-06,지자체,공공임대,경북,0
2018-06,지자체,공공임대,경남,0
2018-06,지자체,공공임대,제주,0
2018-06,지자체,공공분양,전국,0
2018-06,지자체,공공분양,서울,0
2018-06,지자체,공공분양,인천,0
2018-06,지자체,공공분양,경기,0
2018-06,지자체,공공분양,부산,0
2018-06,지자체,공공분양,대구,0
2018-06,지자체,공공분양,광주,0
2018-06,지자체,공공분양,대전,0
2018-06,지자체,공공분양,울산,0
2018-06,지자체,공공분양,세종,0
2018-06,지자체,공공분양,강원,0
2018-06,지자체,공공분양,충북,0
2018-06,지자체,공공분양,충남,0
2018-06,지자체,공공분양,전북,0
2018-06,지자체,공공분양,전남,0
2018-06,지자체,공공분양,경북,0
2018-06,지자체,공공분양,경남,0
2018-06,지자체,공공분양,제주,0
2018-06,LH,소계,전국,4,132
2018-06,LH,소계,서울,0
2018-06,LH,소계,인천,0
2018-06,LH,소계,경기,2,624
2018-06,LH,소계,부산,0
2018-06,LH,소계,대구,0
2018-06,LH,소계,광주,0
2018-06,LH,소계,대전,0
2018-06,LH,소계,울산,0
2018-06,LH,소계,세종,674
2018-06,LH,소계,강원,0
2018-06,LH,소계,충북,0
2018-06,LH,소계,충남,0
2018-06,LH,소계,전북,0
2018-06,LH,소계,전남,0
2018-06,LH,소계,경북,0
2018-06,LH,소계,경남,834
2018-06,LH,소계,제주,0
2018-06,LH,국민임대,전국,2,612
2018-06,LH,국민임대,서울,0
2018-06,LH,국민임대,인천,0
2018-06,LH,국민임대,경기,1,632
2018-06,LH,국민임대,부산,0
2018-06,LH,국민임대,대구,0
2018-06,LH,국민임대,광주,0
2018-06,LH,국민임대,대전,0
2018-06,LH,국민임대,울산,0
2018-06,LH,국민임대,세종,674
2018-06,LH,국민임대,강원,0
2018-06,LH,국민임대,충북,0
2018-06,LH,국민임대,충남,0
2018-06,LH,국민임대,전북,0
2018-06,LH,국민임대,전남,0
2018-06,LH,국민임대,경북,0
2018-06,LH,국민임대,경남,306
2018-06,LH,국민임대,제주,0
2018-06,LH,공공임대,전국,1,520
2018-06,LH,공공임대,서울,0
2018-06,LH,공공임대,인천,0
2018-06,LH,공공임대,경기,992
2018-06,LH,공공임대,부산,0
2018-06,LH,공공임대,대구,0
2018-06,LH,공공임대,광주,0
2018-06,LH,공공임대,대전,0
2018-06,LH,공공임대,울산,0
2018-06,LH,공공임대,세종,0
2018-06,LH,공공임대,강원,0
2018-06,LH,공공임대,충북,0
2018-06,LH,공공임대,충남,0
2018-06,LH,공공임대,전북,0
2018-06,LH,공공임대,전남,0
2018-06,LH,공공임대,경북,0
2018-06,LH,공공임대,경남,528
2018-06,LH,공공임대,제주,0
2018-06,LH,공공분양,전국,0
2018-06,LH,공공분양,서울,0
2018-06,LH,공공분양,인천,0
2018-06,LH,공공분양,경기,0
2018-06,LH,공공분양,부산,0
2018-06,LH,공공분양,대구,0
2018-06,LH,공공분양,광주,0
2018-06,LH,공공분양,대전,0
2018-06,LH,공공분양,울산,0
2018-06,LH,공공분양,세종,0
2018-06,LH,공공분양,강원,0
2018-06,LH,공공분양,충북,0
2018-06,LH,공공분양,충남,0
2018-06,LH,공공분양,전북,0
2018-06,LH,공공분양,전남,0
2018-06,LH,공공분양,경북,0
2018-06,LH,공공분양,경남,0
2018-06,LH,공공분양,제주,0
2018-06,주택업체,소계,전국,2,503
2018-06,주택업체,소계,서울,818
2018-06,주택업체,소계,인천,0
2018-06,주택업체,소계,경기,1,685
2018-06,주택업체,소계,부산,0
2018-06,주택업체,소계,대구,0
2018-06,주택업체,소계,광주,0
2018-06,주택업체,소계,대전,0
2018-06,주택업체,소계,울산,0
2018-06,주택업체,소계,세종,0
2018-06,주택업체,소계,강원,0
2018-06,주택업체,소계,충북,0
2018-06,주택업체,소계,충남,0
2018-06,주택업체,소계,전북,0
2018-06,주택업체,소계,전남,0
2018-06,주택업체,소계,경북,0
2018-06,주택업체,소계,경남,0
2018-06,주택업체,소계,제주,0
2018-06,주택업체,국민임대,전국,0
2018-06,주택업체,국민임대,서울,0
2018-06,주택업체,국민임대,인천,0
2018-06,주택업체,국민임대,경기,0
2018-06,주택업체,국민임대,부산,0
2018-06,주택업체,국민임대,대구,0
2018-06,주택업체,국민임대,광주,0
2018-06,주택업체,국민임대,대전,0
2018-06,주택업체,국민임대,울산,0
2018-06,주택업체,국민임대,세종,0
2018-06,주택업체,국민임대,강원,0
2018-06,주택업체,국민임대,충북,0
2018-06,주택업체,국민임대,충남,0
2018-06,주택업체,국민임대,전북,0
2018-06,주택업체,국민임대,전남,0
2018-06,주택업체,국민임대,경북,0
2018-06,주택업체,국민임대,경남,0
2018-06,주택업체,국민임대,제주,0
2018-06,주택업체,공공임대,전국,0
2018-06,주택업체,공공임대,서울,0
2018-06,주택업체,공공임대,인천,0
2018-06,주택업체,공공임대,경기,0
2018-06,주택업체,공공임대,부산,0
2018-06,주택업체,공공임대,대구,0
2018-06,주택업체,공공임대,광주,0
2018-06,주택업체,공공임대,대전,0
2018-06,주택업체,공공임대,울산,0
2018-06,주택업체,공공임대,세종,0
2018-06,주택업체,공공임대,강원,0
2018-06,주택업체,공공임대,충북,0
2018-06,주택업체,공공임대,충남,0
2018-06,주택업체,공공임대,전북,0
2018-06,주택업체,공공임대,전남,0
2018-06,주택업체,공공임대,경북,0
2018-06,주택업체,공공임대,경남,0
2018-06,주택업체,공공임대,제주,0
2018-06,주택업체,공공분양,전국,2,503
2018-06,주택업체,공공분양,서울,818
2018-06,주택업체,공공분양,인천,0
2018-06,주택업체,공공분양,경기,1,685
2018-06,주택업체,공공분양,부산,0
2018-06,주택업체,공공분양,대구,0
2018-06,주택업체,공공분양,광주,0
2018-06,주택업체,공공분양,대전,0
2018-06,주택업체,공공분양,울산,0
2018-06,주택업체,공공분양,세종,0
2018-06,주택업체,공공분양,강원,0
2018-06,주택업체,공공분양,충북,0
2018-06,주택업체,공공분양,충남,0
2018-06,주택업체,공공분양,전북,0
2018-06,주택업체,공공분양,전남,0
2018-06,주택업체,공공분양,경북,0
2018-06,주택업체,공공분양,경남,0
2018-06,주택업체,공공분양,제주,0
2018-06,민간부문,소계,전국,45,916
2018-06,민간부문,소계,서울,6,304
2018-06,민간부문,소계,인천,894
2018-06,민간부문,소계,경기,19,697
2018-06,민간부문,소계,부산,2,156
2018-06,민간부문,소계,대구,209
2018-06,민간부문,소계,광주,1,338
2018-06,민간부문,소계,대전,858
2018-06,민간부문,소계,울산,1,737
2018-06,민간부문,소계,세종,871
2018-06,민간부문,소계,강원,2,084
2018-06,민간부문,소계,충북,1,939
2018-06,민간부문,소계,충남,1,028
2018-06,민간부문,소계,전북,1,704
2018-06,민간부문,소계,전남,603
2018-06,민간부문,소계,경북,1,978
2018-06,민간부문,소계,경남,1,553
2018-06,민간부문,소계,제주,963
2018-06,민간,민간임대,전국,2,492
2018-06,민간,민간임대,서울,0
2018-06,민간,민간임대,인천,0
2018-06,민간,민간임대,경기,742
2018-06,민간,민간임대,부산,0
2018-06,민간,민간임대,대구,0
2018-06,민간,민간임대,광주,0
2018-06,민간,민간임대,대전,0
2018-06,민간,민간임대,울산,0
2018-06,민간,민간임대,세종,0
2018-06,민간,민간임대,강원,0
2018-06,민간,민간임대,충북,1,345
2018-06,민간,민간임대,충남,0
2018-06,민간,민간임대,전북,0
2018-06,민간,민간임대,전남,0
2018-06,민간,민간임대,경북,405
2018-06,민간,민간임대,경남,0
2018-06,민간,민간임대,제주,0
2018-06,민간,민간분양,전국,43,424
2018-06,민간,민간분양,서울,6,304
2018-06,민간,민간분양,인천,894
2018-06,민간,민간분양,경기,18,955
2018-06,민간,민간분양,부산,2,156
2018-06,민간,민간분양,대구,209
2018-06,민간,민간분양,광주,1,338
2018-06,민간,민간분양,대전,858
2018-06,민간,민간분양,울산,1,737
2018-06,민간,민간분양,세종,871
2018-06,민간,민간분양,강원,2,084
2018-06,민간,민간분양,충북,594
2018-06,민간,민간분양,충남,1,028
2018-06,민간,민간분양,전북,1,704
2018-06,민간,민간분양,전남,603
2018-06,민간,민간분양,경북,1,573
2018-06,민간,민간분양,경남,1,553
2018-06,민간,민간분양,제주,963
2018-07,총계,총계,전국,49,895
2018-07,총계,총계,서울,4,684
2018-07,총계,총계,인천,581
2018-07,총계,총계,경기,21,605
2018-07,총계,총계,부산,2,849
2018-07,총계,총계,대구,176
2018-07,총계,총계,광주,74
2018-07,총계,총계,대전,2,293
2018-07,총계,총계,울산,213
2018-07,총계,총계,세종,78
2018-07,총계,총계,강원,3,229
2018-07,총계,총계,충북,1,703
2018-07,총계,총계,충남,2,305
2018-07,총계,총계,전북,1,379
2018-07,총계,총계,전남,825
2018-07,총계,총계,경북,2,697
2018-07,총계,총계,경남,4,523
2018-07,총계,총계,제주,681
2018-07,공공부문,소계,전국,4,653
2018-07,공공부문,소계,서울,86
2018-07,공공부문,소계,인천,0
2018-07,공공부문,소계,경기,2,039
2018-07,공공부문,소계,부산,0
2018-07,공공부문,소계,대구,0
2018-07,공공부문,소계,광주,0
2018-07,공공부문,소계,대전,0
2018-07,공공부문,소계,울산,0
2018-07,공공부문,소계,세종,0
2018-07,공공부문,소계,강원,2,339
2018-07,공공부문,소계,충북,189
2018-07,공공부문,소계,충남,0
2018-07,공공부문,소계,전북,0
2018-07,공공부문,소계,전남,0
2018-07,공공부문,소계,경북,0
2018-07,공공부문,소계,경남,0
2018-07,공공부문,소계,제주,0
2018-07,합,국민임대,전국,876
2018-07,합,국민임대,서울,86
2018-07,합,국민임대,인천,0
2018-07,합,국민임대,경기,0
2018-07,합,국민임대,부산,0
2018-07,합,국민임대,대구,0
2018-07,합,국민임대,광주,0
2018-07,합,국민임대,대전,0
2018-07,합,국민임대,울산,0
2018-07,합,국민임대,세종,0
2018-07,합,국민임대,강원,790
2018-07,합,국민임대,충북,0
2018-07,합,국민임대,충남,0
2018-07,합,국민임대,전북,0
2018-07,합,국민임대,전남,0
2018-07,합,국민임대,경북,0
2018-07,합,국민임대,경남,0
2018-07,합,국민임대,제주,0
2018-07,합,공공임대,전국,2,503
2018-07,합,공공임대,서울,0
2018-07,합,공공임대,인천,0
2018-07,합,공공임대,경기,1,487
2018-07,합,공공임대,부산,0
2018-07,합,공공임대,대구,0
2018-07,합,공공임대,광주,0
2018-07,합,공공임대,대전,0
2018-07,합,공공임대,울산,0
2018-07,합,공공임대,세종,0
2018-07,합,공공임대,강원,827
2018-07,합,공공임대,충북,189
2018-07,합,공공임대,충남,0
2018-07,합,공공임대,전북,0
2018-07,합,공공임대,전남,0
2018-07,합,공공임대,경북,0
2018-07,합,공공임대,경남,0
2018-07,합,공공임대,제주,0
2018-07,합,공공분양,전국,1,274
2018-07,합,공공분양,서울,0
2018-07,합,공공분양,인천,0
2018-07,합,공공분양,경기,552
2018-07,합,공공분양,부산,0
2018-07,합,공공분양,대구,0
2018-07,합,공공분양,광주,0
2018-07,합,공공분양,대전,0
2018-07,합,공공분양,울산,0
2018-07,합,공공분양,세종,0
2018-07,합,공공분양,강원,722
2018-07,합,공공분양,충북,0
2018-07,합,공공분양,충남,0
2018-07,합,공공분양,전북,0
2018-07,합,공공분양,전남,0
2018-07,합,공공분양,경북,0
2018-07,합,공공분양,경남,0
2018-07,합,공공분양,제주,0
2018-07,지자체,소계,전국,0
2018-07,지자체,소계,서울,0
2018-07,지자체,소계,인천,0
2018-07,지자체,소계,경기,0
2018-07,지자체,소계,부산,0
2018-07,지자체,소계,대구,0
2018-07,지자체,소계,광주,0
2018-07,지자체,소계,대전,0
2018-07,지자체,소계,울산,0
2018-07,지자체,소계,세종,0
2018-07,지자체,소계,강원,0
2018-07,지자체,소계,충북,0
2018-07,지자체,소계,충남,0
2018-07,지자체,소계,전북,0
2018-07,지자체,소계,전남,0
2018-07,지자체,소계,경북,0
2018-07,지자체,소계,경남,0
2018-07,지자체,소계,제주,0
2018-07,지자체,국민임대,전국,0
2018-07,지자체,국민임대,서울,0
2018-07,지자체,국민임대,인천,0
2018-07,지자체,국민임대,경기,0
2018-07,지자체,국민임대,부산,0
2018-07,지자체,국민임대,대구,0
2018-07,지자체,국민임대,광주,0
2018-07,지자체,국민임대,대전,0
2018-07,지자체,국민임대,울산,0
2018-07,지자체,국민임대,세종,0
2018-07,지자체,국민임대,강원,0
2018-07,지자체,국민임대,충북,0
2018-07,지자체,국민임대,충남,0
2018-07,지자체,국민임대,전북,0
2018-07,지자체,국민임대,전남,0
2018-07,지자체,국민임대,경북,0
2018-07,지자체,국민임대,경남,0
2018-07,지자체,국민임대,제주,0
2018-07,지자체,공공임대,전국,0
2018-07,지자체,공공임대,서울,0
2018-07,지자체,공공임대,인천,0
2018-07,지자체,공공임대,경기,0
2018-07,지자체,공공임대,부산,0
2018-07,지자체,공공임대,대구,0
2018-07,지자체,공공임대,광주,0
2018-07,지자체,공공임대,대전,0
2018-07,지자체,공공임대,울산,0
2018-07,지자체,공공임대,세종,0
2018-07,지자체,공공임대,강원,0
2018-07,지자체,공공임대,충북,0
2018-07,지자체,공공임대,충남,0
2018-07,지자체,공공임대,전북,0
2018-07,지자체,공공임대,전남,0
2018-07,지자체,공공임대,경북,0
2018-07,지자체,공공임대,경남,0
2018-07,지자체,공공임대,제주,0
2018-07,지자체,공공분양,전국,0
2018-07,지자체,공공분양,서울,0
2018-07,지자체,공공분양,인천,0
2018-07,지자체,공공분양,경기,0
2018-07,지자체,공공분양,부산,0
2018-07,지자체,공공분양,대구,0
2018-07,지자체,공공분양,광주,0
2018-07,지자체,공공분양,대전,0
2018-07,지자체,공공분양,울산,0
2018-07,지자체,공공분양,세종,0
2018-07,지자체,공공분양,강원,0
2018-07,지자체,공공분양,충북,0
2018-07,지자체,공공분양,충남,0
2018-07,지자체,공공분양,전북,0
2018-07,지자체,공공분양,전남,0
2018-07,지자체,공공분양,경북,0
2018-07,지자체,공공분양,경남,0
2018-07,지자체,공공분양,제주,0
2018-07,LH,소계,전국,3,374
2018-07,LH,소계,서울,0
2018-07,LH,소계,인천,0
2018-07,LH,소계,경기,1,034
2018-07,LH,소계,부산,0
2018-07,LH,소계,대구,0
2018-07,LH,소계,광주,0
2018-07,LH,소계,대전,0
2018-07,LH,소계,울산,0
2018-07,LH,소계,세종,0
2018-07,LH,소계,강원,2,339
2018-07,LH,소계,충북,1
2018-07,LH,소계,충남,0
2018-07,LH,소계,전북,0
2018-07,LH,소계,전남,0
2018-07,LH,소계,경북,0
2018-07,LH,소계,경남,0
2018-07,LH,소계,제주,0
2018-07,LH,국민임대,전국,790
2018-07,LH,국민임대,서울,0
2018-07,LH,국민임대,인천,0
2018-07,LH,국민임대,경기,0
2018-07,LH,국민임대,부산,0
2018-07,LH,국민임대,대구,0
2018-07,LH,국민임대,광주,0
2018-07,LH,국민임대,대전,0
2018-07,LH,국민임대,울산,0
2018-07,LH,국민임대,세종,0
2018-07,LH,국민임대,강원,790
2018-07,LH,국민임대,충북,0
2018-07,LH,국민임대,충남,0
2018-07,LH,국민임대,전북,0
2018-07,LH,국민임대,전남,0
2018-07,LH,국민임대,경북,0
2018-07,LH,국민임대,경남,0
2018-07,LH,국민임대,제주,0
2018-07,LH,공공임대,전국,1,310
2018-07,LH,공공임대,서울,0
2018-07,LH,공공임대,인천,0
2018-07,LH,공공임대,경기,482
2018-07,LH,공공임대,부산,0
2018-07,LH,공공임대,대구,0
2018-07,LH,공공임대,광주,0
2018-07,LH,공공임대,대전,0
2018-07,LH,공공임대,울산,0
2018-07,LH,공공임대,세종,0
2018-07,LH,공공임대,강원,827
2018-07,LH,공공임대,충북,1
2018-07,LH,공공임대,충남,0
2018-07,LH,공공임대,전북,0
2018-07,LH,공공임대,전남,0
2018-07,LH,공공임대,경북,0
2018-07,LH,공공임대,경남,0
2018-07,LH,공공임대,제주,0
2018-07,LH,공공분양,전국,1,274
2018-07,LH,공공분양,서울,0
2018-07,LH,공공분양,인천,0
2018-07,LH,공공분양,경기,552
2018-07,LH,공공분양,부산,0
2018-07,LH,공공분양,대구,0
2018-07,LH,공공분양,광주,0
2018-07,LH,공공분양,대전,0
2018-07,LH,공공분양,울산,0
2018-07,LH,공공분양,세종,0
2018-07,LH,공공분양,강원,722
2018-07,LH,공공분양,충북,0
2018-07,LH,공공분양,충남,0
2018-07,LH,공공분양,전북,0
2018-07,LH,공공분양,전남,0
2018-07,LH,공공분양,경북,0
2018-07,LH,공공분양,경남,0
2018-07,LH,공공분양,제주,0
2018-07,주택업체,소계,전국,1,279
2018-07,주택업체,소계,서울,86
2018-07,주택업체,소계,인천,0
2018-07,주택업체,소계,경기,1,005
2018-07,주택업체,소계,부산,0
2018-07,주택업체,소계,대구,0
2018-07,주택업체,소계,광주,0
2018-07,주택업체,소계,대전,0
2018-07,주택업체,소계,울산,0
2018-07,주택업체,소계,세종,0
2018-07,주택업체,소계,강원,0
2018-07,주택업체,소계,충북,188
2018-07,주택업체,소계,충남,0
2018-07,주택업체,소계,전북,0
2018-07,주택업체,소계,전남,0
2018-07,주택업체,소계,경북,0
2018-07,주택업체,소계,경남,0
2018-07,주택업체,소계,제주,0
2018-07,주택업체,국민임대,전국,86
2018-07,주택업체,국민임대,서울,86
2018-07,주택업체,국민임대,인천,0
2018-07,주택업체,국민임대,경기,0
2018-07,주택업체,국민임대,부산,0
2018-07,주택업체,국민임대,대구,0
2018-07,주택업체,국민임대,광주,0
2018-07,주택업체,국민임대,대전,0
2018-07,주택업체,국민임대,울산,0
2018-07,주택업체,국민임대,세종,0
2018-07,주택업체,국민임대,강원,0
2018-07,주택업체,국민임대,충북,0
2018-07,주택업체,국민임대,충남,0
2018-07,주택업체,국민임대,전북,0
2018-07,주택업체,국민임대,전남,0
2018-07,주택업체,국민임대,경북,0
2018-07,주택업체,국민임대,경남,0
2018-07,주택업체,국민임대,제주,0
2018-07,주택업체,공공임대,전국,1,193
2018-07,주택업체,공공임대,서울,0
2018-07,주택업체,공공임대,인천,0
2018-07,주택업체,공공임대,경기,1,005
2018-07,주택업체,공공임대,부산,0
2018-07,주택업체,공공임대,대구,0
2018-07,주택업체,공공임대,광주,0
2018-07,주택업체,공공임대,대전,0
2018-07,주택업체,공공임대,울산,0
2018-07,주택업체,공공임대,세종,0
2018-07,주택업체,공공임대,강원,0
2018-07,주택업체,공공임대,충북,188
2018-07,주택업체,공공임대,충남,0
2018-07,주택업체,공공임대,전북,0
2018-07,주택업체,공공임대,전남,0
2018-07,주택업체,공공임대,경북,0
2018-07,주택업체,공공임대,경남,0
2018-07,주택업체,공공임대,제주,0
2018-07,주택업체,공공분양,전국,0
2018-07,주택업체,공공분양,서울,0
2018-07,주택업체,공공분양,인천,0
2018-07,주택업체,공공분양,경기,0
2018-07,주택업체,공공분양,부산,0
2018-07,주택업체,공공분양,대구,0
2018-07,주택업체,공공분양,광주,0
2018-07,주택업체,공공분양,대전,0
2018-07,주택업체,공공분양,울산,0
2018-07,주택업체,공공분양,세종,0
2018-07,주택업체,공공분양,강원,0
2018-07,주택업체,공공분양,충북,0
2018-07,주택업체,공공분양,충남,0
2018-07,주택업체,공공분양,전북,0
2018-07,주택업체,공공분양,전남,0
2018-07,주택업체,공공분양,경북,0
2018-07,주택업체,공공분양,경남,0
2018-07,주택업체,공공분양,제주,0
2018-07,민간부문,소계,전국,45,242
2018-07,민간부문,소계,서울,4,598
2018-07,민간부문,소계,인천,581
2018-07,민간부문,소계,경기,19,566
2018-07,민간부문,소계,부산,2,849
2018-07,민간부문,소계,대구,176
2018-07,민간부문,소계,광주,74
2018-07,민간부문,소계,대전,2,293
2018-07,민간부문,소계,울산,213
2018-07,민간부문,소계,세종,78
2018-07,민간부문,소계,강원,890
2018-07,민간부문,소계,충북,1,514
2018-07,민간부문,소계,충남,2,305
2018-07,민간부문,소계,전북,1,379
2018-07,민간부문,소계,전남,825
2018-07,민간부문,소계,경북,2,697
2018-07,민간부문,소계,경남,4,523
2018-07,민간부문,소계,제주,681
2018-07,민간,민간임대,전국,2,273
2018-07,민간,민간임대,서울,389
2018-07,민간,민간임대,인천,0
2018-07,민간,민간임대,경기,0
2018-07,민간,민간임대,부산,0
2018-07,민간,민간임대,대구,0
2018-07,민간,민간임대,광주,0
2018-07,민간,민간임대,대전,1,245
2018-07,민간,민간임대,울산,0
2018-07,민간,민간임대,세종,0
2018-07,민간,민간임대,강원,0
2018-07,민간,민간임대,충북,0
2018-07,민간,민간임대,충남,496
2018-07,민간,민간임대,전북,0
2018-07,민간,민간임대,전남,143
2018-07,민간,민간임대,경북,0
2018-07,민간,민간임대,경남,0
2018-07,민간,민간임대,제주,0
2018-07,민간,민간분양,전국,42,969
2018-07,민간,민간분양,서울,4,209
2018-07,민간,민간분양,인천,581
2018-07,민간,민간분양,경기,19,566
2018-07,민간,민간분양,부산,2,849
2018-07,민간,민간분양,대구,176
2018-07,민간,민간분양,광주,74
2018-07,민간,민간분양,대전,1,048
2018-07,민간,민간분양,울산,213
2018-07,민간,민간분양,세종,78
2018-07,민간,민간분양,강원,890
2018-07,민간,민간분양,충북,1,514
2018-07,민간,민간분양,충남,1,809
2018-07,민간,민간분양,전북,1,379
2018-07,민간,민간분양,전남,682
2018-07,민간,민간분양,경북,2,697
2018-07,민간,민간분양,경남,4,523
2018-07,민간,민간분양,제주,681
2018-08,총계,총계,전국,47,145
2018-08,총계,총계,서울,4,672
2018-08,총계,총계,인천,512
2018-08,총계,총계,경기,18,003
2018-08,총계,총계,부산,767
2018-08,총계,총계,대구,2,178
2018-08,총계,총계,광주,837
2018-08,총계,총계,대전,1,267
2018-08,총계,총계,울산,103
2018-08,총계,총계,세종,1,934
2018-08,총계,총계,강원,2,797
2018-08,총계,총계,충북,4,770
2018-08,총계,총계,충남,2,305
2018-08,총계,총계,전북,1,231
2018-08,총계,총계,전남,736
2018-08,총계,총계,경북,2,473
2018-08,총계,총계,경남,1,848
2018-08,총계,총계,제주,712
2018-08,공공부문,소계,전국,3,176
2018-08,공공부문,소계,서울,84
2018-08,공공부문,소계,인천,0
2018-08,공공부문,소계,경기,1,559
2018-08,공공부문,소계,부산,0
2018-08,공공부문,소계,대구,234
2018-08,공공부문,소계,광주,0
2018-08,공공부문,소계,대전,734
2018-08,공공부문,소계,울산,0
2018-08,공공부문,소계,세종,0
2018-08,공공부문,소계,강원,0
2018-08,공공부문,소계,충북,565
2018-08,공공부문,소계,충남,0
2018-08,공공부문,소계,전북,0
2018-08,공공부문,소계,전남,0
2018-08,공공부문,소계,경북,0
2018-08,공공부문,소계,경남,0
2018-08,공공부문,소계,제주,0
2018-08,합,국민임대,전국,0
2018-08,합,국민임대,서울,0
2018-08,합,국민임대,인천,0
2018-08,합,국민임대,경기,0
2018-08,합,국민임대,부산,0
2018-08,합,국민임대,대구,0
2018-08,합,국민임대,광주,0
2018-08,합,국민임대,대전,0
2018-08,합,국민임대,울산,0
2018-08,합,국민임대,세종,0
2018-08,합,국민임대,강원,0
2018-08,합,국민임대,충북,0
2018-08,합,국민임대,충남,0
2018-08,합,국민임대,전북,0
2018-08,합,국민임대,전남,0
2018-08,합,국민임대,경북,0
2018-08,합,국민임대,경남,0
2018-08,합,국민임대,제주,0
2018-08,합,공공임대,전국,2,087
2018-08,합,공공임대,서울,84
2018-08,합,공공임대,인천,0
2018-08,합,공공임대,경기,700
2018-08,합,공공임대,부산,0
2018-08,합,공공임대,대구,234
2018-08,합,공공임대,광주,0
2018-08,합,공공임대,대전,504
2018-08,합,공공임대,울산,0
2018-08,합,공공임대,세종,0
2018-08,합,공공임대,강원,0
2018-08,합,공공임대,충북,565
2018-08,합,공공임대,충남,0
2018-08,합,공공임대,전북,0
2018-08,합,공공임대,전남,0
2018-08,합,공공임대,경북,0
2018-08,합,공공임대,경남,0
2018-08,합,공공임대,제주,0
2018-08,합,공공분양,전국,1,089
2018-08,합,공공분양,서울,0
2018-08,합,공공분양,인천,0
2018-08,합,공공분양,경기,859
2018-08,합,공공분양,부산,0
2018-08,합,공공분양,대구,0
2018-08,합,공공분양,광주,0
2018-08,합,공공분양,대전,230
2018-08,합,공공분양,울산,0
2018-08,합,공공분양,세종,0
2018-08,합,공공분양,강원,0
2018-08,합,공공분양,충북,0
2018-08,합,공공분양,충남,0
2018-08,합,공공분양,전북,0
2018-08,합,공공분양,전남,0
2018-08,합,공공분양,경북,0
2018-08,합,공공분양,경남,0
2018-08,합,공공분양,제주,0
2018-08,지자체,소계,전국,0
2018-08,지자체,소계,서울,0
2018-08,지자체,소계,인천,0
2018-08,지자체,소계,경기,0
2018-08,지자체,소계,부산,0
2018-08,지자체,소계,대구,0
2018-08,지자체,소계,광주,0
2018-08,지자체,소계,대전,0
2018-08,지자체,소계,울산,0
2018-08,지자체,소계,세종,0
2018-08,지자체,소계,강원,0
2018-08,지자체,소계,충북,0
2018-08,지자체,소계,충남,0
2018-08,지자체,소계,전북,0
2018-08,지자체,소계,전남,0
2018-08,지자체,소계,경북,0
2018-08,지자체,소계,경남,0
2018-08,지자체,소계,제주,0
2018-08,지자체,국민임대,전국,0
2018-08,지자체,국민임대,서울,0
2018-08,지자체,국민임대,인천,0
2018-08,지자체,국민임대,경기,0
2018-08,지자체,국민임대,부산,0
2018-08,지자체,국민임대,대구,0
2018-08,지자체,국민임대,광주,0
2018-08,지자체,국민임대,대전,0
2018-08,지자체,국민임대,울산,0
2018-08,지자체,국민임대,세종,0
2018-08,지자체,국민임대,강원,0
2018-08,지자체,국민임대,충북,0
2018-08,지자체,국민임대,충남,0
2018-08,지자체,국민임대,전북,0
2018-08,지자체,국민임대,전남,0
2018-08,지자체,국민임대,경북,0
2018-08,지자체,국민임대,경남,0
2018-08,지자체,국민임대,제주,0
2018-08,지자체,공공임대,전국,0
2018-08,지자체,공공임대,서울,0
2018-08,지자체,공공임대,인천,0
2018-08,지자체,공공임대,경기,0
2018-08,지자체,공공임대,부산,0
2018-08,지자체,공공임대,대구,0
2018-08,지자체,공공임대,광주,0
2018-08,지자체,공공임대,대전,0
2018-08,지자체,공공임대,울산,0
2018-08,지자체,공공임대,세종,0
2018-08,지자체,공공임대,강원,0
2018-08,지자체,공공임대,충북,0
2018-08,지자체,공공임대,충남,0
2018-08,지자체,공공임대,전북,0
2018-08,지자체,공공임대,전남,0
2018-08,지자체,공공임대,경북,0
2018-08,지자체,공공임대,경남,0
2018-08,지자체,공공임대,제주,0
2018-08,지자체,공공분양,전국,0
2018-08,지자체,공공분양,서울,0
2018-08,지자체,공공분양,인천,0
2018-08,지자체,공공분양,경기,0
2018-08,지자체,공공분양,부산,0
2018-08,지자체,공공분양,대구,0
2018-08,지자체,공공분양,광주,0
2018-08,지자체,공공분양,대전,0
2018-08,지자체,공공분양,울산,0
2018-08,지자체,공공분양,세종,0
2018-08,지자체,공공분양,강원,0
2018-08,지자체,공공분양,충북,0
2018-08,지자체,공공분양,충남,0
2018-08,지자체,공공분양,전북,0
2018-08,지자체,공공분양,전남,0
2018-08,지자체,공공분양,경북,0
2018-08,지자체,공공분양,경남,0
2018-08,지자체,공공분양,제주,0
2018-08,LH,소계,전국,3,092
2018-08,LH,소계,서울,0
2018-08,LH,소계,인천,0
2018-08,LH,소계,경기,1,559
2018-08,LH,소계,부산,0
2018-08,LH,소계,대구,234
2018-08,LH,소계,광주,0
2018-08,LH,소계,대전,734
2018-08,LH,소계,울산,0
2018-08,LH,소계,세종,0
2018-08,LH,소계,강원,0
2018-08,LH,소계,충북,565
2018-08,LH,소계,충남,0
2018-08,LH,소계,전북,0
2018-08,LH,소계,전남,0
2018-08,LH,소계,경북,0
2018-08,LH,소계,경남,0
2018-08,LH,소계,제주,0
2018-08,LH,국민임대,전국,0
2018-08,LH,국민임대,서울,0
2018-08,LH,국민임대,인천,0
2018-08,LH,국민임대,경기,0
2018-08,LH,국민임대,부산,0
2018-08,LH,국민임대,대구,0
2018-08,LH,국민임대,광주,0
2018-08,LH,국민임대,대전,0
2018-08,LH,국민임대,울산,0
2018-08,LH,국민임대,세종,0
2018-08,LH,국민임대,강원,0
2018-08,LH,국민임대,충북,0
2018-08,LH,국민임대,충남,0
2018-08,LH,국민임대,전북,0
2018-08,LH,국민임대,전남,0
2018-08,LH,국민임대,경북,0
2018-08,LH,국민임대,경남,0
2018-08,LH,국민임대,제주,0
2018-08,LH,공공임대,전국,2,003
2018-08,LH,공공임대,서울,0
2018-08,LH,공공임대,인천,0
2018-08,LH,공공임대,경기,700
2018-08,LH,공공임대,부산,0
2018-08,LH,공공임대,대구,234
2018-08,LH,공공임대,광주,0
2018-08,LH,공공임대,대전,504
2018-08,LH,공공임대,울산,0
2018-08,LH,공공임대,세종,0
2018-08,LH,공공임대,강원,0
2018-08,LH,공공임대,충북,565
2018-08,LH,공공임대,충남,0
2018-08,LH,공공임대,전북,0
2018-08,LH,공공임대,전남,0
2018-08,LH,공공임대,경북,0
2018-08,LH,공공임대,경남,0
2018-08,LH,공공임대,제주,0
2018-08,LH,공공분양,전국,1,089
2018-08,LH,공공분양,서울,0
2018-08,LH,공공분양,인천,0
2018-08,LH,공공분양,경기,859
2018-08,LH,공공분양,부산,0
2018-08,LH,공공분양,대구,0
2018-08,LH,공공분양,광주,0
2018-08,LH,공공분양,대전,230
2018-08,LH,공공분양,울산,0
2018-08,LH,공공분양,세종,0
2018-08,LH,공공분양,강원,0
2018-08,LH,공공분양,충북,0
2018-08,LH,공공분양,충남,0
2018-08,LH,공공분양,전북,0
2018-08,LH,공공분양,전남,0
2018-08,LH,공공분양,경북,0
2018-08,LH,공공분양,경남,0
2018-08,LH,공공분양,제주,0
2018-08,주택업체,소계,전국,84
2018-08,주택업체,소계,서울,84
2018-08,주택업체,소계,인천,0
2018-08,주택업체,소계,경기,0
2018-08,주택업체,소계,부산,0
2018-08,주택업체,소계,대구,0
2018-08,주택업체,소계,광주,0
2018-08,주택업체,소계,대전,0
2018-08,주택업체,소계,울산,0
2018-08,주택업체,소계,세종,0
2018-08,주택업체,소계,강원,0
2018-08,주택업체,소계,충북,0
2018-08,주택업체,소계,충남,0
2018-08,주택업체,소계,전북,0
2018-08,주택업체,소계,전남,0
2018-08,주택업체,소계,경북,0
2018-08,주택업체,소계,경남,0
2018-08,주택업체,소계,제주,0
2018-08,주택업체,국민임대,전국,0
2018-08,주택업체,국민임대,서울,0
2018-08,주택업체,국민임대,인천,0
2018-08,주택업체,국민임대,경기,0
2018-08,주택업체,국민임대,부산,0
2018-08,주택업체,국민임대,대구,0
2018-08,주택업체,국민임대,광주,0
2018-08,주택업체,국민임대,대전,0
2018-08,주택업체,국민임대,울산,0
2018-08,주택업체,국민임대,세종,0
2018-08,주택업체,국민임대,강원,0
2018-08,주택업체,국민임대,충북,0
2018-08,주택업체,국민임대,충남,0
2018-08,주택업체,국민임대,전북,0
2018-08,주택업체,국민임대,전남,0
2018-08,주택업체,국민임대,경북,0
2018-08,주택업체,국민임대,경남,0
2018-08,주택업체,국민임대,제주,0
2018-08,주택업체,공공임대,전국,84
2018-08,주택업체,공공임대,서울,84
2018-08,주택업체,공공임대,인천,0
2018-08,주택업체,공공임대,경기,0
2018-08,주택업체,공공임대,부산,0
2018-08,주택업체,공공임대,대구,0
2018-08,주택업체,공공임대,광주,0
2018-08,주택업체,공공임대,대전,0
2018-08,주택업체,공공임대,울산,0
2018-08,주택업체,공공임대,세종,0
2018-08,주택업체,공공임대,강원,0
2018-08,주택업체,공공임대,충북,0
2018-08,주택업체,공공임대,충남,0
2018-08,주택업체,공공임대,전북,0
2018-08,주택업체,공공임대,전남,0
2018-08,주택업체,공공임대,경북,0
2018-08,주택업체,공공임대,경남,0
2018-08,주택업체,공공임대,제주,0
2018-08,주택업체,공공분양,전국,0
2018-08,주택업체,공공분양,서울,0
2018-08,주택업체,공공분양,인천,0
2018-08,주택업체,공공분양,경기,0
2018-08,주택업체,공공분양,부산,0
2018-08,주택업체,공공분양,대구,0
2018-08,주택업체,공공분양,광주,0
2018-08,주택업체,공공분양,대전,0
2018-08,주택업체,공공분양,울산,0
2018-08,주택업체,공공분양,세종,0
2018-08,주택업체,공공분양,강원,0
2018-08,주택업체,공공분양,충북,0
2018-08,주택업체,공공분양,충남,0
2018-08,주택업체,공공분양,전북,0
2018-08,주택업체,공공분양,전남,0
2018-08,주택업체,공공분양,경북,0
2018-08,주택업체,공공분양,경남,0
2018-08,주택업체,공공분양,제주,0
2018-08,민간부문,소계,전국,43,969
2018-08,민간부문,소계,서울,4,588
2018-08,민간부문,소계,인천,512
2018-08,민간부문,소계,경기,16,444
2018-08,민간부문,소계,부산,767
2018-08,민간부문,소계,대구,1,944
2018-08,민간부문,소계,광주,837
2018-08,민간부문,소계,대전,533
2018-08,민간부문,소계,울산,103
2018-08,민간부문,소계,세종,1,934
2018-08,민간부문,소계,강원,2,797
2018-08,민간부문,소계,충북,4,205
2018-08,민간부문,소계,충남,2,305
2018-08,민간부문,소계,전북,1,231
2018-08,민간부문,소계,전남,736
2018-08,민간부문,소계,경북,2,473
2018-08,민간부문,소계,경남,1,848
2018-08,민간부문,소계,제주,712
2018-08,민간,민간임대,전국,2,724
2018-08,민간,민간임대,서울,94
2018-08,민간,민간임대,인천,0
2018-08,민간,민간임대,경기,894
2018-08,민간,민간임대,부산,0
2018-08,민간,민간임대,대구,0
2018-08,민간,민간임대,광주,0
2018-08,민간,민간임대,대전,0
2018-08,민간,민간임대,울산,0
2018-08,민간,민간임대,세종,0
2018-08,민간,민간임대,강원,0
2018-08,민간,민간임대,충북,0
2018-08,민간,민간임대,충남,880
2018-08,민간,민간임대,전북,856
2018-08,민간,민간임대,전남,0
2018-08,민간,민간임대,경북,0
2018-08,민간,민간임대,경남,0
2018-08,민간,민간임대,제주,0
2018-08,민간,민간분양,전국,41,245
2018-08,민간,민간분양,서울,4,494
2018-08,민간,민간분양,인천,512
2018-08,민간,민간분양,경기,15,550
2018-08,민간,민간분양,부산,767
2018-08,민간,민간분양,대구,1,944
2018-08,민간,민간분양,광주,837
2018-08,민간,민간분양,대전,533
2018-08,민간,민간분양,울산,103
2018-08,민간,민간분양,세종,1,934
2018-08,민간,민간분양,강원,2,797
2018-08,민간,민간분양,충북,4,205
2018-08,민간,민간분양,충남,1,425
2018-08,민간,민간분양,전북,375
2018-08,민간,민간분양,전남,736
2018-08,민간,민간분양,경북,2,473
2018-08,민간,민간분양,경남,1,848
2018-08,민간,민간분양,제주,712
2018-09,총계,총계,전국,51,687
2018-09,총계,총계,서울,5,095
2018-09,총계,총계,인천,3,323
2018-09,총계,총계,경기,21,356
2018-09,총계,총계,부산,1,017
2018-09,총계,총계,대구,1,085
2018-09,총계,총계,광주,2,176
2018-09,총계,총계,대전,1,575
2018-09,총계,총계,울산,169
2018-09,총계,총계,세종,92
2018-09,총계,총계,강원,727
2018-09,총계,총계,충북,3,975
2018-09,총계,총계,충남,4,843
2018-09,총계,총계,전북,482
2018-09,총계,총계,전남,1,744
2018-09,총계,총계,경북,2,332
2018-09,총계,총계,경남,766
2018-09,총계,총계,제주,930
2018-09,공공부문,소계,전국,13,689
2018-09,공공부문,소계,서울,626
2018-09,공공부문,소계,인천,1,860
2018-09,공공부문,소계,경기,6,885
2018-09,공공부문,소계,부산,0
2018-09,공공부문,소계,대구,0
2018-09,공공부문,소계,광주,0
2018-09,공공부문,소계,대전,1,345
2018-09,공공부문,소계,울산,0
2018-09,공공부문,소계,세종,0
2018-09,공공부문,소계,강원,178
2018-09,공공부문,소계,충북,0
2018-09,공공부문,소계,충남,2,585
2018-09,공공부문,소계,전북,0
2018-09,공공부문,소계,전남,0
2018-09,공공부문,소계,경북,0
2018-09,공공부문,소계,경남,210
2018-09,공공부문,소계,제주,0
2018-09,합,국민임대,전국,765
2018-09,합,국민임대,서울,587
2018-09,합,국민임대,인천,0
2018-09,합,국민임대,경기,0
2018-09,합,국민임대,부산,0
2018-09,합,국민임대,대구,0
2018-09,합,국민임대,광주,0
2018-09,합,국민임대,대전,0
2018-09,합,국민임대,울산,0
2018-09,합,국민임대,세종,0
2018-09,합,국민임대,강원,178
2018-09,합,국민임대,충북,0
2018-09,합,국민임대,충남,0
2018-09,합,국민임대,전북,0
2018-09,합,국민임대,전남,0
2018-09,합,국민임대,경북,0
2018-09,합,국민임대,경남,0
2018-09,합,국민임대,제주,0
2018-09,합,공공임대,전국,8,778
2018-09,합,공공임대,서울,39
2018-09,합,공공임대,인천,1,198
2018-09,합,공공임대,경기,4,746
2018-09,합,공공임대,부산,0
2018-09,합,공공임대,대구,0
2018-09,합,공공임대,광주,0
2018-09,합,공공임대,대전,0
2018-09,합,공공임대,울산,0
2018-09,합,공공임대,세종,0
2018-09,합,공공임대,강원,0
2018-09,합,공공임대,충북,0
2018-09,합,공공임대,충남,2,585
2018-09,합,공공임대,전북,0
2018-09,합,공공임대,전남,0
2018-09,합,공공임대,경북,0
2018-09,합,공공임대,경남,210
2018-09,합,공공임대,제주,0
2018-09,합,공공분양,전국,4,146
2018-09,합,공공분양,서울,0
2018-09,합,공공분양,인천,662
2018-09,합,공공분양,경기,2,139
2018-09,합,공공분양,부산,0
2018-09,합,공공분양,대구,0
2018-09,합,공공분양,광주,0
2018-09,합,공공분양,대전,1,345
2018-09,합,공공분양,울산,0
2018-09,합,공공분양,세종,0
2018-09,합,공공분양,강원,0
2018-09,합,공공분양,충북,0
2018-09,합,공공분양,충남,0
2018-09,합,공공분양,전북,0
2018-09,합,공공분양,전남,0
2018-09,합,공공분양,경북,0
2018-09,합,공공분양,경남,0
2018-09,합,공공분양,제주,0
2018-09,지자체,소계,전국,0
2018-09,지자체,소계,서울,0
2018-09,지자체,소계,인천,0
2018-09,지자체,소계,경기,0
2018-09,지자체,소계,부산,0
2018-09,지자체,소계,대구,0
2018-09,지자체,소계,광주,0
2018-09,지자체,소계,대전,0
2018-09,지자체,소계,울산,0
2018-09,지자체,소계,세종,0
2018-09,지자체,소계,강원,0
2018-09,지자체,소계,충북,0
2018-09,지자체,소계,충남,0
2018-09,지자체,소계,전북,0
2018-09,지자체,소계,전남,0
2018-09,지자체,소계,경북,0
2018-09,지자체,소계,경남,0
2018-09,지자체,소계,제주,0
2018-09,지자체,국민임대,전국,0
2018-09,지자체,국민임대,서울,0
2018-09,지자체,국민임대,인천,0
2018-09,지자체,국민임대,경기,0
2018-09,지자체,국민임대,부산,0
2018-09,지자체,국민임대,대구,0
2018-09,지자체,국민임대,광주,0
2018-09,지자체,국민임대,대전,0
2018-09,지자체,국민임대,울산,0
2018-09,지자체,국민임대,세종,0
2018-09,지자체,국민임대,강원,0
2018-09,지자체,국민임대,충북,0
2018-09,지자체,국민임대,충남,0
2018-09,지자체,국민임대,전북,0
2018-09,지자체,국민임대,전남,0
2018-09,지자체,국민임대,경북,0
2018-09,지자체,국민임대,경남,0
2018-09,지자체,국민임대,제주,0
2018-09,지자체,공공임대,전국,0
2018-09,지자체,공공임대,서울,0
2018-09,지자체,공공임대,인천,0
2018-09,지자체,공공임대,경기,0
2018-09,지자체,공공임대,부산,0
2018-09,지자체,공공임대,대구,0
2018-09,지자체,공공임대,광주,0
2018-09,지자체,공공임대,대전,0
2018-09,지자체,공공임대,울산,0
2018-09,지자체,공공임대,세종,0
2018-09,지자체,공공임대,강원,0
2018-09,지자체,공공임대,충북,0
2018-09,지자체,공공임대,충남,0
2018-09,지자체,공공임대,전북,0
2018-09,지자체,공공임대,전남,0
2018-09,지자체,공공임대,경북,0
2018-09,지자체,공공임대,경남,0
2018-09,지자체,공공임대,제주,0
2018-09,지자체,공공분양,전국,0
2018-09,지자체,공공분양,서울,0
2018-09,지자체,공공분양,인천,0
2018-09,지자체,공공분양,경기,0
2018-09,지자체,공공분양,부산,0
2018-09,지자체,공공분양,대구,0
2018-09,지자체,공공분양,광주,0
2018-09,지자체,공공분양,대전,0
2018-09,지자체,공공분양,울산,0
2018-09,지자체,공공분양,세종,0
2018-09,지자체,공공분양,강원,0
2018-09,지자체,공공분양,충북,0
2018-09,지자체,공공분양,충남,0
2018-09,지자체,공공분양,전북,0
2018-09,지자체,공공분양,전남,0
2018-09,지자체,공공분양,경북,0
2018-09,지자체,공공분양,경남,0
2018-09,지자체,공공분양,제주,0
2018-09,LH,소계,전국,11,759
2018-09,LH,소계,서울,0
2018-09,LH,소계,인천,1,860
2018-09,LH,소계,경기,5,581
2018-09,LH,소계,부산,0
2018-09,LH,소계,대구,0
2018-09,LH,소계,광주,0
2018-09,LH,소계,대전,1,345
2018-09,LH,소계,울산,0
2018-09,LH,소계,세종,0
2018-09,LH,소계,강원,178
2018-09,LH,소계,충북,0
2018-09,LH,소계,충남,2,585
2018-09,LH,소계,전북,0
2018-09,LH,소계,전남,0
2018-09,LH,소계,경북,0
2018-09,LH,소계,경남,210
2018-09,LH,소계,제주,0
2018-09,LH,국민임대,전국,178
2018-09,LH,국민임대,서울,0
2018-09,LH,국민임대,인천,0
2018-09,LH,국민임대,경기,0
2018-09,LH,국민임대,부산,0
2018-09,LH,국민임대,대구,0
2018-09,LH,국민임대,광주,0
2018-09,LH,국민임대,대전,0
2018-09,LH,국민임대,울산,0
2018-09,LH,국민임대,세종,0
2018-09,LH,국민임대,강원,178
2018-09,LH,국민임대,충북,0
2018-09,LH,국민임대,충남,0
2018-09,LH,국민임대,전북,0
2018-09,LH,국민임대,전남,0
2018-09,LH,국민임대,경북,0
2018-09,LH,국민임대,경남,0
2018-09,LH,국민임대,제주,0
2018-09,LH,공공임대,전국,8,739
2018-09,LH,공공임대,서울,0
2018-09,LH,공공임대,인천,1,198
2018-09,LH,공공임대,경기,4,746
2018-09,LH,공공임대,부산,0
2018-09,LH,공공임대,대구,0
2018-09,LH,공공임대,광주,0
2018-09,LH,공공임대,대전,0
2018-09,LH,공공임대,울산,0
2018-09,LH,공공임대,세종,0
2018-09,LH,공공임대,강원,0
2018-09,LH,공공임대,충북,0
2018-09,LH,공공임대,충남,2,585
2018-09,LH,공공임대,전북,0
2018-09,LH,공공임대,전남,0
2018-09,LH,공공임대,경북,0
2018-09,LH,공공임대,경남,210
2018-09,LH,공공임대,제주,0
2018-09,LH,공공분양,전국,2,842
2018-09,LH,공공분양,서울,0
2018-09,LH,공공분양,인천,662
2018-09,LH,공공분양,경기,835
2018-09,LH,공공분양,부산,0
2018-09,LH,공공분양,대구,0
2018-09,LH,공공분양,광주,0
2018-09,LH,공공분양,대전,1,345
2018-09,LH,공공분양,울산,0
2018-09,LH,공공분양,세종,0
2018-09,LH,공공분양,강원,0
2018-09,LH,공공분양,충북,0
2018-09,LH,공공분양,충남,0
2018-09,LH,공공분양,전북,0
2018-09,LH,공공분양,전남,0
2018-09,LH,공공분양,경북,0
2018-09,LH,공공분양,경남,0
2018-09,LH,공공분양,제주,0
2018-09,주택업체,소계,전국,1,930
2018-09,주택업체,소계,서울,626
2018-09,주택업체,소계,인천,0
2018-09,주택업체,소계,경기,1,304
2018-09,주택업체,소계,부산,0
2018-09,주택업체,소계,대구,0
2018-09,주택업체,소계,광주,0
2018-09,주택업체,소계,대전,0
2018-09,주택업체,소계,울산,0
2018-09,주택업체,소계,세종,0
2018-09,주택업체,소계,강원,0
2018-09,주택업체,소계,충북,0
2018-09,주택업체,소계,충남,0
2018-09,주택업체,소계,전북,0
2018-09,주택업체,소계,전남,0
2018-09,주택업체,소계,경북,0
2018-09,주택업체,소계,경남,0
2018-09,주택업체,소계,제주,0
2018-09,주택업체,국민임대,전국,587
2018-09,주택업체,국민임대,서울,587
2018-09,주택업체,국민임대,인천,0
2018-09,주택업체,국민임대,경기,0
2018-09,주택업체,국민임대,부산,0
2018-09,주택업체,국민임대,대구,0
2018-09,주택업체,국민임대,광주,0
2018-09,주택업체,국민임대,대전,0
2018-09,주택업체,국민임대,울산,0
2018-09,주택업체,국민임대,세종,0
2018-09,주택업체,국민임대,강원,0
2018-09,주택업체,국민임대,충북,0
2018-09,주택업체,국민임대,충남,0
2018-09,주택업체,국민임대,전북,0
2018-09,주택업체,국민임대,전남,0
2018-09,주택업체,국민임대,경북,0
2018-09,주택업체,국민임대,경남,0
2018-09,주택업체,국민임대,제주,0
2018-09,주택업체,공공임대,전국,39
2018-09,주택업체,공공임대,서울,39
2018-09,주택업체,공공임대,인천,0
2018-09,주택업체,공공임대,경기,0
2018-09,주택업체,공공임대,부산,0
2018-09,주택업체,공공임대,대구,0
2018-09,주택업체,공공임대,광주,0
2018-09,주택업체,공공임대,대전,0
2018-09,주택업체,공공임대,울산,0
2018-09,주택업체,공공임대,세종,0
2018-09,주택업체,공공임대,강원,0
2018-09,주택업체,공공임대,충북,0
2018-09,주택업체,공공임대,충남,0
2018-09,주택업체,공공임대,전북,0
2018-09,주택업체,공공임대,전남,0
2018-09,주택업체,공공임대,경북,0
2018-09,주택업체,공공임대,경남,0
2018-09,주택업체,공공임대,제주,0
2018-09,주택업체,공공분양,전국,1,304
2018-09,주택업체,공공분양,서울,0
2018-09,주택업체,공공분양,인천,0
2018-09,주택업체,공공분양,경기,1,304
2018-09,주택업체,공공분양,부산,0
2018-09,주택업체,공공분양,대구,0
2018-09,주택업체,공공분양,광주,0
2018-09,주택업체,공공분양,대전,0
2018-09,주택업체,공공분양,울산,0
2018-09,주택업체,공공분양,세종,0
2018-09,주택업체,공공분양,강원,0
2018-09,주택업체,공공분양,충북,0
2018-09,주택업체,공공분양,충남,0
2018-09,주택업체,공공분양,전북,0
2018-09,주택업체,공공분양,전남,0
2018-09,주택업체,공공분양,경북,0
2018-09,주택업체,공공분양,경남,0
2018-09,주택업체,공공분양,제주,0
2018-09,민간부문,소계,전국,37,998
2018-09,민간부문,소계,서울,4,469
2018-09,민간부문,소계,인천,1,463
2018-09,민간부문,소계,경기,14,471
2018-09,민간부문,소계,부산,1,017
2018-09,민간부문,소계,대구,1,085
2018-09,민간부문,소계,광주,2,176
2018-09,민간부문,소계,대전,230
2018-09,민간부문,소계,울산,169
2018-09,민간부문,소계,세종,92
2018-09,민간부문,소계,강원,549
2018-09,민간부문,소계,충북,3,975
2018-09,민간부문,소계,충남,2,258
2018-09,민간부문,소계,전북,482
2018-09,민간부문,소계,전남,1,744
2018-09,민간부문,소계,경북,2,332
2018-09,민간부문,소계,경남,556
2018-09,민간부문,소계,제주,930
2018-09,민간,민간임대,전국,2,442
2018-09,민간,민간임대,서울,43
2018-09,민간,민간임대,인천,0
2018-09,민간,민간임대,경기,1,770
2018-09,민간,민간임대,부산,0
2018-09,민간,민간임대,대구,0
2018-09,민간,민간임대,광주,117
2018-09,민간,민간임대,대전,0
2018-09,민간,민간임대,울산,0
2018-09,민간,민간임대,세종,0
2018-09,민간,민간임대,강원,0
2018-09,민간,민간임대,충북,440
2018-09,민간,민간임대,충남,0
2018-09,민간,민간임대,전북,0
2018-09,민간,민간임대,전남,0
2018-09,민간,민간임대,경북,0
2018-09,민간,민간임대,경남,0
2018-09,민간,민간임대,제주,72
2018-09,민간,민간분양,전국,35,556
2018-09,민간,민간분양,서울,4,426
2018-09,민간,민간분양,인천,1,463
2018-09,민간,민간분양,경기,12,701
2018-09,민간,민간분양,부산,1,017
2018-09,민간,민간분양,대구,1,085
2018-09,민간,민간분양,광주,2,059
2018-09,민간,민간분양,대전,230
2018-09,민간,민간분양,울산,169
2018-09,민간,민간분양,세종,92
2018-09,민간,민간분양,강원,549
2018-09,민간,민간분양,충북,3,535
2018-09,민간,민간분양,충남,2,258
2018-09,민간,민간분양,전북,482
2018-09,민간,민간분양,전남,1,744
2018-09,민간,민간분양,경북,2,332
2018-09,민간,민간분양,경남,556
2018-09,민간,민간분양,제주,858
2018-10,총계,총계,전국,45,474
2018-10,총계,총계,서울,5,952
2018-10,총계,총계,인천,930
2018-10,총계,총계,경기,15,236
2018-10,총계,총계,부산,5,227
2018-10,총계,총계,대구,974
2018-10,총계,총계,광주,620
2018-10,총계,총계,대전,426
2018-10,총계,총계,울산,1,401
2018-10,총계,총계,세종,23
2018-10,총계,총계,강원,1,561
2018-10,총계,총계,충북,4,271
2018-10,총계,총계,충남,1,997
2018-10,총계,총계,전북,830
2018-10,총계,총계,전남,1,043
2018-10,총계,총계,경북,2,073
2018-10,총계,총계,경남,1,921
2018-10,총계,총계,제주,989
2018-10,공공부문,소계,전국,8,484
2018-10,공공부문,소계,서울,0
2018-10,공공부문,소계,인천,0
2018-10,공공부문,소계,경기,3,128
2018-10,공공부문,소계,부산,1,764
2018-10,공공부문,소계,대구,0
2018-10,공공부문,소계,광주,460
2018-10,공공부문,소계,대전,0
2018-10,공공부문,소계,울산,0
2018-10,공공부문,소계,세종,0
2018-10,공공부문,소계,강원,0
2018-10,공공부문,소계,충북,1,315
2018-10,공공부문,소계,충남,0
2018-10,공공부문,소계,전북,0
2018-10,공공부문,소계,전남,0
2018-10,공공부문,소계,경북,410
2018-10,공공부문,소계,경남,867
2018-10,공공부문,소계,제주,540
2018-10,합,국민임대,전국,260
2018-10,합,국민임대,서울,0
2018-10,합,국민임대,인천,0
2018-10,합,국민임대,경기,0
2018-10,합,국민임대,부산,0
2018-10,합,국민임대,대구,0
2018-10,합,국민임대,광주,0
2018-10,합,국민임대,대전,0
2018-10,합,국민임대,울산,0
2018-10,합,국민임대,세종,0
2018-10,합,국민임대,강원,0
2018-10,합,국민임대,충북,0
2018-10,합,국민임대,충남,0
2018-10,합,국민임대,전북,0
2018-10,합,국민임대,전남,0
2018-10,합,국민임대,경북,0
2018-10,합,국민임대,경남,0
2018-10,합,국민임대,제주,260
2018-10,합,공공임대,전국,6,229
2018-10,합,공공임대,서울,0
2018-10,합,공공임대,인천,0
2018-10,합,공공임대,경기,2,448
2018-10,합,공공임대,부산,1,764
2018-10,합,공공임대,대구,0
2018-10,합,공공임대,광주,460
2018-10,합,공공임대,대전,0
2018-10,합,공공임대,울산,0
2018-10,합,공공임대,세종,0
2018-10,합,공공임대,강원,0
2018-10,합,공공임대,충북,0
2018-10,합,공공임대,충남,0
2018-10,합,공공임대,전북,0
2018-10,합,공공임대,전남,0
2018-10,합,공공임대,경북,410
2018-10,합,공공임대,경남,867
2018-10,합,공공임대,제주,280
2018-10,합,공공분양,전국,1,995
2018-10,합,공공분양,서울,0
2018-10,합,공공분양,인천,0
2018-10,합,공공분양,경기,680
2018-10,합,공공분양,부산,0
2018-10,합,공공분양,대구,0
2018-10,합,공공분양,광주,0
2018-10,합,공공분양,대전,0
2018-10,합,공공분양,울산,0
2018-10,합,공공분양,세종,0
2018-10,합,공공분양,강원,0
2018-10,합,공공분양,충북,1,315
2018-10,합,공공분양,충남,0
2018-10,합,공공분양,전북,0
2018-10,합,공공분양,전남,0
2018-10,합,공공분양,경북,0
2018-10,합,공공분양,경남,0
2018-10,합,공공분양,제주,0
2018-10,지자체,소계,전국,0
2018-10,지자체,소계,서울,0
2018-10,지자체,소계,인천,0
2018-10,지자체,소계,경기,0
2018-10,지자체,소계,부산,0
2018-10,지자체,소계,대구,0
2018-10,지자체,소계,광주,0
2018-10,지자체,소계,대전,0
2018-10,지자체,소계,울산,0
2018-10,지자체,소계,세종,0
2018-10,지자체,소계,강원,0
2018-10,지자체,소계,충북,0
2018-10,지자체,소계,충남,0
2018-10,지자체,소계,전북,0
2018-10,지자체,소계,전남,0
2018-10,지자체,소계,경북,0
2018-10,지자체,소계,경남,0
2018-10,지자체,소계,제주,0
2018-10,지자체,국민임대,전국,0
2018-10,지자체,국민임대,서울,0
2018-10,지자체,국민임대,인천,0
2018-10,지자체,국민임대,경기,0
2018-10,지자체,국민임대,부산,0
2018-10,지자체,국민임대,대구,0
2018-10,지자체,국민임대,광주,0
2018-10,지자체,국민임대,대전,0
2018-10,지자체,국민임대,울산,0
2018-10,지자체,국민임대,세종,0
2018-10,지자체,국민임대,강원,0
2018-10,지자체,국민임대,충북,0
2018-10,지자체,국민임대,충남,0
2018-10,지자체,국민임대,전북,0
2018-10,지자체,국민임대,전남,0
2018-10,지자체,국민임대,경북,0
2018-10,지자체,국민임대,경남,0
2018-10,지자체,국민임대,제주,0
2018-10,지자체,공공임대,전국,0
2018-10,지자체,공공임대,서울,0
2018-10,지자체,공공임대,인천,0
2018-10,지자체,공공임대,경기,0
2018-10,지자체,공공임대,부산,0
2018-10,지자체,공공임대,대구,0
2018-10,지자체,공공임대,광주,0
2018-10,지자체,공공임대,대전,0
2018-10,지자체,공공임대,울산,0
2018-10,지자체,공공임대,세종,0
2018-10,지자체,공공임대,강원,0
2018-10,지자체,공공임대,충북,0
2018-10,지자체,공공임대,충남,0
2018-10,지자체,공공임대,전북,0
2018-10,지자체,공공임대,전남,0
2018-10,지자체,공공임대,경북,0
2018-10,지자체,공공임대,경남,0
2018-10,지자체,공공임대,제주,0
2018-10,지자체,공공분양,전국,0
2018-10,지자체,공공분양,서울,0
2018-10,지자체,공공분양,인천,0
2018-10,지자체,공공분양,경기,0
2018-10,지자체,공공분양,부산,0
2018-10,지자체,공공분양,대구,0
2018-10,지자체,공공분양,광주,0
2018-10,지자체,공공분양,대전,0
2018-10,지자체,공공분양,울산,0
2018-10,지자체,공공분양,세종,0
2018-10,지자체,공공분양,강원,0
2018-10,지자체,공공분양,충북,0
2018-10,지자체,공공분양,충남,0
2018-10,지자체,공공분양,전북,0
2018-10,지자체,공공분양,전남,0
2018-10,지자체,공공분양,경북,0
2018-10,지자체,공공분양,경남,0
2018-10,지자체,공공분양,제주,0
2018-10,LH,소계,전국,7,804
2018-10,LH,소계,서울,0
2018-10,LH,소계,인천,0
2018-10,LH,소계,경기,2,448
2018-10,LH,소계,부산,1,764
2018-10,LH,소계,대구,0
2018-10,LH,소계,광주,460
2018-10,LH,소계,대전,0
2018-10,LH,소계,울산,0
2018-10,LH,소계,세종,0
2018-10,LH,소계,강원,0
2018-10,LH,소계,충북,1,315
2018-10,LH,소계,충남,0
2018-10,LH,소계,전북,0
2018-10,LH,소계,전남,0
2018-10,LH,소계,경북,410
2018-10,LH,소계,경남,867
2018-10,LH,소계,제주,540
2018-10,LH,국민임대,전국,260
2018-10,LH,국민임대,서울,0
2018-10,LH,국민임대,인천,0
2018-10,LH,국민임대,경기,0
2018-10,LH,국민임대,부산,0
2018-10,LH,국민임대,대구,0
2018-10,LH,국민임대,광주,0
2018-10,LH,국민임대,대전,0
2018-10,LH,국민임대,울산,0
2018-10,LH,국민임대,세종,0
2018-10,LH,국민임대,강원,0
2018-10,LH,국민임대,충북,0
2018-10,LH,국민임대,충남,0
2018-10,LH,국민임대,전북,0
2018-10,LH,국민임대,전남,0
2018-10,LH,국민임대,경북,0
2018-10,LH,국민임대,경남,0
2018-10,LH,국민임대,제주,260
2018-10,LH,공공임대,전국,6,229
2018-10,LH,공공임대,서울,0
2018-10,LH,공공임대,인천,0
2018-10,LH,공공임대,경기,2,448
2018-10,LH,공공임대,부산,1,764
2018-10,LH,공공임대,대구,0
2018-10,LH,공공임대,광주,460
2018-10,LH,공공임대,대전,0
2018-10,LH,공공임대,울산,0
2018-10,LH,공공임대,세종,0
2018-10,LH,공공임대,강원,0
2018-10,LH,공공임대,충북,0
2018-10,LH,공공임대,충남,0
2018-10,LH,공공임대,전북,0
2018-10,LH,공공임대,전남,0
2018-10,LH,공공임대,경북,410
2018-10,LH,공공임대,경남,867
2018-10,LH,공공임대,제주,280
2018-10,LH,공공분양,전국,1,315
2018-10,LH,공공분양,서울,0
2018-10,LH,공공분양,인천,0
2018-10,LH,공공분양,경기,0
2018-10,LH,공공분양,부산,0
2018-10,LH,공공분양,대구,0
2018-10,LH,공공분양,광주,0
2018-10,LH,공공분양,대전,0
2018-10,LH,공공분양,울산,0
2018-10,LH,공공분양,세종,0
2018-10,LH,공공분양,강원,0
2018-10,LH,공공분양,충북,1,315
2018-10,LH,공공분양,충남,0
2018-10,LH,공공분양,전북,0
2018-10,LH,공공분양,전남,0
2018-10,LH,공공분양,경북,0
2018-10,LH,공공분양,경남,0
2018-10,LH,공공분양,제주,0
2018-10,주택업체,소계,전국,680
2018-10,주택업체,소계,서울,0
2018-10,주택업체,소계,인천,0
2018-10,주택업체,소계,경기,680
2018-10,주택업체,소계,부산,0
2018-10,주택업체,소계,대구,0
2018-10,주택업체,소계,광주,0
2018-10,주택업체,소계,대전,0
2018-10,주택업체,소계,울산,0
2018-10,주택업체,소계,세종,0
2018-10,주택업체,소계,강원,0
2018-10,주택업체,소계,충북,0
2018-10,주택업체,소계,충남,0
2018-10,주택업체,소계,전북,0
2018-10,주택업체,소계,전남,0
2018-10,주택업체,소계,경북,0
2018-10,주택업체,소계,경남,0
2018-10,주택업체,소계,제주,0
2018-10,주택업체,국민임대,전국,0
2018-10,주택업체,국민임대,서울,0
2018-10,주택업체,국민임대,인천,0
2018-10,주택업체,국민임대,경기,0
2018-10,주택업체,국민임대,부산,0
2018-10,주택업체,국민임대,대구,0
2018-10,주택업체,국민임대,광주,0
2018-10,주택업체,국민임대,대전,0
2018-10,주택업체,국민임대,울산,0
2018-10,주택업체,국민임대,세종,0
2018-10,주택업체,국민임대,강원,0
2018-10,주택업체,국민임대,충북,0
2018-10,주택업체,국민임대,충남,0
2018-10,주택업체,국민임대,전북,0
2018-10,주택업체,국민임대,전남,0
2018-10,주택업체,국민임대,경북,0
2018-10,주택업체,국민임대,경남,0
2018-10,주택업체,국민임대,제주,0
2018-10,주택업체,공공임대,전국,0
2018-10,주택업체,공공임대,서울,0
2018-10,주택업체,공공임대,인천,0
2018-10,주택업체,공공임대,경기,0
2018-10,주택업체,공공임대,부산,0
2018-10,주택업체,공공임대,대구,0
2018-10,주택업체,공공임대,광주,0
2018-10,주택업체,공공임대,대전,0
2018-10,주택업체,공공임대,울산,0
2018-10,주택업체,공공임대,세종,0
2018-10,주택업체,공공임대,강원,0
2018-10,주택업체,공공임대,충북,0
2018-10,주택업체,공공임대,충남,0
2018-10,주택업체,공공임대,전북,0
2018-10,주택업체,공공임대,전남,0
2018-10,주택업체,공공임대,경북,0
2018-10,주택업체,공공임대,경남,0
2018-10,주택업체,공공임대,제주,0
2018-10,주택업체,공공분양,전국,680
2018-10,주택업체,공공분양,서울,0
2018-10,주택업체,공공분양,인천,0
2018-10,주택업체,공공분양,경기,680
2018-10,주택업체,공공분양,부산,0
2018-10,주택업체,공공분양,대구,0
2018-10,주택업체,공공분양,광주,0
2018-10,주택업체,공공분양,대전,0
2018-10,주택업체,공공분양,울산,0
2018-10,주택업체,공공분양,세종,0
2018-10,주택업체,공공분양,강원,0
2018-10,주택업체,공공분양,충북,0
2018-10,주택업체,공공분양,충남,0
2018-10,주택업체,공공분양,전북,0
2018-10,주택업체,공공분양,전남,0
2018-10,주택업체,공공분양,경북,0
2018-10,주택업체,공공분양,경남,0
2018-10,주택업체,공공분양,제주,0
2018-10,민간부문,소계,전국,36,990
2018-10,민간부문,소계,서울,5,952
2018-10,민간부문,소계,인천,930
2018-10,민간부문,소계,경기,12,108
2018-10,민간부문,소계,부산,3,463
2018-10,민간부문,소계,대구,974
2018-10,민간부문,소계,광주,160
2018-10,민간부문,소계,대전,426
2018-10,민간부문,소계,울산,1,401
2018-10,민간부문,소계,세종,23
2018-10,민간부문,소계,강원,1,561
2018-10,민간부문,소계,충북,2,956
2018-10,민간부문,소계,충남,1,997
2018-10,민간부문,소계,전북,830
2018-10,민간부문,소계,전남,1,043
2018-10,민간부문,소계,경북,1,663
2018-10,민간부문,소계,경남,1,054
2018-10,민간부문,소계,제주,449
2018-10,민간,민간임대,전국,943
2018-10,민간,민간임대,서울,0
2018-10,민간,민간임대,인천,0
2018-10,민간,민간임대,경기,0
2018-10,민간,민간임대,부산,0
2018-10,민간,민간임대,대구,409
2018-10,민간,민간임대,광주,0
2018-10,민간,민간임대,대전,0
2018-10,민간,민간임대,울산,0
2018-10,민간,민간임대,세종,0
2018-10,민간,민간임대,강원,0
2018-10,민간,민간임대,충북,534
2018-10,민간,민간임대,충남,0
2018-10,민간,민간임대,전북,0
2018-10,민간,민간임대,전남,0
2018-10,민간,민간임대,경북,0
2018-10,민간,민간임대,경남,0
2018-10,민간,민간임대,제주,0
2018-10,민간,민간분양,전국,36,047
2018-10,민간,민간분양,서울,5,952
2018-10,민간,민간분양,인천,930
2018-10,민간,민간분양,경기,12,108
2018-10,민간,민간분양,부산,3,463
2018-10,민간,민간분양,대구,565
2018-10,민간,민간분양,광주,160
2018-10,민간,민간분양,대전,426
2018-10,민간,민간분양,울산,1,401
2018-10,민간,민간분양,세종,23
2018-10,민간,민간분양,강원,1,561
2018-10,민간,민간분양,충북,2,422
2018-10,민간,민간분양,충남,1,997
2018-10,민간,민간분양,전북,830
2018-10,민간,민간분양,전남,1,043
2018-10,민간,민간분양,경북,1,663
2018-10,민간,민간분양,경남,1,054
2018-10,민간,민간분양,제주,449
2018-11,총계,총계,전국,51,362
2018-11,총계,총계,서울,5,658
2018-11,총계,총계,인천,3,775
2018-11,총계,총계,경기,17,976
2018-11,총계,총계,부산,1,794
2018-11,총계,총계,대구,3,257
2018-11,총계,총계,광주,102
2018-11,총계,총계,대전,131
2018-11,총계,총계,울산,441
2018-11,총계,총계,세종,2,038
2018-11,총계,총계,강원,1,718
2018-11,총계,총계,충북,2,906
2018-11,총계,총계,충남,1,874
2018-11,총계,총계,전북,1,526
2018-11,총계,총계,전남,1,533
2018-11,총계,총계,경북,1,383
2018-11,총계,총계,경남,4,295
2018-11,총계,총계,제주,955
2018-11,공공부문,소계,전국,8,795
2018-11,공공부문,소계,서울,80
2018-11,공공부문,소계,인천,2,902
2018-11,공공부문,소계,경기,1,790
2018-11,공공부문,소계,부산,163
2018-11,공공부문,소계,대구,1,124
2018-11,공공부문,소계,광주,0
2018-11,공공부문,소계,대전,0
2018-11,공공부문,소계,울산,0
2018-11,공공부문,소계,세종,1,438
2018-11,공공부문,소계,강원,0
2018-11,공공부문,소계,충북,718
2018-11,공공부문,소계,충남,0
2018-11,공공부문,소계,전북,0
2018-11,공공부문,소계,전남,380
2018-11,공공부문,소계,경북,0
2018-11,공공부문,소계,경남,0
2018-11,공공부문,소계,제주,200
2018-11,합,국민임대,전국,0
2018-11,합,국민임대,서울,0
2018-11,합,국민임대,인천,0
2018-11,합,국민임대,경기,0
2018-11,합,국민임대,부산,0
2018-11,합,국민임대,대구,0
2018-11,합,국민임대,광주,0
2018-11,합,국민임대,대전,0
2018-11,합,국민임대,울산,0
2018-11,합,국민임대,세종,0
2018-11,합,국민임대,강원,0
2018-11,합,국민임대,충북,0
2018-11,합,국민임대,충남,0
2018-11,합,국민임대,전북,0
2018-11,합,국민임대,전남,0
2018-11,합,국민임대,경북,0
2018-11,합,국민임대,경남,0
2018-11,합,국민임대,제주,0
2018-11,합,공공임대,전국,7,735
2018-11,합,공공임대,서울,80
2018-11,합,공공임대,인천,2,902
2018-11,합,공공임대,경기,1,790
2018-11,합,공공임대,부산,0
2018-11,합,공공임대,대구,1,124
2018-11,합,공공임대,광주,0
2018-11,합,공공임대,대전,0
2018-11,합,공공임대,울산,0
2018-11,합,공공임대,세종,1,438
2018-11,합,공공임대,강원,0
2018-11,합,공공임대,충북,1
2018-11,합,공공임대,충남,0
2018-11,합,공공임대,전북,0
2018-11,합,공공임대,전남,200
2018-11,합,공공임대,경북,0
2018-11,합,공공임대,경남,0
2018-11,합,공공임대,제주,200
2018-11,합,공공분양,전국,1,060
2018-11,합,공공분양,서울,0
2018-11,합,공공분양,인천,0
2018-11,합,공공분양,경기,0
2018-11,합,공공분양,부산,163
2018-11,합,공공분양,대구,0
2018-11,합,공공분양,광주,0
2018-11,합,공공분양,대전,0
2018-11,합,공공분양,울산,0
2018-11,합,공공분양,세종,0
2018-11,합,공공분양,강원,0
2018-11,합,공공분양,충북,717
2018-11,합,공공분양,충남,0
2018-11,합,공공분양,전북,0
2018-11,합,공공분양,전남,180
2018-11,합,공공분양,경북,0
2018-11,합,공공분양,경남,0
2018-11,합,공공분양,제주,0
2018-11,지자체,소계,전국,0
2018-11,지자체,소계,서울,0
2018-11,지자체,소계,인천,0
2018-11,지자체,소계,경기,0
2018-11,지자체,소계,부산,0
2018-11,지자체,소계,대구,0
2018-11,지자체,소계,광주,0
2018-11,지자체,소계,대전,0
2018-11,지자체,소계,울산,0
2018-11,지자체,소계,세종,0
2018-11,지자체,소계,강원,0
2018-11,지자체,소계,충북,0
2018-11,지자체,소계,충남,0
2018-11,지자체,소계,전북,0
2018-11,지자체,소계,전남,0
2018-11,지자체,소계,경북,0
2018-11,지자체,소계,경남,0
2018-11,지자체,소계,제주,0
2018-11,지자체,국민임대,전국,0
2018-11,지자체,국민임대,서울,0
2018-11,지자체,국민임대,인천,0
2018-11,지자체,국민임대,경기,0
2018-11,지자체,국민임대,부산,0
2018-11,지자체,국민임대,대구,0
2018-11,지자체,국민임대,광주,0
2018-11,지자체,국민임대,대전,0
2018-11,지자체,국민임대,울산,0
2018-11,지자체,국민임대,세종,0
2018-11,지자체,국민임대,강원,0
2018-11,지자체,국민임대,충북,0
2018-11,지자체,국민임대,충남,0
2018-11,지자체,국민임대,전북,0
2018-11,지자체,국민임대,전남,0
2018-11,지자체,국민임대,경북,0
2018-11,지자체,국민임대,경남,0
2018-11,지자체,국민임대,제주,0
2018-11,지자체,공공임대,전국,0
2018-11,지자체,공공임대,서울,0
2018-11,지자체,공공임대,인천,0
2018-11,지자체,공공임대,경기,0
2018-11,지자체,공공임대,부산,0
2018-11,지자체,공공임대,대구,0
2018-11,지자체,공공임대,광주,0
2018-11,지자체,공공임대,대전,0
2018-11,지자체,공공임대,울산,0
2018-11,지자체,공공임대,세종,0
2018-11,지자체,공공임대,강원,0
2018-11,지자체,공공임대,충북,0
2018-11,지자체,공공임대,충남,0
2018-11,지자체,공공임대,전북,0
2018-11,지자체,공공임대,전남,0
2018-11,지자체,공공임대,경북,0
2018-11,지자체,공공임대,경남,0
2018-11,지자체,공공임대,제주,0
2018-11,지자체,공공분양,전국,0
2018-11,지자체,공공분양,서울,0
2018-11,지자체,공공분양,인천,0
2018-11,지자체,공공분양,경기,0
2018-11,지자체,공공분양,부산,0
2018-11,지자체,공공분양,대구,0
2018-11,지자체,공공분양,광주,0
2018-11,지자체,공공분양,대전,0
2018-11,지자체,공공분양,울산,0
2018-11,지자체,공공분양,세종,0
2018-11,지자체,공공분양,강원,0
2018-11,지자체,공공분양,충북,0
2018-11,지자체,공공분양,충남,0
2018-11,지자체,공공분양,전북,0
2018-11,지자체,공공분양,전남,0
2018-11,지자체,공공분양,경북,0
2018-11,지자체,공공분양,경남,0
2018-11,지자체,공공분양,제주,0
2018-11,LH,소계,전국,7,655
2018-11,LH,소계,서울,0
2018-11,LH,소계,인천,2,902
2018-11,LH,소계,경기,1,790
2018-11,LH,소계,부산,0
2018-11,LH,소계,대구,1,124
2018-11,LH,소계,광주,0
2018-11,LH,소계,대전,0
2018-11,LH,소계,울산,0
2018-11,LH,소계,세종,1,438
2018-11,LH,소계,강원,0
2018-11,LH,소계,충북,1
2018-11,LH,소계,충남,0
2018-11,LH,소계,전북,0
2018-11,LH,소계,전남,200
2018-11,LH,소계,경북,0
2018-11,LH,소계,경남,0
2018-11,LH,소계,제주,200
2018-11,LH,국민임대,전국,0
2018-11,LH,국민임대,서울,0
2018-11,LH,국민임대,인천,0
2018-11,LH,국민임대,경기,0
2018-11,LH,국민임대,부산,0
2018-11,LH,국민임대,대구,0
2018-11,LH,국민임대,광주,0
2018-11,LH,국민임대,대전,0
2018-11,LH,국민임대,울산,0
2018-11,LH,국민임대,세종,0
2018-11,LH,국민임대,강원,0
2018-11,LH,국민임대,충북,0
2018-11,LH,국민임대,충남,0
2018-11,LH,국민임대,전북,0
2018-11,LH,국민임대,전남,0
2018-11,LH,국민임대,경북,0
2018-11,LH,국민임대,경남,0
2018-11,LH,국민임대,제주,0
2018-11,LH,공공임대,전국,7,655
2018-11,LH,공공임대,서울,0
2018-11,LH,공공임대,인천,2,902
2018-11,LH,공공임대,경기,1,790
2018-11,LH,공공임대,부산,0
2018-11,LH,공공임대,대구,1,124
2018-11,LH,공공임대,광주,0
2018-11,LH,공공임대,대전,0
2018-11,LH,공공임대,울산,0
2018-11,LH,공공임대,세종,1,438
2018-11,LH,공공임대,강원,0
2018-11,LH,공공임대,충북,1
2018-11,LH,공공임대,충남,0
2018-11,LH,공공임대,전북,0
2018-11,LH,공공임대,전남,200
2018-11,LH,공공임대,경북,0
2018-11,LH,공공임대,경남,0
2018-11,LH,공공임대,제주,200
2018-11,LH,공공분양,전국,0
2018-11,LH,공공분양,서울,0
2018-11,LH,공공분양,인천,0
2018-11,LH,공공분양,경기,0
2018-11,LH,공공분양,부산,0
2018-11,LH,공공분양,대구,0
2018-11,LH,공공분양,광주,0
2018-11,LH,공공분양,대전,0
2018-11,LH,공공분양,울산,0
2018-11,LH,공공분양,세종,0
2018-11,LH,공공분양,강원,0
2018-11,LH,공공분양,충북,0
2018-11,LH,공공분양,충남,0
2018-11,LH,공공분양,전북,0
2018-11,LH,공공분양,전남,0
2018-11,LH,공공분양,경북,0
2018-11,LH,공공분양,경남,0
2018-11,LH,공공분양,제주,0
2018-11,주택업체,소계,전국,1,140
2018-11,주택업체,소계,서울,80
2018-11,주택업체,소계,인천,0
2018-11,주택업체,소계,경기,0
2018-11,주택업체,소계,부산,163
2018-11,주택업체,소계,대구,0
2018-11,주택업체,소계,광주,0
2018-11,주택업체,소계,대전,0
2018-11,주택업체,소계,울산,0
2018-11,주택업체,소계,세종,0
2018-11,주택업체,소계,강원,0
2018-11,주택업체,소계,충북,717
2018-11,주택업체,소계,충남,0
2018-11,주택업체,소계,전북,0
2018-11,주택업체,소계,전남,180
2018-11,주택업체,소계,경북,0
2018-11,주택업체,소계,경남,0
2018-11,주택업체,소계,제주,0
2018-11,주택업체,국민임대,전국,0
2018-11,주택업체,국민임대,서울,0
2018-11,주택업체,국민임대,인천,0
2018-11,주택업체,국민임대,경기,0
2018-11,주택업체,국민임대,부산,0
2018-11,주택업체,국민임대,대구,0
2018-11,주택업체,국민임대,광주,0
2018-11,주택업체,국민임대,대전,0
2018-11,주택업체,국민임대,울산,0
2018-11,주택업체,국민임대,세종,0
2018-11,주택업체,국민임대,강원,0
2018-11,주택업체,국민임대,충북,0
2018-11,주택업체,국민임대,충남,0
2018-11,주택업체,국민임대,전북,0
2018-11,주택업체,국민임대,전남,0
2018-11,주택업체,국민임대,경북,0
2018-11,주택업체,국민임대,경남,0
2018-11,주택업체,국민임대,제주,0
2018-11,주택업체,공공임대,전국,80
2018-11,주택업체,공공임대,서울,80
2018-11,주택업체,공공임대,인천,0
2018-11,주택업체,공공임대,경기,0
2018-11,주택업체,공공임대,부산,0
2018-11,주택업체,공공임대,대구,0
2018-11,주택업체,공공임대,광주,0
2018-11,주택업체,공공임대,대전,0
2018-11,주택업체,공공임대,울산,0
2018-11,주택업체,공공임대,세종,0
2018-11,주택업체,공공임대,강원,0
2018-11,주택업체,공공임대,충북,0
2018-11,주택업체,공공임대,충남,0
2018-11,주택업체,공공임대,전북,0
2018-11,주택업체,공공임대,전남,0
2018-11,주택업체,공공임대,경북,0
2018-11,주택업체,공공임대,경남,0
2018-11,주택업체,공공임대,제주,0
2018-11,주택업체,공공분양,전국,1,060
2018-11,주택업체,공공분양,서울,0
2018-11,주택업체,공공분양,인천,0
2018-11,주택업체,공공분양,경기,0
2018-11,주택업체,공공분양,부산,163
2018-11,주택업체,공공분양,대구,0
2018-11,주택업체,공공분양,광주,0
2018-11,주택업체,공공분양,대전,0
2018-11,주택업체,공공분양,울산,0
2018-11,주택업체,공공분양,세종,0
2018-11,주택업체,공공분양,강원,0
2018-11,주택업체,공공분양,충북,717
2018-11,주택업체,공공분양,충남,0
2018-11,주택업체,공공분양,전북,0
2018-11,주택업체,공공분양,전남,180
2018-11,주택업체,공공분양,경북,0
2018-11,주택업체,공공분양,경남,0
2018-11,주택업체,공공분양,제주,0
2018-11,민간부문,소계,전국,42,567
2018-11,민간부문,소계,서울,5,578
2018-11,민간부문,소계,인천,873
2018-11,민간부문,소계,경기,16,186
2018-11,민간부문,소계,부산,1,631
2018-11,민간부문,소계,대구,2,133
2018-11,민간부문,소계,광주,102
2018-11,민간부문,소계,대전,131
2018-11,민간부문,소계,울산,441
2018-11,민간부문,소계,세종,600
2018-11,민간부문,소계,강원,1,718
2018-11,민간부문,소계,충북,2,188
2018-11,민간부문,소계,충남,1,874
2018-11,민간부문,소계,전북,1,526
2018-11,민간부문,소계,전남,1,153
2018-11,민간부문,소계,경북,1,383
2018-11,민간부문,소계,경남,4,295
2018-11,민간부문,소계,제주,755
2018-11,민간,민간임대,전국,5,075
2018-11,민간,민간임대,서울,178
2018-11,민간,민간임대,인천,0
2018-11,민간,민간임대,경기,4,397
2018-11,민간,민간임대,부산,500
2018-11,민간,민간임대,대구,0
2018-11,민간,민간임대,광주,0
2018-11,민간,민간임대,대전,0
2018-11,민간,민간임대,울산,0
2018-11,민간,민간임대,세종,0
2018-11,민간,민간임대,강원,0
2018-11,민간,민간임대,충북,0
2018-11,민간,민간임대,충남,0
2018-11,민간,민간임대,전북,0
2018-11,민간,민간임대,전남,0
2018-11,민간,민간임대,경북,0
2018-11,민간,민간임대,경남,0
2018-11,민간,민간임대,제주,0
2018-11,민간,민간분양,전국,37,492
2018-11,민간,민간분양,서울,5,400
2018-11,민간,민간분양,인천,873
2018-11,민간,민간분양,경기,11,789
2018-11,민간,민간분양,부산,1,131
2018-11,민간,민간분양,대구,2,133
2018-11,민간,민간분양,광주,102
2018-11,민간,민간분양,대전,131
2018-11,민간,민간분양,울산,441
2018-11,민간,민간분양,세종,600
2018-11,민간,민간분양,강원,1,718
2018-11,민간,민간분양,충북,2,188
2018-11,민간,민간분양,충남,1,874
2018-11,민간,민간분양,전북,1,526
2018-11,민간,민간분양,전남,1,153
2018-11,민간,민간분양,경북,1,383
2018-11,민간,민간분양,경남,4,295
2018-11,민간,민간분양,제주,755
2018-12,총계,총계,전국,67,583
2018-12,총계,총계,서울,16,428
2018-12,총계,총계,인천,540
2018-12,총계,총계,경기,20,752
2018-12,총계,총계,부산,1,385
2018-12,총계,총계,대구,3,269
2018-12,총계,총계,광주,561
2018-12,총계,총계,대전,213
2018-12,총계,총계,울산,1,936
2018-12,총계,총계,세종,420
2018-12,총계,총계,강원,4,824
2018-12,총계,총계,충북,1,616
2018-12,총계,총계,충남,873
2018-12,총계,총계,전북,2,208
2018-12,총계,총계,전남,579
2018-12,총계,총계,경북,2,968
2018-12,총계,총계,경남,8,025
2018-12,총계,총계,제주,986
2018-12,공공부문,소계,전국,10,992
2018-12,공공부문,소계,서울,0
2018-12,공공부문,소계,인천,0
2018-12,공공부문,소계,경기,5,419
2018-12,공공부문,소계,부산,0
2018-12,공공부문,소계,대구,1,410
2018-12,공공부문,소계,광주,0
2018-12,공공부문,소계,대전,0
2018-12,공공부문,소계,울산,0
2018-12,공공부문,소계,세종,362
2018-12,공공부문,소계,강원,1,694
2018-12,공공부문,소계,충북,420
2018-12,공공부문,소계,충남,0
2018-12,공공부문,소계,전북,1,037
2018-12,공공부문,소계,전남,0
2018-12,공공부문,소계,경북,0
2018-12,공공부문,소계,경남,650
2018-12,공공부문,소계,제주,0
2018-12,합,국민임대,전국,1,795
2018-12,합,국민임대,서울,0
2018-12,합,국민임대,인천,0
2018-12,합,국민임대,경기,847
2018-12,합,국민임대,부산,0
2018-12,합,국민임대,대구,402
2018-12,합,국민임대,광주,0
2018-12,합,국민임대,대전,0
2018-12,합,국민임대,울산,0
2018-12,합,국민임대,세종,0
2018-12,합,국민임대,강원,0
2018-12,합,국민임대,충북,0
2018-12,합,국민임대,충남,0
2018-12,합,국민임대,전북,546
2018-12,합,국민임대,전남,0
2018-12,합,국민임대,경북,0
2018-12,합,국민임대,경남,0
2018-12,합,국민임대,제주,0
2018-12,합,공공임대,전국,8,342
2018-12,합,공공임대,서울,0
2018-12,합,공공임대,인천,0
2018-12,합,공공임대,경기,4,572
2018-12,합,공공임대,부산,0
2018-12,합,공공임대,대구,1,008
2018-12,합,공공임대,광주,0
2018-12,합,공공임대,대전,0
2018-12,합,공공임대,울산,0
2018-12,합,공공임대,세종,362
2018-12,합,공공임대,강원,839
2018-12,합,공공임대,충북,420
2018-12,합,공공임대,충남,0
2018-12,합,공공임대,전북,491
2018-12,합,공공임대,전남,0
2018-12,합,공공임대,경북,0
2018-12,합,공공임대,경남,650
2018-12,합,공공임대,제주,0
2018-12,합,공공분양,전국,855
2018-12,합,공공분양,서울,0
2018-12,합,공공분양,인천,0
2018-12,합,공공분양,경기,0
2018-12,합,공공분양,부산,0
2018-12,합,공공분양,대구,0
2018-12,합,공공분양,광주,0
2018-12,합,공공분양,대전,0
2018-12,합,공공분양,울산,0
2018-12,합,공공분양,세종,0
2018-12,합,공공분양,강원,855
2018-12,합,공공분양,충북,0
2018-12,합,공공분양,충남,0
2018-12,합,공공분양,전북,0
2018-12,합,공공분양,전남,0
2018-12,합,공공분양,경북,0
2018-12,합,공공분양,경남,0
2018-12,합,공공분양,제주,0
2018-12,지자체,소계,전국,0
2018-12,지자체,소계,서울,0
2018-12,지자체,소계,인천,0
2018-12,지자체,소계,경기,0
2018-12,지자체,소계,부산,0
2018-12,지자체,소계,대구,0
2018-12,지자체,소계,광주,0
2018-12,지자체,소계,대전,0
2018-12,지자체,소계,울산,0
2018-12,지자체,소계,세종,0
2018-12,지자체,소계,강원,0
2018-12,지자체,소계,충북,0
2018-12,지자체,소계,충남,0
2018-12,지자체,소계,전북,0
2018-12,지자체,소계,전남,0
2018-12,지자체,소계,경북,0
2018-12,지자체,소계,경남,0
2018-12,지자체,소계,제주,0
2018-12,지자체,국민임대,전국,0
2018-12,지자체,국민임대,서울,0
2018-12,지자체,국민임대,인천,0
2018-12,지자체,국민임대,경기,0
2018-12,지자체,국민임대,부산,0
2018-12,지자체,국민임대,대구,0
2018-12,지자체,국민임대,광주,0
2018-12,지자체,국민임대,대전,0
2018-12,지자체,국민임대,울산,0
2018-12,지자체,국민임대,세종,0
2018-12,지자체,국민임대,강원,0
2018-12,지자체,국민임대,충북,0
2018-12,지자체,국민임대,충남,0
2018-12,지자체,국민임대,전북,0
2018-12,지자체,국민임대,전남,0
2018-12,지자체,국민임대,경북,0
2018-12,지자체,국민임대,경남,0
2018-12,지자체,국민임대,제주,0
2018-12,지자체,공공임대,전국,0
2018-12,지자체,공공임대,서울,0
2018-12,지자체,공공임대,인천,0
2018-12,지자체,공공임대,경기,0
2018-12,지자체,공공임대,부산,0
2018-12,지자체,공공임대,대구,0
2018-12,지자체,공공임대,광주,0
2018-12,지자체,공공임대,대전,0
2018-12,지자체,공공임대,울산,0
2018-12,지자체,공공임대,세종,0
2018-12,지자체,공공임대,강원,0
2018-12,지자체,공공임대,충북,0
2018-12,지자체,공공임대,충남,0
2018-12,지자체,공공임대,전북,0
2018-12,지자체,공공임대,전남,0
2018-12,지자체,공공임대,경북,0
2018-12,지자체,공공임대,경남,0
2018-12,지자체,공공임대,제주,0
2018-12,지자체,공공분양,전국,0
2018-12,지자체,공공분양,서울,0
2018-12,지자체,공공분양,인천,0
2018-12,지자체,공공분양,경기,0
2018-12,지자체,공공분양,부산,0
2018-12,지자체,공공분양,대구,0
2018-12,지자체,공공분양,광주,0
2018-12,지자체,공공분양,대전,0
2018-12,지자체,공공분양,울산,0
2018-12,지자체,공공분양,세종,0
2018-12,지자체,공공분양,강원,0
2018-12,지자체,공공분양,충북,0
2018-12,지자체,공공분양,충남,0
2018-12,지자체,공공분양,전북,0
2018-12,지자체,공공분양,전남,0
2018-12,지자체,공공분양,경북,0
2018-12,지자체,공공분양,경남,0
2018-12,지자체,공공분양,제주,0
2018-12,LH,소계,전국,8,851
2018-12,LH,소계,서울,0
2018-12,LH,소계,인천,0
2018-12,LH,소계,경기,5,284
2018-12,LH,소계,부산,0
2018-12,LH,소계,대구,1,410
2018-12,LH,소계,광주,0
2018-12,LH,소계,대전,0
2018-12,LH,소계,울산,0
2018-12,LH,소계,세종,0
2018-12,LH,소계,강원,855
2018-12,LH,소계,충북,0
2018-12,LH,소계,충남,0
2018-12,LH,소계,전북,842
2018-12,LH,소계,전남,0
2018-12,LH,소계,경북,0
2018-12,LH,소계,경남,460
2018-12,LH,소계,제주,0
2018-12,LH,국민임대,전국,1,795
2018-12,LH,국민임대,서울,0
2018-12,LH,국민임대,인천,0
2018-12,LH,국민임대,경기,847
2018-12,LH,국민임대,부산,0
2018-12,LH,국민임대,대구,402
2018-12,LH,국민임대,광주,0
2018-12,LH,국민임대,대전,0
2018-12,LH,국민임대,울산,0
2018-12,LH,국민임대,세종,0
2018-12,LH,국민임대,강원,0
2018-12,LH,국민임대,충북,0
2018-12,LH,국민임대,충남,0
2018-12,LH,국민임대,전북,546
2018-12,LH,국민임대,전남,0
2018-12,LH,국민임대,경북,0
2018-12,LH,국민임대,경남,0
2018-12,LH,국민임대,제주,0
2018-12,LH,공공임대,전국,6,201
2018-12,LH,공공임대,서울,0
2018-12,LH,공공임대,인천,0
2018-12,LH,공공임대,경기,4,437
2018-12,LH,공공임대,부산,0
2018-12,LH,공공임대,대구,1,008
2018-12,LH,공공임대,광주,0
2018-12,LH,공공임대,대전,0
2018-12,LH,공공임대,울산,0
2018-12,LH,공공임대,세종,0
2018-12,LH,공공임대,강원,0
2018-12,LH,공공임대,충북,0
2018-12,LH,공공임대,충남,0
2018-12,LH,공공임대,전북,296
2018-12,LH,공공임대,전남,0
2018-12,LH,공공임대,경북,0
2018-12,LH,공공임대,경남,460
2018-12,LH,공공임대,제주,0
2018-12,LH,공공분양,전국,855
2018-12,LH,공공분양,서울,0
2018-12,LH,공공분양,인천,0
2018-12,LH,공공분양,경기,0
2018-12,LH,공공분양,부산,0
2018-12,LH,공공분양,대구,0
2018-12,LH,공공분양,광주,0
2018-12,LH,공공분양,대전,0
2018-12,LH,공공분양,울산,0
2018-12,LH,공공분양,세종,0
2018-12,LH,공공분양,강원,855
2018-12,LH,공공분양,충북,0
2018-12,LH,공공분양,충남,0
2018-12,LH,공공분양,전북,0
2018-12,LH,공공분양,전남,0
2018-12,LH,공공분양,경북,0
2018-12,LH,공공분양,경남,0
2018-12,LH,공공분양,제주,0
2018-12,주택업체,소계,전국,2,141
2018-12,주택업체,소계,서울,0
2018-12,주택업체,소계,인천,0
2018-12,주택업체,소계,경기,135
2018-12,주택업체,소계,부산,0
2018-12,주택업체,소계,대구,0
2018-12,주택업체,소계,광주,0
2018-12,주택업체,소계,대전,0
2018-12,주택업체,소계,울산,0
2018-12,주택업체,소계,세종,362
2018-12,주택업체,소계,강원,839
2018-12,주택업체,소계,충북,420
2018-12,주택업체,소계,충남,0
2018-12,주택업체,소계,전북,195
2018-12,주택업체,소계,전남,0
2018-12,주택업체,소계,경북,0
2018-12,주택업체,소계,경남,190
2018-12,주택업체,소계,제주,0
2018-12,주택업체,국민임대,전국,0
2018-12,주택업체,국민임대,서울,0
2018-12,주택업체,국민임대,인천,0
2018-12,주택업체,국민임대,경기,0
2018-12,주택업체,국민임대,부산,0
2018-12,주택업체,국민임대,대구,0
2018-12,주택업체,국민임대,광주,0
2018-12,주택업체,국민임대,대전,0
2018-12,주택업체,국민임대,울산,0
2018-12,주택업체,국민임대,세종,0
2018-12,주택업체,국민임대,강원,0
2018-12,주택업체,국민임대,충북,0
2018-12,주택업체,국민임대,충남,0
2018-12,주택업체,국민임대,전북,0
2018-12,주택업체,국민임대,전남,0
2018-12,주택업체,국민임대,경북,0
2018-12,주택업체,국민임대,경남,0
2018-12,주택업체,국민임대,제주,0
2018-12,주택업체,공공임대,전국,2,141
2018-12,주택업체,공공임대,서울,0
2018-12,주택업체,공공임대,인천,0
2018-12,주택업체,공공임대,경기,135
2018-12,주택업체,공공임대,부산,0
2018-12,주택업체,공공임대,대구,0
2018-12,주택업체,공공임대,광주,0
2018-12,주택업체,공공임대,대전,0
2018-12,주택업체,공공임대,울산,0
2018-12,주택업체,공공임대,세종,362
2018-12,주택업체,공공임대,강원,839
2018-12,주택업체,공공임대,충북,420
2018-12,주택업체,공공임대,충남,0
2018-12,주택업체,공공임대,전북,195
2018-12,주택업체,공공임대,전남,0
2018-12,주택업체,공공임대,경북,0
2018-12,주택업체,공공임대,경남,190
2018-12,주택업체,공공임대,제주,0
2018-12,주택업체,공공분양,전국,0
2018-12,주택업체,공공분양,서울,0
2018-12,주택업체,공공분양,인천,0
2018-12,주택업체,공공분양,경기,0
2018-12,주택업체,공공분양,부산,0
2018-12,주택업체,공공분양,대구,0
2018-12,주택업체,공공분양,광주,0
2018-12,주택업체,공공분양,대전,0
2018-12,주택업체,공공분양,울산,0
2018-12,주택업체,공공분양,세종,0
2018-12,주택업체,공공분양,강원,0
2018-12,주택업체,공공분양,충북,0
2018-12,주택업체,공공분양,충남,0
2018-12,주택업체,공공분양,전북,0
2018-12,주택업체,공공분양,전남,0
2018-12,주택업체,공공분양,경북,0
2018-12,주택업체,공공분양,경남,0
2018-12,주택업체,공공분양,제주,0
2018-12,민간부문,소계,전국,56,591
2018-12,민간부문,소계,서울,16,428
2018-12,민간부문,소계,인천,540
2018-12,민간부문,소계,경기,15,333
2018-12,민간부문,소계,부산,1,385
2018-12,민간부문,소계,대구,1,859
2018-12,민간부문,소계,광주,561
2018-12,민간부문,소계,대전,213
2018-12,민간부문,소계,울산,1,936
2018-12,민간부문,소계,세종,58
2018-12,민간부문,소계,강원,3,130
2018-12,민간부문,소계,충북,1,196
2018-12,민간부문,소계,충남,873
2018-12,민간부문,소계,전북,1,171
2018-12,민간부문,소계,전남,579
2018-12,민간부문,소계,경북,2,968
2018-12,민간부문,소계,경남,7,375
2018-12,민간부문,소계,제주,986
2018-12,민간,민간임대,전국,1,168
2018-12,민간,민간임대,서울,0
2018-12,민간,민간임대,인천,0
2018-12,민간,민간임대,경기,868
2018-12,민간,민간임대,부산,0
2018-12,민간,민간임대,대구,0
2018-12,민간,민간임대,광주,300
2018-12,민간,민간임대,대전,0
2018-12,민간,민간임대,울산,0
2018-12,민간,민간임대,세종,0
2018-12,민간,민간임대,강원,0
2018-12,민간,민간임대,충북,0
2018-12,민간,민간임대,충남,0
2018-12,민간,민간임대,전북,0
2018-12,민간,민간임대,전남,0
2018-12,민간,민간임대,경북,0
2018-12,민간,민간임대,경남,0
2018-12,민간,민간임대,제주,0
2018-12,민간,민간분양,전국,55,423
2018-12,민간,민간분양,서울,16,428
2018-12,민간,민간분양,인천,540
2018-12,민간,민간분양,경기,14,465
2018-12,민간,민간분양,부산,1,385
2018-12,민간,민간분양,대구,1,859
2018-12,민간,민간분양,광주,261
2018-12,민간,민간분양,대전,213
2018-12,민간,민간분양,울산,1,936
2018-12,민간,민간분양,세종,58
2018-12,민간,민간분양,강원,3,130
2018-12,민간,민간분양,충북,1,196
2018-12,민간,민간분양,충남,873
2018-12,민간,민간분양,전북,1,171
2018-12,민간,민간분양,전남,579
2018-12,민간,민간분양,경북,2,968
2018-12,민간,민간분양,경남,7,375
2018-12,민간,민간분양,제주,986
2019-01,총계,총계,전국,47,921
2019-01,총계,총계,서울,3,893
2019-01,총계,총계,인천,1,299
2019-01,총계,총계,경기,17,297
2019-01,총계,총계,부산,1,707
2019-01,총계,총계,대구,264
2019-01,총계,총계,광주,1,797
2019-01,총계,총계,대전,156
2019-01,총계,총계,울산,2,558
2019-01,총계,총계,세종,442
2019-01,총계,총계,강원,2,138
2019-01,총계,총계,충북,984
2019-01,총계,총계,충남,1,722
2019-01,총계,총계,전북,3,620
2019-01,총계,총계,전남,1,333
2019-01,총계,총계,경북,5,071
2019-01,총계,총계,경남,2,438
2019-01,총계,총계,제주,1,202
2019-01,공공부문,소계,전국,5,698
2019-01,공공부문,소계,서울,453
2019-01,공공부문,소계,인천,0
2019-01,공공부문,소계,경기,607
2019-01,공공부문,소계,부산,0
2019-01,공공부문,소계,대구,0
2019-01,공공부문,소계,광주,0
2019-01,공공부문,소계,대전,0
2019-01,공공부문,소계,울산,1,715
2019-01,공공부문,소계,세종,60
2019-01,공공부문,소계,강원,0
2019-01,공공부문,소계,충북,602
2019-01,공공부문,소계,충남,770
2019-01,공공부문,소계,전북,625
2019-01,공공부문,소계,전남,0
2019-01,공공부문,소계,경북,866
2019-01,공공부문,소계,경남,0
2019-01,공공부문,소계,제주,0
2019-01,합,국민임대,전국,0
2019-01,합,국민임대,서울,0
2019-01,합,국민임대,인천,0
2019-01,합,국민임대,경기,0
2019-01,합,국민임대,부산,0
2019-01,합,국민임대,대구,0
2019-01,합,국민임대,광주,0
2019-01,합,국민임대,대전,0
2019-01,합,국민임대,울산,0
2019-01,합,국민임대,세종,0
2019-01,합,국민임대,강원,0
2019-01,합,국민임대,충북,0
2019-01,합,국민임대,충남,0
2019-01,합,국민임대,전북,0
2019-01,합,국민임대,전남,0
2019-01,합,국민임대,경북,0
2019-01,합,국민임대,경남,0
2019-01,합,국민임대,제주,0
2019-01,합,공공임대,전국,4,362
2019-01,합,공공임대,서울,453
2019-01,합,공공임대,인천,0
2019-01,합,공공임대,경기,41
2019-01,합,공공임대,부산,0
2019-01,합,공공임대,대구,0
2019-01,합,공공임대,광주,0
2019-01,합,공공임대,대전,0
2019-01,합,공공임대,울산,1,715
2019-01,합,공공임대,세종,60
2019-01,합,공공임대,강원,0
2019-01,합,공공임대,충북,602
2019-01,합,공공임대,충남,0
2019-01,합,공공임대,전북,625
2019-01,합,공공임대,전남,0
2019-01,합,공공임대,경북,866
2019-01,합,공공임대,경남,0
2019-01,합,공공임대,제주,0
2019-01,합,공공분양,전국,1,336
2019-01,합,공공분양,서울,0
2019-01,합,공공분양,인천,0
2019-01,합,공공분양,경기,566
2019-01,합,공공분양,부산,0
2019-01,합,공공분양,대구,0
2019-01,합,공공분양,광주,0
2019-01,합,공공분양,대전,0
2019-01,합,공공분양,울산,0
2019-01,합,공공분양,세종,0
2019-01,합,공공분양,강원,0
2019-01,합,공공분양,충북,0
2019-01,합,공공분양,충남,770
2019-01,합,공공분양,전북,0
2019-01,합,공공분양,전남,0
2019-01,합,공공분양,경북,0
2019-01,합,공공분양,경남,0
2019-01,합,공공분양,제주,0
2019-01,지자체,소계,전국,0
2019-01,지자체,소계,서울,0
2019-01,지자체,소계,인천,0
2019-01,지자체,소계,경기,0
2019-01,지자체,소계,부산,0
2019-01,지자체,소계,대구,0
2019-01,지자체,소계,광주,0
2019-01,지자체,소계,대전,0
2019-01,지자체,소계,울산,0
2019-01,지자체,소계,세종,0
2019-01,지자체,소계,강원,0
2019-01,지자체,소계,충북,0
2019-01,지자체,소계,충남,0
2019-01,지자체,소계,전북,0
2019-01,지자체,소계,전남,0
2019-01,지자체,소계,경북,0
2019-01,지자체,소계,경남,0
2019-01,지자체,소계,제주,0
2019-01,지자체,국민임대,전국,0
2019-01,지자체,국민임대,서울,0
2019-01,지자체,국민임대,인천,0
2019-01,지자체,국민임대,경기,0
2019-01,지자체,국민임대,부산,0
2019-01,지자체,국민임대,대구,0
2019-01,지자체,국민임대,광주,0
2019-01,지자체,국민임대,대전,0
2019-01,지자체,국민임대,울산,0
2019-01,지자체,국민임대,세종,0
2019-01,지자체,국민임대,강원,0
2019-01,지자체,국민임대,충북,0
2019-01,지자체,국민임대,충남,0
2019-01,지자체,국민임대,전북,0
2019-01,지자체,국민임대,전남,0
2019-01,지자체,국민임대,경북,0
2019-01,지자체,국민임대,경남,0
2019-01,지자체,국민임대,제주,0
2019-01,지자체,공공임대,전국,0
2019-01,지자체,공공임대,서울,0
2019-01,지자체,공공임대,인천,0
2019-01,지자체,공공임대,경기,0
2019-01,지자체,공공임대,부산,0
2019-01,지자체,공공임대,대구,0
2019-01,지자체,공공임대,광주,0
2019-01,지자체,공공임대,대전,0
2019-01,지자체,공공임대,울산,0
2019-01,지자체,공공임대,세종,0
2019-01,지자체,공공임대,강원,0
2019-01,지자체,공공임대,충북,0
2019-01,지자체,공공임대,충남,0
2019-01,지자체,공공임대,전북,0
2019-01,지자체,공공임대,전남,0
2019-01,지자체,공공임대,경북,0
2019-01,지자체,공공임대,경남,0
2019-01,지자체,공공임대,제주,0
2019-01,지자체,공공분양,전국,0
2019-01,지자체,공공분양,서울,0
2019-01,지자체,공공분양,인천,0
2019-01,지자체,공공분양,경기,0
2019-01,지자체,공공분양,부산,0
2019-01,지자체,공공분양,대구,0
2019-01,지자체,공공분양,광주,0
2019-01,지자체,공공분양,대전,0
2019-01,지자체,공공분양,울산,0
2019-01,지자체,공공분양,세종,0
2019-01,지자체,공공분양,강원,0
2019-01,지자체,공공분양,충북,0
2019-01,지자체,공공분양,충남,0
2019-01,지자체,공공분양,전북,0
2019-01,지자체,공공분양,전남,0
2019-01,지자체,공공분양,경북,0
2019-01,지자체,공공분양,경남,0
2019-01,지자체,공공분양,제주,0
2019-01,LH,소계,전국,1,339
2019-01,LH,소계,서울,0
2019-01,LH,소계,인천,0
2019-01,LH,소계,경기,567
2019-01,LH,소계,부산,0
2019-01,LH,소계,대구,0
2019-01,LH,소계,광주,0
2019-01,LH,소계,대전,0
2019-01,LH,소계,울산,0
2019-01,LH,소계,세종,0
2019-01,LH,소계,강원,0
2019-01,LH,소계,충북,2
2019-01,LH,소계,충남,770
2019-01,LH,소계,전북,0
2019-01,LH,소계,전남,0
2019-01,LH,소계,경북,0
2019-01,LH,소계,경남,0
2019-01,LH,소계,제주,0
2019-01,LH,국민임대,전국,0
2019-01,LH,국민임대,서울,0
2019-01,LH,국민임대,인천,0
2019-01,LH,국민임대,경기,0
2019-01,LH,국민임대,부산,0
2019-01,LH,국민임대,대구,0
2019-01,LH,국민임대,광주,0
2019-01,LH,국민임대,대전,0
2019-01,LH,국민임대,울산,0
2019-01,LH,국민임대,세종,0
2019-01,LH,국민임대,강원,0
2019-01,LH,국민임대,충북,0
2019-01,LH,국민임대,충남,0
2019-01,LH,국민임대,전북,0
2019-01,LH,국민임대,전남,0
2019-01,LH,국민임대,경북,0
2019-01,LH,국민임대,경남,0
2019-01,LH,국민임대,제주,0
2019-01,LH,공공임대,전국,3
2019-01,LH,공공임대,서울,0
2019-01,LH,공공임대,인천,0
2019-01,LH,공공임대,경기,1
2019-01,LH,공공임대,부산,0
2019-01,LH,공공임대,대구,0
2019-01,LH,공공임대,광주,0
2019-01,LH,공공임대,대전,0
2019-01,LH,공공임대,울산,0
2019-01,LH,공공임대,세종,0
2019-01,LH,공공임대,강원,0
2019-01,LH,공공임대,충북,2
2019-01,LH,공공임대,충남,0
2019-01,LH,공공임대,전북,0
2019-01,LH,공공임대,전남,0
2019-01,LH,공공임대,경북,0
2019-01,LH,공공임대,경남,0
2019-01,LH,공공임대,제주,0
2019-01,LH,공공분양,전국,1,336
2019-01,LH,공공분양,서울,0
2019-01,LH,공공분양,인천,0
2019-01,LH,공공분양,경기,566
2019-01,LH,공공분양,부산,0
2019-01,LH,공공분양,대구,0
2019-01,LH,공공분양,광주,0
2019-01,LH,공공분양,대전,0
2019-01,LH,공공분양,울산,0
2019-01,LH,공공분양,세종,0
2019-01,LH,공공분양,강원,0
2019-01,LH,공공분양,충북,0
2019-01,LH,공공분양,충남,770
2019-01,LH,공공분양,전북,0
2019-01,LH,공공분양,전남,0
2019-01,LH,공공분양,경북,0
2019-01,LH,공공분양,경남,0
2019-01,LH,공공분양,제주,0
2019-01,주택업체,소계,전국,4,359
2019-01,주택업체,소계,서울,453
2019-01,주택업체,소계,인천,0
2019-01,주택업체,소계,경기,40
2019-01,주택업체,소계,부산,0
2019-01,주택업체,소계,대구,0
2019-01,주택업체,소계,광주,0
2019-01,주택업체,소계,대전,0
2019-01,주택업체,소계,울산,1,715
2019-01,주택업체,소계,세종,60
2019-01,주택업체,소계,강원,0
2019-01,주택업체,소계,충북,600
2019-01,주택업체,소계,충남,0
2019-01,주택업체,소계,전북,625
2019-01,주택업체,소계,전남,0
2019-01,주택업체,소계,경북,866
2019-01,주택업체,소계,경남,0
2019-01,주택업체,소계,제주,0
2019-01,주택업체,국민임대,전국,0
2019-01,주택업체,국민임대,서울,0
2019-01,주택업체,국민임대,인천,0
2019-01,주택업체,국민임대,경기,0
2019-01,주택업체,국민임대,부산,0
2019-01,주택업체,국민임대,대구,0
2019-01,주택업체,국민임대,광주,0
2019-01,주택업체,국민임대,대전,0
2019-01,주택업체,국민임대,울산,0
2019-01,주택업체,국민임대,세종,0
2019-01,주택업체,국민임대,강원,0
2019-01,주택업체,국민임대,충북,0
2019-01,주택업체,국민임대,충남,0
2019-01,주택업체,국민임대,전북,0
2019-01,주택업체,국민임대,전남,0
2019-01,주택업체,국민임대,경북,0
2019-01,주택업체,국민임대,경남,0
2019-01,주택업체,국민임대,제주,0
2019-01,주택업체,공공임대,전국,4,359
2019-01,주택업체,공공임대,서울,453
2019-01,주택업체,공공임대,인천,0
2019-01,주택업체,공공임대,경기,40
2019-01,주택업체,공공임대,부산,0
2019-01,주택업체,공공임대,대구,0
2019-01,주택업체,공공임대,광주,0
2019-01,주택업체,공공임대,대전,0
2019-01,주택업체,공공임대,울산,1,715
2019-01,주택업체,공공임대,세종,60
2019-01,주택업체,공공임대,강원,0
2019-01,주택업체,공공임대,충북,600
2019-01,주택업체,공공임대,충남,0
2019-01,주택업체,공공임대,전북,625
2019-01,주택업체,공공임대,전남,0
2019-01,주택업체,공공임대,경북,866
2019-01,주택업체,공공임대,경남,0
2019-01,주택업체,공공임대,제주,0
2019-01,주택업체,공공분양,전국,0
2019-01,주택업체,공공분양,서울,0
2019-01,주택업체,공공분양,인천,0
2019-01,주택업체,공공분양,경기,0
2019-01,주택업체,공공분양,부산,0
2019-01,주택업체,공공분양,대구,0
2019-01,주택업체,공공분양,광주,0
2019-01,주택업체,공공분양,대전,0
2019-01,주택업체,공공분양,울산,0
2019-01,주택업체,공공분양,세종,0
2019-01,주택업체,공공분양,강원,0
2019-01,주택업체,공공분양,충북,0
2019-01,주택업체,공공분양,충남,0
2019-01,주택업체,공공분양,전북,0
2019-01,주택업체,공공분양,전남,0
2019-01,주택업체,공공분양,경북,0
2019-01,주택업체,공공분양,경남,0
2019-01,주택업체,공공분양,제주,0
2019-01,민간부문,소계,전국,42,223
2019-01,민간부문,소계,서울,3,440
2019-01,민간부문,소계,인천,1,299
2019-01,민간부문,소계,경기,16,690
2019-01,민간부문,소계,부산,1,707
2019-01,민간부문,소계,대구,264
2019-01,민간부문,소계,광주,1,797
2019-01,민간부문,소계,대전,156
2019-01,민간부문,소계,울산,843
2019-01,민간부문,소계,세종,382
2019-01,민간부문,소계,강원,2,138
2019-01,민간부문,소계,충북,382
2019-01,민간부문,소계,충남,952
2019-01,민간부문,소계,전북,2,995
2019-01,민간부문,소계,전남,1,333
2019-01,민간부문,소계,경북,4,205
2019-01,민간부문,소계,경남,2,438
2019-01,민간부문,소계,제주,1,202
2019-01,민간,민간임대,전국,1,728
2019-01,민간,민간임대,서울,0
2019-01,민간,민간임대,인천,0
2019-01,민간,민간임대,경기,0
2019-01,민간,민간임대,부산,0
2019-01,민간,민간임대,대구,0
2019-01,민간,민간임대,광주,0
2019-01,민간,민간임대,대전,0
2019-01,민간,민간임대,울산,0
2019-01,민간,민간임대,세종,0
2019-01,민간,민간임대,강원,0
2019-01,민간,민간임대,충북,0
2019-01,민간,민간임대,충남,0
2019-01,민간,민간임대,전북,711
2019-01,민간,민간임대,전남,749
2019-01,민간,민간임대,경북,0
2019-01,민간,민간임대,경남,0
2019-01,민간,민간임대,제주,268
2019-01,민간,민간분양,전국,40,495
2019-01,민간,민간분양,서울,3,440
2019-01,민간,민간분양,인천,1,299
2019-01,민간,민간분양,경기,16,690
2019-01,민간,민간분양,부산,1,707
2019-01,민간,민간분양,대구,264
2019-01,민간,민간분양,광주,1,797
2019-01,민간,민간분양,대전,156
2019-01,민간,민간분양,울산,843
2019-01,민간,민간분양,세종,382
2019-01,민간,민간분양,강원,2,138
2019-01,민간,민간분양,충북,382
2019-01,민간,민간분양,충남,952
2019-01,민간,민간분양,전북,2,284
2019-01,민간,민간분양,전남,584
2019-01,민간,민간분양,경북,4,205
2019-01,민간,민간분양,경남,2,438
2019-01,민간,민간분양,제주,934